season,team,position,depth_chart_position,jersey_number,status,player_name,first_name,last_name,birth_date,height,weight,college,player_id,espn_id,sportradar_id,yahoo_id,rotowire_id,pff_id,pfr_id,fantasy_data_id,sleeper_id,years_exp,headshot_url,ngs_position,week,game_type,status_description_abbr,football_name,esb_id,gsis_it_id,smart_id,entry_year,rookie_year,draft_club,draft_number,age
2026,ARI,DL,DT,95.0,ACT,Andrew Billings,Andrew,Billings,1995-06-03,73.0,340,Baylor,00-0033066,3051775,67760ee1-c969-488f-b449-b8c37e7e32bb,29356,10907,10756,BillAn00,17968,3207,10,"https://static.www.nfl.com/image/upload/f_auto,q_auto/league/fh7q0h96fesyveoomjps",,1,REG,A01,Andrew,BIL462662,43411,32004249-4c46-2662-d818-0e385b7aa3bd,2016,2016,CIN,122.0,31.0
2026,ARI,DB,FS,28.0,ACT,Andrew Wingard,Andrew,Wingard,1996-12-05,72.0,209,Wyoming,00-0035378,3918331,65e778fa-4639-4973-bb82-c76efa2ff309,32105,13768,49268,WingAn01,21281,6416,7,"https://static.www.nfl.com/image/upload/f_auto,q_auto/league/lueoe3vqsknnvax0gnmf",,1,REG,A01,Andrew,WIN207636,48508,32005749-4e20-7636-460a-d85b307ec0af,2019,2019,,,29.0
2026,ARI,LB,OLB,9.0,CUT,BJ Ojulari,Jamiu,Ojulari,2002-04-05,74.0,250,LSU,00-0039155,4429111,f4d8da18-8be8-470c-947c-d9fd3d85612c,40088,17177,124105,OjulBJ00,24092,10908,3,"https://static.www.nfl.com/image/upload/f_auto,q_auto/league/hjtum8fdd1wbsqa2uufv",,1,REG,W03,B.J.,OJU426541,55906,32004f4a-5542-6541-4cd9-8e817d1b5514,2023,2023,AZ,41.0,24.0
2026,ARI,RB,RB,20.0,ACT,Bam Knight,Zonovan,Knight,2001-04-11,71.0,210,N.C. State,00-0037157,4427728,53df5e30-d3bd-11ec-96a0-c3471a31202c,34357,16105,97432,KnigZo00,23847,8122,4,"https://static.www.nfl.com/image/upload/f_auto,q_auto/league/mjxnlzlnnwlfqayeybut",,1,REG,A01,Bam,KNI764772,54835,32004b4e-4976-4772-52fc-5e9b627ab7bb,2022,2022,,,25.0
2026,ARI,LB,OLB,5.0,ACT,Baron Browning,Baron,Browning,1999-02-19,75.0,255,Ohio State,00-0036995,4241987,faf72326-5e36-4bdd-9843-5d2a6b4ee6b4,33493,15422,58095,BrowBa01,22727,7681,5,"https://static.www.nfl.com/image/upload/f_auto,q_auto/league/wc0wkbhogzdxgaik9fh5",,1,REG,A01,Baron,BRO806290,53534,32004252-4f80-6290-9866-45f3dae63918,2021,2021,DEN,105.0,27.0
2026,ARI,P,P,12.0,ACT,Blake Gillikin,Blake,Gillikin,1998-01-21,74.0,196,Penn State,00-0035859,4045180,53213f81-77ad-48d0-9d42-00e3633b0e90,33112,14868,45045,GillBl00,22442,7467,6,"https://static.www.nfl.com/image/upload/f_auto,q_auto/league/pgasxtghfviimlj55tn0",,1,REG,A01,Blake,GIL272181,52761,32004749-4c27-2181-1ded-dd496483a40d,2020,2020,,,28.0
2026,ARI,DL,DT,98.0,CUT,Brodric Martin,Brodric,Martin,1999-05-24,77.0,330,Western Kentucky,00-0038939,4365457,c0c6761c-081c-426a-b186-26ff20791e70,40122,17156,91288,MartBr00,24461,10928,3,"https://static.www.nfl.com/image/upload/f_auto,q_auto/league/fxo9xafpvo3nphye3bwq",,1,REG,W03,Brodric,MAR522663,55961,32004d41-5252-2663-52b8-5b30397ff3b5,2023,2023,DET,96.0,27.0
2026,ARI,DB,SS,3.0,ACT,Budda Baker,Budda,Baker,1996-01-10,70.0,195,Washington,00-0033890,3127287,5ce20f3e-0f02-4f53-a2ef-5b076361f2b1,30149,11986,11791,BakeBu00,18927,4081,9,"https://static.www.nfl.com/image/upload/f_auto,q_auto/league/tpr5aphfvgckzecyr5rd",,1,REG,A01,Budda,BAK070449,44848,32004241-4b07-0449-419d-4d7a3da71f8e,2017,2017,AZ,36.0,30.0
2026,ARI,DL,DT,93.0,DEV,Cam Horsley,Cameron,Horsley,2002-02-06,75.0,315,Boston College,00-0040517,,,,,,,,,1,"https://static.www.nfl.com/image/upload/f_auto,q_auto/league/twzqj6uora5h2qsutdxh",,1,REG,P01,Cam,HOR523584,58963,3200484f-5252-3584-ab9a-97d071865159,2025,2025,,,24.0
2026,ARI,LB,OLB,49.0,DEV,Cam Robertson,Cameron,Robertson,2004-02-26,76.0,260,SMU; North Texas,00-0041367,,,,,,,,,0,"https://static.www.nfl.com/image/upload/f_auto,q_auto/league/uuczxjw4ass8y7h2sij8",,1,REG,P01,Cameron,ROB304777,63631,3200524f-4230-4777-57df-bccc14ab0dd1,2026,2026,,,22.0
2026,ARI,QB,QB,19.0,ACT,Carson Beck,Carson,Beck,2001-11-19,76.0,233,Miami; Georgia,00-0041561,4430841,a67c28ce-9e03-46f1-9fb6-b5ef70eb20db,,19287,,BeckCa01,24994,13272,0,"https://static.www.nfl.com/image/upload/f_auto,q_auto/league/yvybqpgnezk75h9rpobv",,1,REG,A01,Carson,BEC122142,62687,32004245-4312-2142-556e-736a5eb6c7f7,2026,2026,AZ,65.0,24.0
2026,ARI,LS,LS,59.0,ACT,Casey Kreiter,Casey,Kreiter,1990-08-13,73.0,250,Iowa,00-0030957,,,,,,,,,12,"https://static.www.nfl.com/image/upload/f_auto,q_auto/league/z4slqb9le4p5tjmwtvps",,1,REG,A01,Casey,KRE233600,41797,32004b52-4523-3600-312f-642e8b6af048,2014,2014,,,36.0
2026,ARI,K,K,38.0,ACT,Chad Ryland,Chad,Ryland,1999-10-15,72.0,183,Maryland; Eastern Michigan,00-0038567,4363538,c77efa70-0691-4a21-8064-a5880569b559,40159,17107,77083,RylaCh00,24436,10955,3,"https://static.www.nfl.com/image/upload/f_auto,q_auto/league/gbfzwbzdl9wj582nh5g9",,1,REG,A01,Chad,RYL029663,55977,32005259-4c02-9663-76b8-52ab16a27c3a,2023,2023,NE,112.0,26.0
2026,ARI,OL,G,57.0,RES,Chase Bisontis,Chase,Bisontis,2004-06-10,77.0,315,Texas A&M,00-0041468,,,,,,,,,0,"https://static.www.nfl.com/image/upload/f_auto,q_auto/league/qb9l3hc9l6pytbgpwrmd",,1,REG,R01,Chase,BIS728645,62656,32004249-5372-8645-6b45-2c7f24fa2511,2026,2026,AZ,34.0,22.0
2026,ARI,LB,ILB,0.0,ACT,Cody Simon,Cody,Simon,2002-04-01,74.0,235,Ohio State,00-0040645,4429071,bb0b9a85-f3f0-40e5-86fe-0434494caf17,,18723,129757,SimoCo01,26074,12648,1,"https://static.www.nfl.com/image/upload/f_auto,q_auto/league/spyk3s7fvbcbz7vj32sg",,1,REG,A01,Cody,SIM360678,58320,32005349-4d36-0678-3e3e-c61679fe28bd,2025,2025,AZ,115.0,24.0
2026,ARI,DB,FS,42.0,ACT,Dadrion Taylor-Demerson,Dadrion,Taylor-Demerson,2001-01-20,70.0,195,Texas Tech,00-0039864,4428633,ed59f931-fb26-4809-b862-a29fb7825942,,17996,97348,TaylDa02,25138,11744,2,"https://static.www.nfl.com/image/upload/f_auto,q_auto/league/w4wcod46hxptpseyi6o3",,1,REG,A01,Dadrion,TAY812808,57225,32005441-5981-2808-5fd7-3fe9e12204ea,2024,2024,AZ,104.0,25.0
2026,ARI,DL,NT,96.0,DEV,Damonic Williams,Damonic,Williams,2004-09-04,73.0,305,Oklahoma; TCU,00-0041369,,,,,,,,,0,"https://static.www.nfl.com/image/upload/f_auto,q_auto/league/je6s5ezbps6ouanmle5p",,1,REG,P01,Damonic,WIL206532,63633,32005749-4c20-6532-c947-0dbbb27c5ef6,2026,2026,,,21.0
2026,ARI,DL,DE,55.0,ACT,Dante Stills,Dante,Stills,1999-12-14,76.0,285,West Virginia,00-0038623,4362225,f9a8db9d-9a13-485c-abf0-b5a48e1ff808,40244,17154,76937,StilDa01,24440,11015,3,"https://static.www.nfl.com/image/upload/f_auto,q_auto/league/xmtckml9zzgrv1r04anq",,1,REG,A01,Dante,STI401047,56078,32005354-4940-1047-64a1-126f952db8f0,2023,2023,AZ,213.0,26.0
2026,ARI,DL,DT,56.0,ACT,Darius Robinson,Darius,Robinson,2001-09-13,77.0,285,Missouri,00-0039854,4569480,7ceb8b7a-9797-4186-8dbe-4446b415c0fb,,17790,98946,RobiDa01,25299,11658,2,"https://static.www.nfl.com/image/upload/f_auto,q_auto/league/hctx4lm0ru8shpgb4vkc",,1,REG,A01,Darius,ROB388955,57148,3200524f-4238-8955-ee72-4b029172a7eb,2024,2024,AZ,27.0,24.0
2026,ARI,OL,T,67.0,DEV,Demontrey Jacobs,Demontrey,Jacobs,1998-11-22,78.0,315,South Florida Community College; Grambling State,00-0038792,,,,,,,,,3,"https://static.www.nfl.com/image/upload/f_auto,q_auto/league/u3aknrx8tn2qjh8o4wua",,1,REG,P06,Demontrey,JAC716597,56511,32004a41-4371-6597-82f3-8b10e4b40c80,2023,2023,,,27.0
2026,ARI,DB,CB,29.0,ACT,Denzel Burke,Denzel,Burke,2002-11-10,71.0,193,Ohio State,00-0040195,4432668,51d70da6-cd09-4f2d-8b1a-1a458bea1d8a,,18596,145070,BurkDe01,25017,12657,1,"https://static.www.nfl.com/image/upload/f_auto,q_auto/league/ertjghbr5dldlhzml7jh",,1,REG,A01,Denzel,BUR173022,58379,32004255-5217-3022-cf62-5ee1affb3ebf,2025,2025,AZ,174.0,23.0
2026,ARI,WR,WR,81.0,ACT,Devin Duvernay,Devin,Duvernay,1997-09-12,71.0,202,Texas,00-0036331,4039050,d93dbc83-e604-4823-a24e-d162cbd8d4d9,32762,14636,40006,DuveDe00,21721,6847,6,"https://static.www.nfl.com/image/upload/f_auto,q_auto/league/tj3t166iwsxbnyzxcyyl",,1,REG,A01,Devin,DUV459005,52500,32004455-5645-9005-cfce-f0b0bb8205b8,2020,2020,BAL,92.0,28.0
2026,ARI,DB,DB,39.0,CUT,Devyn Bobby,Devyn,Bobby,,,189,,00-0041597,,,,,,,,,0,,,1,REG,W03,Devyn,BOB309160,63864,3200424f-4230-9160-4f7a-35a63b82beab,2026,2026,,,
2026,ARI,LB,OLB,54.0,ACT,Eku Leota,Andrew,Leota,1999-05-11,76.0,257,Auburn,00-0038782,4361272,d771b360-ec5d-11ed-b990-f9ecab1eae94,40574,16922,82363,LeotEk00,24273,11336,3,"https://static.www.nfl.com/image/upload/f_auto,q_auto/league/yj4vx0pliwqrimhyeiyw",,1,REG,A01,Eku,LEO772615,56501,32004c45-4f77-2615-e3d6-a2255f6293d2,2023,2023,,,27.0
2026,ARI,DB,CB,26.0,CUT,Elijah Culp,Elijah,Culp,,,187,,00-0041364,,,,,,,,,0,"https://static.www.nfl.com/image/upload/f_auto,q_auto/league/byz0elucp4zkyalthjs1",,1,REG,W03,Elijah,CUL538111,63628,32004355-4c53-8111-e7c2-1408e9db7af4,2026,2026,,,
2026,ARI,TE,TE,84.0,ACT,Elijah Higgins,Elijah,Higgins,2000-10-27,75.0,234,Stanford,00-0039041,4426844,a01b7698-d67f-4b60-b2fb-4c667336b718,40226,16959,98027,HiggEl00,24449,10231,3,"https://static.www.nfl.com/image/upload/f_auto,q_auto/league/qgvtaa0gekopg4ad6vqe",,1,REG,A01,Elijah,HIG138430,56062,32004849-4713-8430-181a-e629ca4da181,2023,2023,MIA,197.0,25.0
2026,ARI,OL,T,65.0,ACT,Elijah Wilkinson,Elijah,Wilkinson,1995-02-10,78.0,329,UMass Amherst,00-0033676,,,,,,,,,9,"https://static.www.nfl.com/image/upload/f_auto,q_auto/league/q24grx1dxcv83l2nmayx",,1,REG,A01,Elijah,WIL099353,45550,32005749-4c09-9353-3f4a-f19b70ea3921,2017,2017,,,31.0
2026,ARI,LB,OLB,41.0,CUT,Elliott Brown,Elliott,Brown,1998-02-02,77.0,205,Virginia,00-0039956,,,,,,,,,2,"https://static.www.nfl.com/image/upload/f_auto,q_auto/league/b1ockqswt9tnan2fgiim",,1,REG,W03,Elliott,BRO414236,55623,32004252-4f41-4236-4a1d-2d9115cab842,2024,2025,,,28.0
2026,ARI,LB,ILB,48.0,DEV,Eugene Asante,Eugene,Asante,2000-01-22,73.0,222,Auburn; North Carolina,00-0040299,,,,,,,,,1,"https://static.www.nfl.com/image/upload/f_auto,q_auto/league/ktwpzrd5sqwfo0w81ez8",,1,REG,P01,Eugene,ASA591338,58735,32004153-4159-1338-75ed-2632b44597ed,2025,2025,,,26.0
2026,ARI,RB,RB,26.0,DEV,Evan Hull,Evan,Hull,2000-10-26,70.0,210,Northwestern,00-0038397,4569609,20d82a85-0128-499a-9330-2906af3cbb09,40169,16676,97302,HullEv00,24204,9220,3,"https://static.www.nfl.com/image/upload/f_auto,q_auto/league/xyyujk9mvvzegaiefp51",,1,REG,P01,Evan,HUL084697,56041,32004855-4c08-4697-e160-3c4a9d8ca5e2,2023,2023,IND,176.0,25.0
2026,ARI,QB,QB,15.0,ACT,Gardner Minshew,Gardner,Minshew,1996-05-16,73.0,225,Washington State,00-0035289,4038524,dabb52c0-455b-48fe-996b-abf758120623,32010,13741,41401,MinsGa00,20880,6011,7,"https://static.www.nfl.com/image/upload/f_auto,q_auto/league/knlacyr7rqfkcxiriudj",,1,REG,A01,Gardner,MIN604610,47961,32004d49-4e60-4610-dc98-dcddea9bb1f6,2019,2019,JAX,178.0,30.0
2026,ARI,DB,CB,21.0,ACT,Garrett Williams,Garrett,Williams,2001-06-01,70.0,189,Syracuse,00-0039007,4568506,e2fdfaf7-d2c4-4482-9ac2-f8fe43c49130,40127,16723,99723,WillGa00,24110,10932,3,"https://static.www.nfl.com/image/upload/f_auto,q_auto/league/av20qv7vnk7arcnw25bd",,1,REG,A01,Garrett,WIL292135,55937,32005749-4c29-2135-4337-7403b68fd2b1,2023,2023,AZ,72.0,25.0
2026,ARI,WR,WR,30.0,DEV,Harrison Wallace III,Harrison,Wallace,2003-04-23,71.0,192,Mississippi; Penn State,00-0041368,4699354,38305450-4259-11f1-8903-9383895bb91d,,19331,145090,WallHa00,26946,13670,0,"https://static.www.nfl.com/image/upload/f_auto,q_auto/league/mxwpoysyvficq6vgvcdq",,1,REG,P01,Harrison,WAL505425,63632,32005741-4c50-5425-d6a3-7e2a4b9d8ae4,2026,2026,,,23.0
2026,ARI,OL,G,58.0,ACT,Hayden Conner,Hayden,Conner,2002-04-26,78.0,320,Texas,00-0040219,,,,,,,,,1,"https://static.www.nfl.com/image/upload/f_auto,q_auto/league/sc7uno5kkkxgosvjz18t",,1,REG,A01,Hayden,CON459403,58416,3200434f-4e45-9403-d6cd-690f5edb2930,2025,2025,AZ,211.0,24.0
2026,ARI,OL,C,72.0,ACT,Hjalte Froholdt,Hjalte,Froholdt,1996-08-20,77.0,310,Arkansas,00-0035258,,,,,,,,,7,"https://static.www.nfl.com/image/upload/f_auto,q_auto/league/ylkuycgg5mlekrd0e7uy",,1,REG,A01,Hjalte,FRO242081,47901,32004652-4f24-2081-4dce-09bac366d016,2019,2019,NE,118.0,30.0
2026,ARI,DB,DB,37.0,CUT,Hudson Clark,Hudson,Clark,,,191,,00-0040479,,,,,,,,,1,"https://static.www.nfl.com/image/upload/f_auto,q_auto/league/mljmmhm13oo8pxc7reag",,1,REG,W03,Hudson,CLA359723,58924,3200434c-4135-9723-8b18-d4137a2e5c9b,2025,2025,,,
2026,ARI,TE,TE,89.0,ACT,Hunter Long,Hunter,Long,1998-08-19,77.0,253,Boston College,00-0037004,4239944,ebc576d0-a98b-4f82-aaf9-901a3911487d,33469,15246,60859,LongHu00,22509,7535,5,"https://static.www.nfl.com/image/upload/f_auto,q_auto/league/wlj6sdfj5qcy8bt2qyxb",,1,REG,A01,Hunter,LON317078,53510,32004c4f-4e31-7078-2c2a-6aecda5dccae,2021,2021,MIA,81.0,28.0
2026,ARI,WR,WR,83.0,DEV,Ihmir Smith-Marsette,Ihmir,Smith-Marsette,1999-08-29,73.0,179,Iowa,00-0036635,4240573,39156891-0d05-470b-8b64-751602820bb1,33545,15287,61324,SmitIh00,22595,7559,5,"https://static.www.nfl.com/image/upload/f_auto,q_auto/league/mnfsun286mv5azpa8zaw",,1,REG,P07,Ihmir,SMI829563,53586,3200534d-4982-9563-32f4-e8f3bd64568e,2021,2021,MIN,157.0,27.0
2026,ARI,OL,G,73.0,ACT,Isaac Seumalo,Isaac,Seumalo,1993-10-29,76.0,303,Oregon State,00-0032954,,,,,,,,,10,"https://static.www.nfl.com/image/upload/f_auto,q_auto/league/ezvqcoqxojheotcoyinv",,1,REG,A01,Isaac,SEU306003,43368,32005345-5530-6003-d964-c18cd95b904b,2016,2016,PHI,79.0,32.0
2026,ARI,OL,G,74.0,ACT,Isaiah Adams,Isaiah,Adams,2000-07-21,76.0,315,Illinois; Garden City CC,00-0039808,,,,,,,,,2,"https://static.www.nfl.com/image/upload/f_auto,q_auto/league/ule1nyboygcfxxc0qz8l",,1,REG,A01,Isaiah,ADA373948,57192,32004144-4137-3948-a77f-ac8f4d02b20f,2024,2024,AZ,71.0,26.0
2026,ARI,P,P,49.0,CUT,Jack Browning,Jack,Browning,2001-11-14,71.0,190,San Diego State; Grossmont,00-0039477,4876013,ddd2e220-0709-11ef-8cb5-b5238826fa26,,18311,146137,BrowJa10,25398,12005,2,,,1,REG,W03,Jack,BRO816727,57591,32004252-4f81-6727-564e-5bb4815fed6a,2024,2024,,,24.0
2026,ARI,LB,ILB,50.0,ACT,Jack Gibbens,Jack,Gibbens,1998-11-24,75.0,245,Minnesota; Abilene Christian,00-0037596,4249739,aa030100-cca0-11ec-80d0-652593cc1bb6,34454,16576,57662,GibbJa00,24003,8680,4,"https://static.www.nfl.com/image/upload/f_auto,q_auto/league/cbl2jymi5wc5wxctu1es",,1,REG,A01,Jack,GIB027551,55184,32004749-4202-7551-796e-53bccf3bf6b8,2022,2022,,,27.0
2026,ARI,QB,QB,7.0,ACT,Jacoby Brissett,Jacoby,Brissett,1992-12-11,76.0,235,N.C. State; Florida,00-0033119,2578570,ad2258ab-67f0-41c2-bcf3-f3ba145187dc,29325,10919,10725,BrisJa00,18018,3257,10,"https://static.www.nfl.com/image/upload/f_auto,q_auto/league/qjswiunczrn5xmdiqhlz",,1,REG,A01,Jacoby,BRI516391,43380,32004252-4951-6391-fb1e-f908d9b96e12,2016,2016,NE,91.0,33.0
2026,ARI,WR,WR,83.0,ACT,Jalen Brooks,Jalen,Brooks,2000-05-07,74.0,205,South Carolina; Tarleton State; Wingate,00-0038640,4692835,66f7bbe1-eb89-4b48-83db-d947b04ff1fd,40257,17185,111284,BrooJa03,24397,11034,3,"https://static.www.nfl.com/image/upload/f_auto,q_auto/league/xeg0tvg6klf0afgddkq6",,1,REG,A01,Jalen,BRO124672,56109,32004252-4f12-4672-48a0-d6175dc0568c,2023,2023,DAL,244.0,26.0
2026,ARI,RB,RB,6.0,RES,James Conner,James,Conner,1995-05-05,73.0,233,Pittsburgh,00-0033553,3045147,28a084c0-14df-499f-bd1f-b975603626b7,30218,11691,11860,ConnJa00,18983,4137,9,"https://static.www.nfl.com/image/upload/f_auto,q_auto/league/ka8wlhtteg8hsowsdofk",,1,REG,R48,James,CON461999,44917,3200434f-4e46-1999-59e9-253cedeec3a5,2017,2017,PIT,105.0,31.0
2026,ARI,TE,TE,46.0,RES,Jameson Geers,Jameson,Geers,2002-12-05,77.0,250,Minnesota,00-0041366,,,,,,,,,0,"https://static.www.nfl.com/image/upload/f_auto,q_auto/league/c8jeabzy38oouigdr214",,1,REG,R01,Jameson,GEE574485,63630,32004745-4557-4485-6c0f-eb40927121c6,2026,2026,,,23.0
2026,ARI,DL,DT,98.0,DEV,Jared Harrison-Hunte,Jared,Harrison-Hunte,2000-07-22,76.0,294,SMU; Miami,00-0040283,,,,,,,,,1,"https://static.www.nfl.com/image/upload/f_auto,q_auto/league/zlu1tvw0ethftax8vcfa",,1,REG,P01,Jared,HAR648678,58719,32004841-5264-8678-bb7e-eb68a5c4f282,2025,2025,,,26.0
2026,ARI,OL,T,66.0,ACT,Jayden Williams,Jayden,Williams,2003-04-10,76.0,320,Mississippi,00-0041113,,,,,,,,,0,"https://static.www.nfl.com/image/upload/f_auto,q_auto/league/y6ju7uixfyiuetnzraux",,1,REG,A01,Jayden,WIL353996,62839,32005749-4c35-3996-376d-f836d7e7cefd,2026,2026,AZ,217.0,23.0
2026,ARI,RB,RB,4.0,ACT,Jeremiyah Love,Jeremiyah,Love,2005-05-31,72.0,212,Notre Dame,00-0041027,4870808,ca61f1e4-5a51-45b8-b8e3-f6564d9c2648,,19235,171090,LoveJe00,26768,13287,0,"https://static.www.nfl.com/image/upload/f_auto,q_auto/league/b12gtjsylmql5v7iyyla",,1,REG,A01,Jeremiyah,LOV121782,62625,32004c4f-5612-1782-cbb3-b4614515b83d,2026,2026,AZ,3.0,21.0
2026,ARI,DB,FS,32.0,RES,Joey Blount,Joey,Blount,1998-11-16,73.0,205,Virginia,00-0037141,4240824,6604be40-cd99-11ec-b94f-57e6927758e6,34388,16453,62771,BlouJo00,23600,8683,4,"https://static.www.nfl.com/image/upload/f_auto,q_auto/league/uxh3ge9oyjyl6qjwzx5g",,1,REG,R01,Joey,BLO578781,54819,3200424c-4f57-8781-bfd2-074996ef6b46,2022,2022,,,27.0
2026,ARI,OL,C,71.0,ACT,Jon Gaines II,Jon,Gaines,1999-05-24,76.0,300,UCLA,00-0038571,,,,,,,,,3,"https://static.www.nfl.com/image/upload/f_auto,q_auto/league/fz0ka8wofw3dvqr6whnv",,1,REG,A01,Jon,GAI528003,55987,32004741-4952-8003-df7b-681a2f35ed49,2023,2023,AZ,122.0,27.0
2026,ARI,LB,OLB,52.0,ACT,Jordan Burch,Jordan,Burch,2001-10-10,76.0,280,Oregon; South Carolina,00-0040137,4428996,930464fc-202d-4592-9a04-ef830194cef0,,18664,124227,BurcJo00,26202,12579,1,"https://static.www.nfl.com/image/upload/f_auto,q_auto/league/e1l9bvbtlmy2ea7izknj",,1,REG,A01,Jordan,BUR025953,58283,32004255-5202-5953-8c48-fd1a09f8abd0,2025,2025,AZ,78.0,24.0
2026,ARI,OL,T,78.0,ACT,Josh Fryar,Joshua,Fryar,2002-02-12,77.0,320,Ohio State,00-0040382,,,,,,,,,1,"https://static.www.nfl.com/image/upload/f_auto,q_auto/league/b9mitmbbavxycpafysqu",,1,REG,A01,Josh,FRY375148,58823,32004652-5937-5148-3789-2626ebf7e2a3,2025,2025,,,24.0
2026,ARI,DB,DB,38.0,CUT,Josh Minkins,Josh,Minkins,,,200,,00-0040576,,,,,,,,,1,"https://static.www.nfl.com/image/upload/f_auto,q_auto/league/ycuiofsxvlbphdmuln5k",,1,REG,R01,Josh,MIN361541,59047,32004d49-4e36-1541-5beb-cc2a792d4bd7,2025,2025,,,
2026,ARI,LB,OLB,10.0,ACT,Josh Sweat,Josh,Sweat,1997-03-29,77.0,253,Florida State,00-0034381,3693166,66a67b5d-500d-46e8-90c6-e2f127d38190,31101,12546,50120,SweaJo00,19918,4999,8,"https://static.www.nfl.com/image/upload/f_auto,q_auto/league/mfeq6gxl0uurxjsqdbos",,1,REG,A01,Josh,SWE031587,46199,32005357-4503-1587-1549-97ce6a8d1aa2,2018,2018,PHI,130.0,29.0
2026,ARI,DL,DT,94.0,RES,Kaleb Proctor,Kaleb,Proctor,2004-04-26,74.0,291,Southeastern Louisiana,00-0041555,5084514,069aaa06-d90f-4af3-92d5-65365023b8c5,,19529,,ProcKa01,28077,13503,0,"https://static.www.nfl.com/image/upload/f_auto,q_auto/league/poc14gh4dkx2uqoronkr",,1,REG,R01,Kaleb,PRO115871,62726,32005052-4f11-5871-6774-900b7aa2aee7,2026,2026,AZ,104.0,22.0
2026,ARI,DB,CB,35.0,DEV,Kalen King,Kalen,King,2003-01-28,71.0,190,Penn State,00-0039239,4431433,c8cf0369-d2bc-47be-b459-360b277e081f,,17739,145096,KingKa00,24965,11830,2,"https://static.www.nfl.com/image/upload/f_auto,q_auto/league/ioicfjbnscvcn1hlzvxl",,1,REG,P01,Kalen,KIN552601,57375,32004b49-4e55-2601-ddd6-31490dc91198,2024,2024,GB,255.0,23.0
2026,ARI,LB,ILB,43.0,ACT,Karson Sharar,Karson,Sharar,2003-03-07,73.0,231,Iowa,00-0041093,4709695,c5348b1f-698f-41f0-bf2c-0c0a89bab07a,,19554,144873,SharKa00,28101,13551,0,"https://static.www.nfl.com/image/upload/f_auto,q_auto/league/pn4rwj6bnv1z3xykee5f",,1,REG,A01,Karson,SHA308806,62805,32005348-4130-8806-961d-578f3d9f575e,2026,2026,AZ,183.0,23.0
2026,ARI,DB,CB,13.0,ACT,Kei'Trel Clark,Kei'Trel,Clark,2001-03-19,70.0,177,Louisville,00-0038984,4426923,a7140ce9-4841-4f7f-9bda-5dcd75899eec,40229,16695,104163,ClarKe02,24189,11014,3,"https://static.www.nfl.com/image/upload/f_auto,q_auto/league/mcmz4ef4fvvoqapbf8rf",,1,REG,A01,Kei'Trel,CLA395333,56045,3200434c-4139-5333-4a18-780ebdf70394,2023,2023,AZ,180.0,25.0
2026,ARI,WR,WR,17.0,ACT,Kendrick Bourne,Kendrick,Bourne,1995-08-04,73.0,203,Eastern Washington,00-0033307,3045523,5aba3610-ab55-4922-ac46-806ded5eb8bf,30551,11847,12270,BourKe00,19318,4454,9,"https://static.www.nfl.com/image/upload/f_auto,q_auto/league/yzfa94cmhpcqamrwzdzk",,1,REG,A01,Kendrick,BOU434790,45185,3200424f-5543-4790-acfc-7b92d77f3c8b,2017,2017,,,31.0
2026,ARI,DL,DT,60.0,CUT,Keveion'ta Spears,Keveion'ta,Spears,,,313,,00-0041594,,,,,,,,,0,,,1,REG,W03,Keveion'ta,SPE088890,63402,32005350-4508-8890-37cb-45ee349e361c,2026,2026,,,
2026,ARI,DB,FS,36.0,ACT,Kitan Crawford,Kitan,Crawford,2001-12-31,71.0,204,Nevada; Texas,00-0040230,4430821,4c752c92-6699-40b0-b436-035f152af376,,18639,123111,CrawKi00,26165,12736,1,"https://static.www.nfl.com/image/upload/f_auto,q_auto/league/puy0uqictbwcojpkmmrr",,1,REG,A01,Kitan,CRA691586,58430,32004352-4169-1586-ee74-fe39141058f7,2025,2025,AZ,225.0,24.0
2026,ARI,DL,DE,91.0,ACT,L.J. Collier,Lawrence,Collier,1995-09-12,74.0,291,TCU,00-0035636,3116449,9d546e3b-0eb3-4926-a5ef-eb5e48b9330e,31861,13751,48822,CollLJ00,21008,5861,7,"https://static.www.nfl.com/image/private/f_auto,q_auto/league/i39nt3smr30rgznvlal3",,1,REG,A01,L.J.,COL214397,47812,3200434f-4c21-4397-f757-46fb95d63f5e,2019,2019,SEA,29.0,30.0
2026,ARI,LB,ILB,1.0,ACT,Mack Wilson,Mack,Wilson,1998-02-14,73.0,240,Alabama,00-0035144,4040983,0790a8d6-5316-4204-91a6-8508ca48973b,31987,13609,43190,WilsMa03,20994,6131,7,"https://static.www.nfl.com/image/upload/f_auto,q_auto/league/zjazfilpr7k2agiwqpxn",,1,REG,A01,Mack,WIL747169,47938,32005749-4c74-7169-f251-e69c40d45765,2019,2019,CLE,155.0,28.0
2026,ARI,WR,WR,18.0,ACT,Marvin Harrison Jr.,Marvin,Harrison,2002-08-11,75.0,205,Ohio State,00-0039849,4432708,e8da21a8-796d-48a2-b644-57d08983ae01,40893,17674,145056,HarrMa09,24974,11628,2,"https://static.www.nfl.com/image/upload/f_auto,q_auto/league/hwpoo1icpnh8emjvqaii",,1,REG,A01,Marvin,HAR648677,57125,32004841-5264-8677-2fca-6edc0b245f94,2024,2024,AZ,4.0,24.0
2026,ARI,OL,T,76.0,DEV,Matt Pryor,Matthew,Pryor,1994-12-16,79.0,332,TCU,00-0034417,,,,,,,,,8,"https://static.www.nfl.com/image/upload/f_auto,q_auto/league/vtt6isfbfk59jtxbma2l",,1,REG,P07,Matt,PRY460541,46275,32005052-5946-0541-f3df-485816e66481,2018,2018,PHI,206.0,31.0
2026,ARI,DB,CB,16.0,ACT,Max Melton,Max,Melton,2002-04-15,71.0,190,Rutgers,00-0039807,4698113,5f3ab1fc-cdc0-499d-8cc2-36433b9ac7f6,,17817,129889,MeltMa00,25165,11693,2,"https://static.www.nfl.com/image/upload/f_auto,q_auto/league/xaapgpd73nebdqnztyp1",,1,REG,A01,Max,MEL610078,57164,32004d45-4c61-0078-d54e-f88d1ef7246e,2024,2024,AZ,43.0,24.0
2026,ARI,WR,WR,14.0,ACT,Michael Wilson,Michael,Wilson,2000-02-23,74.0,209,Stanford,00-0038559,4360761,b91be982-fccd-448e-869b-e9b5148a1730,40121,16957,84423,WilsMi02,24173,10232,3,"https://static.www.nfl.com/image/upload/f_auto,q_auto/league/hm2b9z4zujjmbiyldh8n",,1,REG,A01,Michael,WIL752419,55959,32005749-4c75-2419-b58e-7c21d98d871e,2023,2023,AZ,94.0,26.0
2026,ARI,OL,T,70.0,ACT,Paris Johnson Jr.,Paris,Johnson,2001-07-03,78.0,315,Ohio State,00-0038540,,,,,,,,,3,"https://static.www.nfl.com/image/upload/f_auto,q_auto/league/fto9oiuqts9esmpl7dxf",,1,REG,A01,Paris,JOH789993,55870,32004a4f-4878-9993-54f7-5fb6cbb7b88b,2023,2023,AZ,6.0,25.0
2026,ARI,DB,CB,30.0,CUT,Quinton Newsome,Quinton,Newsome,2001-07-11,73.0,180,Nebraska,00-0039767,,,,,,,,,2,"https://static.www.nfl.com/image/upload/f_auto,q_auto/league/lszsh2ohujsuvqil5zsf",,1,REG,W03,Quinton,NEW597483,57906,32004e45-5759-7483-9585-7b7467c73fae,2024,2024,,,25.0
2026,ARI,WR,WR,82.0,ACT,Reggie Virgil,Reginald,Virgil,2004-05-14,74.0,187,Texas Tech; Miami (Ohio),00-0041070,4869132,5c342ca7-20ec-4278-8d30-f8134d5a0fd3,,19445,158022,VirgRe00,26945,13297,0,"https://static.www.nfl.com/image/upload/f_auto,q_auto/league/hmaylhc9nc2zmqjdw1ib",,1,REG,A01,Reggie,VIR271235,62765,32005649-5227-1235-2575-e29979bd194d,2026,2026,AZ,143.0,22.0
2026,ARI,TE,TE,45.0,CUT,Rivaldo Fairweather,Rivaldo,Fairweather,2002-07-19,75.0,251,Auburn; Florida International,00-0040046,,,,,,,,,1,"https://static.www.nfl.com/image/upload/f_auto,q_auto/league/dlfhb5iydthvgpx1jhfv",,1,REG,W03,Rivaldo,FAI635059,58491,32004641-4963-5059-5d8a-275ee97c87ed,2025,2025,,,24.0
2026,ARI,DL,NT,51.0,ACT,Roy Lopez,Roy,Lopez,1997-08-07,74.0,312,Arizona,00-0036568,4040805,23a30b80-1549-4ae8-afac-0fa99636c71e,33583,15610,48676,LopeRo00,22928,7799,5,"https://static.www.nfl.com/image/upload/f_auto,q_auto/league/xpaoovz7dmco8nzhtxh4",,1,REG,A01,Roy,LOP508807,53624,32004c4f-5050-8807-55d8-2ccd7384f6f5,2021,2021,HOU,195.0,29.0
2026,ARI,TE,TE,44.0,DEV,Shawn Bowman,Shawn,Bowman,2000-05-16,76.0,265,Rutgers; Maine,00-0039550,,,,,,,,,2,"https://static.www.nfl.com/image/upload/f_auto,q_auto/league/fsmfihfrlibes4ihhauy",,1,REG,P01,Shawn,BOW616446,57669,3200424f-5761-6446-449f-4e7ed54cd53c,2024,2024,,,26.0
2026,ARI,WR,WR,80.0,ACT,Simi Fehoko,Simione,Fehoko,1997-11-05,76.0,218,Stanford,00-0036646,4360739,3860693c-99a2-4484-99db-1d43e3ff7fd4,33567,15559,84424,FehoSi00,22645,7812,5,"https://static.www.nfl.com/image/upload/f_auto,q_auto/league/eep30drknwucjdj6tivh",,1,REG,A01,Simi,FEH556867,53608,32004645-4855-6867-28d1-9272a231323b,2021,2021,DAL,179.0,28.0
2026,ARI,DB,CB,24.0,DEV,Starling Thomas V,Starling,Thomas,2000-01-25,70.0,195,UAB,00-0038663,4363408,4d5e5960-ec6e-11ed-9096-c9ee1a56ed36,40593,17346,83098,ThomSt01,24456,11343,3,"https://static.www.nfl.com/image/upload/f_auto,q_auto/league/wep63sxqoqc3yyyo8hds",,1,REG,P07,Starling,THO443334,56353,32005448-4f44-3334-5360-346720479b88,2023,2023,,,26.0
2026,ARI,TE,TE,47.0,DEV,Teagan Quitoriano,Teagan,Quitoriano,2000-03-15,78.0,259,Oregon State,00-0037277,4374045,06cb6aff-c81e-4553-95ba-467187f408d4,34126,16034,84036,QuitTe00,23355,8227,4,"https://static.www.nfl.com/image/upload/f_auto,q_auto/league/adwepaexueevxdcqjhyf",,1,REG,P07,Teagan,QUI815277,54635,32005155-4981-5277-f216-e0cb1124852e,2022,2022,HOU,170.0,26.0
2026,ARI,TE,TE,87.0,RES,Tip Reiman,Tip,Reiman,2001-09-17,77.0,270,Illinois,00-0039737,4696700,44767e85-080f-4212-b2f2-cba160c81a9f,40959,17966,129423,ReimTi00,25141,11716,2,"https://static.www.nfl.com/image/upload/f_auto,q_auto/league/yfi3fqch6kzqrcvuptal",,1,REG,R04,Tip,REI577302,57203,32005245-4957-7302-3782-d7697a4f655d,2024,2024,AZ,82.0,24.0
2026,ARI,RB,RB,26.0,CUT,Tre Stewart,Tre,Stewart,,,192,,00-0040526,5093062,34368fd0-2514-11f0-a81f-81aa50e9d045,,18813,160817,,26267,12940,1,"https://static.www.nfl.com/image/upload/f_auto,q_auto/league/uqxyyn0fclnobbreyzod",,1,REG,W03,Tre,STE807735,58972,32005354-4580-7735-9a8d-0a54d31cd1a2,2025,2025,,,
2026,ARI,RB,RB,33.0,RES,Trey Benson,Trey,Benson,2002-07-23,72.0,220,Florida State; Oregon,00-0039921,4429275,0c1253f2-1822-445d-8590-fea6fd32703f,40958,17767,131705,BensTr01,24292,11589,2,"https://static.www.nfl.com/image/upload/f_auto,q_auto/league/liruc5jotnsi4ue9p9yx",,1,REG,R01,Trey,BEN649191,57187,32004245-4e64-9191-567b-28b29177bf93,2024,2024,AZ,66.0,24.0
2026,ARI,TE,TE,85.0,ACT,Trey McBride,Trey,McBride,1999-11-22,76.0,245,Colorado State,00-0037744,4361307,734d54cc-c869-4e2f-a60f-c59c493f5110,34010,15902,75916,McBrTr01,23251,8130,4,"https://static.www.nfl.com/image/upload/f_auto,q_auto/league/psasp10nn5pcvkli9kil",,1,REG,A01,Trey,MCB743360,54520,32004d43-4274-3360-cc50-43990383247d,2022,2022,AZ,55.0,26.0
2026,ARI,RB,RB,22.0,ACT,Tyler Allgeier,Tyler,Allgeier,2000-04-15,70.0,225,BYU,00-0037263,4373626,f4529909-1a02-4f4b-a1f3-315cad100683,34107,15976,83639,AllgTy00,23250,8132,4,"https://static.www.nfl.com/image/upload/f_auto,q_auto/league/sp9lhhmpv4qy3xy2msxd",,1,REG,A01,Tyler,ALL702582,54616,3200414c-4c70-2582-4cca-1a2070c9a090,2022,2022,ATL,151.0,26.0
2026,ARI,OL,T,69.0,DEV,Valentin Senn,Valentin,Senn,2000-04-23,79.0,305,Connecticut; Colorado,00-0040765,,,,,,,,,1,"https://static.www.nfl.com/image/upload/f_auto,q_auto/league/h95afg0gtx3x6ik2fgmp",,1,REG,P03,Valentin,SEN230933,58553,32005345-4e23-0933-329c-38d6f472a3cc,2025,2025,,,26.0
2026,ARI,OL,C,63.0,DEV,Vershon Lee,Vershon,Lee,2001-12-07,76.0,310,South Carolina,00-0040712,,,,,,,,,1,"https://static.www.nfl.com/image/upload/f_auto,q_auto/league/yygtmj3azqkxi1est3eq",,1,REG,P01,Vershon,LEE670053,59129,32004c45-4567-0053-cae1-ab5a397893e9,2025,2025,,,24.0
2026,ARI,DL,DT,97.0,ACT,Walter Nolen,Walter,Nolen,2003-10-14,76.0,305,Mississippi; Texas A&M,00-0040706,4685503,ec3a8edd-eda6-4cff-bd71-088a105f8a5a,,18490,158666,NoleWa00,25993,12552,1,"https://static.www.nfl.com/image/upload/f_auto,q_auto/league/jr8karjanloyyas4erxt",,1,REG,A01,Walter,NOL552942,58218,32004e4f-4c55-2942-e287-746e6b8b2f55,2025,2025,AZ,16.0,22.0
2026,ARI,DB,CB,2.0,ACT,Will Johnson,William,Johnson,2003-03-29,74.0,202,Michigan,00-0040751,4685408,1a568fbe-4efb-4f67-9866-9b0b4e40b344,,18462,158536,JohnWi02,26052,12565,1,"https://static.www.nfl.com/image/upload/f_auto,q_auto/league/dq3zeuqbbnztptdeas6i",,1,REG,A01,Will,JOH751013,58252,32004a4f-4875-1013-48cf-31d3acf04800,2025,2025,AZ,47.0,23.0
2026,ARI,DB,SS,31.0,ACT,Wydett Williams Jr.,Wydett,Williams,2003-12-05,73.0,209,Mississippi; Louisiana-Monroe; Delta State University,00-0041370,,,,,,,,,0,"https://static.www.nfl.com/image/upload/f_auto,q_auto/league/yehplfdaudjovmu77qbe",,1,REG,A01,Wydett,WIL577958,63634,32005749-4c57-7958-8d12-59533618a9c2,2026,2026,,,22.0
2026,ARI,WR,WR,89.0,CUT,Xavier Weaver,Xavier,Weaver,2000-10-12,73.0,180,Colorado; University of South Florida,00-0039521,4428811,ffd59710-0582-11ef-823c-c3942ac17525,41202,18041,101130,WeavXa00,25032,11921,2,"https://static.www.nfl.com/image/upload/f_auto,q_auto/league/kubeuin8fuw75xuxnhli",,1,REG,R01,Xavier,WEA802270,57639,32005745-4180-2270-4001-4e374e6b003d,2024,2024,,,25.0
2026,ARI,DL,DT,90.0,RES,Zachary Carter,Zachary,Carter,1999-04-07,76.0,290,Florida,00-0037804,4240619,78c3e7d0-594e-4bf0-8c17-d6cc2d3e0bf2,34051,16198,56349,CartZa00,23375,8295,4,"https://static.www.nfl.com/image/upload/f_auto,q_auto/league/qvq8wnz7ssbxxuxxo9mn",,1,REG,R48,Zach,CAR786801,54560,32004341-5278-6801-508d-115b8e175a05,2022,2022,CIN,95.0,27.0
2026,ARI,LB,OLB,25.0,ACT,Zaven Collins,Zaven,Collins,1999-05-19,76.0,270,Tulsa,00-0036933,4244606,61fda7fc-a8d7-435f-9397-5657662cd6b2,33404,15288,77190,CollZa00,22697,7637,5,"https://static.www.nfl.com/image/upload/f_auto,q_auto/league/jmd2hu4swlzcpuqsln69",,1,REG,A01,Zaven,COL712276,53445,3200434f-4c71-2276-ee5d-d6185f3c66ad,2021,2021,AZ,16.0,27.0
2026,ATL,DB,CB,24.0,ACT,A.J. Terrell,A.J.,Terrell,1998-09-23,73.0,190,Clemson,00-0036285,4239995,1eae2610-be1d-4f53-82a2-28cf4a2db352,32686,14526,55586,TerrAJ00,22075,6836,6,"https://static.www.nfl.com/image/upload/f_auto,q_auto/league/plww5syeocezywkpgpmg",,1,REG,A01,A.J.,TER272956,52424,32005445-5227-2956-3d70-15eacafe6b00,2020,2020,ATL,16.0,27.0
2026,ATL,DB,CB,20.0,CUT,A.J. Woods,Anthony,Woods,2001-03-28,71.0,195,Pittsburgh,00-0039685,,,,,,,,,2,"https://static.www.nfl.com/image/upload/f_auto,q_auto/league/zecg893zdz500syj1k08",,1,REG,W03,A.J.,WOO400916,57826,3200574f-4f40-0916-e834-d5877cceecdd,2024,2024,,,25.0
2026,ATL,OL,T,74.0,CUT,Andrew Stueber,Andrew,Stueber,1999-07-01,79.0,338,Michigan,00-0037620,,,,,,,,,4,"https://static.www.nfl.com/image/upload/f_auto,q_auto/league/glytc2q32qsae8ormcvn",,1,REG,W03,Andrew,STU494387,54710,32005354-5549-4387-a5a3-e4b30b6368d8,2022,2022,NE,245.0,27.0
2026,ATL,DL,DT,98.0,RES,Anterio Thompson,Anterio,Thompson,2002-10-29,76.0,310,Washington; Western Michigan; Iowa; Iowa Western CC,00-0041484,5150660,e78ad837-86e0-4bce-b871-769cd0a027df,,19744,,ThomAn03,28198,13552,0,,,1,REG,R05,Anterio,THO460712,62830,32005448-4f46-0712-340a-865bd3dd529d,2026,2026,ATL,208.0,23.0
2026,ATL,WR,WR,82.0,DEV,Antwane Wells Jr.,Antwane,Wells,2001-04-02,72.0,201,Mississippi; South Carolina; James Madison,00-0040438,4696062,483872b0-2630-11f0-b7f1-df7c830143e7,,18559,138470,WellAn00,26081,12460,1,"https://static.www.nfl.com/image/upload/f_auto,q_auto/league/mijumyvz5ifhbq2xzlx6",,1,REG,P01,Antwane,WEL705993,58883,32005745-4c70-5993-9d56-5f704d78aab7,2025,2025,,,25.0
2026,ATL,TE,TE,81.0,ACT,Austin Hooper,Austin,Hooper,1994-10-29,76.0,254,Stanford,00-0032392,3043275,90c2a93f-d837-4e1b-b57c-56648903a8db,29315,10748,10715,HoopAu00,17963,3202,10,"https://static.www.nfl.com/image/upload/f_auto,q_auto/league/dd0j9ccd8fxokl48alzg",,1,REG,A01,Austin,HOO570770,43370,3200484f-4f57-0770-bd7c-1cf59d6025ab,2016,2016,ATL,81.0,31.0
2026,ATL,DB,CB,12.0,ACT,Avieon Terrell,Avieon,Terrell,2005-01-11,71.0,186,Clemson,00-0041469,4870988,,,19413,,TerrAv00,,,0,"https://static.www.nfl.com/image/upload/f_auto,q_auto/league/ellqzbdrtdoxmte2ehk8",,1,REG,A01,Avieon,TER273657,62670,32005445-5227-3657-9331-1fe16fe00a91,2026,2026,ATL,48.0,21.0
2026,ATL,WR,WR,88.0,RES,Beaux Collins,Beaux,Collins,2002-12-16,75.0,210,Notre Dame; Clemson,00-0040432,4431210,24597d60-247a-11f0-8324-3170fad3f2ab,,18648,144112,CollBe00,26091,12889,1,"https://static.www.nfl.com/image/upload/f_auto,q_auto/league/fypzpyhv2bsvlcwp2ppo",,1,REG,R48,Beaux,COL513580,58877,3200434f-4c51-3580-8f34-fc898bbc9377,2025,2025,,,23.0
2026,ATL,RB,RB,7.0,ACT,Bijan Robinson,Bijan,Robinson,2002-01-30,71.0,214,Texas,00-0038542,4430807,f78d68c2-f9da-48e7-b954-26b69efd828d,40055,16739,123126,RobiBi01,23189,9509,3,"https://static.www.nfl.com/image/upload/f_auto,q_auto/league/esii5yb8yn9edboi4mlq",,1,REG,A01,Bijan,ROB368260,55872,3200524f-4236-8260-6d5f-ae47fe2e0128,2023,2023,ATL,8.0,24.0
2026,ATL,DB,CB,33.0,ACT,Billy Bowman Jr.,Billy,Bowman,2003-01-29,70.0,192,Oklahoma,00-0040156,4431194,4f423d1f-622b-45e7-a8c7-18d37d27978b,,18618,144638,BowmBi01,26118,12647,1,"https://static.www.nfl.com/image/upload/f_auto,q_auto/league/mbkdinv8urtidys4hfwe",,1,REG,A01,Billy,BOW669654,58323,3200424f-5766-9654-778d-1d85c852b173,2025,2025,ATL,118.0,23.0
2026,ATL,LB,OLB,48.0,CUT,Bralen Trice,Bralen,Trice,2001-02-26,76.0,274,Washington,00-0039837,4428713,1c5dddf1-b744-4019-b57b-4fc8a3798dee,,17676,100550,TricBr00,25033,11721,2,"https://static.www.nfl.com/image/upload/f_auto,q_auto/league/pvzpzvnhrtxxyhwhedq7",,1,REG,W03,Bralen,TRI034508,57195,32005452-4903-4508-bbeb-b6c5aac80eca,2024,2024,ATL,74.0,25.0
2026,ATL,DL,DT,54.0,ACT,Brandon Dorlus,Brandon,Dorlus,2001-03-22,75.0,290,Oregon,00-0039859,4427090,46ed0b03-015e-4d22-a034-4eeb242aa6a7,,17743,100452,DorlBr00,24997,11740,2,"https://static.www.nfl.com/image/upload/f_auto,q_auto/league/ijybsgxpvngj5wzlcupl",,1,REG,A01,Brandon,DOR149742,57230,3200444f-5214-9742-cbfb-0320fefadf8b,2024,2024,ATL,109.0,25.0
2026,ATL,RB,RB,15.0,ACT,Brian Robinson,Brian,Robinson,1999-03-22,73.0,228,Alabama,00-0037746,4241474,795f636e-6f7f-4bc7-a346-2862272abead,34054,15907,57120,RobiBr01,23190,8154,4,"https://static.www.nfl.com/image/upload/f_auto,q_auto/league/n1xhex1ytisxcbcggqu7",,1,REG,A01,Brian,ROB736177,54563,3200524f-4273-6177-6c0d-d79eb9d007d1,2022,2022,WAS,98.0,27.0
2026,ATL,DB,CB,26.0,ACT,C.J. Henderson,Christopher,Henderson,1998-09-30,73.0,191,Florida,00-0036281,4240596,afbc5ac8-8e3f-4cb6-a96d-3b28b039bde9,32679,14367,55593,HendCJ00,22052,6791,6,"https://static.www.nfl.com/image/upload/f_auto,q_auto/league/mlbq9cpapxfoabj7fsvt",,1,REG,A01,C.J.,HEN053672,52417,32004845-4e05-3672-fd87-85ca08961509,2020,2020,JAX,9.0,27.0
2026,ATL,DL,DE,69.0,CUT,Cameron Sample,Cameron,Sample,1999-09-20,75.0,272,Tulane,00-0036850,4243923,2f1b4df5-a65b-4b13-8a86-81c03259e822,33499,15318,56462,SampCa00,22835,7727,5,"https://static.www.nfl.com/image/upload/f_auto,q_auto/league/jt2s0db4sognkfwjmzhg",,1,REG,P07,Cam,SAM062951,53540,32005341-4d06-2951-186e-cb95f4914a26,2021,2021,CIN,111.0,26.0
2026,ATL,DL,DE,99.0,ACT,Cameron Thomas,Cameron,Thomas,2000-07-01,76.0,265,San Diego State,00-0037815,4361510,5e7e828d-d375-4608-bf63-3726c492fc44,34043,15873,82387,ThomCa03,23329,8383,4,"https://static.www.nfl.com/image/upload/f_auto,q_auto/league/utrucssevq1dvqtxu3eh",,1,REG,A01,Cameron,THO063745,54552,32005448-4f06-3745-1011-bed0041e27a2,2022,2022,AZ,87.0,26.0
2026,ATL,OL,T,73.0,ACT,Cameron Williams,Cameron,Williams,2003-10-16,78.0,317,Texas,00-0040687,,,,,,,,,1,,,1,REG,A01,Cameron,WIL179522,58412,32005749-4c17-9522-2618-c8f6a74e6cb9,2025,2025,PHI,207.0,22.0
2026,ATL,DL,DT,79.0,DEV,Carlos Allen Jr.,Carlos,Allen,2001-08-14,73.0,295,Houston; Kennesaw State,00-0041184,,,,,,,,,0,"https://static.www.nfl.com/image/upload/f_auto,q_auto/league/rdbunmnqahreiolmurtu",,1,REG,P01,Carlos,ALL656248,63251,3200414c-4c65-6248-e1cf-61a77e7214a1,2026,2026,,,25.0
2026,ATL,RB,RB,32.0,DEV,Cash Jones,Cashion,Jones,2000-04-05,71.0,195,Georgia,00-0041191,4881826,bf110080-418e-11f1-8233-2d15b9a7b86c,,19649,155211,JoneCa06,28149,13595,0,"https://static.www.nfl.com/image/upload/f_auto,q_auto/league/w8owngxypixljzcnwyiv",,1,REG,P01,Cash,JON150008,63258,32004a4f-4e15-0008-8e83-88425fc49a3e,2026,2026,,,26.0
2026,ATL,TE,TE,89.0,ACT,Charlie Woerner,Charlie,Woerner,1997-10-16,77.0,245,Georgia,00-0036429,4035020,527dfee0-a242-4dc7-830a-ab7028308259,32860,14608,42257,WoerCh00,22119,7075,6,"https://static.www.nfl.com/image/upload/f_auto,q_auto/league/tuzldnhk23mvsapfejqd",,1,REG,A01,Charlie,WOE138430,52598,3200574f-4513-8430-be36-5db8fe66161b,2020,2020,SF,190.0,28.0
2026,ATL,WR,WR,19.0,ACT,Chris Blair,Chris,Blair,1997-10-06,74.0,200,Alcorn State,00-0036463,4369886,9281d541-8bcb-4785-a02e-76150910898e,33376,15376,84096,BlaiCh00,22488,7521,6,"https://static.www.nfl.com/image/upload/f_auto,q_auto/league/gfkhv6k1wr45fnhl0p1d",,1,REG,A01,Chris,BLA490972,53190,3200424c-4149-0972-ba85-7e1860a13c85,2020,2021,,,28.0
2026,ATL,OL,G,63.0,ACT,Chris Lindstrom,Christopher,Lindstrom,1997-02-28,76.0,307,Boston College,00-0035630,,,,,,,,,7,"https://static.www.nfl.com/image/upload/f_auto,q_auto/league/ej9vnjijinovikapg3nz",,1,REG,A01,Chris,LIN451080,47797,32004c49-4e45-1080-da0b-72312551b1b2,2019,2019,ATL,14.0,29.0
2026,ATL,LB,ILB,45.0,ACT,Christian Harris,Christian,Harris,2001-01-16,74.0,232,Alabama,00-0037823,4567099,54bd7952-4bec-4b5a-beb0-d65421408293,34031,16130,98996,HarrCh06,23344,8278,4,"https://static.www.nfl.com/image/upload/f_auto,q_auto/league/ffkftfaaph6bcd0v1d4n",,1,REG,A01,Christian,HAR349887,54540,32004841-5234-9887-7149-d178bdfff431,2022,2022,HOU,75.0,25.0
2026,ATL,DB,CB,37.0,CUT,Cobee Bryant,Jacobee,Bryant,2001-09-17,72.0,175,Kansas,00-0040546,4429324,c8584970-2478-11f0-b52e-75a660006007,,18598,144575,BryaCo02,26134,12603,1,"https://static.www.nfl.com/image/upload/f_auto,q_auto/league/hkvranq1xue9oed9vz12",,1,REG,P01,Cobee,BRY314399,58992,32004252-5931-4399-7e5f-199439eb6b6e,2025,2025,,,24.0
2026,ATL,QB,QB,13.0,ACT,Cooper Rush,Cooper,Rush,1993-11-21,75.0,225,Central Michigan; Tarrant County JC,00-0033662,2972515,4595c8ea-9d85-4504-8a34-2c8a02349105,30788,11841,12324,RushCo00,19461,4574,9,"https://static.www.nfl.com/image/upload/f_auto,q_auto/league/mwrtykpswz7nbfisqlmj",,1,REG,A01,Cooper,RUS046607,45536,32005255-5304-6607-6ca0-6d97a0d0f253,2017,2017,,,32.0
2026,ATL,OL,C,62.0,ACT,Corey Levin,Corey,Levin,1994-08-12,76.0,307,Tennessee-Chattanooga,00-0033793,,,,,,,,,9,"https://static.www.nfl.com/image/upload/f_auto,q_auto/league/z21jvdkpqlhge0e2lbqs",,1,REG,A01,Corey,LEV584781,45030,32004c45-5658-4781-eaee-52a98f2b3ef9,2017,2017,TEN,217.0,32.0
2026,ATL,DL,DT,90.0,ACT,Da'Shawn Hand,Da'Shawn,Hand,1995-11-14,75.0,297,Alabama,00-0034371,3126352,e4114f9d-80da-4e39-bd12-cd9cf2c0d720,31084,12821,48386,HandDa00,19934,5351,8,"https://static.www.nfl.com/image/upload/f_auto,q_auto/league/c2synfyorkd9gnrvv43v",,1,REG,A01,Da'Shawn,HAN083056,46183,32004841-4e08-3056-e4d2-1b26ded29329,2018,2018,DET,114.0,30.0
2026,ATL,DB,CB,30.0,DEV,Darnay Holmes,Darnay,Holmes,1998-06-23,70.0,198,UCLA,00-0036394,4242973,8e19d167-cee8-4048-8f28-d476b11ec330,32780,14535,56247,HolmDa01,22050,6882,6,"https://static.www.nfl.com/image/upload/f_auto,q_auto/league/b1iqudcchkj9bevv6fwo",,1,REG,P07,Darnay,HOL519082,52518,3200484f-4c51-9082-f3ad-ff2c44591d4c,2020,2020,NYG,110.0,28.0
2026,ATL,DB,FS,41.0,RES,Darren Hall,Darren,Hall,2000-05-02,72.0,190,San Diego State,00-0036956,4261606,e2aa4576-83a6-4b81-ab95-49126a0cf1d4,33496,15474,60742,HallDa03,22829,7730,5,"https://static.www.nfl.com/image/upload/f_auto,q_auto/league/hc9vwsdsfelwxfxxeasb",,1,REG,R01,Darren,HAL251071,53537,32004841-4c25-1071-f00b-bb48b41590b9,2021,2021,ATL,108.0,26.0
2026,ATL,LB,ILB,42.0,CUT,Daveren Rayner,Daveren,Rayner,,,217,,00-0041409,,,,,,,,,0,"https://static.www.nfl.com/image/upload/f_auto,q_auto/league/mxrcfsvj88cfuc1xaclr",,1,REG,W03,Daveren,RAY750118,63378,32005241-5975-0118-333d-dbc13fe8f6ff,2026,2026,,,
2026,ATL,LB,OLB,50.0,RES,DeAngelo Malone,DeAngelo,Malone,1999-07-12,75.0,240,Western Kentucky,00-0037808,4243457,18f1a22d-08c6-441e-8a7b-e8d02a047b81,34038,16094,56941,MaloDe00,23388,8372,4,"https://static.www.nfl.com/image/upload/f_auto,q_auto/league/uyjqwnbcams2hk2rmyh2",,1,REG,R04,DeAngelo,MAL647494,54547,32004d41-4c64-7494-8610-7b97b8dcaab5,2022,2022,ATL,82.0,27.0
2026,ATL,DB,SS,23.0,ACT,DeMarcco Hellams,DeMarcco,Hellams,2000-06-05,73.0,208,Alabama,00-0038628,4567111,b9fbbcf2-35cb-4de4-9622-16630b51c792,40278,16930,98863,HellDe00,24227,11050,3,"https://static.www.nfl.com/image/upload/f_auto,q_auto/league/qg0hfg5iv3zc6hn07dzt",,1,REG,A01,DeMarcco,HEL256639,56089,32004845-4c25-6639-ebe9-aca7398e1c11,2023,2023,ATL,224.0,26.0
2026,ATL,DL,DT,73.0,CUT,Devonnsha Maxwell,Devonnsha,Maxwell,1999-05-05,74.0,296,Tennessee-Chattanooga,00-0038893,,,,,,,,,3,"https://static.www.nfl.com/image/upload/f_auto,q_auto/league/r8tc8oroxvpz8w5wd00e",,1,REG,W03,Devonnsha,MAX410413,56615,32004d41-5841-0413-2c97-6411013bd8cd,2023,2023,,,27.0
2026,ATL,LB,ILB,0.0,ACT,Divine Deablo,Divine,Deablo,1998-08-17,75.0,223,Virginia Tech,00-0036990,4037626,f50ae8f1-aebd-4e3d-bbf9-f92921044e72,33468,15472,42208,DeabDi00,22767,7677,5,"https://static.www.nfl.com/image/upload/f_auto,q_auto/league/epymgfknvbi0vbygiv4j",,1,REG,A01,Divine,DEA016067,53509,32004445-4101-6067-e931-261a8c6e804e,2021,2021,LV,80.0,28.0
2026,ATL,WR,WR,5.0,ACT,Drake London,Drake,London,2001-07-24,76.0,210,USC,00-0037238,4426502,5053f9ae-15d9-4730-833d-484886b6f890,33963,15868,86519,LondDr00,23151,8112,4,"https://static.www.nfl.com/image/upload/f_auto,q_auto/league/mcllowcfrmmdeo4zy3g1",,1,REG,A01,Drake,LON013463,54473,32004c4f-4e01-3463-a3e9-f95e800c8bba,2022,2022,ATL,8.0,25.0
2026,ATL,WR,WR,80.0,DEV,Dylan Drummond,Dylan,Drummond,2000-01-17,72.0,186,Eastern Michigan,00-0038953,4363551,e34c6990-f35c-11ed-ac5f-715e78829103,40737,17626,78187,DrumDy00,24875,11474,3,"https://static.www.nfl.com/image/upload/f_auto,q_auto/league/xyexcy7ur9nscytyhinx",,1,REG,P06,Dylan,DRU358601,56665,32004452-5535-8601-b24c-4fcb0891ac83,2023,2023,,,26.0
2026,ATL,OL,T,75.0,ACT,Ethan Onianwa,Ethan,Onianwa,2003-08-16,79.0,331,Ohio State; Rice,00-0041121,,,,,,,,,0,"https://static.www.nfl.com/image/upload/f_auto,q_auto/league/spvsdjmjvcvuerqw3y5d",,1,REG,A01,Ethan,ONI415291,62853,32004f4e-4941-5291-a297-0752660437d4,2026,2026,ATL,231.0,23.0
2026,ATL,DL,DT,95.0,ACT,Gervon Dexter Sr.,Gervon,Dexter,2000-10-05,78.0,313,Florida,00-0039070,4429014,fd3922bc-d7bf-4f2e-9255-d297a86b43d5,40091,17174,124374,DextGe00,24111,10899,3,"https://static.www.nfl.com/image/private/f_auto,q_auto/league/vj6m4qixxhqmufrr5ilo",,1,REG,A01,Gervon,DEX634187,55918,32004445-5863-4187-6630-33b3a986f697,2023,2023,CHI,53.0,25.0
2026,ATL,LB,ILB,56.0,ACT,Harold Perkins Jr.,Harold,Perkins,2004-09-10,72.0,223,LSU,00-0041112,4685502,bce38bbc-b099-4cc7-bb95-052ff1c08581,,19280,157120,PerkHa01,26891,13555,0,"https://static.www.nfl.com/image/upload/f_auto,q_auto/league/sdvimzmhvfuaj6m4wpsu",,1,REG,A01,Harold,PER296437,62837,32005045-5229-6437-5fdf-c214e3fe14e0,2026,2026,ATL,215.0,21.0
2026,ATL,LB,ILB,40.0,RES,JD Bertrand,J.D.,Bertrand,2000-05-05,73.0,233,Notre Dame,00-0039370,4428872,fdb957eb-4146-4453-a6df-f65ca7bc1bb6,,17810,102787,BertJD00,25264,11770,2,"https://static.www.nfl.com/image/upload/f_auto,q_auto/league/pem7wfoxovov0cjuopjv",,1,REG,R01,J.D.,BER779588,57264,32004245-5277-9588-a05e-61bef361ec9c,2024,2024,ATL,143.0,26.0
2026,ATL,QB,QB,18.0,ACT,Jack Strand,Jack,Strand,2004-06-23,77.0,240,Minnesota State,00-0041194,5344782,,,19642,212592,,,,0,"https://static.www.nfl.com/image/upload/f_auto,q_auto/league/oadw9h9otuauaiv1vxvz",,1,REG,A01,Jack,STR175962,63261,32005354-5217-5962-7e57-dbf1c2f75ea6,2026,2026,,,22.0
2026,ATL,TE,TE,84.0,DEV,Jack Velling,Jack,Velling,2003-10-29,77.0,242,Michigan State; Oregon State,00-0041195,,,,,,,,,0,"https://static.www.nfl.com/image/upload/f_auto,q_auto/league/wotouog19khzog4kfwmq",,1,REG,P01,Jack,VEL421666,63262,32005645-4c42-1666-6eac-32728a6aeca1,2026,2026,,,22.0
2026,ATL,OL,G,59.0,CUT,Jaeden Roberts,Jaeden,Roberts,,,333,,00-0040924,,,,,,,,,0,"https://static.www.nfl.com/image/upload/f_auto,q_auto/league/mtxrunakd09n7irsauen",,1,REG,W03,Jaeden,ROB202343,63001,3200524f-4220-2343-e464-e16b2dcc1553,2026,2026,,,
2026,ATL,WR,WR,4.0,ACT,Jahan Dotson,Jahan,Dotson,2000-03-22,71.0,182,Penn State,00-0037741,4361409,d4a7917d-f327-431b-9b87-83af341c3e21,33971,15850,84375,DotsJa00,23155,8119,4,"https://static.www.nfl.com/image/upload/f_auto,q_auto/league/gwuibfw7ljxudxtldcvh",,1,REG,A01,Jahan,DOT282798,54481,3200444f-5428-2798-d9f2-9e8608edcb8a,2022,2022,WAS,16.0,26.0
2026,ATL,P,P,16.0,ACT,Jake Bailey,Jacob,Bailey,1997-06-18,74.0,205,Stanford,00-0035280,3931395,af1335c6-c262-4488-9352-86ba80754583,31995,13817,33963,BailJa00,21017,6093,7,"https://static.www.nfl.com/image/upload/f_auto,q_auto/league/loghcplmv69wosiqlopr",,1,REG,A01,Jake,BAI429212,47946,32004241-4942-9212-4dca-3ce7a5b08bbb,2019,2019,NE,163.0,29.0
2026,ATL,OL,T,70.0,ACT,Jake Matthews,Jacob,Matthews,1992-02-11,77.0,309,Texas A&M,00-0031279,,,,,,,,,12,"https://static.www.nfl.com/image/upload/f_auto,q_auto/league/hoifz7uqrpjm5g2mlyaa",,1,REG,A01,Jake,MAT565555,41232,32004d41-5456-5555-1827-0d5d5e928f5d,2014,2014,ATL,6.0,34.0
2026,ATL,LB,OLB,11.0,RES,Jalon Walker,Jalon,Walker,2004-02-24,74.0,245,Georgia,00-0040577,4685597,a1788f0e-f637-4333-846e-757b373b98a5,,18683,157070,WalkJa02,25998,12568,1,"https://static.www.nfl.com/image/upload/f_auto,q_auto/league/mmtinfxaeg8afpuwwudm",,1,REG,R01,Jalon,WAL201646,58217,32005741-4c20-1646-5f5f-33e320ac8536,2025,2025,ATL,15.0,22.0
2026,ATL,OL,C,66.0,DEV,James Brockermeyer,James,Brockermeyer,2002-06-24,75.0,297,Miami; TCU; Alabama,00-0041186,,,,,,,,,0,"https://static.www.nfl.com/image/upload/f_auto,q_auto/league/izljy0gycj4sz3pc5n8z",,1,REG,P01,James,BRO059676,63253,32004252-4f05-9676-b105-cf1ac04c8216,2026,2026,,,24.0
2026,ATL,LB,OLB,27.0,RES,James Pearce Jr.,James,Pearce,2003-10-12,77.0,243,Tennessee,00-0040578,5081394,1a3a8a05-9418-48ba-910e-db87caf00bfe,,18657,163770,PearJa00,26017,12585,1,"https://static.www.nfl.com/image/upload/f_auto,q_auto/league/iw7gq1kiprdcsomewxuh",,1,REG,R40,James,PEA279289,58228,32005045-4127-9289-4a5c-1de3f930dfef,2025,2025,ATL,26.0,22.0
2026,ATL,DB,SS,34.0,DEV,Jammie Robinson,Jammie,Robinson,2001-01-24,71.0,203,Florida State,00-0038587,4430411,406b6c6f-0172-482e-9ade-f38f5abb95f0,40176,16815,98836,RobiJa03,24138,10986,3,"https://static.www.nfl.com/image/upload/f_auto,q_auto/league/zixsq934w8yeksxuznvd",,1,REG,P07,Jammie,ROB526445,56010,3200524f-4252-6445-4e6b-4353e5a8fc4d,2023,2023,CAR,145.0,25.0
2026,ATL,DL,DT,51.0,ACT,Jared Ivey,Jared,Ivey,2001-12-05,78.0,265,Mississippi; Georgia Tech,00-0040056,4605478,521af940-2556-11f0-b31c-15f75b688f25,,18673,122480,IveyJa00,26199,13048,1,"https://static.www.nfl.com/image/upload/f_auto,q_auto/league/rliaugoupzvspm3vdtcp",,1,REG,A01,Jared,IVE642353,58501,32004956-4564-2353-8983-ad2c5b6e042c,2025,2025,,,24.0
2026,ATL,OL,T,71.0,ACT,Jawaan Taylor,Jawaan,Taylor,1997-11-25,77.0,312,Florida,00-0035237,,,,,,,,,7,"https://static.www.nfl.com/image/upload/f_auto,q_auto/league/smerpaxet2i7btib2ce1",,1,REG,A01,Jawaan,TAY349425,47818,32005441-5934-9425-ed94-9fc450b432bc,2019,2019,JAX,35.0,28.0
2026,ATL,DB,SS,3.0,ACT,Jessie Bates,Jessie,Bates,1997-02-26,73.0,200,Wake Forest,00-0034675,3919512,89c84a59-18ad-4aeb-8879-d4ba7dd1491e,31024,12564,49162,BateJe00,19873,5017,8,"https://static.www.nfl.com/image/upload/f_auto,q_auto/league/eego6d6svadhqg1dyacg",,1,REG,A01,Jessie,BAT108395,46123,32004241-5410-8395-d37a-630df6f54a7b,2018,2018,CIN,54.0,29.0
2026,ATL,OL,G,62.0,DEV,Josh Thompson,Josh,Thompson,2002-10-09,76.0,315,LSU; Northwestern,00-0040965,,,,,,,,,0,"https://static.www.nfl.com/image/upload/f_auto,q_auto/league/rfnfr7idjojws30ijl7e",,1,REG,P01,Josh,THO609196,63042,32005448-4f60-9196-8a91-55260f5e4840,2026,2026,,,23.0
2026,ATL,LB,ILB,42.0,ACT,Josh Woods,Josh,Woods,1996-07-01,73.0,236,Maryland,00-0034801,3128303,abdf27dc-a54d-427c-a745-173f1c485292,31753,13361,49023,WoodJo02,20664,5757,8,"https://static.www.nfl.com/image/upload/f_auto,q_auto/league/p6wltly2bismav4hvfvb",,1,REG,A01,Josh,WOO516359,46968,3200574f-4f51-6359-827a-1fde8dc17982,2018,2018,,,30.0
2026,ATL,OL,T,76.0,RET,Kaleb McGary,Kaleb,McGary,1995-02-22,78.0,306,Washington,00-0035235,,,,,,,,,7,"https://static.www.nfl.com/image/upload/f_auto,q_auto/league/qomzib0zc5muqcj4yeuh",,1,REG,R02,Kaleb,MCG037471,47814,32004d43-4703-7471-27c0-bc59a6bb256c,2019,2019,ATL,31.0,31.0
2026,ATL,OL,G,61.0,DEV,Kam Dewberry,Kam,Dewberry,2004-04-23,76.0,332,Alabama; Texas A&M,00-0041276,,,,,,,,,0,"https://static.www.nfl.com/image/upload/f_auto,q_auto/league/ai9tsdkibbku98tzbedb",,1,REG,P01,Kam,DEW092286,63436,32004445-5709-2286-b5af-d264e7f0c0da,2026,2026,,,22.0
2026,ATL,WR,WR,85.0,CUT,Keelan Marion,Keelan,Marion,,,195,,00-0041266,,,,,,,,,0,"https://static.www.nfl.com/image/upload/f_auto,q_auto/league/pv8xxfhthq0i3sjtl3wr",,1,REG,W03,Keelan,MAR178066,63335,32004d41-5217-8066-922d-76945b3cc1fa,2026,2026,,,
2026,ATL,DB,FS,39.0,CUT,Keidron Smith,Keidron,Smith,1999-11-01,74.0,204,Kentucky,00-0038696,4372418,01831580-f0dd-11ed-b8be-811e1be6b8e1,,16806,83310,SmitKe05,24796,11395,3,"https://static.www.nfl.com/image/upload/f_auto,q_auto/league/bmidsctpakth58pe4axu",,1,REG,W03,Keidron,SMI450188,56386,3200534d-4945-0188-7514-30ebddbe37b7,2023,2023,,,26.0
2026,ATL,LB,ILB,53.0,ACT,Kendal Daniels,Kendal,Daniels,2002-12-16,77.0,242,Oklahoma; Oklahoma State,00-0041066,4595343,268ce1f0-3ddd-4c15-80a8-0d6c1b6fbafa,,19542,144668,DaniKe00,28096,13482,0,"https://static.www.nfl.com/image/upload/f_auto,q_auto/league/y0dplhsrdng9momqwilu",,1,REG,A01,Kendal,DAN573886,62756,32004441-4e57-3886-1892-923409a2dea0,2026,2026,ATL,134.0,23.0
2026,ATL,DL,DE,59.0,RES,Keshawn Banks,Keshawn,Banks,1999-12-21,75.0,255,San Diego State,00-0038462,,,,,,,,,3,"https://static.www.nfl.com/image/upload/f_auto,q_auto/league/psqcg6omspml02ur6jlf",,1,REG,R01,Keshawn,BAN561270,56217,32004241-4e56-1270-3b25-65ca0ebab0df,2023,2023,,,26.0
2026,ATL,DL,DE,54.0,DEV,Khalid Kareem,Khalid,Kareem,1998-04-28,76.0,265,Notre Dame,00-0036341,4039029,3f4fe254-f18f-4b56-83e0-c37cfc72c7f7,32817,14684,42993,KareKh00,21876,6864,6,"https://static.www.nfl.com/image/upload/f_auto,q_auto/league/wv4cxlitwh8mxxpzvka5",,1,REG,P07,Khalid,KAR259489,52555,32004b41-5225-9489-fd0c-044abf6bbb38,2020,2020,CIN,147.0,28.0
2026,ATL,OL,G,68.0,ACT,Kyle Hinton,Kyle,Hinton,1998-02-27,74.0,310,Washburn,00-0036354,,,,,,,,,6,"https://static.www.nfl.com/image/upload/f_auto,q_auto/league/zlhwbmhosrjogu9uwruv",,1,REG,A01,Kyle,HIN747075,52661,32004849-4e74-7075-3c6e-e34f0cbaa74a,2020,2020,MIN,253.0,28.0
2026,ATL,TE,TE,8.0,ACT,Kyle Pitts,Kyle,Pitts,2000-10-06,78.0,250,Florida,00-0036970,4360248,1f3deb24-9ff8-4769-8f42-825eff7742f6,33392,15265,83964,PittKy00,22508,7553,5,"https://static.www.nfl.com/image/upload/f_auto,q_auto/league/xczipzxvytnmvgznhhb4",,1,REG,A01,Kyle,PIT516805,53433,32005049-5451-6805-5aec-d4afcbd52e25,2021,2021,ATL,4.0,25.0
2026,ATL,DL,DT,94.0,ACT,LaCale London,Lacale,London,1997-08-05,75.0,280,Western Illinois,00-0036204,4376288,f3adad78-ada5-4ded-bb47-cbf8518f7bba,33175,15052,87179,LondLa00,22232,7231,6,"https://static.www.nfl.com/image/upload/f_auto,q_auto/league/lnztywmpyzddwtm0tymo",,1,REG,A01,Lacale,LON014708,53087,32004c4f-4e01-4708-990f-d62bf46aed72,2020,2020,,,29.0
2026,ATL,LS,LS,49.0,ACT,Liam McCullough,Liam,McCullough,1997-06-05,74.0,237,Ohio State,00-0036082,,,,,,,,,6,"https://static.www.nfl.com/image/upload/f_auto,q_auto/league/pwnde23o1r6jmi0kvwqk",,1,REG,A01,Liam,MCC769873,52986,3200474f-5204-5716-a75e-4ec8e313a651,2020,2020,,,29.0
2026,ATL,DL,DT,92.0,ACT,Maason Smith,Maason,Smith,2002-10-13,77.0,315,LSU,00-0039889,4431567,32f98e05-a998-4e0c-8131-0e4b17cb7dd5,,17669,146774,SmitMa07,24945,11698,2,"https://static.www.nfl.com/image/upload/f_auto,q_auto/league/eskiw0i3z6cashics66w",,1,REG,A01,Maason,SMI501138,57169,3200534d-4950-1138-61be-6010d78fdcb8,2024,2024,JAX,48.0,23.0
2026,ATL,DB,CB,36.0,ACT,Malcolm DeWalt IV,Malcolm,DeWalt,2002-01-04,74.0,190,Akron; Butte College; Snow,00-0041188,,,,,,,,,0,"https://static.www.nfl.com/image/upload/f_auto,q_auto/league/tjpmrufhkvsxdfmqchgw",,1,REG,A01,Malcolm,DEW036018,63255,32004445-5703-6018-b921-e0d3c7a64489,2026,2026,,,24.0
2026,ATL,LB,ILB,43.0,RES,Malik Verdon,Malik,Verdon,2002-10-31,76.0,220,Iowa State,00-0040554,,,,,,,,,1,"https://static.www.nfl.com/image/upload/f_auto,q_auto/league/p8azvlhqxurwe6k1tr9b",,1,REG,R01,Malik,VER109162,59000,32005645-5210-9162-dd69-0632eca5f06f,2025,2025,,,23.0
2026,ATL,OL,G,65.0,ACT,Matthew Bergeron,Matthew,Bergeron,2000-02-26,77.0,322,Syracuse,00-0039048,,,,,,,,,3,"https://static.www.nfl.com/image/upload/f_auto,q_auto/league/hy3t6flxp3ryvd3ntoum",,1,REG,A01,Matthew,BER100937,55903,32004245-5210-0937-e984-90feb04718cc,2023,2023,ATL,38.0,26.0
2026,ATL,OL,T,72.0,ACT,Michael Jerrell,Michael,Jerrell,1999-08-18,77.0,294,Findlay,00-0039842,,,,,,,,,2,"https://static.www.nfl.com/image/upload/f_auto,q_auto/league/j4ccmkx7sv3yjjt8ymzy",,1,REG,A01,Michael,JER477236,57327,32004a45-5247-7236-6333-a1bdf940c65e,2024,2024,SEA,207.0,27.0
2026,ATL,QB,QB,9.0,ACT,Michael Penix Jr.,Michael,Penix,2000-05-08,75.0,213,Washington; Indiana,00-0039917,4360423,6499a161-b221-4591-b122-d99ece1be64b,40889,17700,82134,PeniMi00,23242,11559,2,"https://static.www.nfl.com/image/upload/f_auto,q_auto/league/mip4kogkqxwkkya6mvmh",,1,REG,A01,Michael,PEN238127,57129,32005045-4e23-8127-7dad-e744751fdd0c,2024,2024,ATL,8.0,26.0
2026,ATL,DB,CB,28.0,ACT,Mike Ford,Michael,Ford,1995-08-04,72.0,196,Southeast Missouri State,00-0034639,3050916,965df459-3f21-4a93-9a99-15559eb977a4,31634,13195,50535,FordMi01,20281,5691,8,"https://static.www.nfl.com/image/upload/f_auto,q_auto/league/b3k1q0kl0mc7d0t8xkka",,1,REG,A01,Mike,FOR299028,46823,3200464f-5229-9028-fcb4-155827177358,2018,2018,,,31.0
2026,ATL,DB,CB,21.0,ACT,Mike Hughes,Michael,Hughes,1997-02-11,70.0,191,UCF; Garden City CC; North Carolina,00-0034843,3895841,1f181c47-ad84-4758-a295-4c4f5c56120f,31000,12590,34057,HughMi00,19847,4982,8,"https://static.www.nfl.com/image/upload/f_auto,q_auto/league/tncrybucqelrcrsgumds",,1,REG,A01,Mike,HUG542324,46099,32004855-4754-2324-a94f-a4e9cd1c93c1,2018,2018,MIN,30.0,29.0
2026,ATL,DB,CB,35.0,CUT,Natrone Brooks,Natrone,Brooks,1999-12-17,71.0,176,Southern Mississippi,00-0038966,4689989,5068d7b0-f368-11ed-b622-936c98a846ff,,17623,121449,BrooNa01,24871,11481,3,"https://static.www.nfl.com/image/upload/f_auto,q_auto/league/swxxv6yxfspw2vyrjxgv",,1,REG,W03,Natrone,BRO157573,56690,32004252-4f15-7573-64b7-599037cee820,2023,2023,,,26.0
2026,ATL,K,K,6.0,ACT,Nick Folk,Nick,Folk,1984-11-05,73.0,222,Arizona,00-0025565,10621,b37c621e-1125-4c35-bea0-fcabb1527060,8432,5365,3794,FolkNi20,11694,650,19,"https://static.www.nfl.com/image/upload/f_auto,q_auto/league/qf6vaghxuoxqw0pyrvg3",,1,REG,A01,Nick,FOL378021,32371,3200464f-4c37-8021-409f-36e78a589e4b,2007,2007,DAL,178.0,41.0
2026,ATL,TE,TE,87.0,DEV,Nick Muse,Nick,Muse,1998-11-25,77.0,250,South Carolina,00-0037317,4249624,6b5dd4bc-9959-4e0f-94f6-74e2577a022a,34183,16286,61079,MuseNi00,23621,8523,4,"https://static.www.nfl.com/image/upload/f_auto,q_auto/league/cdidnsvt1we5d7ffnjbo",,1,REG,P07,Nick,MUS093892,54692,32004d55-5309-3892-ad16-ee33e3febfba,2022,2022,MIN,227.0,27.0
2026,ATL,WR,WR,14.0,ACT,Olamide Zaccheaus,Olamide,Zaccheaus,1997-07-23,68.0,199,Virginia,00-0035208,3917914,d8281390-f081-41e5-b55e-75779536fe94,32123,13833,44920,ZaccOl01,21142,6271,7,"https://static.www.nfl.com/image/upload/f_auto,q_auto/league/zsnzd30ysrewgufbv06y",,1,REG,A01,Olamide,ZAC133180,48374,32005a41-4313-3180-ba01-ae8103314fa2,2019,2019,,,29.0
2026,ATL,OL,T,76.0,DEV,Riley Mahlman,Riley,Mahlman,2002-12-30,80.0,318,Wisconsin,00-0041192,,,,,,,,,0,"https://static.www.nfl.com/image/upload/f_auto,q_auto/league/ccdfmnjjfph73wxaflts",,1,REG,P01,Riley,MAH394151,63259,32004d41-4839-4151-8527-fdd1544063eb,2026,2026,,,23.0
2026,ATL,OL,C,64.0,ACT,Ryan Neuzil,Ryan,Neuzil,1997-07-31,75.0,290,Appalachian State,00-0036833,,,,,,,,,5,"https://static.www.nfl.com/image/upload/f_auto,q_auto/league/xsnsake68lxw3hqilezf",,1,REG,A01,Ryan,NEU758774,54046,32004e45-5575-8774-9970-30ba8dbea532,2021,2021,,,29.0
2026,ATL,DL,DE,52.0,ACT,Samson Ebukam,Nnamaka Ebukam,Ebukam,1995-05-09,75.0,245,Eastern Washington,00-0033945,3045527,1d05c82f-81cd-4fad-84f5-8be990c5258d,30238,12201,11880,EbukSa00,19016,4170,9,"https://static.www.nfl.com/image/upload/f_auto,q_auto/league/cmoytuhhkqslhcpulq5e",,1,REG,A01,Samson,EBU355964,44938,32004542-5535-5964-70df-ad4c6a840cec,2017,2017,LAR,125.0,31.0
2026,ATL,OL,T,77.0,RES,Storm Norton,Storm,Norton,1994-05-16,79.0,317,Toledo,00-0033752,,,,,,,,,9,"https://static.www.nfl.com/image/upload/f_auto,q_auto/league/l7ndyhi69vax0acgs1kw",,1,REG,R04,Storm,NOR763430,45630,32004e4f-5276-3430-a5bf-58da8f72529d,2017,2017,,,32.0
2026,ATL,DB,SS,29.0,ACT,Sydney Brown,Sydney,Brown,2000-03-21,70.0,211,Illinois,00-0039002,4360386,c9da2c23-478b-48a8-8a98-408caf3f0d16,40123,16770,83241,BrowSy00,24230,10919,3,"https://static.www.nfl.com/image/upload/f_auto,q_auto/league/c9jtw4rbs1inmf2mwjlc",,1,REG,A01,Sydney,BRO695003,55931,32004252-4f69-5003-e72b-502ae9aa1558,2023,2023,PHI,66.0,26.0
2026,ATL,RB,RB,44.0,RES,Trey Sermon,Trey,Sermon,1999-01-30,72.0,215,Ohio State; Oklahoma,00-0036984,4241401,b7146193-fcd1-4b02-a6da-625fe467f60e,33476,15413,57372,SermTr00,21801,7593,5,"https://static.www.nfl.com/image/upload/f_auto,q_auto/league/eqhl3xiczodsyqlmsxvr",,1,REG,R01,Trey,SER440716,53517,32005345-5244-0716-5cc1-b1699fcf5156,2021,2021,SF,88.0,27.0
2026,ATL,QB,QB,1.0,ACT,Tua Tagovailoa,Tua,Tagovailoa,1998-03-02,73.0,218,Alabama,00-0036212,4241479,26ad9c27-de38-495e-913c-6fb2428e76d3,32675,14465,60326,TagoTu00,21677,6768,6,"https://static.www.nfl.com/image/upload/f_auto,q_auto/league/tmm4ohds7qci0vqoobhm",,1,REG,A01,Tua,TAG620344,52413,32005441-4762-0344-3a46-269f5e5e854e,2020,2020,MIA,5.0,28.0
2026,ATL,RB,RB,25.0,DEV,Tyler Goodson,Tyler,Goodson,2000-11-10,69.0,199,Iowa,00-0037120,4429676,3fec8370-ca72-11ec-a83a-8732d3d5a7e3,34261,15990,101659,GoodTy00,23341,8207,4,"https://static.www.nfl.com/image/upload/f_auto,q_auto/league/zqmesi6fwv82lhfzlht6",,1,REG,P07,Tyler,GOO586750,54798,3200474f-4f58-6750-ad87-11b65bf232e0,2022,2022,,,25.0
2026,ATL,WR,WR,86.0,DEV,Vinny Anthony II,Vinny,Anthony,2003-06-27,72.0,183,Wisconsin,00-0041185,4869816,63fe7ad0-4268-11f1-be6a-cd848c41d92f,,19345,158687,AnthVi01,26944,13343,0,"https://static.www.nfl.com/image/upload/f_auto,q_auto/league/za7sl8mdnvpy1lvo7gva",,1,REG,P01,Vinny,ANT322903,63252,3200414e-5432-2903-8264-c597dae07669,2026,2026,,,23.0
2026,ATL,DB,FS,31.0,ACT,Xavier Watts,Xavier,Watts,2001-11-22,72.0,203,Notre Dame,00-0040148,4431005,c28798ce-a253-434d-b312-7c95449fcb63,,18616,122914,WattXa00,26067,12591,1,"https://static.www.nfl.com/image/upload/f_auto,q_auto/league/kfq1ekzcnannihp8qatc",,1,REG,A01,Xavier,WAT830896,58301,32005741-5483-0896-532a-ecb5497b9d7f,2025,2025,ATL,96.0,24.0
2026,ATL,LB,OLB,22.0,ACT,Yasir Abdullah,Yasir,Abdullah,2000-04-12,73.0,242,Louisville,00-0038580,4360807,6eef8572-d9b4-4518-a759-19569e381e06,,16769,77100,AbduYa00,24386,10992,3,"https://static.www.nfl.com/image/upload/f_auto,q_auto/league/ok0dts6vzdwn8owisv08",,1,REG,A01,Yasir,ABD685761,56001,32004142-4468-5761-697c-5797029c343f,2023,2023,JAX,136.0,26.0
2026,ATL,LB,OLB,55.0,ACT,Za'Darius Smith,Za'Darius,Smith,1992-09-08,76.0,272,Kentucky; East Mississippi JC,00-0031576,3043168,af3599a5-5eb4-4dd4-87ab-e0032ebfa644,28510,10328,9555,SmitZa00,16883,2427,11,"https://static.www.nfl.com/image/upload/f_auto,q_auto/league/l5t51lcflhhfvxhr1sx3",,1,REG,A01,Za'Darius,SMI827086,42465,3200534d-4982-7086-a9ae-e56c38b472b6,2015,2015,BAL,122.0,33.0
2026,ATL,DL,DE,96.0,DEV,Zach Harrison,Zach,Harrison,2001-08-14,77.0,272,Ohio State,00-0038980,4426412,9d1624c5-958f-42ec-965d-f6dbb85e0401,40115,17197,98503,HarrZa00,23262,10934,3,"https://static.www.nfl.com/image/upload/f_auto,q_auto/league/jph76ryj7fn3yqi5c2yg",,1,REG,P07,Zach,HAR647601,55940,32004841-5264-7601-2cfe-d334c90e441f,2023,2023,ATL,75.0,25.0
2026,ATL,WR,WR,17.0,ACT,Zachariah Branch,Zachariah,Branch,2004-03-29,70.0,177,Georgia; USC,00-0041044,4870612,41f192cd-cc4a-44bc-9c21-43a19ecfc86c,,19262,174142,BranZa00,26909,13320,0,"https://static.www.nfl.com/image/upload/f_auto,q_auto/league/qwbo8lgyd85dlwnbznsc",,1,REG,A01,Zachariah,BRA531428,62701,32004252-4153-1428-24fb-e5ad13f91d33,2026,2026,ATL,79.0,22.0
2026,CAR,RB,RB,28.0,ACT,AJ Dillon,Algiers,Dillon,1998-05-02,72.0,250,Boston College,00-0036265,4239934,e10bfeb8-ea01-47bc-bfa8-45f6dcbf71b3,32732,14370,57165,DillAJ00,21802,6828,6,"https://static.www.nfl.com/image/upload/f_auto,q_auto/league/imxxt8yrbrxptoxr1hw5",,1,REG,A01,A.J.,DIL237740,52470,32004449-4c23-7740-624c-afbd67329c54,2020,2020,GB,62.0,28.0
2026,CAR,DL,DT,94.0,ACT,Aaron Hall,Aaron,Hall,2003-04-18,76.0,296,Duke,00-0041148,,,,,,,,,0,"https://static.www.nfl.com/image/upload/f_auto,q_auto/league/bq76gtte5drlejyfnjnn",,1,REG,A01,Aaron,HAL157846,63215,32004841-4c15-7846-aef4-24ba01f4586b,2026,2026,,,23.0
2026,CAR,DB,CB,29.0,ACT,Akayleb Evans,Akayleb,Evans,1999-06-22,74.0,198,Missouri,00-0038101,4244607,a320f05a-2635-4170-95e8-1f91cde6e875,34074,16155,65033,EvanAk00,23419,8389,4,"https://static.www.nfl.com/image/upload/f_auto,q_auto/league/nhqsqcicvneknjeivzrd",,1,REG,A01,Akayleb,EVA006904,54583,32004556-4100-6904-e210-44afe72b61e1,2022,2022,MIN,118.0,27.0
2026,CAR,OL,T,76.0,ACT,Albert Reese,Albert,Reese,2002-08-13,79.0,330,Mississippi State,00-0041138,,,,,,,,,0,"https://static.www.nfl.com/image/upload/f_auto,q_auto/league/zb27al135smoctturd2b",,1,REG,A01,Albert,REE482545,62954,32005245-4548-2545-c3a2-7a8545d377bd,2026,2026,,,24.0
2026,CAR,DL,DE,96.0,DEV,Anthony Goodlow,Anthony,Goodlow,2000-07-25,77.0,286,Oklahoma State,00-0039783,4372378,b457e110-07c3-11ef-ab6b-fdfec21b4cc0,,18380,77164,GoodAn00,25485,12138,2,"https://static.www.nfl.com/image/upload/f_auto,q_auto/league/nyluqyk0urg2bdfsajdk",,1,REG,P01,Anthony,GOO276234,57923,3200474f-4f27-6234-5899-7c3a7e83c83a,2024,2024,,,26.0
2026,CAR,RB,RB,34.0,DEV,Anthony Tyus III,Anthony,Tyus,2003-03-20,73.0,226,Ohio,00-0040394,,,,,,,,,1,"https://static.www.nfl.com/image/upload/f_auto,q_auto/league/ycph0v6jfxwkcycuztk0",,1,REG,P01,Anthony,TYU415291,58835,32005459-5541-5291-a8ba-f4b18137ddd8,2025,2025,,,23.0
2026,CAR,LB,ILB,54.0,RES,Bam Martin-Scott,Tavareon,Martin-Scott,2000-07-04,74.0,227,South Carolina; Dodge City CC,00-0040289,4880613,01ec2e60-2512-11f0-9a31-bd52e2c1bc10,,18736,146904,MartBa00,26136,12956,1,"https://static.www.nfl.com/image/upload/f_auto,q_auto/league/fvfw5drjy4cxaotvve69",,1,REG,R48,Bam,MAR796551,58725,32004d41-5279-6551-b3c5-b0d33d7d4bfc,2025,2025,,,26.0
2026,CAR,DL,DT,97.0,ACT,Bobby Brown III,Bobby,Brown,2000-08-07,76.0,325,Texas A&M,00-0036903,4372518,17bb3390-5232-402b-b229-c478b22dd200,33505,15591,82429,BrowBo04,22721,7722,5,"https://static.www.nfl.com/image/upload/f_auto,q_auto/league/f3fspidlfqws3asws3gw",,1,REG,A01,Bobby,BRO802918,53546,32004252-4f80-2918-2bd2-89c8d04d0f41,2021,2021,LAR,117.0,26.0
2026,CAR,LB,ILB,58.0,ACT,Bobby Okereke,Robert,Okereke,1996-07-29,73.0,234,Stanford,00-0035687,3117253,6c338c70-42d9-4d35-bf87-04fe7e2f690a,31921,13782,50954,OkerBo00,20897,5944,7,"https://static.www.nfl.com/image/upload/f_auto,q_auto/league/q5gc9nwmikqcyza7m3ku",,1,REG,A01,Bobby,OKE400459,47872,32004f4b-4540-0459-e914-d34827147fed,2019,2019,IND,89.0,30.0
2026,CAR,OL,G,70.0,RES,Brady Christensen,Brady,Christensen,1996-09-27,78.0,297,BYU,00-0036968,,,,,,,,,5,"https://static.www.nfl.com/image/upload/f_auto,q_auto/league/pbj2pkbe5cwtomutayd1",,1,REG,R01,Brady,CHR065609,53499,32004348-5206-5609-6e2c-c835b62c353f,2021,2021,CAR,70.0,29.0
2026,CAR,QB,QB,9.0,ACT,Bryce Young,Bryce,Young,2001-07-25,70.0,204,Alabama,00-0039150,4685720,38475bfa-9773-4c3b-9157-a0dbd576fa22,40029,16807,123943,YounBr01,23132,9228,3,"https://static.www.nfl.com/image/upload/f_auto,q_auto/league/vcvhmxvxw2a3armle0af",,1,REG,A01,Bryce,YOU124763,55865,3200594f-5512-4763-ab24-c1bd051ef0ef,2023,2023,CAR,1.0,25.0
2026,CAR,WR,WR,87.0,ACT,Brycen Tremayne,Brycen,Tremayne,1999-11-18,76.0,212,Stanford,00-0038840,4360763,2a3cbc30-e8ed-11ed-bd02-25f41a9e059e,40407,17330,84425,TremBr00,24296,11157,3,"https://static.www.nfl.com/image/upload/f_auto,q_auto/league/isc094ihkf69vzrlkiql",,1,REG,A01,Brycen,TRE689049,56560,32005452-4568-9049-49ad-8c34a2e1286b,2023,2023,,,26.0
2026,CAR,TE,TE,40.0,CUT,Caden Prieskorn,Caden,Prieskorn,1999-09-21,77.0,255,Mississippi; Memphis,00-0040392,,,,,,,,,1,"https://static.www.nfl.com/image/upload/f_auto,q_auto/league/oajiq54ejf3zkntg427s",,1,REG,W03,Caden,PRI419640,58833,32005052-4941-9640-7305-abe0e6dfb5a4,2025,2025,,,26.0
2026,CAR,LB,OLB,49.0,DEV,Cam Gill,Cameron,Gill,1997-12-14,75.0,240,Wagner,00-0036045,4034496,112b95ea-d080-4aa7-bedc-5755c6c6b80c,33272,14917,33560,GillCa00,22429,7451,6,"https://static.www.nfl.com/image/upload/f_auto,q_auto/league/wxadtc7jcfyso4qdbeni",,1,REG,P07,Cam,GIL284053,52947,32004749-4c28-4053-402c-98d5b77b4100,2020,2020,,,28.0
2026,CAR,DL,DT,99.0,ACT,Cam Jackson,Cam'Ron,Jackson,2002-08-07,78.0,328,Florida; Memphis,00-0040174,4687513,194fc092-1fd9-4723-9bef-57658a002b76,,18686,121769,JackCa01,26129,12682,1,"https://static.www.nfl.com/image/upload/f_auto,q_auto/league/qqviwensjskqpgt7fufm",,1,REG,A01,Cam,JAC056990,58345,32004a41-4305-6990-5a4c-a1a8981df3fe,2025,2025,CAR,140.0,24.0
2026,CAR,DB,CB,42.0,CUT,Cam Miller,Cam,Miller,,,192,,00-0041150,,,,,,,,,0,"https://static.www.nfl.com/image/upload/f_auto,q_auto/league/tejrbhpml6z3iirchbtk",,1,REG,W03,Cam,MIL157638,63217,32004d49-4c15-7638-6cd0-a8c46f4caa52,2026,2026,,,
2026,CAR,WR,WR,88.0,DEV,Casey Washington,Casey,Washington,2001-03-06,72.0,200,Illinois,00-0039394,4428796,98b9b952-b31f-47c4-9fac-9d7516af34df,41074,18044,101710,WashCa01,25304,11806,2,"https://static.www.nfl.com/image/upload/f_auto,q_auto/league/wkoysykj4htld4yajljn",,1,REG,P06,Casey,WAS075963,57307,32005741-5307-5963-c06b-78584533e0b2,2024,2024,ATL,187.0,25.0
2026,CAR,OL,G,62.0,DEV,Chandler Zavala,Chandler,Zavala,1999-04-02,77.0,322,N.C. State; Fairmont State,00-0038536,,,,,,,,,3,"https://static.www.nfl.com/image/upload/f_auto,q_auto/league/h1jwlle0qeo7mtax2pc9",,1,REG,P07,Chandler,ZAV070576,55979,32005a41-5607-0576-eb71-62de76a91a52,2023,2023,CAR,114.0,27.0
2026,CAR,DB,CB,26.0,ACT,Chau Smith-Wade,Chau,Smith-Wade,2002-09-17,71.0,176,Washington State,00-0039380,4697636,6fccf852-00cf-4c11-b856-8e4d56acc646,,17877,131956,SmitCh05,25140,11771,2,"https://static.www.nfl.com/image/upload/f_auto,q_auto/league/hkbpogql05pnyegi6itv",,1,REG,A01,Chau,SMI830146,57278,3200534d-4983-0146-6f7f-a3a4b4341521,2024,2024,CAR,157.0,23.0
2026,CAR,WR,WR,19.0,RES,Chris Brazzell II,Chris,Brazzell,2003-10-23,76.0,198,Tennessee; Tulane,00-0041047,5091739,0dcab415-e4a8-4f37-8164-45b9f23c668a,,19239,,BrazCh01,26731,13353,0,"https://static.www.nfl.com/image/upload/f_auto,q_auto/league/jdmycletwhknhs9oth1f",,1,REG,R01,Chris,BRA836631,62705,32004252-4183-6631-42a5-f2819fe8c8c6,2026,2026,CAR,83.0,22.0
2026,CAR,RB,RB,30.0,ACT,Chuba Hubbard,Chuba,Hubbard,1999-06-11,73.0,207,Oklahoma State,00-0036555,4241416,32205e74-b23f-420a-b312-465b29260745,33514,15242,57373,HubbCh01,21691,7594,5,"https://static.www.nfl.com/image/upload/f_auto,q_auto/league/rzsvnt0pxsaize2ndhxm",,1,REG,A01,Chuba,HUB179324,53555,32004855-4217-9324-a63d-319921de85bb,2021,2021,CAR,126.0,27.0
2026,CAR,LB,ILB,53.0,ACT,Claudin Cherelus,Claudin,Cherelus,1999-02-09,74.0,230,Alcorn State; UMass Amherst,00-0038493,4256224,74650010-eba9-11ed-aa2f-9b9591ffdf9b,40547,17534,52094,CherCl00,24799,11305,3,"https://static.www.nfl.com/image/upload/f_auto,q_auto/league/nrqd1waoajdyblwerius",,1,REG,A01,Claudin,CHE247405,56249,32004348-4524-7405-419d-6ea0a41f5c6d,2023,2023,,,27.0
2026,CAR,OL,C,67.0,ACT,Corey Bullock,Corey,Bullock,2001-12-09,75.0,320,Maryland; North Carolina Central,00-0039242,,,,,,,,,2,"https://static.www.nfl.com/image/upload/f_auto,q_auto/league/mzkd2grjzcncllrhaacw",,1,REG,A01,Corey,BUL512049,57386,32004255-4c51-2049-172f-bb739db3a279,2024,2024,,,24.0
2026,CAR,DB,CB,31.0,DEV,Corey Thornton,Corey,Thornton,2001-01-30,73.0,195,Louisville,00-0040296,4431426,02c194e0-2514-11f0-a382-97906c339a3b,,19024,123763,ThorCo00,26446,12957,1,"https://static.www.nfl.com/image/upload/f_auto,q_auto/league/fqf0gc9owhcrxgua2kbr",,1,REG,P06,Corey,THO770480,58732,32005448-4f77-0480-6b9e-c4f3415b199c,2025,2025,,,25.0
2026,CAR,OL,G,68.0,ACT,Damien Lewis,Damien,Lewis,1997-03-21,74.0,327,LSU; Northwest Mississippi CC,00-0036417,,,,,,,,,6,"https://static.www.nfl.com/image/upload/f_auto,q_auto/league/gx5fgyuvhn06yvcg343w",,1,REG,A01,Damien,LEW128690,52477,32004c45-5712-8690-897d-9ea24308df66,2020,2020,SEA,69.0,29.0
2026,CAR,TE,TE,35.0,ACT,Darren Waller,Darren,Waller,1992-09-13,78.0,255,Georgia Tech,00-0031610,2576925,14c97c9f-26e8-4944-9299-f90de6aeada3,28592,10215,9637,WallDa01,16964,2505,11,"https://static.www.nfl.com/image/upload/f_auto,q_auto/league/loyehiyzcu2lexjk7plq",,1,REG,A01,Darren,WAL509040,42547,32005741-4c50-9040-67d6-042691fb535a,2015,2015,BAL,204.0,33.0
2026,CAR,WR,WR,83.0,DEV,David Moore,David,Moore,1995-01-15,72.0,220,East Central,00-0033589,4212909,aecc1809-4628-4c3a-8b2b-c8f2858d2492,30339,12216,11981,MoorDa03,19120,4274,9,"https://static.www.nfl.com/image/upload/f_auto,q_auto/league/iyawzolvibsds35fwapv",,1,REG,P07,David,MOO249444,45039,32004d4f-4f24-9444-1f85-e742d8abb0fb,2017,2017,SEA,226.0,31.0
2026,CAR,DB,CB,41.0,CUT,DeCarlos Nicholson,DeCarlos,Nicholson,,,189,,00-0041283,,,,,,,,,0,,,1,REG,W03,DeCarlos,NIC554884,63482,32004e49-4355-4884-2bb7-32eb46d104dd,2026,2026,,,
2026,CAR,DB,FS,36.0,CUT,Demani Richardson,Demani,Richardson,2000-10-07,73.0,215,Texas A&M,00-0039601,4426926,325fd170-0716-11ef-ba1c-2110081547cc,,18002,98852,RichDe03,25149,12011,2,"https://static.www.nfl.com/image/upload/f_auto,q_auto/league/gjav3xshmapw1yybykxz",,1,REG,W03,Demani,RIC408520,57721,32005249-4340-8520-ae0c-f3e223703703,2024,2024,,,25.0
2026,CAR,DL,DE,95.0,ACT,Derrick Brown,Derrick,Brown,1998-04-15,77.0,318,Auburn,00-0036220,4035495,9c8292c7-b406-4a31-a781-7c72aac6b053,32677,13852,43883,BrowDe05,22085,6784,6,"https://static.www.nfl.com/image/upload/f_auto,q_auto/league/xgaxvkpcxh41dyttf3sb",,1,REG,A01,Derrick,BRO393541,52415,32004252-4f39-3541-fadb-33b669a1b580,2020,2020,CAR,7.0,28.0
2026,CAR,LB,ILB,55.0,ACT,Devin Lloyd,Devin,Lloyd,1998-09-30,75.0,235,Utah,00-0037244,4243256,95490459-68e2-4c72-bb60-eae1aab0ecb3,33982,16006,58238,LloyDe00,23437,8329,4,"https://static.www.nfl.com/image/upload/f_auto,q_auto/league/hbva85h6axjaiiiiwjfv",,1,REG,A01,Devin,LLO339464,54492,32004c4c-4f33-9464-66e8-761a50bda0c2,2022,2022,JAX,27.0,27.0
2026,CAR,DB,CB,43.0,DEV,Devonta Smith,DeVonta,Smith,2002-12-11,71.0,195,Notre Dame; Alabama,00-0041153,,,,,,,,,0,"https://static.www.nfl.com/image/upload/f_auto,q_auto/league/rmc5wkyad0gu4gxtvzzy",,1,REG,P01,DeVonta,SMI206364,63220,3200534d-4920-6364-8b8a-ad593b703756,2026,2026,,,23.0
2026,CAR,WR,WR,80.0,CUT,Elijah Cooks,Elijah,Cooks,1998-10-13,76.0,210,San Jose State; Nevada,00-0038667,4241588,c2cce6c0-e841-11ed-9d79-63f6ad42423a,40374,17062,61501,CookEl00,24755,11139,3,"https://static.www.nfl.com/image/upload/f_auto,q_auto/league/jdwpqogatij3pqncde1l",,1,REG,W03,Elijah,COO304211,56357,3200434f-4f30-4211-46c4-e0fdef3704ba,2023,2023,,,27.0
2026,CAR,TE,TE,81.0,ACT,Feleipe Franks,Feleipe,Franks,1997-12-22,78.0,245,Arkansas,00-0036825,4034948,79a849be-0552-4da9-89ff-11d20a7a764a,33729,15324,40217,FranFe00,22498,7531,5,"https://static.www.nfl.com/image/upload/f_auto,q_auto/league/nbn1wxlh6los4y2am3ro",,1,REG,A01,Feleipe,FRA593646,54038,32004652-4159-3646-921f-5b52f2f03a61,2021,2021,,,28.0
2026,CAR,QB,QB,16.0,ACT,Haynes King,Haynes,King,2001-01-09,74.0,212,Georgia Tech; Texas A&M,00-0041149,4428993,aa915c40-419d-11f1-aa00-ebd45e534754,,19429,,,28047,13415,0,"https://static.www.nfl.com/image/upload/f_auto,q_auto/league/qcloyq4ahyh0hfzo6i0i",,1,REG,A01,Haynes,KIN505883,63216,32004b49-4e50-5883-c0f7-b393b967d9d5,2026,2026,,,25.0
2026,CAR,OL,T,79.0,RES,Ikem Ekwonu,Ikem,Ekwonu,2000-10-31,76.0,320,N.C. State,00-0037229,,,,,,,,,4,"https://static.www.nfl.com/image/upload/f_auto,q_auto/league/mpfy7ivhwvry6pjezemw",,1,REG,R04,Ikem,EKW415291,54471,3200454b-5741-5291-c575-71e78a1d7951,2022,2022,CAR,6.0,25.0
2026,CAR,OL,G,74.0,DEV,Isaia Glass,Isaia,Glass,,,311,,00-0041146,,,,,,,,,0,"https://static.www.nfl.com/image/upload/f_auto,q_auto/league/ydmxfwrctgc3wzrmi4rv",,1,REG,P01,Isaia,GLA464361,63213,3200474c-4146-4361-740c-83000e34d481,2026,2026,,,
2026,CAR,DB,SS,27.0,DEV,Isaiah Simmons,Isaiah,Simmons,1998-07-26,76.0,225,Clemson,00-0036356,4035462,b87d80b7-f129-4f3d-938a-1272f8122589,32678,14525,42451,SimmIs00,22004,6781,6,"https://static.www.nfl.com/image/upload/f_auto,q_auto/league/mf9tbatcc933o8rzfuy5",,1,REG,P07,Isaiah,SIM182419,52416,32005349-4d18-2419-c53f-8beeda539963,2020,2020,AZ,8.0,28.0
2026,CAR,LB,OLB,47.0,CUT,Isaiah Smith,Isaiah,Smith,,,244,,00-0041154,,,,,,,,,0,"https://static.www.nfl.com/image/upload/f_auto,q_auto/league/rkqgcreuuho9xykg7hm7",,1,REG,W03,Isaiah,SMI342781,63221,3200534d-4934-2781-2cd7-06748bd61e3b,2026,2026,,,
2026,CAR,LS,LS,44.0,ACT,J.J. Jansen,Jeffrey,Jansen,1986-01-20,74.0,235,Notre Dame,00-0026027,,,,,,,,,18,"https://static.www.nfl.com/image/upload/f_auto,q_auto/league/vmbidsuvur7zfmpt9xak",,1,REG,A01,J.J.,JAN681650,33557,32004a41-4e68-1650-bdb2-b3ecc68bb736,2008,2008,,,40.0
2026,CAR,WR,WR,86.0,DEV,Ja'Seem Reed,Ja'seem,Reed,2003-03-21,74.0,195,San Diego,00-0040265,4876995,c2fa3bf0-2cd9-11f0-a86e-fde592bc08fd,,19049,149619,ReedJa05,26664,13179,1,"https://static.www.nfl.com/image/upload/f_auto,q_auto/league/uh29rkmiggnca0qq7vil",,1,REG,P01,Ja'seem,REE261802,58701,32005245-4526-1802-9d01-e66f381314ef,2025,2025,,,23.0
2026,CAR,TE,TE,0.0,ACT,Ja'Tavion Sanders,Ja'Tavion,Sanders,2003-03-27,76.0,252,Texas,00-0039356,4431588,ffd2ff3f-4b56-4232-be8e-bf163c29f406,40995,17748,144717,SandJa01,24947,11600,2,"https://static.www.nfl.com/image/upload/f_auto,q_auto/league/le2akm1cbou170ioctxl",,1,REG,A01,Ja'Tavion,SAN343203,57222,32005341-4e34-3203-cb70-91304b1c422f,2024,2024,CAR,101.0,23.0
2026,CAR,LB,ILB,46.0,ACT,Jackson Kuwatch,Jackson,Kuwatch,2003-05-19,76.0,232,Miami (Ohio); Ohio State,00-0041119,4875592,,,19752,145075,KuwaJa00,,,0,"https://static.www.nfl.com/image/upload/f_auto,q_auto/league/ssizhdf9pbw2zxp3egcj",,1,REG,A01,Jackson,KUW415291,62849,32004b55-5741-5291-9c93-76bcf37cfede,2026,2026,CAR,227.0,23.0
2026,CAR,LB,OLB,5.0,ACT,Jaelan Phillips,Jaelan,Phillips,1999-05-28,77.0,266,Miami,00-0036934,4242975,2e0122de-812b-44fa-8bf9-084695be95e3,33406,15263,56902,PhilJa02,22699,7635,5,"https://static.www.nfl.com/image/upload/f_auto,q_auto/league/mgufa4byoe8onfjsuiq1",,1,REG,A01,Jaelan,PHI254734,53447,32005048-4925-4734-953b-176f711c1e6f,2021,2021,MIA,18.0,27.0
2026,CAR,OL,G,71.0,DEV,Jake Curhan,Jake,Curhan,1998-02-09,78.0,316,California,00-0036795,,,,,,,,,5,"https://static.www.nfl.com/image/upload/f_auto,q_auto/league/sfcyxgyi8qkzafuqwbnl",,1,REG,P07,Jake,CUR141470,54006,32004355-5214-1470-5995-0e1aa3754699,2021,2021,,,28.0
2026,CAR,WR,WR,18.0,ACT,Jalen Coker,Jalen,Coker,2001-10-30,75.0,213,Holy Cross,00-0039491,4695883,67977ab0-070b-11ef-978d-05d80704d329,41293,17976,143068,CokeJa01,25122,11646,2,"https://static.www.nfl.com/image/upload/f_auto,q_auto/league/yynz8rxen6tsvhojggiv",,1,REG,A01,Jalen,COK451291,57606,3200434f-4b45-1291-8e86-939dcb7ab63f,2024,2024,,,24.0
2026,CAR,DB,CB,8.0,ACT,Jaycee Horn,Jaycee,Horn,1999-11-26,73.0,200,South Carolina,00-0036944,4362847,90b71985-5235-4d5a-b95a-405129be496f,33396,15209,83375,HornJa00,22694,7642,5,"https://static.www.nfl.com/image/upload/f_auto,q_auto/league/fmqur86wgh5craixy3yd",,1,REG,A01,Jaycee,HOR123595,53437,3200484f-5212-3595-eabf-6f6f3cdddc40,2021,2021,CAR,8.0,26.0
2026,CAR,WR,WR,15.0,ACT,Jimmy Horn Jr.,Jimmy,Horn,2002-09-12,68.0,170,Colorado; University of South Florida,00-0040218,4708486,f15872a6-7bc1-41e4-a2cd-0a2fbc432bf7,,18569,144483,HornJi00,25982,12523,1,"https://static.www.nfl.com/image/upload/f_auto,q_auto/league/gggcgfbghcft0xwxtrhk",,1,REG,A01,Jimmy,HOR430113,58413,3200484f-5243-0113-b082-05dae02c090e,2025,2025,CAR,208.0,23.0
2026,CAR,WR,WR,13.0,ACT,John Metchie III,John,Metchie,2000-07-18,71.0,195,Alabama,00-0037614,4567096,2995df34-ee81-4320-be1e-1c497b83c927,33999,16069,97400,MetcJo00,23160,8147,4,"https://static.www.nfl.com/image/upload/f_auto,q_auto/league/nsjpnskeldxzbzckpfgg",,1,REG,A01,John,MET373452,54509,32004d45-5437-3452-4786-13bd57b6dd0c,2022,2022,HOU,44.0,26.0
2026,CAR,RB,RB,25.0,ACT,Jonathon Brooks,Jonathon,Brooks,2003-07-21,72.0,207,Texas,00-0039344,4678008,5c842941-844b-4f6a-bce4-26b377146674,40926,17747,144721,BrooJo02,24944,11583,2,"https://static.www.nfl.com/image/upload/f_auto,q_auto/league/txl39rwjrs2fkm1shtxh",,1,REG,A01,Jonathon,BRO131669,57167,32004252-4f13-1669-de2f-e975d31892d1,2024,2024,CAR,46.0,23.0
2026,CAR,QB,QB,12.0,ACT,Kenny Pickett,Kenny,Pickett,1998-06-06,75.0,220,Pittsburgh,00-0038102,4240703,ef7ae1f1-4ebe-4759-bbb3-32bd177ace08,33975,15841,60515,PickKe00,22501,8160,4,"https://static.www.nfl.com/image/upload/f_auto,q_auto/league/gw6lyiuevyuspfkglnmj",,1,REG,A01,Kenny,PIC777233,54485,32005049-4377-7233-6101-772adaebe15c,2022,2022,PIT,20.0,28.0
2026,CAR,DL,DT,67.0,CUT,Kyon Barrs,Kyon,Barrs,2001-11-09,74.0,290,USC,00-0039946,,,,,,,,,2,,,1,REG,W03,Kyon,BAR668833,58045,32004241-5266-8833-333c-293b48a95ab4,2024,2024,,,24.0
2026,CAR,DL,DE,93.0,RET,LaBryan Ray,LaBryan,Ray,1997-12-05,76.0,292,Alabama,00-0037203,4241473,b3407bc0-cfe9-11ec-8762-8dfa2bbad12c,34427,16219,56501,RayxLa02,23527,8274,4,"https://static.www.nfl.com/image/upload/f_auto,q_auto/league/hvculodfnj1jv595t4xw",,1,REG,R02,LaBryan,RAY370566,54872,32005241-5937-0566-d50a-656421064d2d,2022,2022,,,28.0
2026,CAR,DB,SS,22.0,ACT,Lathan Ransom,Lathan,Ransom,2002-07-16,72.0,210,Ohio State,00-0040159,4429110,05179d37-cbaf-4ff1-9a24-c3d9194aab39,,18625,129755,RansLa00,26167,12611,1,"https://static.www.nfl.com/image/upload/f_auto,q_auto/league/gg0ztjfsso4y7yx4fxfb",,1,REG,A01,Lathan,RAN769272,58327,32005241-4e76-9272-7c58-09cd401942a2,2025,2025,CAR,122.0,24.0
2026,CAR,DL,NT,92.0,ACT,Lee Hunter,Lee,Hunter,2002-07-02,75.0,318,Texas Tech; UCF; Auburn,00-0041478,4431551,,,19374,146676,HuntLe00,,,0,"https://static.www.nfl.com/image/upload/f_auto,q_auto/league/h3dk22cisv0hv6dpvd6a",,1,REG,A01,Lee,HUN721690,62671,32004855-4e72-1690-69c7-039a94a5ec9f,2026,2026,CAR,49.0,24.0
2026,CAR,OL,C,77.0,ACT,Luke Fortner,Luke,Fortner,1998-05-15,78.0,300,Kentucky,00-0037814,,,,,,,,,4,"https://static.www.nfl.com/image/upload/f_auto,q_auto/league/lir08woankvv1ri6vpdr",,1,REG,A01,Luke,FOR713383,54530,3200464f-5271-3383-dcdf-69c7a1e12725,2022,2022,JAX,65.0,28.0
2026,CAR,LB,ILB,45.0,CUT,Maema Njongmeta,Maema,Njongmeta,2001-03-09,72.0,240,Wisconsin,00-0039637,4428125,38c63ba0-0723-11ef-acb3-9348ceb755d6,,17964,101465,NjonMa00,25237,12057,2,"https://static.www.nfl.com/image/upload/f_auto,q_auto/league/xilgtxzojnxouajl01uc",,1,REG,W03,Maema,NJO367214,57778,32004e4a-4f36-7214-ea3a-58daa5f3ecb5,2024,2024,,,25.0
2026,CAR,LB,ILB,58.0,DEV,Mapalo Mwansa,Mapalo,Mwansa,2004-04-02,75.0,230,,00-0040763,,,,,,,,,1,"https://static.www.nfl.com/image/upload/f_auto,q_auto/league/pygjjbgebf2mezvwopa5",,1,REG,P03,Mapalo,MWA426541,58468,32004d57-4142-6541-1612-adffa9199fee,2025,2025,,,22.0
2026,CAR,DB,CB,2.0,ACT,Mike Jackson,Michael,Jackson,1997-01-10,73.0,210,Miami,00-0035277,3917853,63fd7882-5d20-426e-9834-e85c0ebb4d5b,31990,13704,50437,JackMi01,20822,6025,7,"https://static.www.nfl.com/image/upload/f_auto,q_auto/league/ohcl41cpchr9fjoktlj6",,1,REG,A01,Michael,JAC000004,47941,32004a41-4300-0004-a1b9-6631a951b6e5,2019,2019,DAL,158.0,29.0
2026,CAR,RB,RB,37.0,CUT,Miles Davis,Miles,Davis,,,215,,00-0041485,,,,,,,,,0,"https://static.www.nfl.com/image/upload/f_auto,q_auto/league/htvohdxsq6qwts6k3cfb",,1,REG,W03,Miles,DAV568008,63167,32004441-5656-8008-a2ff-5bb04a495c08,2026,2026,,,
2026,CAR,TE,TE,84.0,ACT,Mitchell Evans,Mitchell,Evans,2003-05-18,77.0,258,Notre Dame,00-0040187,4683243,788b494d-d624-46ae-a956-81bd10f6a044,,18545,147486,EvanMi01,25875,12473,1,"https://static.www.nfl.com/image/upload/f_auto,q_auto/league/yruhsxdnyfaa7iswn1dp",,1,REG,A01,Mitchell,EVA558806,58368,32004556-4155-8806-7189-26710933b3f1,2025,2025,CAR,163.0,23.0
2026,CAR,OL,T,57.0,ACT,Monroe Freeling,Monroe,Freeling,2004-07-25,79.0,315,Georgia,00-0041034,,,,,,,,,0,"https://static.www.nfl.com/image/upload/f_auto,q_auto/league/ljukgocjxwgzy7pdf6rv",,1,REG,A01,Monroe,FRE136741,62641,32004652-4513-6741-dc94-a0bffd434894,2026,2026,CAR,19.0,22.0
2026,CAR,LB,OLB,11.0,RES,Nic Scourton,Nic,Scourton,2004-08-25,74.0,257,Texas A&M; Purdue,00-0040746,4833355,3eebb324-cdd9-4c19-b1b8-1e7649fe0737,,18658,162878,ScouNi00,25995,12562,1,"https://static.www.nfl.com/image/upload/f_auto,q_auto/league/urx4ncr2up987hovqjlr",,1,REG,R01,Nic,SCO814747,58256,32005343-4f81-4747-b38e-43ebd9d2e99c,2025,2025,CAR,51.0,22.0
2026,CAR,DB,FS,21.0,ACT,Nick Scott,Nicholas,Scott,1995-05-17,71.0,200,Penn State,00-0035669,3116179,4d383922-53ab-48f8-bb8a-29176ea3ffbc,32075,13958,49012,ScotNi01,21131,6301,7,"https://static.www.nfl.com/image/upload/f_auto,q_auto/league/rxmve4vvejz6looxumrw",,1,REG,A01,Nick,SCO524293,48026,32005343-4f52-4293-1bc4-f00e04d118db,2019,2019,LAR,243.0,31.0
2026,CAR,DL,DT,69.0,DEV,Parker Petersen,Parker,Petersen,2003-01-16,76.0,314,Wisconsin; Tulane,00-0041151,,,,,,,,,0,"https://static.www.nfl.com/image/upload/f_auto,q_auto/league/cwfe0yumsk0ydn3b6bq8",,1,REG,P01,Parker,PET228661,63218,32005045-5422-8661-1d64-4ccb018bf7f1,2026,2026,,,23.0
2026,CAR,LB,OLB,91.0,ACT,Patrick Jones II,Patrick,Jones,1998-09-29,76.0,260,Pittsburgh,00-0037007,4036063,74013f08-f920-4de7-9740-cc461d84beec,33478,15232,43974,JonePa00,22890,7674,5,"https://static.www.nfl.com/image/upload/f_auto,q_auto/league/yj0r18rgx7oishozdalv",,1,REG,A01,Patrick,JON826250,53519,32004a4f-4e82-6250-ea6a-1df1567c082f,2021,2021,MIN,90.0,27.0
2026,CAR,LB,OLB,3.0,ACT,Princely Umanmielen,Princely,Umanmielen,2002-04-18,76.0,244,Mississippi; Florida,00-0040136,4429166,33d3d9a0-1bac-4a33-b1f5-381f5634c988,,18492,124398,UmanPr00,26019,12610,1,"https://static.www.nfl.com/image/upload/f_auto,q_auto/league/rqdqyoypjti8cg2weguu",,1,REG,A01,Princely,UMA415291,58282,3200554d-4141-5291-8d99-692229ea4717,2025,2025,CAR,77.0,24.0
2026,CAR,OL,T,63.0,ACT,Rasheed Walker,Rasheed,Walker,2000-02-13,78.0,325,Penn State,00-0037196,,,,,,,,,4,"https://static.www.nfl.com/image/upload/f_auto,q_auto/league/w2jnttphyffiuxov70o3",,1,REG,A01,Rasheed,WAL308460,54714,32005741-4c30-8460-fec4-8041f42b9950,2022,2022,GB,249.0,26.0
2026,CAR,OL,G,50.0,ACT,Robert Hunt,Robert,Hunt,1996-08-25,78.0,322,Louisiana-Lafayette,00-0036325,,,,,,,,,6,"https://static.www.nfl.com/image/upload/f_auto,q_auto/league/ra3z68izmkp21mgbr6a2",,1,REG,A01,Robert,HUN360894,52447,32004855-4e36-0894-8461-dd1b950e2536,2020,2020,MIA,39.0,30.0
2026,CAR,WR,WR,39.0,CUT,Roc Taylor,Rokafewlloa,Taylor,,,213,,00-0040531,4431597,1edb3290-2518-11f0-972e-efd9d03db8c5,,18651,144283,TaylRo02,26100,12972,1,"https://static.www.nfl.com/image/upload/f_auto,q_auto/league/jeido54r1gfedjcqftyb",,1,REG,W03,Roc,TAY648195,58977,32005441-5964-8195-9d6f-a126d9bf4629,2025,2025,,,
2026,CAR,K,K,10.0,ACT,Ryan Fitzgerald,Ryan,Fitzgerald,2000-08-13,71.0,190,Florida State,00-0040279,4568263,7bf5a2e0-2512-11f0-9825-33176da47896,,18508,99867,FitzRy01,26108,12961,1,"https://static.www.nfl.com/image/upload/f_auto,q_auto/league/giy8qnq6njxzwtqvqdsm",,1,REG,A01,Ryan,FIT485574,58715,32004649-5448-5574-3c12-a7034437623a,2025,2025,,,26.0
2026,CAR,OL,T,66.0,RES,Ryan Hayes,Ryan,Hayes,2000-02-28,78.0,305,Michigan,00-0039042,,,,,,,,,3,"https://static.www.nfl.com/image/upload/f_auto,q_auto/league/zzvbipvjpudojugcxjre",,1,REG,R01,Ryan,HAY425163,56103,32004841-5942-5163-913c-79c056f10685,2023,2023,MIA,238.0,26.0
2026,CAR,OL,C,75.0,ACT,Sam Hecht,Sam,Hecht,2003-04-03,76.0,303,Kansas State,00-0041071,,,,,,,,,0,"https://static.www.nfl.com/image/upload/f_auto,q_auto/league/a5xw6zbvi2yy5mh4hgcg",,1,REG,A01,Sam,HEC090844,62766,32004845-4309-0844-39fb-438f32e6e82f,2026,2026,CAR,144.0,23.0
2026,CAR,P,P,6.0,ACT,Sam Martin,Sam,Martin,1990-02-27,73.0,205,Appalachian State,00-0030092,15928,80b403da-381f-467e-883b-5b83ac02aac3,26788,9022,7947,MartSa01,15125,1516,13,"https://static.www.nfl.com/image/upload/f_auto,q_auto/league/edhegnq9rbphynrogxzh",,1,REG,A01,Sam,MAR720548,40113,32004d41-5272-0548-89fe-164b32a0f793,2013,2013,DET,165.0,36.0
2026,CAR,OL,T,73.0,ACT,Stone Forsythe,Stone,Forsythe,1997-12-29,80.0,332,Florida,00-0036653,,,,,,,,,5,"https://static.www.nfl.com/image/upload/f_auto,q_auto/league/gsok8muncvvgwztjewhn",,1,REG,A01,Stone,FOR594051,53637,3200464f-5259-4051-69a5-9f094df3af62,2021,2021,SEA,208.0,28.0
2026,CAR,OL,T,72.0,RES,Taylor Moton,Taylor,Moton,1994-08-14,77.0,325,Western Michigan,00-0033284,,,,,,,,,9,"https://static.www.nfl.com/image/upload/f_auto,q_auto/league/cstvf3qy5mqwd9nxa1sz",,1,REG,R27,Taylor,MOT466221,44876,32004d4f-5446-6221-9a2d-e499d5bf94c5,2017,2017,CAR,64.0,32.0
2026,CAR,DL,DT,93.0,ACT,TeRah Edwards,TeRah,Edwards,2001-06-03,74.0,305,Illinois; Northwestern,00-0040458,,,,,,,,,1,"https://static.www.nfl.com/image/upload/f_auto,q_auto/league/kmlrbebwbksnogrboyo0",,1,REG,A01,TeRah,EDW694773,58903,32004544-5769-4773-ea5b-742308634489,2025,2025,,,25.0
2026,CAR,DL,DT,98.0,RES,Tershawn Wharton,Tershawn,Wharton,1998-06-25,73.0,280,Missouri-Rolla,00-0035890,4058925,632a8382-27d6-45ae-b3d2-a37157e09ab7,32952,15077,40292,WharTe00,22295,7301,6,"https://static.www.nfl.com/image/upload/f_auto,q_auto/league/mj9xqaj2jvv5unjgxomd",,1,REG,R04,Tershawn,WHA652597,52792,32005748-4165-2597-7e56-c95ad40cb5e9,2020,2020,,,28.0
2026,CAR,WR,WR,4.0,ACT,Tetairoa McMillan,Tetairoa,McMillan,2003-04-05,77.0,212,Arizona,00-0040124,4685472,874de000-586c-4999-ac12-02766563e200,,18547,158735,McMiTe00,26054,12526,1,"https://static.www.nfl.com/image/upload/f_auto,q_auto/league/gilgvjemumd6kpc9eiku",,1,REG,A01,Tetairoa,MCM514957,58210,32004d43-4d51-4957-830f-234e646a998f,2025,2025,CAR,8.0,23.0
2026,CAR,LB,OLB,48.0,ACT,Thomas Incoom,Thomas,Incoom,1999-02-01,74.0,265,Central Michigan; Valdosta State,00-0038791,4714157,74aef700-f320-11ed-966f-93e2182ac175,40698,17101,145694,IncoTh00,24250,11441,3,"https://static.www.nfl.com/image/upload/f_auto,q_auto/league/rcrh2zr9mxex16czv1eo",,1,REG,A01,Thomas,INC485869,56510,3200494e-4348-5869-a898-f9df3b757973,2023,2023,,,27.0
2026,CAR,TE,TE,82.0,ACT,Tommy Tremble,Tommy,Tremble,2000-06-02,76.0,248,Notre Dame,00-0037005,4372780,cbee2fd3-e5f2-4316-bffd-531f1873f032,33471,15371,84025,TremTo00,22662,7694,5,"https://static.www.nfl.com/image/upload/f_auto,q_auto/league/t7wjikfv09d3o1q7wjdx",,1,REG,A01,Tommy,TRE718453,53512,32005452-4571-8453-70e3-0b6033f56aec,2021,2021,CAR,83.0,26.0
2026,CAR,OL,G,65.0,DEV,Torricelli Simpkins III,Torricelli,Simpkins,2002-06-06,77.0,319,South Carolina; North Carolina Central,00-0040541,,,,,,,,,1,"https://static.www.nfl.com/image/upload/f_auto,q_auto/league/xhof0hsbncovhmhhvifd",,1,REG,P06,Torricelli,SIM467996,58987,32005349-4d46-7996-72d3-0c52ffc6c2ad,2025,2025,,,24.0
2026,CAR,DB,SS,7.0,ACT,Tre'von Moehrig,Tre'von,Moehrig,1999-06-16,74.0,202,TCU,00-0036962,4362487,c8f74b89-065c-4857-be4e-4fcf897a5bc0,33431,15340,77847,MoehTr00,22688,7659,5,"https://static.www.nfl.com/image/upload/f_auto,q_auto/league/cyprwi2vzj1a3oitgseo",,1,REG,A01,Tre'von,MOE643641,53472,32004d4f-4564-3641-45c8-b595868c0420,2021,2021,LV,43.0,27.0
2026,CAR,LB,OLB,52.0,ACT,Trevis Gipson,Trevis,Gipson,1997-06-13,76.0,268,Tulsa,00-0036305,3917016,2814f1e7-dca6-4bd9-80a9-9af480d10546,32825,14680,35241,GipsTr00,21890,7120,6,"https://static.www.nfl.com/image/upload/f_auto,q_auto/league/p5qxxhu4ecnzjcfva9b0",,1,REG,A01,Trevis,GIP564972,52563,32004749-5056-4972-92bf-717d307ebaac,2020,2020,CHI,155.0,29.0
2026,CAR,RB,RB,23.0,RES,Trevor Etienne,Trevor,Etienne,2004-07-09,69.0,198,Georgia; Florida,00-0040644,4685350,39e2d13c-0fb7-465f-ad8b-0b4bb73e1124,,18506,157730,EtieTr01,25948,12531,1,"https://static.www.nfl.com/image/upload/f_auto,q_auto/league/pcuzq84x7ia5yvmikltb",,1,REG,R48,Trevor,ETI437791,58319,32004554-4943-7791-4962-5844d8327012,2025,2025,CAR,114.0,22.0
2026,CAR,DB,CB,20.0,CUT,Tyrek Funderburk,Tyrek,Funderburk,2000-11-28,72.0,185,Appalachian State; Richmond,00-0039586,4367330,8c1e02f0-0706-11ef-83ee-df242a895580,,18061,83356,FundTy00,25362,11993,2,"https://static.www.nfl.com/image/upload/f_auto,q_auto/league/tzkkwtxovny5ufixvvoq",,1,REG,W03,Tyrek,FUN493157,57706,32004655-4e49-3157-c532-4e42c3fe0023,2024,2024,,,25.0
2026,CAR,LB,MLB,33.0,DEV,Tyrel Dodson,Tyrel,Dodson,1998-06-25,72.0,237,Texas A&M,00-0035352,4035232,1881d1a7-218b-4690-9065-497946d1ec1e,32411,13512,51045,DodsTy01,21218,6315,7,"https://static.www.nfl.com/image/upload/f_auto,q_auto/league/ssfyc6yarlegh112xeoa",,1,REG,P07,Tyrel,DOD341460,48482,3200444f-4434-1460-b378-91176d704c77,2019,2019,,,28.0
2026,CAR,DL,DT,64.0,CUT,Tywone Malone,Tywone,Malone,,,309,,00-0041487,,,,,,,,,0,"https://static.www.nfl.com/image/upload/f_auto,q_auto/league/zydyn07jyaembj8djyie",,1,REG,W03,Tywone,MAL761312,63595,32004d41-4c76-1312-3de0-c673787dda89,2026,2026,,,
2026,CAR,QB,QB,14.0,RET,Will Grier,Will,Grier,1995-04-03,73.0,220,West Virginia; Florida State,00-0035251,3115252,7905e9be-2f66-4ff5-a6e9-dbe281bf4822,31932,13446,38265,GrieWi00,20779,5903,7,"https://static.www.nfl.com/image/upload/f_auto,q_auto/league/c8cmoyu2wemjpl6ctk9g",,1,REG,R02,Will,GRI022415,47883,32004752-4902-2415-512e-3cae73b00f0f,2019,2019,CAR,100.0,31.0
2026,CAR,DB,CB,24.0,ACT,Will Lee III,Will,Lee,2003-04-09,73.0,189,Texas A&M; Kansas State,00-0041063,5151083,66c9a85a-9c88-4ddc-883f-c9e9b239cef8,,19577,173110,LeexWi00,26973,13485,0,"https://static.www.nfl.com/image/upload/f_auto,q_auto/league/wurwgex2escrqdqmyaeg",,1,REG,A01,Will,LEE752385,62751,32004c45-4575-2385-734b-f4eb40bfbbf4,2026,2026,CAR,129.0,23.0
2026,CAR,WR,WR,17.0,ACT,Xavier Legette,Xavier,Legette,2001-01-29,75.0,227,South Carolina,00-0039342,4430034,0bb0c37c-e76b-4529-92b0-b026be4f7d6c,40890,17734,99197,LegeXa00,25003,11626,2,"https://static.www.nfl.com/image/upload/f_auto,q_auto/league/yoyxkitrdqbkhyqncy5p",,1,REG,A01,Xavier,LEG145351,57153,32004c45-4714-5351-c48c-d286b74bea32,2024,2024,CAR,32.0,25.0
2026,CAR,DB,SS,20.0,ACT,Zakee Wheatley,Zakee,Wheatley,2002-02-28,75.0,203,Penn State,00-0041076,4566384,,,19600,145099,WheaZa00,,,0,"https://static.www.nfl.com/image/upload/f_auto,q_auto/league/qvujxg50a70hzrg4luzm",,1,REG,A01,Zakee,WHE088341,62773,32005748-4508-8341-8508-aa9da4586dc8,2026,2026,CAR,151.0,24.0
2026,CAR,DB,FS,32.0,DEV,Zion Childress,Zion,Childress,2002-01-21,71.0,195,Kentucky; Texas State-San Marcos,00-0040044,4685841,,,18807,121963,ChilZi00,,,1,"https://static.www.nfl.com/image/upload/f_auto,q_auto/league/rfj8pmex9tjxqayn0maz",,1,REG,P01,Zion,CHI409665,58489,32004348-4940-9665-71d3-dbf999d44b5b,2025,2025,,,24.0
2026,CHI,DB,FS,26.0,CUT,Anthony Johnson Jr.,Anthony,Johnson,1999-12-02,72.0,207,Iowa State,00-0038411,4361748,f7bc36e8-7fb8-4d91-8216-f6a3a669f069,40282,17429,76736,JohnAn08,24415,11036,3,"https://static.www.nfl.com/image/upload/f_auto,q_auto/league/eumd6ubnwb6vv2kvh38z",,1,REG,W03,Anthony,JOH789936,56107,32004a4f-4878-9936-25b4-d6b1428e60fb,2023,2023,GB,242.0,26.0
2026,CHI,LB,ILB,30.0,CUT,Antonio Grier Jr.,Antonio,Grier,2000-01-18,73.0,230,Arkansas; University of South Florida,00-0039587,4360864,07c08e00-0707-11ef-ba08-630d43080ab3,,18397,77185,GrieAn00,25482,11986,2,"https://static.www.nfl.com/image/upload/f_auto,q_auto/league/fa6kewlf3j1oaqz1xvfd",,1,REG,W03,Antonio,GRI022416,57707,32004752-4902-2416-2a9b-683d624f2472,2024,2024,,,26.0
2026,CHI,DL,DE,94.0,ACT,Austin Booker,Austin,Booker,2002-12-14,78.0,245,Kansas; Minnesota,00-0039840,4683553,e062739b-9948-47aa-aa50-604483c45b8b,,17839,144990,BookAu00,24942,11760,2,"https://static.www.nfl.com/image/upload/f_auto,q_auto/league/s5th0pr4mxfyrdrnlm79",,1,REG,A01,Austin,BOO005373,57265,3200424f-4f00-5373-700b-a9f16bc56e46,2024,2024,CHI,144.0,23.0
2026,CHI,DB,CB,25.0,RES,Beanie Bishop Jr.,Shannon,Bishop,1999-12-17,70.0,184,West Virginia; Minnesota; Western Kentucky,00-0039454,4363052,c20acbf0-04f9-11ef-8561-b171b26383e5,,17933,83459,BishBe00,25417,11860,2,"https://static.www.nfl.com/image/upload/f_auto,q_auto/league/anm9je7buxcrhnwuxspo",,1,REG,R40,Beanie,BIS687116,57568,32004249-5368-7116-3787-b146f5a6914c,2024,2024,,,26.0
2026,CHI,LS,LS,45.0,ACT,Beau Gardner,Beggs Barnum,Gardner,2001-12-26,77.0,250,Georgia; UCLA,00-0041167,,,,,,,,,0,,,1,REG,A01,Beau,GAR154446,63234,32004741-5215-4446-3c38-f6ceeb482cb2,2026,2026,,,24.0
2026,CHI,OL,T,70.0,ACT,Braxton Jones,Braxton,Jones,1999-03-27,77.0,303,Southern Utah State,00-0037081,,,,,,,,,4,"https://static.www.nfl.com/image/upload/f_auto,q_auto/league/stxk7iiyyth2cs4hzm8r",,1,REG,A01,Braxton,JON103812,54633,32004a4f-4e10-3812-6017-fb2a329c4c5b,2022,2022,CHI,168.0,27.0
2026,CHI,RB,RB,38.0,RES,Brittain Brown,Brittain,Brown,1997-10-10,73.0,205,UCLA,00-0037329,4036032,387c8819-5892-4528-ac33-0ec72b24cc2f,34206,16294,40399,BrowBr06,23632,8423,4,"https://static.www.nfl.com/image/upload/f_auto,q_auto/league/xo28viloq6rjkgca3gpz",,1,REG,R01,Brittain,BRO277743,54715,32004252-4f27-7743-fcbe-008b65b9b8ef,2022,2022,LV,250.0,28.0
2026,CHI,LB,ILB,47.0,DEV,Buddy Johnson,Buddy,Johnson,1999-02-27,74.0,240,Texas A&M,00-0036870,4240900,11e6adfb-8144-4990-adc2-bfcfe905889b,33528,15374,58189,JohnBu01,22861,7704,5,"https://static.www.nfl.com/image/upload/f_auto,q_auto/league/aa4htfuz4uxcprkmmvii",,1,REG,P07,Buddy,JOH086666,53569,32004a4f-4808-6666-f32e-28959e6114ac,2021,2021,PIT,140.0,27.0
2026,CHI,OL,G,76.0,DEV,Caden Barnett,Caden,Barnett,2003-05-22,76.0,320,Wyoming,00-0041164,,,,,,,,,0,,,1,REG,P01,Caden,BAR401336,63231,32004241-5240-1336-b92a-ac9d1357f69b,2026,2026,,,23.0
2026,CHI,K,K,8.0,ACT,Cairo Santos,Cairo,Santos,1991-11-12,68.0,173,Tulane,00-0031203,17427,d96ff17c-841a-4768-8e08-3a4cfcb7f717,28227,9633,8932,SantCa01,16301,2020,12,"https://static.www.nfl.com/image/upload/f_auto,q_auto/league/tz5ecjri52gwpoo9s7be",,1,REG,A01,Cairo,SAN796299,41991,32005341-4e79-6299-852e-b177eee92780,2014,2014,,,34.0
2026,CHI,QB,QB,18.0,ACT,Caleb Williams,Caleb,Williams,2001-11-18,73.0,226,USC; Oklahoma,00-0039918,4431611,49d4b627-3f19-49a8-ae33-f539e0fb1f88,40900,17695,144622,WillCa03,24927,11560,2,"https://static.www.nfl.com/image/upload/f_auto,q_auto/league/h4qs11kutwiw7whekmyt",,1,REG,A01,Caleb,WIL176897,57122,32005749-4c17-6897-a516-9754023602e6,2024,2024,CHI,1.0,24.0
2026,CHI,DB,FS,21.0,ACT,Cam Lewis,Cameron,Lewis,1997-04-13,69.0,185,Buffalo,00-0035357,3916577,d5dee97b-aa96-4fa6-868f-b6dc1f66245c,32416,14253,49395,LewiCa00,21216,6314,7,"https://static.www.nfl.com/image/upload/f_auto,q_auto/league/daximpzohtbyuaxvak82",,1,REG,A01,Cameron,LEW089606,48487,32004c45-5708-9606-6b0a-fbc9630aa26d,2019,2019,,,29.0
2026,CHI,QB,QB,11.0,ACT,Case Keenum,Casey,Keenum,1988-02-17,73.0,220,Houston,00-0028986,15168,1b3d350a-478b-4542-a430-d12cc96adc22,26483,8065,7323,KeenCa00,15694,1737,14,"https://static.www.nfl.com/image/upload/f_auto,q_auto/league/weixhyzal4ntsyszyepu",,1,REG,A01,Case,KEE690598,38937,32004b45-4569-0598-1a82-7cad5305e148,2012,2012,,,38.0
2026,CHI,OL,T,72.0,DEV,Christian Jones,Christian,Jones,2000-05-12,77.0,312,Texas,00-0039382,,,,,,,,,2,"https://static.www.nfl.com/image/upload/f_auto,q_auto/league/locueq7oqn5qnsotygoy",,1,REG,P01,Christian,JON162388,57283,32004a4f-4e16-2388-f691-24ec23907fd5,2024,2024,AZ,162.0,26.0
2026,CHI,DB,CB,20.0,ACT,Clark Phillips III,Clark,Phillips,2001-12-19,70.0,183,Utah,00-0038568,4429067,7553d094-7584-41bd-96f4-6b122a60c13b,40146,16707,131871,PhilCl00,24099,10954,3,"https://static.www.nfl.com/image/upload/f_auto,q_auto/league/vbeop7m7ptjwtlm3cgqh",,1,REG,A01,Clark,PHI672138,55978,32005048-4967-2138-705f-d3b4ab36a39f,2023,2023,ATL,113.0,24.0
2026,CHI,DB,FS,2.0,RES,Coby Bryant,Coby,Bryant,1999-03-29,73.0,198,Cincinnati,00-0038136,4239094,e3de03f1-d749-4232-bf98-5ab9ba36df65,34065,16070,55088,BryaCo01,23423,8293,4,"https://static.www.nfl.com/image/upload/f_auto,q_auto/league/kfojqisbt4anuiecraw5",,1,REG,R01,Coby,BRY315524,54574,32004252-5931-5524-34ba-e97d65e0393c,2022,2022,SEA,109.0,27.0
2026,CHI,TE,TE,85.0,ACT,Cole Kmet,Cole,Kmet,1999-03-10,78.0,258,Notre Dame,00-0036290,4258595,036feeb6-9a22-43c5-a8e3-7ac611d8ff49,32713,14436,60995,KmetCo00,21772,6826,6,"https://static.www.nfl.com/image/upload/f_auto,q_auto/league/ysnui8mzlu2fo70ub0yt",,1,REG,A01,Cole,KME200895,52451,32004b4d-4520-0895-f027-61d779beeff4,2020,2020,CHI,43.0,27.0
2026,CHI,TE,TE,84.0,ACT,Colston Loveland,Colston,Loveland,2004-04-09,78.0,245,Michigan,00-0040126,4723086,62cd2cd5-8b40-4ee6-bfb8-0083edd105a2,,18460,158540,LoveCo00,25869,12517,1,"https://static.www.nfl.com/image/upload/f_auto,q_auto/league/cnxiyi76jeahgx94nh6d",,1,REG,A01,Colston,LOV456221,58212,32004c4f-5645-6221-1f26-a303114b69f8,2025,2025,CHI,10.0,22.0
2026,CHI,RB,RB,4.0,ACT,D'Andre Swift,D'Andre,Swift,1999-01-14,68.0,204,Georgia,00-0036275,4259545,cc4b5f58-a11c-4450-a1df-617ad88336e4,32705,14394,57212,SwifDA00,21684,6790,6,"https://static.www.nfl.com/image/upload/f_auto,q_auto/league/owpmwzoilitcodc6cmxo",,1,REG,A01,D'Andre,SWI228476,52443,32005357-4922-8476-53db-e64aaf6e01f5,2020,2020,DET,35.0,27.0
2026,CHI,LB,OLB,48.0,ACT,D'Marco Jackson,D'Marco,Jackson,1998-07-20,73.0,230,Appalachian State,00-0037271,4241007,64326335-69b6-4dff-9e02-42b8e2a5bd8d,34117,16215,57691,JackDM00,23446,8367,4,"https://static.www.nfl.com/image/upload/f_auto,q_auto/league/bwbialh78nao9svr8jqn",,1,REG,A01,D'Marco,JAC133001,54626,32004a41-4313-3001-24a4-1923581d0f43,2022,2022,NO,161.0,28.0
2026,CHI,DB,CB,37.0,RES,Dallis Flowers,Dallis,Flowers,1997-06-04,73.0,190,Pittsburg State (KS),00-0037395,4917592,3a886c50-d3a0-11ec-96a0-c3471a31202c,34503,16547,156091,FlowDa00,23677,8833,4,"https://static.www.nfl.com/image/upload/f_auto,q_auto/league/gzmnysc6ars1fshia3kt",,1,REG,R01,Dallis,FLO320115,54980,3200464c-4f32-0115-6211-30fcc43a9886,2022,2022,,,29.0
2026,CHI,DL,DE,92.0,ACT,Daniel Hardy,Daniel,Hardy,1998-12-15,74.0,255,Montana State,00-0037843,4365629,a4ff5690-ba65-4edf-b97b-b001667e1bc5,34191,16287,91336,HardDa01,23625,8520,4,"https://static.www.nfl.com/image/upload/f_auto,q_auto/league/z0xxyyeoreq9hcnvllfv",,1,REG,A01,Daniel,HAR091976,54700,32004841-5209-1976-1e8c-a0462f3fbfcd,2022,2022,LAR,235.0,27.0
2026,CHI,OL,T,58.0,ACT,Darnell Wright,Darnell,Wright,2001-08-10,77.0,325,Tennessee,00-0038932,,,,,,,,,3,"https://static.www.nfl.com/image/upload/f_auto,q_auto/league/lyx4zcnkzewtzqxi7lvh",,1,REG,A01,Darnell,WRI153639,55874,32005752-4915-3639-216c-bcc7afd9f5d5,2023,2023,CHI,10.0,25.0
2026,CHI,DL,DE,55.0,ACT,Dayo Odeyingbo,Dayo,Odeyingbo,1999-09-24,77.0,280,Vanderbilt,00-0036480,4242659,994f3d7b-1f01-45fe-ba66-4d853d4b09fb,33442,15227,56923,OdeyDa00,22874,7649,5,"https://static.www.nfl.com/image/upload/f_auto,q_auto/league/h0brx6vrdusdxl6fkxgv",,1,REG,A01,Dayo,ODE707589,53483,32004f44-4570-7589-a1e8-0c8ad4945469,2021,2021,IND,54.0,26.0
2026,CHI,DB,CB,37.0,DEV,Deantre Prince,Deantre,Prince,2000-10-12,72.0,185,Mississippi,00-0039378,4428283,67a075f3-e687-47f5-a153-a0eda2a26fd6,,17986,98888,PrinDe01,25156,11772,2,"https://static.www.nfl.com/image/upload/f_auto,q_auto/league/dv5t8emszxwqvtgnsak3",,1,REG,P06,Deantre,PRI482851,57274,32005052-4948-2851-1c04-c2f11bebd082,2024,2024,JAX,153.0,25.0
2026,CHI,LB,MLB,12.0,ACT,Devin Bush,Devin,Bush,1998-07-18,71.0,233,Michigan,00-0035525,4036261,ab5d4d72-fb1c-4aeb-887b-f6ca35f679bf,31842,13461,27375,BushDe01,21054,5843,7,"https://static.www.nfl.com/image/upload/f_auto,q_auto/league/yn9buon12abtkbrm9cqm",,1,REG,A01,Devin,BUS231883,47793,32004255-5323-1883-1a34-05cf13caa3d4,2019,2019,PIT,10.0,28.0
2026,CHI,DB,SS,31.0,ACT,Dillon Thieneman,Dillon,Thieneman,2004-08-08,72.0,201,Oregon; Purdue,00-0041538,4954445,,,19410,174971,ThieDi00,,,0,"https://static.www.nfl.com/image/upload/f_auto,q_auto/league/hyl3qlps5bwhwvklhf2j",,1,REG,A01,Dillon,THI666823,62647,32005448-4966-6823-396e-49f496f38c4d,2026,2026,CHI,25.0,22.0
2026,CHI,DB,CB,27.0,RES,Dontae Manning,Dontae,Manning,2001-09-27,70.0,190,Oregon,00-0040550,,,,,,,,,1,"https://static.www.nfl.com/image/upload/f_auto,q_auto/league/duyp9cxrllwfqad4briv",,1,REG,R01,Dontae,MAN469676,58996,32004d41-4e46-9676-7dde-1ed83b118d3c,2025,2025,,,24.0
2026,CHI,DB,FS,22.0,ACT,Elijah Hicks,Elijah,Hicks,1997-09-16,71.0,200,California,00-0037096,4242402,85ad179c-3812-4070-a6eb-28f33b9b2d0d,34210,16296,55584,HickEl00,23633,8509,4,"https://static.www.nfl.com/image/upload/f_auto,q_auto/league/derzi6ubb6maw5nokejr",,1,REG,A01,Elijah,HIC441890,54719,32004849-4344-1890-2244-3e3ca04c5508,2022,2022,CHI,254.0,28.0
2026,CHI,OL,C,67.0,ACT,Garrett Bradbury,Garrett,Bradbury,1995-06-20,75.0,305,N.C. State,00-0035588,,,,,,,,,7,"https://static.www.nfl.com/image/upload/f_auto,q_auto/league/lpe4jgum1im7luvecrc4",,1,REG,A01,Garrett,BRA092951,47801,32004252-4109-2951-18e8-697b9ff5297c,2019,2019,MIN,18.0,31.0
2026,CHI,DL,DT,50.0,ACT,Grady Jarrett,Grady,Jarrett,1993-04-28,73.0,294,Clemson,00-0031583,2576492,e1fe1900-fae3-414e-8530-55eece80471f,28525,10458,9570,JarrGr00,17059,2592,11,"https://static.www.nfl.com/image/upload/f_auto,q_auto/league/cchbtgvedcufwteb6dip",,1,REG,A01,Grady,JAR254349,42480,32004a41-5225-4349-33b2-d2f5008fd3a4,2015,2015,ATL,137.0,33.0
2026,CHI,TE,TE,43.0,RES,Hayden Large,Hayden,Large,2002-03-27,76.0,250,Iowa,00-0041170,,,,,,,,,0,"https://static.www.nfl.com/image/upload/f_auto,q_auto/league/gbhffvvzh3nnzpno5hhw",,1,REG,R01,Hayden,LAR103821,63237,32004c41-5210-3821-aea6-a1bc8c6792e3,2026,2026,,,24.0
2026,CHI,WR,WR,83.0,DEV,JP Richardson,John Paul,Richardson,2002-03-23,71.0,195,TCU; Oklahoma State,00-0040275,4685183,46e7a540-22fa-11f0-9b1e-5bbc697f9f6c,,18940,144650,RichJP00,26375,12746,1,"https://static.www.nfl.com/image/upload/f_auto,q_auto/league/wsnuaqx6jbadrinmo1z2",,1,REG,P01,J.P.,RIC563798,58711,32005249-4356-3798-273c-dc0b7fd7c11e,2025,2025,,,24.0
2026,CHI,LB,OLB,57.0,ACT,Jack Sanborn,Jack,Sanborn,2000-07-29,74.0,232,Wisconsin,00-0037109,4372576,506e9f50-ce08-11ec-9598-03840dd5f387,34370,15914,82566,SanbJa00,23544,8363,4,"https://static.www.nfl.com/image/upload/f_auto,q_auto/league/uo386zqnsqbvqzqbm7t2",,1,REG,A01,Jack,SAN047762,54781,32005341-4e04-7762-4775-97edb77192d7,2022,2022,,,26.0
2026,CHI,WR,WR,9.0,ACT,Jahdae Walker,Jahdae,Walker,2002-07-05,75.0,205,Texas A&M; Grand Valley,00-0040277,5160110,46352a70-25f5-11f0-83f2-77ca9eeac893,,18938,175944,WalkJa03,26476,13079,1,"https://static.www.nfl.com/image/upload/f_auto,q_auto/league/cr13mo2xrpdkksy8fveq",,1,REG,A01,Jahdae,WAL200149,58713,32005741-4c20-0149-8282-b0dc6b7c74e3,2025,2025,,,24.0
2026,CHI,DL,DE,97.0,ACT,James Lynch,James,Lynch,1999-01-20,76.0,295,Baylor,00-0036337,4259181,ce8b21f7-6f93-40e6-8068-0432e10d855f,32800,14499,56962,LyncJa00,21894,6858,6,"https://static.www.nfl.com/image/upload/f_auto,q_auto/league/mmgzvvsxc3nffzkzyidq",,1,REG,A01,James,LYN203895,52538,32004c59-4e20-3895-d596-bf65d3020e46,2020,2020,MIN,130.0,27.0
2026,CHI,DL,DE,59.0,ACT,Jamree Kromah,Jamree,Kromah,2000-06-14,75.0,275,James Madison; Rutgers,00-0039461,,,,,,,,,2,"https://static.www.nfl.com/image/upload/f_auto,q_auto/league/edifmo4lsx8wjr93b0i8",,1,REG,A01,Jamree,KRO422612,57575,32004b52-4f42-2612-12ce-42f4c214f985,2024,2024,,,26.0
2026,CHI,OL,C,64.0,CUT,Jaren Kump,Jaren,Kump,,,320,,00-0041169,,,,,,,,,0,,,1,REG,W03,Jaren,KUM437041,63236,32004b55-4d43-7041-95a8-e0180f83b05e,2026,2026,,,
2026,CHI,DL,DT,91.0,ACT,Jayden Loving,Jayden,Loving,2003-04-08,73.0,317,Wake Forest,00-0041171,,,,,,,,,0,"https://static.www.nfl.com/image/upload/f_auto,q_auto/league/cocsd3g9llyyzbt1qznb",,1,REG,A01,Jayden,LOV638910,63238,32004c4f-5663-8910-b997-6932876a04f8,2026,2026,,,23.0
2026,CHI,DB,CB,1.0,ACT,Jaylon Johnson,Jaylon,Johnson,1999-04-19,72.0,195,Utah,00-0036292,4243253,99b81b41-fb3b-4650-940b-9cb3770021ba,32720,14627,56259,JohnJa13,22056,6839,6,"https://static.www.nfl.com/image/upload/f_auto,q_auto/league/ooazlgwwseozyduthxn6",,1,REG,A01,Jaylon,JOH341277,52458,32004a4f-4834-1277-a78d-0224e4072abc,2020,2020,CHI,50.0,27.0
2026,CHI,DB,CB,33.0,CUT,Jaylon Jones,Jaylon,Jones,1997-10-14,71.0,190,Mississippi,00-0037106,4047655,d2e097f0-ce07-11ec-9598-03840dd5f387,,16423,49374,JoneJa12,23665,8702,4,"https://static.www.nfl.com/image/upload/f_auto,q_auto/league/wdcshvjrfqw2ocj3vtvj",,1,REG,R01,Jaylon,JON449715,54778,32004a4f-4e44-9715-dc83-f5eb77c43e5c,2022,2022,,,28.0
2026,CHI,DL,DE,69.0,CUT,Jeremiah Martin,Jeremiah,Martin,2000-06-10,76.0,267,Washington; Texas A&M,00-0038716,,,,,,,,,3,"https://static.www.nfl.com/image/upload/f_auto,q_auto/league/ekuhmi6hzm0np3nybzgg",,1,REG,W03,Jeremiah,MAR648923,56406,32004d41-5264-8923-6dd4-5ec4d8d8176e,2023,2023,,,26.0
2026,CHI,OL,G,62.0,ACT,Joe Thuney,Joseph,Thuney,1992-11-18,77.0,301,N.C. State,00-0032391,,,,,,,,,10,"https://static.www.nfl.com/image/upload/f_auto,q_auto/league/fstgjypwv8bcpfaae5mi",,1,REG,A01,Joe,THU198074,43367,32005448-5519-8074-d99e-a02407da902b,2016,2016,NE,78.0,33.0
2026,CHI,OL,G,73.0,ACT,Jonah Jackson,Jonah,Jackson,1997-02-05,75.0,319,Ohio State; Rutgers,00-0036258,,,,,,,,,6,"https://static.www.nfl.com/image/upload/f_auto,q_auto/league/dd2w0xyfjzbj4ooxflls",,1,REG,A01,Jonah,JAC273114,52483,32004a41-4327-3114-31f3-a570f5dec407,2020,2020,DET,75.0,29.0
2026,CHI,LB,OLB,57.0,RES,Jonathan Garvin,Jonathan,Garvin,1999-07-28,76.0,250,Miami,00-0036239,4240655,586bc34d-f368-4d82-96b1-816d08fa2837,32912,14365,56703,GarvJo00,21906,6965,6,"https://static.www.nfl.com/image/upload/f_auto,q_auto/league/blnbflmdlqch2rkzxfr5",,1,REG,R01,Jonathan,GAR731639,52650,32004741-5273-1639-14f1-ac687272b120,2020,2020,GB,242.0,27.0
2026,CHI,OL,G,74.0,ACT,Jordan McFadden,Jordan,McFadden,1999-11-16,74.0,310,Clemson,00-0038595,,,,,,,,,3,"https://static.www.nfl.com/image/upload/f_auto,q_auto/league/qq6khttphfxwahgedbhu",,1,REG,A01,Jordan,MCF112355,56021,32004d43-4611-2355-9a4f-ced5087b9648,2023,2023,LAC,156.0,26.0
2026,CHI,DL,DT,96.0,ACT,Jordan van den Berg,Jordan,van den Berg,2002-04-12,75.0,310,Georgia Tech; Penn State; Iowa Western CC,00-0041110,4875381,,,19745,145085,vandJo00,,,0,"https://static.www.nfl.com/image/upload/f_auto,q_auto/league/q74hrt6lpzvxpuqrvzov",,1,REG,A01,Jordan,VAN366267,62835,32005641-4e36-6267-1a50-c0be451e3b91,2026,2026,CHI,213.0,24.0
2026,CHI,DB,CB,39.0,ACT,Josh Blackwell,Josh,Blackwell,1999-04-05,71.0,175,Duke,00-0037129,4240459,c218af10-ce17-11ec-bebb-4fec1e38b0e5,,16451,55589,BlacJo00,23656,8714,4,"https://static.www.nfl.com/image/upload/f_auto,q_auto/league/w95cwi511mgmeimkgzyg",,1,REG,A01,Josh,BLA350385,54807,3200424c-4135-0385-1bfd-b61dfb5f22f3,2022,2022,,,27.0
2026,CHI,WR,WR,81.0,DEV,Kaden Davis,Kaden,Davis,1998-09-25,73.0,190,NW Missouri State University,00-0037380,5065495,acb316b0-d24f-11ec-b16e-cf7159baf83d,34569,16472,156151,DaviKa02,23917,8755,4,"https://static.www.nfl.com/image/upload/f_auto,q_auto/league/j4pxqpw02oztmctolcdr",,1,REG,P01,Kaden,DAV499575,54965,32004441-5649-9575-a7d8-d9da3c3bbb64,2022,2022,,,27.0
2026,CHI,WR,WR,14.0,ACT,Kalif Raymond,Kalif,Raymond,1994-08-08,69.0,182,Holy Cross,00-0032464,2973405,e0a31d02-9d1c-4dab-adb4-a5d9bbee8b36,29631,11429,11028,RaymKa00,18422,3634,10,"https://static.www.nfl.com/image/upload/f_auto,q_auto/league/dpdv6dm0almcbjdppizx",,1,REG,A01,Kalif,RAY748263,43584,32005241-5974-8263-1ad0-b2ba085ce237,2016,2016,,,32.0
2026,CHI,DL,DT,93.0,ACT,Kentavius Street,Kentavius,Street,1996-05-08,74.0,287,N.C. State,00-0034320,3116726,eb864600-7562-491a-b7a7-9eb3068dba06,31098,12752,48404,StreKe00,19952,5371,8,"https://static.www.nfl.com/image/upload/f_auto,q_auto/league/svrbvbjq34qrfuqohfkf",,1,REG,A01,Kentavius,STR306064,46197,32005354-5230-6064-3bc7-b37603571d6f,2018,2018,SF,128.0,30.0
2026,CHI,LB,MLB,49.0,ACT,Keyshaun Elliott,Keyshaun,Elliott,2003-12-12,73.0,231,Arizona State; New Mexico State,00-0041085,4911952,dc9e877d-836a-41bd-9ccb-b473d41693b4,,19558,,ElliKe03,27020,13512,0,"https://static.www.nfl.com/image/upload/f_auto,q_auto/league/szvuxrjdio44gh3y6h5q",,1,REG,A01,Keyshaun,ELL337677,62788,3200454c-4c33-7677-c358-4bcab30fcacf,2026,2026,CHI,166.0,22.0
2026,CHI,OL,G,60.0,DEV,Kyle Hergel,Kyle,Hergel,1999-10-07,74.0,305,Boston College; Texas State-San Marcos,00-0039624,,,,,,,,,2,"https://static.www.nfl.com/image/upload/f_auto,q_auto/league/hevy4dtaz6yzw9anebpk",,1,REG,P01,Kyle,HER073147,57752,32004845-5207-3147-82e9-4835038418b0,2024,2024,,,26.0
2026,CHI,RB,RB,25.0,ACT,Kyle Monangai,Kyle,Monangai,2002-06-06,68.0,209,Rutgers,00-0040236,4608686,6edec23b-f938-40f7-a151-1db5374880dd,,18520,129891,MonaKy00,25952,12534,1,"https://static.www.nfl.com/image/upload/f_auto,q_auto/league/bkkk3uuouhcobydqawro",,1,REG,A01,Kyle,MON116385,58438,32004d4f-4e11-6385-d542-4b47928ce72b,2025,2025,CHI,233.0,24.0
2026,CHI,DB,CB,6.0,RES,Kyler Gordon,Kyler,Gordon,1999-12-17,71.0,200,Washington,00-0038111,4361093,85ce588a-b747-4307-84ee-f987f3abf456,33994,16150,83451,GordKy00,23554,8365,4,"https://static.www.nfl.com/image/upload/f_auto,q_auto/league/u5s17tjtzqebsl5yicln",,1,REG,R04,Kyler,GOR198616,54504,3200474f-5219-8616-e177-4605181465d0,2022,2022,CHI,39.0,26.0
2026,CHI,OL,C,54.0,ACT,Logan Jones,Logan,Jones,2001-10-29,75.0,299,Iowa,00-0041539,,,,,,,,,0,"https://static.www.nfl.com/image/upload/f_auto,q_auto/league/xln1vy146svhdcpqn643",,1,REG,A01,Logan,JON586541,62679,32004a4f-4e58-6541-7133-b900cc32b04c,2026,2026,CHI,57.0,24.0
2026,CHI,OL,G,65.0,ACT,Luke Newman,Luke,Newman,2002-03-03,76.0,310,Michigan State; Holy Cross,00-0040210,,,,,,,,,1,"https://static.www.nfl.com/image/upload/f_auto,q_auto/league/xlgbkr42buzxzwulzblx",,1,REG,A01,Luke,NEW435385,58400,32004e45-5743-5385-61d2-a5844cce01f6,2025,2025,CHI,195.0,24.0
2026,CHI,WR,WR,10.0,ACT,Luther Burden III,Luther,Burden,2003-12-12,72.0,205,Missouri,00-0040735,4685278,a4c21977-c9d1-40f8-abee-0862dfab9195,,18548,157170,BurdLu00,26044,12519,1,"https://static.www.nfl.com/image/upload/f_auto,q_auto/league/iyuwdz7pbowdkwzq2tg5",,1,REG,A01,Luther,BUR035840,58244,32004255-5203-5840-2355-001d8c81311e,2025,2025,CHI,39.0,22.0
2026,CHI,DB,CB,24.0,ACT,Malik Muhammad,Akbar,Muhammad,2004-09-14,72.0,182,Texas,00-0041060,4870953,c056a7c2-d47d-4541-99eb-d747c31420b5,,19583,173165,MuhaMa00,26774,13489,0,"https://static.www.nfl.com/image/upload/f_auto,q_auto/league/rs98wyp3t1ipacwqtvbz",,1,REG,A01,Malik,MUH424065,62746,32004d55-4842-4065-4269-a77ca95368fb,2026,2026,CHI,124.0,21.0
2026,CHI,DL,DE,52.0,DEV,Marcus Davenport,Marcus,Davenport,1996-09-04,78.0,285,Texas-San Antonio,00-0034344,3124058,9c2c9c29-516a-4e0f-8dcd-319291823370,30984,12863,50291,DaveMa00,19835,4965,8,"https://static.www.nfl.com/image/upload/f_auto,q_auto/league/hauze2vwdskhaiqjifk1",,1,REG,P07,Marcus,DAV004893,46083,32004441-5600-4893-5029-0862a4795062,2018,2018,NO,14.0,29.0
2026,CHI,DB,FS,26.0,DEV,Marlen Sewell,Marlen,Sewell,2002-03-15,72.0,205,Vanderbilt,00-0041021,,,,,,,,,0,,,1,REG,P01,Marlen,SEW364952,63102,32005345-5736-4952-a918-e3cd6256c450,2026,2026,,,24.0
2026,CHI,WR,WR,13.0,CUT,Maurice Alexander,Maurice,Alexander,1997-01-10,70.0,180,Florida International,00-0037708,3914307,8261c380-132b-11ed-86b5-f9dfd114f830,34712,16641,33465,AlexMa02,24073,8921,6,"https://static.www.nfl.com/image/upload/f_auto,q_auto/league/yzohmksbod2i5sslcndw",,1,REG,W03,Maurice,ALE514921,54428,3200414c-4551-4921-1759-b577ec18fab0,2020,2022,,,29.0
2026,CHI,QB,QB,16.0,CUT,Miller Moss,Miller,Moss,,,210,,00-0041172,,,,,,,,,0,"https://static.www.nfl.com/image/upload/f_auto,q_auto/league/p86kdskm2q45zetkrx03",,1,REG,W03,Miller,MOS637754,63239,32004d4f-5363-7754-8b3a-40720cf54c7c,2026,2026,,,
2026,CHI,DL,DE,98.0,ACT,Montez Sweat,Montez,Sweat,1996-09-04,78.0,270,Mississippi State; Copiah-Lincoln Junior College; Michigan State,00-0035647,3134690,e3601423-c3ac-4013-bbe9-3478e2b7e1dd,31858,13745,27271,SweaMo00,20956,6124,7,"https://static.www.nfl.com/image/upload/f_auto,q_auto/league/lmaq9dyixaolzxleqb5e",,1,REG,A01,Montez,SWE034375,47809,32005357-4503-4375-fdbc-389a73a5ddc5,2019,2019,WAS,26.0,29.0
2026,CHI,LB,OLB,45.0,RES,Nephi Sewell,Nephi,Sewell,1998-12-19,72.0,228,Utah,00-0037544,4241611,3f84c3c0-cc9d-11ec-952e-a10f2c98fc4d,34716,16196,56107,SeweNe00,23348,8328,4,"https://static.www.nfl.com/image/upload/f_auto,q_auto/league/whfernvrrhmopmxfucso",,1,REG,R01,Nephi,SEW440460,55132,32005345-5744-0460-78e0-ad2f28ed6cef,2022,2022,,,27.0
2026,CHI,DL,DT,90.0,ACT,Neville Gallimore,Neville,Gallimore,1997-01-17,74.0,302,Oklahoma,00-0036366,3892883,fda10175-38e3-4678-a94c-ccd6008d40ec,32752,14451,28094,GallNe00,22078,6825,6,"https://static.www.nfl.com/image/upload/f_auto,q_auto/league/py87zsmepp3roc7eytqf",,1,REG,A01,Neville,GAL636611,52490,32004741-4c63-6611-9d1e-0291de0dd367,2020,2020,DAL,82.0,29.0
2026,CHI,TE,TE,86.0,RES,Nikola Kalinic,Nikola,Kalinic,1997-01-21,76.0,245,York (Canada),00-0037031,4916349,6aed0540-7ec8-11ec-8905-19cf1c3e187f,33950,15869,156095,KaliNi00,23415,8107,4,"https://static.www.nfl.com/image/upload/f_auto,q_auto/league/monk9ruop1ec5bfysiwl",,1,REG,R01,Nikola,KAL340075,49287,32004b41-4c34-0075-e38c-bdc711042337,2022,2022,,,29.0
2026,CHI,LB,OLB,44.0,RES,Noah Sewell,Noah,Sewell,2002-04-26,73.0,246,Oregon,00-0038390,4430822,3008a8a1-5943-47ff-81ef-1b3367bbbecd,40172,16756,131722,SeweNo00,24131,10984,3,"https://static.www.nfl.com/image/upload/f_auto,q_auto/league/sw5wea1zlc1drxoisej0",,1,REG,R04,Noah,SEW459337,56013,32005345-5745-9337-b3d8-84063b8930fa,2023,2023,CHI,148.0,24.0
2026,CHI,WR,WR,82.0,CUT,Omari Kelly,Omari,Kelly,,,188,,00-0041168,,,,,,,,,0,"https://static.www.nfl.com/image/upload/f_auto,q_auto/league/oz0rxxhvfnjrsc1zdsdc",,1,REG,W03,Omari,KEL704582,63235,32004b45-4c70-4582-d6f3-1386b74f1adc,2026,2026,,,
2026,CHI,OL,T,75.0,ACT,Ozzy Trapilo,Ozzy,Trapilo,2001-10-17,80.0,316,Boston College,00-0040740,,,,,,,,,1,"https://static.www.nfl.com/image/upload/f_auto,q_auto/league/xjnksmbwipltv0hxz4qj",,1,REG,A01,Ozzy,TRA305064,58261,32005452-4130-5064-2a41-fc7c8e863f20,2025,2025,CHI,56.0,24.0
2026,CHI,TE,TE,80.0,DEV,Qadir Ismail,Qadir,Ismail,2000-02-17,78.0,215,Samford; Villanova,00-0039843,,,,,,,,,2,"https://static.www.nfl.com/image/upload/f_auto,q_auto/league/j8bnryrjhs5ojoxmeson",,1,REG,P01,Qadir,ISM055951,57962,32004953-4d05-5951-b572-c53d104be17d,2024,2024,,,26.0
2026,CHI,WR,WR,20.0,RES,Ray-Ray McCloud,Ray-Ray,McCloud,1996-10-15,69.0,190,Clemson,00-0034407,3728262,f7ff7599-a175-4a0c-b887-3ae9e596fc64,31157,12570,47895,McClRa00,19961,5096,8,"https://static.www.nfl.com/image/upload/f_auto,q_auto/league/nvwn3sdihyyd2itjt7vy",,1,REG,R01,Ray-Ray,MCC417118,46256,32004d43-4341-7118-745c-2c9756292bc8,2018,2018,BUF,187.0,29.0
2026,CHI,WR,WR,15.0,ACT,Rome Odunze,Rome,Odunze,2002-06-03,75.0,215,Washington,00-0039919,4431299,f64694e0-0381-11ef-973d-5176a0ecbee4,40901,17020,73774,OdunRo00,24977,11620,2,"https://static.www.nfl.com/image/upload/f_auto,q_auto/league/niewdl2p2325kpohbw9v",,1,REG,A01,Rome,ODU426541,57130,32004f44-5542-6541-431c-1a51e8792659,2024,2024,CHI,9.0,24.0
2026,CHI,RB,RB,23.0,ACT,Roschon Johnson,Roschon,Johnson,2001-01-31,72.0,227,Texas,00-0039021,4426386,e3c414c0-be8c-4807-af9c-f91d89c83e60,40162,16772,99467,JohnRo07,24372,10235,3,"https://static.www.nfl.com/image/upload/f_auto,q_auto/league/xbham6uvckkshpntb8oj",,1,REG,A01,Roschon,JOH652931,55980,32004a4f-4865-2931-d4f5-6e3ddf27f82a,2023,2023,CHI,115.0,25.0
2026,CHI,LB,OLB,47.0,RES,Ruben Hyppolite II,Ruben,Hyppolite,2001-09-16,72.0,240,Maryland,00-0040167,4429970,8da4c940-6483-46e7-af3b-c49e8d2355c7,,18814,129516,HyppRu00,26329,12637,1,"https://static.www.nfl.com/image/upload/f_auto,q_auto/league/vnw1vo7so5m4xfhhckc4",,1,REG,R01,Ruben,HYP497119,58337,32004859-5049-7119-a9c3-541ed039d9d4,2025,2025,CHI,132.0,24.0
2026,CHI,RB,RB,36.0,DEV,Salvon Ahmed,Salvon,Ahmed,1998-12-29,71.0,196,Washington,00-0036020,4243315,0dbbd211-0372-4751-9751-e4df4ab1f8eb,33265,14453,57472,AhmeSa01,21843,6918,6,"https://static.www.nfl.com/image/upload/f_auto,q_auto/league/nbqkon8x1bkphihywnkw",,1,REG,P07,Salvon,AHM088990,52922,32004148-4d08-8990-8df4-f46ca7aff75b,2020,2020,,,27.0
2026,CHI,TE,TE,87.0,ACT,Sam Roush,Sam,Roush,2003-09-06,77.0,267,Stanford,00-0041558,4685504,b8b3edc8-986a-4702-84a7-b5193331aebb,,19357,157270,RousSa00,26938,13322,0,"https://static.www.nfl.com/image/upload/f_auto,q_auto/league/jqkmmguw4934lyjgvuip",,1,REG,A01,Sam,ROU550040,62691,3200524f-5555-0040-9f45-115396e964bb,2026,2026,CHI,69.0,22.0
2026,CHI,WR,WR,82.0,DEV,Scott Miller,Scott,Miller,1997-07-31,69.0,174,Bowling Green,00-0035298,3914397,85e18d5f-8a3f-4b6c-88fe-dfdaaed5554e,32040,13987,47481,MillSc01,21138,6290,7,"https://static.www.nfl.com/image/upload/f_auto,q_auto/league/mlx2xhjvzt6pqwgoloqa",,1,REG,P07,Scott,MIL546315,47991,32004d49-4c54-6315-cdf3-7806972abae8,2019,2019,TB,208.0,29.0
2026,CHI,DL,DE,95.0,RES,Shemar Turner,Shemar,Turner,2003-01-14,75.0,290,Texas A&M,00-0040741,4432804,c70d84d3-b202-42e3-8e6e-5d87170960aa,,18577,131273,TurnSh00,26215,12616,1,"https://static.www.nfl.com/image/upload/f_auto,q_auto/league/gj6rxglwrkzwgvvq0z1q",,1,REG,R04,Shemar,TUR700234,58267,32005455-5270-0234-1df8-04361521dac7,2025,2025,CHI,62.0,23.0
2026,CHI,DB,SS,38.0,ACT,Skyler Thomas,Skyler,Thomas,2003-09-17,74.0,207,Oregon State,00-0041175,,,,,,,,,0,"https://static.www.nfl.com/image/upload/f_auto,q_auto/league/ojgmea3dm5nvck8lasx6",,1,REG,A01,Skyler,THO380596,63242,32005448-4f38-0596-55aa-57da3caaf9a1,2026,2026,,,22.0
2026,CHI,WR,WR,,RET,Squirrel White,Marquarius,White,,,178,,00-0041265,,,,,,,,,0,,,1,REG,R02,Squirrel,,63334,,2026,2026,,,
2026,CHI,TE,TE,88.0,DEV,Stephen Carlson,Stephen,Carlson,1996-12-12,76.0,240,Princeton,00-0035039,3948283,013477a2-0271-4441-a0af-9bc25924a2f6,32273,14131,94365,CarlSt00,21278,6451,7,"https://static.www.nfl.com/image/upload/f_auto,q_auto/league/i54p7n9yfpyytifzv7rz",,1,REG,P07,Stephen,CAR177297,48136,32004341-5217-7297-42b4-4e3d5af0a7cc,2019,2019,,,29.0
2026,CHI,LB,OLB,53.0,ACT,T.J. Edwards,T.J.,Edwards,1996-08-12,72.0,228,Wisconsin,00-0035386,3121544,a7b4b50a-9431-4551-89e1-6b8cb80536d7,32403,13460,30737,EdwaTJ02,20749,5960,7,"https://static.www.nfl.com/image/upload/f_auto,q_auto/league/tqu3uz4nzkcq4crcepj3",,1,REG,A01,T.J.,EDW688767,48516,32004544-5768-8767-cb1e-50db2aafad56,2019,2019,,,30.0
2026,CHI,OL,T,79.0,ACT,Theo Benedet,Theo,Benedet,2001-12-10,79.0,305,University of British Columbia,00-0039459,,,,,,,,,2,"https://static.www.nfl.com/image/upload/f_auto,q_auto/league/jar87gerxyz6bhf3xezu",,1,REG,A01,Theo,BEN023359,57573,32004245-4e02-3359-75e8-fbe6830283dc,2024,2024,,,24.0
2026,CHI,LB,OLB,43.0,RES,Tony Fields II,Tony,Fields,1999-06-18,73.0,217,West Virginia,00-0036634,4245655,d40b2cf6-59e1-4af6-a91c-f2206303564c,33541,15237,57698,FielTo00,22811,7836,5,"https://static.www.nfl.com/image/upload/f_auto,q_auto/league/dwjp5xpbs6yiekcfjxkx",,1,REG,R01,Tony,FIE823499,53582,32004649-4582-3499-ef09-e1ca0d751c1f,2021,2021,CLE,153.0,27.0
2026,CHI,P,P,19.0,ACT,Tory Taylor,Tory,Taylor,1997-07-10,76.0,225,Iowa,00-0039745,4686889,48df6eca-81f4-49ce-8908-48196a041c57,,17925,129481,TaylTo01,25110,11732,2,"https://static.www.nfl.com/image/upload/f_auto,q_auto/league/fvmwdsbi4nkpw9hfm4qj",,1,REG,A01,Tory,TAY752367,57243,32005441-5975-2367-ed49-a9dcc28c40dd,2024,2024,CHI,122.0,29.0
2026,CHI,DB,CB,29.0,ACT,Tyrique Stevenson,Tyrique,Stevenson,2000-05-26,72.0,214,Miami; Georgia,00-0039071,4426374,64d9cda4-1ff4-4b21-bdba-586877c70813,40071,17120,97562,StevTy01,24239,10897,3,"https://static.www.nfl.com/image/upload/f_auto,q_auto/league/l0xpg0hpxsepfootn0sq",,1,REG,A01,Tyrique,STE716698,55921,32005354-4571-6698-d1af-a62614e4d25d,2023,2023,CHI,56.0,26.0
2026,CHI,QB,QB,17.0,ACT,Tyson Bagent,Tyson,Bagent,2000-06-08,75.0,210,Shepherd,00-0038416,4434153,9bdeb910-ead2-11ed-999e-03b49558b5db,40504,16946,169628,BageTy00,24168,11256,3,"https://static.www.nfl.com/image/upload/f_auto,q_auto/league/ymimvligfyrucu0v3p6a",,1,REG,A01,Tyson,BAG565656,56167,32004241-4756-5656-dc05-96cbcc86cf60,2023,2023,,,26.0
2026,CHI,LB,MLB,35.0,DEV,Wayne Matthews II,Wayne,Matthews,2002-07-10,72.0,230,Michigan State; Old Dominion,00-0041408,,,,,,,,,0,,,1,REG,P01,Wayne,MAT647928,63345,32004d41-5464-7928-cfac-911dd9d289c9,2026,2026,,,24.0
2026,CHI,DB,CB,16.0,CUT,William Wright,William,Wright,,,193,,00-0041300,,,,,,,,,0,,,1,REG,W03,William,WRI742485,63518,32005752-4974-2485-bf27-ff1861e2e115,2026,2026,,,
2026,CHI,DB,FS,32.0,ACT,Xavier Woods,Xavier,Woods,1995-07-26,71.0,202,Louisiana Tech,00-0033579,3040572,cd09c042-0bfc-4866-8d3f-a14ef4c3d7fc,30304,12007,11946,WoodXa00,19084,4238,9,"https://static.www.nfl.com/image/upload/f_auto,q_auto/league/of7kdkfale5fnuz6u8gr",,1,REG,A01,Xavier,WOO620124,45004,3200574f-4f62-0124-151e-cfaca2197eec,2017,2017,DAL,191.0,31.0
2026,CHI,RB,RB,30.0,DEV,Zavier Scott,Zavier,Scott,1999-07-17,73.0,207,Maine,00-0038440,4257364,3b133980-eb9a-11ed-8b52-a11a185238e2,,17510,55123,ScotZa00,24595,11299,3,"https://static.www.nfl.com/image/upload/f_auto,q_auto/league/z8sqpgdoyuv5rask15vn",,1,REG,P06,Zavier,SCO789036,56191,32005343-4f78-9036-9f52-f51ca378c4a7,2023,2023,,,27.0
2026,CHI,WR,WR,13.0,ACT,Zavion Thomas,Zavion,Thomas,2004-02-14,70.0,190,LSU; Mississippi State,00-0041051,4869748,3f22d5fe-e6e4-4aab-8992-caf75caf999a,,19259,,ThomZa05,26948,13411,0,"https://static.www.nfl.com/image/upload/f_auto,q_auto/league/lhodk54zsmznu4yxjoux",,1,REG,A01,Zavion,THO417520,62711,32005448-4f41-7520-45a3-679ef4b5d1a3,2026,2026,CHI,89.0,22.0
2026,DAL,DL,DT,96.0,DEV,Adedayo Odeleye,Adedayo,Odeleye,1997-10-17,77.0,272,,00-0038144,,,,,,,,,4,"https://static.www.nfl.com/image/upload/f_auto,q_auto/league/vll2htycvqq5vhihzyz6",,1,REG,P03,Adedayo,ODE237549,55066,32004f44-4523-7549-5550-3dcc973b376e,2022,2022,,,28.0
2026,DAL,OL,T,65.0,ACT,Ajani Cornelius,Ajani,Cornelius,2002-05-21,77.0,308,Oregon; Rhode Island,00-0040017,,,,,,,,,1,"https://static.www.nfl.com/image/upload/f_auto,q_auto/league/jpuz6yezpw3gg6asmvgh",,1,REG,A01,Ajani,COR457885,58409,3200434f-5245-7885-59ed-fb1e2c63e751,2025,2025,DAL,204.0,24.0
2026,DAL,DB,FS,38.0,ACT,Alijah Clark,Alijah,Clark,2003-07-11,73.0,187,Syracuse; Rutgers,00-0040045,4595352,503614b0-243a-11f0-a456-558ce379768a,,18638,145141,ClarAl01,26110,12855,1,"https://static.www.nfl.com/image/upload/f_auto,q_auto/league/sr5sjigohu5fufu4yxm7",,1,REG,A01,Alijah,CLA142440,58490,3200434c-4114-2440-d9a3-7c67ecf4bce0,2025,2025,,,23.0
2026,DAL,DB,CB,23.0,ACT,Ameer Speed,Ameer,Speed,1999-10-11,75.0,215,Michigan State; Georgia,00-0038624,4259546,00c33918-f3b1-4993-ba67-ec0db11ea349,,17367,55918,SpeeAm00,24489,11006,3,"https://static.www.nfl.com/image/upload/f_auto,q_auto/league/o9d89l2prvb5k7uawpzi",,1,REG,A01,Ameer,SPE166447,56079,32005350-4516-6447-f2d6-d984142ee220,2023,2023,NE,214.0,26.0
2026,DAL,WR,WR,83.0,DEV,Anthony Smith,Anthony,Smith,2002-03-01,74.0,190,East Carolina; N.C. State,00-0040900,4685110,c5491a6f-51bc-4207-bf5f-89e3693c2ddd,,19371,122885,SmitAn05,26806,13582,0,"https://static.www.nfl.com/image/upload/f_auto,q_auto/league/xawxtpjdptmacbcqtlua",,1,REG,P01,Anthony,SMI038569,62840,3200534d-4903-8569-79e8-f6b4e9cff810,2026,2026,DAL,218.0,24.0
2026,DAL,K,K,17.0,ACT,Brandon Aubrey,Brandon,Aubrey,1995-03-14,75.0,218,Notre Dame,00-0037692,3953687,110e6fe0-1c34-11ee-8294-af17faac15de,40819,17649,156112,AubrBr00,24902,11533,4,"https://static.www.nfl.com/image/upload/f_auto,q_auto/league/bgwg06zmyohjxvzznbf6",,1,REG,A01,Brandon,AUB415291,54401,32004155-4241-5291-a962-44bbbaa0d32a,2022,2023,,,31.0
2026,DAL,TE,TE,89.0,ACT,Brevyn Spann-Ford,Brevyn,Spann-Ford,1999-12-27,78.0,270,Minnesota,00-0039530,4360967,efc8d800-072b-11ef-892f-5b772aae3c25,41371,17908,84006,SpanBr00,25134,11593,2,"https://static.www.nfl.com/image/upload/f_auto,q_auto/league/sko2pmuqociwa92ep1ad",,1,REG,A01,Brevyn,SPA500688,57649,32005350-4150-0688-83b8-e822e79db346,2024,2024,,,26.0
2026,DAL,OL,T,77.0,ACT,Broderick Jones,Broderick,Jones,2001-05-16,77.0,310,Georgia,00-0039109,,,,,,,,,3,"https://static.www.nfl.com/image/upload/f_auto,q_auto/league/xdd3wmhluibtx15q4jhr",,1,REG,A01,Broderick,JON119592,55878,32004a4f-4e11-9592-d375-419b0d77efde,2023,2023,PIT,14.0,25.0
2026,DAL,P,P,5.0,ACT,Bryan Anger,Bryan,Anger,1988-10-06,75.0,205,California,00-0029692,14950,6ee71282-c2b8-416a-8de1-29c0185d9b7b,25780,8251,7072,AngeBr00,14017,1113,14,"https://static.www.nfl.com/image/upload/f_auto,q_auto/league/e1fozrp2fhprrkheqt0x",,1,REG,A01,Bryan,ANG280911,38600,3200414e-4728-0911-cad2-e8c7ca434956,2012,2012,JAX,70.0,37.0
2026,DAL,DB,CB,21.0,ACT,Caelen Carson,Caelen,Carson,2002-03-03,72.0,195,Wake Forest,00-0039387,4431006,6393b3f5-c426-4895-81d2-b96e0320c450,,17759,123377,CarsCa01,25213,11769,2,"https://static.www.nfl.com/image/upload/f_auto,q_auto/league/hcwdub8jq0t7at4smblo",,1,REG,A01,Caelen,CAR566002,57295,32004341-5256-6002-2166-6c9236e01968,2024,2024,DAL,174.0,24.0
2026,DAL,DB,FS,13.0,ACT,Caleb Downs,Caleb,Downs,2004-12-10,72.0,206,Ohio State,00-0040865,4870706,,,19399,172375,DownCa00,,,0,"https://static.www.nfl.com/image/upload/f_auto,q_auto/league/nkj0yjytmlcbciqjus0w",,1,REG,A01,Caleb,DOW662609,62633,3200444f-5766-2609-e99c-c3f1d8460a62,2026,2026,DAL,11.0,21.0
2026,DAL,WR,WR,80.0,ACT,Camden Brown,Camden,Brown,2004-05-06,74.0,200,Georgia Southern; Auburn,00-0040930,4808759,4d049250-4278-11f1-b3d1-bb3960424d63,,19989,157049,,26800,13726,0,"https://static.www.nfl.com/image/upload/f_auto,q_auto/league/tvoztpalnmmattxhdaoa",,1,REG,A01,Camden,BRO286559,63007,32004252-4f28-6559-d248-18410d7bc6ec,2026,2026,,,22.0
2026,DAL,WR,WR,88.0,ACT,CeeDee Lamb,Cedarian,Lamb,1999-04-08,74.0,200,Oklahoma,00-0036358,4241389,a72ea15b-5199-4101-a300-846e1c655add,32687,14411,61570,LambCe00,21679,6786,6,"https://static.www.nfl.com/image/upload/f_auto,q_auto/league/mbblzwtynxr15ovzkevi",,1,REG,A01,CeeDee,LAM138457,52425,32004c41-4d13-8457-fcbe-d37fdbd87233,2020,2020,DAL,17.0,27.0
2026,DAL,OL,G,68.0,CUT,Chris Glaser,Chris,Glaser,1999-10-01,76.0,300,Virginia,00-0037225,,,,,,,,,4,"https://static.www.nfl.com/image/upload/f_auto,q_auto/league/hnfgak3qdpzhlmqac8sy",,1,REG,W03,Chris,GLA324046,54902,3200474c-4132-4046-897b-819b78933aa1,2022,2022,,,26.0
2026,DAL,DB,CB,2.0,ACT,Cobie Durant,Decobie,Durant,1998-02-09,71.0,175,South Carolina State,00-0037839,4384549,26ec1dc1-dece-43bd-b588-db61f046b88c,,16157,79126,DuraDe01,23552,8381,4,"https://static.www.nfl.com/image/upload/f_auto,q_auto/league/oeeeljrjnb0mvvzi6csj",,1,REG,A01,Cobie,DUR101849,54607,32004455-5210-1849-241d-bd57a0845029,2022,2022,LAR,142.0,28.0
2026,DAL,OL,C,56.0,ACT,Cooper Beebe,Cooper,Beebe,2001-05-19,75.0,335,Kansas State,00-0039348,,,,,,,,,2,"https://static.www.nfl.com/image/upload/f_auto,q_auto/league/yiwgl1ijhwrkaz881r9r",,1,REG,A01,Cooper,BEE069507,57194,32004245-4506-9507-693b-97777d082707,2024,2024,DAL,73.0,25.0
2026,DAL,LB,MLB,42.0,DEV,Curtis Robinson,Curtis,Robinson,1998-06-02,75.0,240,Stanford,00-0036728,4044448,4c1b3190-50e2-4918-8e3b-7bb012f8b304,33902,15338,42871,RobiCu00,23003,8020,5,"https://static.www.nfl.com/image/upload/f_auto,q_auto/league/yzam37nstuqvqm0cgzmv",,1,REG,P07,Curtis,ROB384888,53933,3200524f-4238-4888-65bb-bd7a23217dd3,2021,2021,,,28.0
2026,DAL,TE,TE,49.0,RES,DJ Rogers,D'Andre,Rogers,2001-11-10,76.0,258,TCU,00-0040938,,,,,,,,,0,"https://static.www.nfl.com/image/upload/f_auto,q_auto/league/wzblmzyldhnpb4kvraci",,1,REG,R01,D.J.,ROG215734,63015,3200524f-4721-5734-7187-c91d3ef683a6,2026,2026,,,24.0
2026,DAL,OL,G,64.0,CUT,DJ Wingfield,DaJuanye,Wingfield,,,310,,00-0041437,,,,,,,,,0,"https://static.www.nfl.com/image/upload/f_auto,q_auto/league/ladqi8lu7id9qoxh3u0f",,1,REG,W03,D.J.,WIN265142,63715,32005749-4e26-5142-ebc2-5934730233fd,2026,2026,,,
2026,DAL,DL,DT,59.0,CUT,DJ Withers,Deldrick,Withers,,,300,,00-0040940,,,,,,,,,0,"https://static.www.nfl.com/image/upload/f_auto,q_auto/league/xoqnzv8clyrspskifbl0",,1,REG,W03,D.J.,WIT121674,63017,32005749-5412-1674-6278-1aeb260e6fa4,2026,2026,,,
2026,DAL,DB,CB,26.0,ACT,DaRon Bland,Daron,Bland,1999-07-12,74.0,206,Fresno State,00-0037275,4248911,5c2a334e-5fe6-4434-ac23-6b252356c48b,34123,16273,56158,BlanDa00,23605,8476,4,"https://static.www.nfl.com/image/upload/f_auto,q_auto/league/z07adznf3gtvfusy8azb",,1,REG,A01,Daron,BLA662271,54632,3200424c-4166-2271-c6f7-23b05759f9e1,2022,2022,DAL,167.0,27.0
2026,DAL,QB,QB,4.0,ACT,Dak Prescott,Rayne,Prescott,1993-07-29,74.0,238,Mississippi State,00-0033077,2577417,86197778-8d4b-4eba-affe-08ef7be7c70b,29369,11008,10769,PresDa01,18055,3294,10,"https://static.www.nfl.com/image/upload/f_auto,q_auto/league/yvscmqq1qki8zfsemmcd",,1,REG,A01,Dak,PRE285723,43424,32005052-4528-5723-d1b2-96e92ebc1241,2016,2016,DAL,135.0,33.0
2026,DAL,LB,MLB,0.0,ACT,DeMarvion Overshown,DeMarvion,Overshown,2000-08-13,75.0,217,Texas,00-0038556,4362088,2df409f7-2d3a-4dc3-98aa-0b261594bb1f,40099,16940,76729,OverDe00,24263,10933,3,"https://static.www.nfl.com/image/upload/f_auto,q_auto/league/dxo0ebmthyvvgwfqqbbj",,1,REG,A01,DeMarvion,OVE249174,55955,32004f56-4524-9174-45a2-1631b707074e,2023,2023,DAL,90.0,26.0
2026,DAL,LB,ILB,53.0,ACT,Dee Winters,Demonderick,Winters,2000-10-17,71.0,230,TCU,00-0038625,4428914,a362249b-336e-48d3-a6ee-02de7274b4e6,40227,16938,99376,WintDe00,24285,11017,3,"https://static.www.nfl.com/image/upload/f_auto,q_auto/league/xlebnylgre4ogpnnl4na",,1,REG,A01,Dee,WIN767442,56081,32005749-4e76-7442-26b1-69f74bb7e584,2023,2023,SF,216.0,25.0
2026,DAL,DB,CB,15.0,DEV,Derion Kendrick,Derion,Kendrick,2000-08-24,72.0,190,Georgia; Clemson,00-0037842,4360307,874ab5e6-c943-4620-8c73-b11e6592bc69,34168,16153,78022,KendDe00,23459,8271,4,"https://static.www.nfl.com/image/upload/f_auto,q_auto/league/rhmkstzb8ox2thtdo4k3",,1,REG,P07,Derion,KEN059344,54677,32004b45-4e05-9344-2576-7ccf3101d997,2022,2022,LAR,212.0,26.0
2026,DAL,DB,CB,29.0,RES,Devin Moore,Devin,Moore,2003-10-09,75.0,198,Florida,00-0040875,4702577,2206481e-b58f-4fd4-932d-81b2f9e5790a,,19580,,MoorDe04,26975,13496,0,"https://static.www.nfl.com/image/upload/f_auto,q_auto/league/uhvkhsxnd5xqgrafkzug",,1,REG,R48,Devin,MOO271747,62736,32004d4f-4f27-1747-b5b0-2737eb67b056,2026,2026,DAL,114.0,22.0
2026,DAL,LB,OLB,6.0,ACT,Donovan Ezeiruaku,Donovan,Ezeiruaku,2003-05-25,74.0,247,Boston College,00-0040725,4683848,31076b50-c01e-4cce-9898-8bd2b04cf6e4,,18656,143824,EzeiDo00,26061,12556,1,"https://static.www.nfl.com/image/upload/f_auto,q_auto/league/e8ajbchys6mqj7agkqxf",,1,REG,A01,Donovan,EZE245894,58249,3200455a-4524-5894-e7c9-c127cd7787ca,2025,2025,DAL,44.0,23.0
2026,DAL,OL,T,67.0,ACT,Drew Shelton,Andrew,Shelton,2003-12-26,77.0,313,Penn State,00-0040874,,,,,,,,,0,"https://static.www.nfl.com/image/upload/f_auto,q_auto/league/ach6jq8xsd8xwcplylro",,1,REG,A01,Drew,SHE412506,62734,32005348-4541-2506-5ed8-5272f1ed6c2d,2026,2026,DAL,112.0,22.0
2026,DAL,DL,DT,93.0,DEV,Elijah Garcia,Elijah,Garcia,1998-03-11,77.0,302,Rice,00-0037051,4039170,32e18540-d206-11ec-ab20-b37737d70cc4,,16414,44498,GarcEl00,23948,8736,4,"https://static.www.nfl.com/image/upload/f_auto,q_auto/league/mdhtfrrfmfeop2secu2c",,1,REG,P01,Elijah,GAR070519,54744,32004741-5207-0519-5208-9791c3b6f091,2022,2022,,,28.0
2026,DAL,RB,RB,31.0,ACT,Emari Demercado,Emari,Demercado,1999-01-20,69.0,215,TCU,00-0038705,4362478,44b4cbf0-e8fe-11ed-bc6e-a5c4d3ccbdd1,40430,17091,77763,DemeEm00,24609,11199,3,"https://static.www.nfl.com/image/upload/f_auto,q_auto/league/wu0sm9ttr4aiugi9fquf",,1,REG,A01,Emari,DEM317794,56395,32004445-4d31-7794-7d50-f20a6d3e35eb,2023,2023,,,27.0
2026,DAL,WR,WR,3.0,ACT,George Pickens,George,Pickens,2001-03-04,75.0,200,Georgia,00-0037247,4426354,018e8f25-54e5-44f1-967a-7ff237f1c52f,34007,15853,99229,PickGe00,23153,8137,4,"https://static.www.nfl.com/image/upload/f_auto,q_auto/league/cbpyykoguf7rsxezqzvk",,1,REG,A01,George,PIC576156,54517,32005049-4357-6156-653f-e3c2b6d1b9bc,2022,2022,PIT,52.0,25.0
2026,DAL,RB,FB,40.0,ACT,Hunter Luepke,Hunter,Luepke,2000-02-28,73.0,236,North Dakota State,00-0038738,4383396,58f425d0-f677-11ed-978f-0975e9cb7dba,40780,17000,91319,LuepHu00,24278,11510,3,"https://static.www.nfl.com/image/upload/f_auto,q_auto/league/m28qafff4o5vb3aaumiv",,1,REG,A01,Hunter,LUE582275,56457,32004c55-4558-2275-a74b-84e7c261086e,2023,2023,,,26.0
2026,DAL,LB,OLB,58.0,DEV,Isaiah Land,Isaiah,Land,2000-02-05,76.0,225,Florida A&M,00-0038737,4574551,8e662280-f678-11ed-a5ca-c79bcc7fcf23,40779,17115,102108,LandIs00,24264,11514,3,"https://static.www.nfl.com/image/upload/f_auto,q_auto/league/iwr8ph2nr9nczlbhylbl",,1,REG,P06,Isaiah,LAN028469,56456,32004c41-4e02-8469-5ae3-22775d6dba98,2023,2023,,,26.0
2026,DAL,RB,RB,25.0,DEV,Israel Abanikanda,Israel,Abanikanda,2002-10-05,70.0,215,Pittsburgh,00-0038389,4429202,07802728-2d68-4aac-8e1f-ee306977495d,40165,16735,122999,AbanIs00,24178,9227,3,"https://static.www.nfl.com/image/upload/f_auto,q_auto/league/mt7lgg9gbjcmb2wttxeg",,1,REG,P01,Israel,ABA159567,56008,32004142-4115-9567-2e24-0eab29f6a4b9,2023,2023,NYJ,143.0,23.0
2026,DAL,WR,WR,17.0,CUT,Jaden Smith,Jaden,Smith,2001-12-13,78.0,210,Nevada; Tarleton State; Montana State,00-0040769,,,,,,,,,1,"https://static.www.nfl.com/image/upload/f_auto,q_auto/league/igfff3jsx73vmtuldw6q",,1,REG,W03,Jaden,SMI344790,59248,3200534d-4934-4790-906b-6c8aa4b30267,2025,2025,,,24.0
2026,DAL,LB,ILB,55.0,ACT,Jaishawn Barham,Jaishawn,Barham,2004-02-02,74.0,240,Michigan; Maryland,00-0040872,4685266,d90c5cda-3e46-4f95-af0c-c06c7ac6ea32,,19492,,BarhJa01,28060,13381,0,"https://static.www.nfl.com/image/upload/f_auto,q_auto/league/h35ij5cb5g5a8av170ca",,1,REG,A01,Jaishawn,BAR139031,62714,32004241-5213-9031-cf92-5da41de910ec,2026,2026,DAL,92.0,22.0
2026,DAL,TE,TE,87.0,ACT,Jake Ferguson,Jake,Ferguson,1999-01-18,77.0,244,Wisconsin,00-0038041,4242355,f46eab3d-d7dd-4420-b3f9-6da9ac1308ab,34085,15947,61081,FergJa00,23138,8110,4,"https://static.www.nfl.com/image/upload/f_auto,q_auto/league/xpykb0tbosfwsn6dqstb",,1,REG,A01,Jake,FER146119,54594,32004645-5214-6119-2797-33878db83d5a,2022,2022,DAL,129.0,27.0
2026,DAL,DB,FS,34.0,ACT,Jalen Thompson,Jalen,Thompson,1998-07-18,71.0,190,Washington State,00-0035705,4043089,56992f39-70e7-4b6a-86da-0a4776504e7a,32623,14330,49116,ThomJa04,21635,6711,7,"https://static.www.nfl.com/image/upload/f_auto,q_auto/league/dlsbnnvfzsmnqh3c05ah",,1,REG,A01,Jalen,THO580436,49410,32005448-4f58-0436-7201-bda0fa091308,2019,2019,AZ,132.0,28.0
2026,DAL,LB,OLB,41.0,ACT,James Houston,James,Houston,1998-11-16,73.0,241,Jackson State University,00-0037310,4240608,6f9be289-1bfa-46b8-b246-57adb586c641,34173,16281,57810,HousJa01,23617,8494,4,"https://static.www.nfl.com/image/upload/f_auto,q_auto/league/zmjl8vpdr8fjeefnsnec",,1,REG,A01,James,HOU460710,54682,3200484f-5546-0710-2211-95488cd5c2bb,2022,2022,DET,217.0,27.0
2026,DAL,RB,RB,36.0,CUT,Jashaun Corbin,Jashaun,Corbin,2000-08-20,71.0,221,Florida State,00-0037410,4372519,f75439c0-d3bb-11ec-96a0-c3471a31202c,34665,15980,83773,CorbJa01,23301,8194,4,"https://static.www.nfl.com/image/upload/f_auto,q_auto/league/ovzlcbe1osd6ugfxu55d",,1,REG,W03,Jashaun,COR070841,54995,3200434f-5207-0841-ce96-125ad28fb5f4,2022,2022,,,26.0
2026,DAL,RB,RB,33.0,ACT,Javonte Williams,Javonte,Williams,2000-04-25,70.0,220,North Carolina,00-0036997,4361579,889dcdc5-3d88-45df-9677-5ad7ff87c011,33423,15306,77803,WillJa10,22558,7588,5,"https://static.www.nfl.com/image/upload/f_auto,q_auto/league/xvwroirev2kie6oiphtz",,1,REG,A01,Javonte,WIL351486,53464,32005749-4c35-1486-bb3e-8b9e35992111,2021,2021,DEN,35.0,26.0
2026,DAL,DL,DT,93.0,CUT,Jay Toia,Jay,Toia,2003-07-16,74.0,342,UCLA; USC,00-0040019,4431603,09ab3357-370f-4d35-abfe-4576d00e5c87,,18710,146406,ToiaJa00,26200,12737,1,"https://static.www.nfl.com/image/upload/f_auto,q_auto/league/wxmtornm7a5tavuw4rfk",,1,REG,W03,Jay,TOI207645,58422,3200544f-4920-7645-e159-c4e776b05152,2025,2025,DAL,217.0,23.0
2026,DAL,QB,QB,10.0,CUT,Joe Milton III,Joe,Milton,2000-03-06,77.0,235,Tennessee; Michigan,00-0039398,4360698,74043480-24ef-4c26-99d4-18f43d5b41d3,41060,17830,82151,MiltJo00,25025,11557,2,"https://static.www.nfl.com/image/upload/f_auto,q_auto/league/tsj9lobse1gxzanf39dt",,1,REG,W03,Joe,MIL818788,57313,32004d49-4c81-8788-f5e1-fe90adee6d31,2024,2024,NE,193.0,26.0
2026,DAL,DL,DE,90.0,ACT,Jonathan Bullard,Jonathan,Bullard,1993-10-22,75.0,296,Florida,00-0033093,2980097,ccfcbd2c-6e35-49b9-b131-ba2143665260,29306,10926,10706,BullJo00,18002,3241,10,"https://static.www.nfl.com/image/upload/f_auto,q_auto/league/xbebftotzf6hrqfrfnah",,1,REG,A01,Jonathan,BUL366378,43361,32004255-4c36-6378-5352-bcd27f50c265,2016,2016,CHI,72.0,32.0
2026,DAL,WR,WR,81.0,ACT,Jonathan Mingo,Jonathan,Mingo,2001-04-20,74.0,225,Mississippi,00-0039062,4426485,6cf0c82d-87e4-4cfc-8475-77667ed92796,40073,16937,97774,MingJo00,23161,10225,3,"https://static.www.nfl.com/image/upload/f_auto,q_auto/league/u2b8s2s0ix5hntyg3eog",,1,REG,A01,Jonathan,MIN170999,55904,32004d49-4e17-0999-c137-d684c1d1ab38,2023,2023,CAR,39.0,25.0
2026,DAL,WR,WR,81.0,DEV,Jordan Hudson,Jordan,Hudson,2003-11-22,73.0,191,SMU; TCU,00-0040934,4685409,6ccf4df0-4278-11f1-bf32-6f57eb7e5833,,19442,157298,,26939,13325,0,"https://static.www.nfl.com/image/upload/f_auto,q_auto/league/uwgiczb8bnnacu2g7zln",,1,REG,P01,Jordan,HUD438538,63011,32004855-4443-8538-3249-9da21d5bb986,2026,2026,,,22.0
2026,DAL,DB,CB,31.0,CUT,Josh Butler,Josh,Butler,1996-11-25,72.0,182,Michigan State,00-0038348,3929814,804bd6a0-2c00-11ee-b1fc-571fc9ac66e0,,17650,35097,ButlJo00,24904,11535,3,"https://static.www.nfl.com/image/upload/f_auto,q_auto/league/mupdgai46euqd985yog0",,1,REG,W03,Josh,BUL726629,54239,32004255-4c72-6629-960c-8e55d85e88e9,2023,2023,,,29.0
2026,DAL,LB,ILB,45.0,DEV,Justin Barron,Justin,Barron,2001-10-25,76.0,231,Syracuse,00-0040043,4429249,265c3bc0-2439-11f0-8939-314790007249,,18982,123032,BarrJu00,26304,12853,1,"https://static.www.nfl.com/image/upload/f_auto,q_auto/league/lnrgjwbxfkbfgsgtsgta",,1,REG,P01,Justin,BAR661092,58488,32004241-5266-1092-a4af-bc72beb3728c,2025,2025,,,24.0
2026,DAL,WR,WR,9.0,ACT,KaVontae Turpin,Kavontae,Turpin,1996-08-02,67.0,153,TCU,00-0037801,3676833,2dfd63d0-0e8a-11ed-a8f4-191ad3c6932a,34709,13894,47658,TurpKa00,24068,8917,7,"https://static.www.nfl.com/image/upload/f_auto,q_auto/league/tayjlp1hgmm6rewgl1k4",,1,REG,A01,Kavontae,TUR785436,53117,32005455-5278-5436-f08f-3e4ec71654f2,2019,2022,,,30.0
2026,DAL,DL,NT,94.0,RES,Kelvin Gilliam,Kelvin,Gilliam,2003-03-19,74.0,295,Virginia Tech; Oklahoma,00-0040933,,,,,,,,,0,"https://static.www.nfl.com/image/upload/f_auto,q_auto/league/yrwhq9jxcrlarnfzjcfm",,1,REG,R01,Kelvin,GIL561544,63010,32004749-4c56-1544-b56e-0a851fe7a517,2026,2026,,,23.0
2026,DAL,DL,DT,97.0,ACT,Kenny Clark,Kenneth,Clark,1995-10-04,75.0,314,UCLA,00-0033120,3122752,d848e4e6-ff3e-421c-9bd3-c2f62a16efd4,29261,10973,10661,ClarKe01,17947,3186,10,"https://static.www.nfl.com/image/upload/f_auto,q_auto/league/nigxygewltiq49894pkt",,1,REG,A01,Kenny,CLA409251,43316,3200434c-4140-9251-2f88-d454b8ae633b,2016,2016,GB,27.0,30.0
2026,DAL,DL,DT,99.0,ACT,LT Overton,Lebbeus,Overton,2004-10-11,75.0,274,Alabama,00-0040880,4870960,6ad7dcb7-9069-414e-a19f-b8beee58d7fa,,19381,158667,OverLT00,26790,13480,0,"https://static.www.nfl.com/image/upload/f_auto,q_auto/league/f7qnzlq019tmi9o6f1ld",,1,REG,A01,L.T.,OVE669714,62759,32004f56-4566-9714-e99d-9adf2047b713,2026,2026,DAL,137.0,21.0
2026,DAL,LB,MLB,47.0,CUT,Langston Patterson,Langston,Patterson,,,235,,00-0040935,,,,,,,,,0,"https://static.www.nfl.com/image/upload/f_auto,q_auto/league/asszhgk9tzfpchykiqjg",,1,REG,W03,Langston,PAT469738,63012,32005041-5446-9738-f92c-66224845adfb,2026,2026,,,
2026,DAL,TE,TE,86.0,ACT,Luke Schoonmaker,Luke,Schoonmaker,1998-09-28,77.0,250,Michigan,00-0038547,4372096,143957a7-4649-4a19-b351-e606edc75ebd,40061,16855,84005,SchoLu00,24288,10871,3,"https://static.www.nfl.com/image/upload/f_auto,q_auto/league/g1slhy5joxxfeudlzrh9",,1,REG,A01,Luke,SCH471986,55923,32005343-4847-1986-19e8-9065e5ea32c8,2023,2023,DAL,58.0,27.0
2026,DAL,LB,OLB,57.0,ACT,Malachi Lawrence,Malachi,Lawrence,2003-07-21,76.0,253,UCF,00-0041537,4710067,,,19385,144461,LawrMa01,,,0,"https://static.www.nfl.com/image/upload/f_auto,q_auto/league/fyhju3zbedckstcoufxp",,1,REG,A01,Malachi,LAW442372,62645,32004c41-5744-2372-4072-f0219bd11c67,2026,2026,DAL,23.0,23.0
2026,DAL,RB,RB,20.0,ACT,Malik Davis,Malik,Davis,1998-11-26,71.0,207,Florida,00-0037563,4240603,7caf1f90-d30d-11ec-8b77-45b1765fd110,34610,15828,57196,DaviMa02,23880,8800,4,"https://static.www.nfl.com/image/upload/f_auto,q_auto/league/zvranxxyt8qeihn8c2q9",,1,REG,A01,Malik,DAV533325,55151,32004441-5653-3325-351e-1ba69c909b9a,2022,2022,,,27.0
2026,DAL,DB,SS,24.0,ACT,Malik Hooker,Malik,Hooker,1996-04-02,73.0,212,Ohio State,00-0033877,3121415,3cb26a5c-9c90-46ad-b539-e29ad6934e30,30128,11695,11770,HookMa00,18920,4074,9,"https://static.www.nfl.com/image/upload/f_auto,q_auto/league/qxcbwkhiboobkz1xj68c",,1,REG,A01,Malik,HOO298753,44827,3200484f-4f29-8753-69fc-56b68b3a9b17,2017,2017,IND,15.0,30.0
2026,DAL,OL,T,79.0,DEV,Marcellus Johnson,Marcellus,Johnson,2000-04-01,76.0,307,Missouri; Eastern Michigan,00-0039507,,,,,,,,,2,"https://static.www.nfl.com/image/upload/f_auto,q_auto/league/jylkjrizz0obuohdua0a",,1,REG,P01,Marcellus,JOH489096,57622,32004a4f-4848-9096-ee78-f01e0e92decb,2024,2024,,,26.0
2026,DAL,LB,OLB,35.0,RES,Marist Liufau,Marist,Liufau,2001-02-09,74.0,239,Notre Dame,00-0039352,4427816,4fe58953-14da-43d0-8394-e960d0d47c46,,17769,102789,LiufMa00,25245,11720,2,"https://static.www.nfl.com/image/upload/f_auto,q_auto/league/i81dbzylyw2mv7odmdck",,1,REG,R48,Marist,LIU098197,57208,32004c49-5509-8197-2b25-ee72cdcbe615,2024,2024,DAL,87.0,25.0
2026,DAL,DB,SS,14.0,ACT,Markquese Bell,Markquese,Bell,1999-01-06,74.0,205,Florida A&M,00-0037561,4241921,546a44e0-d314-11ec-8b77-45b1765fd110,,16142,56033,BellMa01,23547,8399,4,"https://static.www.nfl.com/image/upload/f_auto,q_auto/league/wdantov1g2bbtjf4chpx",,1,REG,A01,Markquese,BEL508906,55149,32004245-4c50-8906-cda2-e5c5f66a61bd,2022,2022,,,27.0
2026,DAL,OL,C,72.0,RES,Matt Hennessy,Matthew,Hennessy,1997-11-17,76.0,315,Temple,00-0036295,,,,,,,,,6,"https://static.www.nfl.com/image/upload/f_auto,q_auto/league/iruohug4gurmckekn4zs",,1,REG,R01,Matt,HEN536731,52486,32004845-4e53-6731-faa4-c650075e5d1a,2020,2020,ATL,78.0,28.0
2026,DAL,TE,TE,46.0,DEV,Michael Trigg,Michael,Trigg,2002-06-27,76.0,240,Baylor; Mississippi; USC,00-0040939,4594749,6bff41b0-4191-11f1-9de2-13456d982f5a,,19346,146410,TrigMi00,28066,13401,0,"https://static.www.nfl.com/image/upload/f_auto,q_auto/league/raym87favdz33uhkgvv2",,1,REG,P01,Michael,TRI074614,63016,32005452-4907-4614-da0d-91a032960120,2026,2026,,,24.0
2026,DAL,TE,TE,80.0,DEV,Mitch Van Vooren,Mitchell,Van Vooren,,,245,,00-0040702,,,,,,,,,1,,,1,REG,P01,Mitchell,VAN796435,59190,32005641-4e79-6435-892b-ac36f4b85eca,2025,2025,,,
2026,DAL,OL,C,51.0,DEV,Nick Leverett,Nick,Leverett,1997-11-11,75.0,310,Rice; North Carolina Central,00-0036105,,,,,,,,,6,"https://static.www.nfl.com/image/upload/f_auto,q_auto/league/p9zmjyfrrp61aj3i7lbj",,1,REG,P07,Nick,LEV452663,53009,32004c45-5645-2663-e7d4-fa7e1dfad7ee,2020,2020,,,28.0
2026,DAL,DL,DE,91.0,ACT,Otito Ogbonnia,Otito,Ogbonnia,2000-08-25,76.0,320,UCLA,00-0037270,4367210,a99f605d-e128-4d9f-96b7-1e7c6d222303,34116,16191,82450,OgboOt00,23455,8331,4,"https://static.www.nfl.com/image/upload/f_auto,q_auto/league/oyayc8mxpu7grfwqgzrz",,1,REG,A01,Otito,OGB573735,54625,32004f47-4257-3735-a031-5296cebb42ec,2022,2022,LAC,160.0,26.0
2026,DAL,DB,SS,1.0,ACT,P.J. Locke,James,Locke,1997-02-12,70.0,202,Texas,00-0035227,3929850,155980c2-e289-48c4-a047-09c08d0ce7ae,32164,14198,51189,LockPJ00,21373,6419,7,"https://static.www.nfl.com/image/upload/f_auto,q_auto/league/fzkqg3cd4aa4sfjy4rlx",,1,REG,A01,P.J.,LOC062925,48447,32004c4f-4306-2925-c109-fd3c1cd98ca6,2019,2019,,,29.0
2026,DAL,WR,WR,11.0,RET,Parris Campbell,Parris,Campbell,1997-07-16,73.0,205,Ohio State,00-0035639,3121410,db0c3b1c-8d18-435a-864a-cdd696f963b6,31891,13525,47940,CampPa00,21005,5880,7,"https://static.www.nfl.com/image/upload/f_auto,q_auto/league/pmb3ypquiy5a2qzzmio4",,1,REG,R02,Parris,CAM230411,47842,32004341-4d23-0411-19c3-b6e460708ae9,2019,2019,IND,59.0,29.0
2026,DAL,RB,RB,37.0,CUT,Phil Mafah,Phil,Mafah,2002-10-24,73.0,230,Clemson,00-0040021,4431562,54b97d06-1639-46a3-9dcc-67320687281d,,18531,144123,MafaPh00,25955,12738,1,"https://static.www.nfl.com/image/upload/f_auto,q_auto/league/r91conel40ilon72blzb",,1,REG,W03,Phil,MAF207645,58444,32004d41-4620-7645-f1d0-28aa9410f815,2025,2025,DAL,239.0,23.0
2026,DAL,TE,TE,85.0,RES,Princeton Fant,Princeton,Fant,1999-03-11,74.0,240,Tennessee,00-0038735,4242442,4b51e190-f674-11ed-88a9-a32a17c14014,40778,17135,62982,FantPr00,24617,11508,3,"https://static.www.nfl.com/image/upload/f_auto,q_auto/league/dh67wj7xhek86nhyucig",,1,REG,R01,Princeton,FAN406852,56454,32004641-4e40-6852-9aae-790b49a51e60,2023,2023,,,27.0
2026,DAL,DL,DT,92.0,ACT,Quinnen Williams,Quinnen,Williams,1997-12-21,75.0,303,Alabama,00-0035718,4040982,b8e0fa49-1122-4e97-9fe2-d90f6b7cb444,31835,13584,44216,WillQu00,20989,6118,7,"https://static.www.nfl.com/image/upload/f_auto,q_auto/league/lijqxjhytjakehnusgmn",,1,REG,A01,Quinnen,WIL132672,47786,32005749-4c13-2672-b05d-48fefa792d12,2019,2019,NYJ,3.0,28.0
2026,DAL,LB,OLB,7.0,ACT,Rashan Gary,Rashan,Gary,1997-12-03,77.0,277,Michigan,00-0034967,4046523,99847f76-5bf2-4cbe-8573-9a477f7fb472,31844,13651,42905,GaryRa00,20767,5839,7,"https://static.www.nfl.com/image/upload/f_auto,q_auto/league/ew8xw9vqpcmeily0m3fk",,1,REG,A01,Rashan,GAR766759,47795,32004741-5276-6759-8729-700e2dfb98cd,2019,2019,GB,12.0,28.0
2026,DAL,DB,CB,27.0,DEV,Reddy Steward,Reddy,Steward,2001-05-04,71.0,178,Troy,00-0039465,4428584,53ca5630-071d-11ef-9523-7119a13023a1,,18259,97289,StewRe00,25484,12037,2,"https://static.www.nfl.com/image/upload/f_auto,q_auto/league/e7fvszuuhvqn17ruftl0",,1,REG,P06,Reddy,STE729675,57579,32005354-4572-9675-2422-0cf1a2a0f2a2,2024,2024,,,25.0
2026,DAL,WR,WR,19.0,ACT,Ryan Flournoy,Ryan,Flournoy,1999-10-27,73.0,197,Southeast Missouri State; Iowa Western CC,00-0039410,5083754,ebf6bc25-5e74-4588-86d6-5dadba3f9bcd,41087,17974,159617,FlouRy00,25124,11783,2,"https://static.www.nfl.com/image/upload/f_auto,q_auto/league/tqwq3cgpqu7j9hzoyicx",,1,REG,A01,Ryan,FLO245061,57336,3200464c-4f24-5061-41f9-621c1f481420,2024,2024,DAL,216.0,26.0
2026,DAL,QB,QB,16.0,ACT,Sam Howell,Sam,Howell,2000-09-16,73.0,220,North Carolina,00-0037077,4426875,7d85e9c2-f464-4654-9200-acfcffd7dfaf,34100,15825,97599,HoweSa00,23185,8162,4,"https://static.www.nfl.com/image/upload/f_auto,q_auto/league/sx77bippywnl0dx6m8q9",,1,REG,A01,Sam,HOW692969,54609,3200484f-5769-2969-b928-41cea02da32b,2022,2022,WAS,144.0,25.0
2026,DAL,OL,T,61.0,CUT,Sebastian Gutierrez,Sebastian,Gutierrez,1998-07-06,77.0,295,Minot State University,00-0037381,,,,,,,,,4,"https://static.www.nfl.com/image/upload/f_auto,q_auto/league/kr1elh1r5d8yb99vmsxj",,1,REG,W03,Sebastian,GUT373646,54966,32004755-5437-3646-16df-3cc620b8fc48,2022,2022,,,28.0
2026,DAL,DB,CB,28.0,ACT,Shavon Revel Jr.,Shavon,Revel,2002-04-12,74.0,193,East Carolina; Louisburg,00-0040008,5095865,385fc1f3-4dca-476d-85a6-c02929e8fc8c,,18580,162653,ReveSh00,26023,12559,1,"https://static.www.nfl.com/image/upload/f_auto,q_auto/league/af84hncoicg65gvvainl",,1,REG,A01,Shavon,REV425416,58281,32005245-5642-5416-ac3c-20485f3d0919,2025,2025,DAL,76.0,24.0
2026,DAL,LB,MLB,50.0,ACT,Shemar James,Shemar,James,2004-06-24,73.0,222,Florida,00-0040011,4685400,5c012614-be18-4d9f-8134-112e40e5f54f,,18731,157749,JameSh00,26049,12614,1,"https://static.www.nfl.com/image/upload/f_auto,q_auto/league/bpuq0wagps3hcsl0clff",,1,REG,A01,Shemar,JAM592520,58357,32004a41-4d59-2520-7cc7-2ea293c03c33,2025,2025,DAL,152.0,22.0
2026,DAL,OL,T,75.0,CUT,Shiyazh Pete,Shiyazh,Pete,,,322,,00-0040936,,,,,,,,,0,"https://static.www.nfl.com/image/upload/f_auto,q_auto/league/npaggoeufaacnhv9ywyb",,1,REG,W03,Shiyazh,PET058447,63013,32005045-5405-8447-29ff-0a4a9657f37c,2026,2026,,,
2026,DAL,OL,G,66.0,ACT,TJ Bass,T.J.,Bass,1999-03-31,77.0,325,Oregon; Butte College,00-0038731,,,,,,,,,3,"https://static.www.nfl.com/image/upload/f_auto,q_auto/league/hnmg3ncfxso056ybw5zz",,1,REG,A01,T.J.,BAS552614,56450,32004241-5355-2614-f91b-643ddcac017a,2023,2023,,,27.0
2026,DAL,OL,T,78.0,ACT,Terence Steele,Terence,Steele,1997-06-04,78.0,310,Texas Tech,00-0036036,,,,,,,,,6,"https://static.www.nfl.com/image/upload/f_auto,q_auto/league/ezmoh6joqsserp3ogcqc",,1,REG,A01,Terence,STE068762,52938,32005354-4506-8762-2112-8a35d38bedbd,2020,2020,,,29.0
2026,DAL,DL,DT,95.0,DEV,Tommy Dunn,Tommy,Dunn,2002-09-04,75.0,305,Kansas,00-0040931,,,,,,,,,0,"https://static.www.nfl.com/image/upload/f_auto,q_auto/league/kteecx9slnkk4th3wwut",,1,REG,P01,Tommy,DUN703673,63008,32004455-4e70-3673-1348-d0b71f78c639,2026,2026,,,23.0
2026,DAL,LS,LS,44.0,ACT,Trent Sieg,Trent,Sieg,1995-05-19,76.0,240,Colorado State,00-0034198,,,,,,,,,8,"https://static.www.nfl.com/image/upload/f_auto,q_auto/league/ikhujd70ky9ymcrvpjm5",,1,REG,A01,Trent,SIE111904,46451,32005349-4511-1904-317d-d323fdaacf0a,2018,2018,,,31.0
2026,DAL,OL,G,52.0,ACT,Tyler Booker,Tyler,Booker,2004-04-12,77.0,325,Alabama,00-0040007,,,,,,,,,1,"https://static.www.nfl.com/image/upload/f_auto,q_auto/league/rcqpeq8ahdoqt1xejjjp",,1,REG,A01,Tyler,BOO053216,58214,3200424f-4f05-3216-dcbe-0b23974f3ac7,2025,2025,DAL,12.0,22.0
2026,DAL,OL,T,60.0,ACT,Tyler Guyton,Tyler,Guyton,2002-06-11,79.0,322,Oklahoma; TCU,00-0039341,,,,,,,,,2,"https://static.www.nfl.com/image/upload/f_auto,q_auto/league/jtc2bw2l1dzdzziigieq",,1,REG,A01,Tyler,GUY734424,57150,32004755-5973-4424-47c4-5396aaed336f,2024,2024,DAL,29.0,24.0
2026,DAL,OL,G,73.0,ACT,Tyler Smith,Tyler,Smith,2001-04-03,77.0,332,Tulsa,00-0037243,,,,,,,,,4,"https://static.www.nfl.com/image/upload/f_auto,q_auto/league/gdosyozck6qewvzmpag2",,1,REG,A01,Tyler,SMI765890,54489,3200534d-4976-5890-507b-4d662371e33a,2022,2022,DAL,24.0,25.0
2026,DAL,LB,OLB,59.0,ACT,Tyrus Wheat,Tyrus,Wheat,1999-12-08,74.0,260,Mississippi State,00-0038742,4689333,700b71a0-f678-11ed-a5ca-c79bcc7fcf23,,17181,124191,WheaTy02,24448,11512,3,"https://static.www.nfl.com/image/upload/f_auto,q_auto/league/krmcu6sltcvyy6ddisn7",,1,REG,A01,Tyrus,WHE034607,56461,32005748-4503-4607-6d7b-0ec04985eabf,2023,2023,,,26.0
2026,DAL,LB,OLB,40.0,ACT,Von Miller,Vonnie,Miller,1989-03-26,75.0,250,Texas A&M,00-0027940,13976,cc9528c4-3a18-4d3f-8d8f-cfef4dcd2d38,24789,7421,6154,MillVo00,13022,871,15,"https://static.www.nfl.com/image/upload/f_auto,q_auto/league/cqkgo6uw5ha7bjajkewf",,1,REG,A01,Von,MIL597654,37075,32004d49-4c59-7654-8608-622051b53bd3,2011,2011,DEN,2.0,37.0
2026,DAL,OL,T,64.0,DEV,Wanya Morris,Wanya,Morris,2000-10-10,78.0,310,Oklahoma; Tennessee,00-0038981,,,,,,,,,3,"https://static.www.nfl.com/image/upload/f_auto,q_auto/league/y2bvxkfybapdxszjuhju",,1,REG,P07,Wanya,MOR552993,55957,32004d4f-5255-2993-1877-6a7e9fa606f3,2023,2023,KC,92.0,25.0
2026,DAL,TE,TE,47.0,CUT,Zack Kuntz,Zack,Kuntz,1999-06-09,80.0,251,Old Dominion; Penn State,00-0038406,4361417,66394a78-5537-4a12-a876-4a887f780aba,40255,17034,84084,KuntZa00,24211,9483,3,"https://static.www.nfl.com/image/upload/f_auto,q_auto/league/snmajpxpwgxwzo5sfrsx",,1,REG,W03,Zack,KUN184573,56085,32004b55-4e18-4573-2a82-42b17b1995fa,2023,2023,NYJ,220.0,27.0
2026,DET,DB,FS,24.0,DEV,Aamaris Brown,Aamaris,Brown,2002-08-26,70.0,190,UNLV; University of South Florida; Kansas State,00-0041454,,,,,,,,,0,"https://static.www.nfl.com/image/upload/f_auto,q_auto/league/ewwjcwikx8nqcgxdbbu1",,1,REG,P01,Aamaris,BRO238265,63899,32004252-4f23-8265-cae6-1b816515ee18,2026,2026,,,24.0
2026,DET,DL,DE,99.0,ACT,Ahmed Hassanein,Ahmed,Hassanein,2002-07-09,74.0,271,Boise State,00-0040761,4710422,02f4a8d3-3236-4e3b-a760-960bef3d3714,,18678,145990,HassAh00,26121,12706,1,"https://static.www.nfl.com/image/upload/f_auto,q_auto/league/ok2rok5gpyxwbk4xotyh",,1,REG,A01,Ahmed,HAS512236,58401,32004841-5351-2236-fd73-19b38e23ed86,2025,2025,DET,196.0,24.0
2026,DET,DL,DE,97.0,ACT,Aidan Hutchinson,Aidan,Hutchinson,2000-08-09,79.0,265,Michigan,00-0037236,4372099,f2083e8e-df1e-4365-a5d1-235887841f42,33957,15832,82330,HutcAi00,23257,8289,4,"https://static.www.nfl.com/image/upload/f_auto,q_auto/league/gmeczjok2lmjftb6mfof",,1,REG,A01,Aidan,HUT099869,54467,32004855-5409-9869-e552-bb07ce41f012,2022,2022,DET,2.0,26.0
2026,DET,DL,DT,54.0,ACT,Alim McNeill,Alim,McNeill,2000-05-11,74.0,315,N.C. State,00-0036624,4361662,865d4bf9-5d13-42a6-a8f9-a4e9a93c7375,33460,15522,76996,McNeAl00,22906,7679,5,"https://static.www.nfl.com/image/upload/f_auto,q_auto/league/ugdqnlqg8btovqnkzqpw",,1,REG,A01,Alim,MCN611247,53501,32004d43-4e61-1247-5b50-75dcdd3e2757,2021,2021,DET,72.0,26.0
2026,DET,LB,OLB,57.0,DEV,Amen Ogbongbemiga,Amen,Ogbongbemiga,1998-09-04,72.0,235,Oklahoma State,00-0036716,4038432,c0ef478c-d387-40ac-b35d-4bc034f24a12,33680,15378,42449,OgboAm00,22872,7936,5,"https://static.www.nfl.com/image/upload/f_auto,q_auto/league/liyabetbezsk9lvuuphd",,1,REG,P07,Amen,OGB481369,53921,32004f47-4248-1369-e9de-868aa366e0be,2021,2021,,,27.0
2026,DET,WR,WR,14.0,ACT,Amon-Ra St. Brown,Amon-Ra,St. Brown,1999-10-24,72.0,202,USC,00-0036963,4374302,26ef0447-29b8-4dd1-9831-dcbf8132bb74,33500,15332,84470,StxxAm00,22587,7547,5,"https://static.www.nfl.com/image/upload/f_auto,q_auto/league/fd8nwhm6pvxfyzphzl6i",,1,REG,A01,Amon-Ra,STB415291,53541,32005354-4241-5291-a564-57e98d35161d,2021,2021,DET,112.0,26.0
2026,DET,DL,DE,61.0,DEV,Anthony Lucas,Anthony,Lucas,2004-10-08,77.0,256,USC; Texas A&M,00-0041458,,,,,,,,,0,"https://static.www.nfl.com/image/upload/f_auto,q_auto/league/jz6cvd4ur6gwmje4eq57",,1,REG,P01,Anthony,LUC041702,63903,32004c55-4304-1702-12c4-6eaf7b61121c,2026,2026,,,21.0
2026,DET,DB,FS,29.0,ACT,Avonte Maddox,Avonte,Maddox,1996-03-31,69.0,191,Pittsburgh,00-0034377,3123938,942b9da8-e0c6-4087-886b-370fe357f5f3,31095,12683,50543,MaddAv00,19949,5361,8,"https://static.www.nfl.com/image/upload/f_auto,q_auto/league/j2guzeu1ggx5opajjl3h",,1,REG,A01,Avonte,MAD347585,46194,32004d41-4434-7585-1ee0-039b5a863fd9,2018,2018,PHI,125.0,30.0
2026,DET,OL,G,78.0,ACT,Ben Bartch,Benjamin,Bartch,1998-07-22,78.0,315,St. John's (MN),00-0036272,,,,,,,,,6,"https://static.www.nfl.com/image/upload/f_auto,q_auto/league/mayvzeezztsx4l0gbpa5",,1,REG,A01,Ben,BAR720314,52524,32004241-5272-0314-6867-3573699ef57d,2020,2020,JAX,116.0,28.0
2026,DET,DL,DT,96.0,DEV,Ben Stille,Ben,Stille,1997-11-12,76.0,293,Nebraska,00-0037356,4034861,7a46ff50-d3b4-11ec-96a0-c3471a31202c,34537,16241,43555,StilBe00,23739,8850,4,"https://static.www.nfl.com/image/upload/f_auto,q_auto/league/wyj9urijpkzuz2noqk2g",,1,REG,P01,Ben,STI399952,54939,32005354-4939-9952-cb4a-e35a8aabba15,2022,2022,,,28.0
2026,DET,OL,T,76.0,ACT,Blake Miller,Blake,Miller,2004-02-25,78.0,317,Clemson,00-0041439,,,,,,,,,0,"https://static.www.nfl.com/image/upload/f_auto,q_auto/league/l4asr5sgiqltqyw0fvf2",,1,REG,A01,Blake,MIL142617,62639,32004d49-4c14-2617-a40a-524c3b4643da,2026,2026,DET,17.0,22.0
2026,DET,DB,SS,32.0,RES,Brian Branch,Brian,Branch,2001-10-22,72.0,203,Alabama,00-0039141,4692025,3e01cc5d-ca6c-4604-a6c1-249a1aa9df3a,40067,16816,123907,BranBr00,24186,10905,3,"https://static.www.nfl.com/image/upload/f_auto,q_auto/league/zcri8hzscyasi2nhjdlk",,1,REG,R04,Brian,BRA491198,55910,32004252-4149-1198-dc01-dafbfa415bff,2023,2023,DET,45.0,24.0
2026,DET,TE,TE,89.0,ACT,Brock Wright,Brock,Wright,1998-11-27,77.0,255,Notre Dame,00-0036754,4242392,8f182089-7730-499e-8f2e-87bda32debfb,33774,15681,60994,WrigBr01,23010,7891,5,"https://static.www.nfl.com/image/upload/f_auto,q_auto/league/ghmaeofuj87fm97yhvcp",,1,REG,A01,Brock,WRI121125,53959,32005752-4912-1125-aa03-c813d709a6cd,2021,2021,,,27.0
2026,DET,OL,C,64.0,RES,Cade Mays,Cade,Mays,1999-04-26,78.0,325,Tennessee,00-0037297,,,,,,,,,4,"https://static.www.nfl.com/image/upload/f_auto,q_auto/league/lw5vbu41hbzw9nychtb7",,1,REG,R48,Cade,MAY714011,54664,32004d41-5971-4011-5dbe-c433b4d05a42,2022,2022,CAR,199.0,27.0
2026,DET,DL,DT,90.0,DEV,Chris Smith,Chris,Smith,1999-12-15,73.0,316,Notre Dame; Harvard,00-0038661,4367835,8ba82150-ec6f-11ed-9d9c-457422097a88,,16835,106524,,24851,11345,3,"https://static.www.nfl.com/image/upload/f_auto,q_auto/league/yczxmt0xfnqax2ueqz3j",,1,REG,P01,Chris,SMI143477,56351,3200534d-4914-3477-a516-1cdd67172106,2023,2023,,,26.0
2026,DET,DB,SS,27.0,ACT,Christian Izien,Christian,Izien,2000-06-08,70.0,200,Rutgers,00-0038820,4372459,6ccf5140-f1c9-11ed-a984-a58c04943ad8,40681,17355,83360,IzieCh00,24655,11427,3,"https://static.www.nfl.com/image/upload/f_auto,q_auto/league/mgnzlvalqatapemmfbao",,1,REG,A01,Christian,IZI415291,56540,3200495a-4941-5291-53da-8fed6ea1fae6,2023,2023,,,26.0
2026,DET,OL,G,73.0,ACT,Christian Mahogany,Christian,Mahogany,2000-10-11,75.0,327,Boston College,00-0039408,,,,,,,,,2,"https://static.www.nfl.com/image/upload/f_auto,q_auto/league/lsxh6dh5fkomkwvfjlwi",,1,REG,A01,Christian,MAH399714,57330,32004d41-4839-9714-9758-c27ab0db5eac,2024,2024,DET,210.0,25.0
2026,DET,DB,SS,36.0,ACT,Chuck Clark,Charles,Clark,1995-04-19,72.0,205,Virginia Tech,00-0033294,3045463,1105ae60-a4b6-4246-a77e-0849179b07b2,30299,12010,11941,ClarCh00,19070,4224,9,"https://static.www.nfl.com/image/upload/f_auto,q_auto/league/zysqspeckaavbcyduzmz",,1,REG,A01,Chuck,CLA225622,44999,3200434c-4122-5622-5c14-90fee339d2bb,2017,2017,BAL,186.0,31.0
2026,DET,OL,T,75.0,CUT,Colby Sorsdal,Colby,Sorsdal,2000-03-01,78.0,305,William & Mary,00-0038592,,,,,,,,,3,"https://static.www.nfl.com/image/upload/f_auto,q_auto/league/uewa3yfhev5xfmtxtwst",,1,REG,W03,Colby,SOR593271,56017,3200534f-5259-3271-426c-f951b26f5956,2023,2023,DET,152.0,26.0
2026,DET,DB,CB,4.0,ACT,D.J. Reed,Dennis,Reed,1996-11-11,69.0,188,Kansas State; Cerritos College; Fresno State,00-0034384,3139387,17664e93-8236-4eb0-9505-4e71f43b5a7d,31112,12505,26940,ReedD.00,19953,5372,8,"https://static.www.nfl.com/image/upload/f_auto,q_auto/league/haxt1fpxhgnobin0d5sx",,1,REG,A01,D.J.,REE180513,46211,32005245-4518-0513-87ee-49ca85f53dfe,2018,2018,SF,142.0,29.0
2026,DET,LB,OLB,98.0,ACT,D.J. Wonnum,Dennis,Wonnum,1997-10-31,77.0,260,South Carolina,00-0036335,4038849,68356887-b59e-4210-9726-828ea7f83928,32787,14612,44550,WonnDJ00,21909,6868,6,"https://static.www.nfl.com/image/upload/f_auto,q_auto/league/ajj965d0f6fmtfprrsgo",,1,REG,A01,D.J.,WON272160,52525,3200574f-4e27-2160-1623-df369bc69f58,2020,2020,MIN,117.0,28.0
2026,DET,LB,OLB,11.0,RES,Damone Clark,Damone,Clark,2000-06-28,74.0,239,LSU,00-0037281,4362636,9976d1c8-b52f-4eba-8f95-7ee288c7b730,34132,16017,81282,ClarDa02,23442,8309,4,"https://static.www.nfl.com/image/upload/f_auto,q_auto/league/ffk6kh200c0f38zgzmuo",,1,REG,R01,Damone,CLA239010,54641,3200434c-4123-9010-bfbd-6f575fb561ea,2022,2022,DAL,176.0,26.0
2026,DET,DB,SS,17.0,CUT,Dan Jackson,Daniel,Jackson,2000-11-30,73.0,190,Georgia,00-0040233,4575115,3efcc497-81cd-44be-8bc3-8930d13868b0,,18804,98883,JackDa04,26256,12731,1,"https://static.www.nfl.com/image/upload/f_auto,q_auto/league/llgy42nhtuvd9f5zci70",,1,REG,W03,Dan,JAC118041,58435,32004a41-4311-8041-3703-d36e08f135be,2025,2025,DET,230.0,25.0
2026,DET,LB,OLB,55.0,ACT,Derrick Barnes,Derrick,Barnes,1999-05-29,72.0,240,Purdue,00-0036964,4260409,16c53e66-de15-43da-931c-bf3a3e056505,33501,15489,58120,BarnDe02,22710,7726,5,"https://static.www.nfl.com/image/upload/f_auto,q_auto/league/bh66oqiavycebvryiy96",,1,REG,A01,Derrick,BAR270415,53542,32004241-5227-0415-c343-163ac0ff5d48,2021,2021,DET,113.0,27.0
2026,DET,LB,OLB,8.0,ACT,Derrick Moore,Derrick,Moore,2002-12-06,75.0,255,Michigan,00-0041441,4685461,801b2291-f0d4-4a31-8d58-8eaa43d677e4,,19524,,MoorDe03,26908,13458,0,"https://static.www.nfl.com/image/upload/f_auto,q_auto/league/cl0rhuy0xdtwwu2fq2os",,1,REG,A01,Derrick,MOO271522,62666,32004d4f-4f27-1522-e1c8-c0c9b61ba47c,2026,2026,DET,44.0,23.0
2026,DET,OL,T,77.0,DEV,Devin Cochran,Devin,Cochran,1998-07-17,79.0,314,Georgia Tech,00-0037414,,,,,,,,,4,"https://static.www.nfl.com/image/upload/f_auto,q_auto/league/xbxzyjodpatlv5edyuew",,1,REG,P06,Devin,COC112236,54999,3200434f-4311-2236-7121-ee2139cd5202,2022,2022,,,28.0
2026,DET,LB,OLB,45.0,ACT,Devin White,Devin,White,1998-02-17,72.0,237,LSU,00-0035707,4035434,37849d01-7d7e-4a35-8840-e17cacd73d85,31837,13611,43089,WhitDe02,20981,6119,7,"https://static.www.nfl.com/image/upload/f_auto,q_auto/league/oqv87a7jn67zgnlplnbp",,1,REG,A01,Devin,WHI399982,47788,32005748-4939-9982-dafe-8aace4ba0d48,2019,2019,TB,5.0,28.0
2026,DET,WR,WR,19.0,DEV,Dominic Lovett,Dominic,Lovett,2002-11-08,70.0,185,Georgia; Missouri,00-0040241,4596439,fb855b6b-16ca-4224-8e05-bcd9e51e7230,,17858,146872,LoveDo00,25306,12732,1,"https://static.www.nfl.com/image/upload/f_auto,q_auto/league/ccplcgivzomevih1erpl",,1,REG,P06,Dominic,LOV537190,58449,32004c4f-5653-7190-10bc-03cb6e761987,2025,2025,DET,244.0,23.0
2026,DET,DB,CB,43.0,CUT,Ekow Boye-Doe,Ekow,Boye-Doe,1999-11-04,72.0,171,Kansas State,00-0038956,,,,,,,,,3,"https://static.www.nfl.com/image/upload/f_auto,q_auto/league/jrm1husugxjadz2wassn",,1,REG,W03,Ekow,BOY457015,56668,3200424f-5945-7015-648b-b4674b5f0be1,2023,2023,,,26.0
2026,DET,OL,G,67.0,DEV,Elijah Klein,Elijah,Klein,2000-04-08,76.0,319,Texas-El Paso,00-0039411,,,,,,,,,2,"https://static.www.nfl.com/image/upload/f_auto,q_auto/league/lh6e9de7kp7jll2mgkud",,1,REG,P06,Elijah,KLE242574,57340,32004b4c-4524-2574-48bd-f4613730d626,2024,2024,TB,220.0,26.0
2026,DET,DB,CB,2.0,ACT,Ennis Rakestraw Jr.,Ennis,Rakestraw,2002-06-05,71.0,176,Missouri,00-0039862,4566092,c4da8885-d3f7-4593-b325-3e3dc408d1b6,,17720,124215,RakeEn00,24950,11689,2,"https://static.www.nfl.com/image/upload/f_auto,q_auto/league/qqwcajwnacksgjhwm4jx",,1,REG,A01,Ennis,RAK373762,57182,32005241-4b37-3762-cf08-2d11d0e427b9,2024,2024,DET,61.0,24.0
2026,DET,DL,DE,66.0,ACT,Eric O'Neill,Eric,O'Neill,2003-07-01,74.0,254,Rutgers; Long Island Coll.-Brooklyn,00-0041459,,,,,,,,,0,"https://static.www.nfl.com/image/upload/f_auto,q_auto/league/kexejxtyigkg6wiopccu",,1,REG,A01,Eric,ONE627691,63904,32004f4e-4562-7691-9e23-5249dd68638c,2026,2026,,,23.0
2026,DET,DB,CB,5.0,CUT,Eric Scott Jr.,Eric,Scott,1999-08-07,74.0,202,Southern Mississippi,00-0038604,4248032,8385d8de-c682-4970-b657-13fd197d20db,,17408,145430,ScotEr00,24479,11020,3,"https://static.www.nfl.com/image/upload/f_auto,q_auto/league/eo5ri5jizuskouhtased",,1,REG,W03,Eric,SCO802880,56043,32005343-4f80-2880-345b-6aa027f6a9ea,2023,2023,DAL,178.0,27.0
2026,DET,OL,T,59.0,RES,Giovanni Manu,Giovanni,Manu,2001-01-26,79.0,350,University of British Columbia,00-0039362,,,,,,,,,2,"https://static.www.nfl.com/image/upload/f_auto,q_auto/league/cjakbqctg8tjtt0lfgh2",,1,REG,R05,Giovanni,MAN729913,57247,32004d41-4e72-9913-1845-a0102a94d150,2024,2024,DET,126.0,25.0
2026,DET,OL,C,60.0,CUT,Gus Hartwig,Gus,Hartwig,2002-01-21,77.0,315,Purdue,00-0040401,,,,,,,,,1,"https://static.www.nfl.com/image/upload/f_auto,q_auto/league/e9anjdcbjlqqxyovquif",,1,REG,W03,Gus,HAR754746,58842,32004841-5275-4746-c0a8-18dcea649db5,2025,2025,,,24.0
2026,DET,LS,LS,49.0,ACT,Hogan Hatten,Hogan,Hatten,2000-08-06,74.0,239,Idaho,00-0039445,,,,,,,,,2,"https://static.www.nfl.com/image/upload/f_auto,q_auto/league/yzzbpxu7nqjl3crr1srw",,1,REG,A01,Hogan,HAT771098,57559,32004841-5477-1098-8ff9-1fd055467d3a,2024,2024,,,26.0
2026,DET,WR,WR,18.0,ACT,Isaac TeSlaa,Isaac,TeSlaa,2002-02-20,76.0,214,Arkansas; Hillsdale,00-0040669,5123663,41e5e4a9-f04c-462e-a1d1-e35a8115b974,,18642,172430,TeSlIs00,26101,12535,1,"https://static.www.nfl.com/image/upload/f_auto,q_auto/league/ducfhbiy2a8loytcjymn",,1,REG,A01,Isaac,TES116936,58275,32005445-5311-6936-ab44-7861b1b8f72f,2025,2025,DET,70.0,24.0
2026,DET,RB,RB,10.0,RES,Isiah Pacheco,Isiah,Pacheco,1999-03-02,70.0,215,Rutgers,00-0037197,4361529,3a25c037-fa30-4740-b742-ec8e4f1a2a25,34207,16104,83747,PachIs00,23371,8205,4,"https://static.www.nfl.com/image/upload/f_auto,q_auto/league/hkqb4imkum3vxxkwuetl",,1,REG,R01,Isiah,PAC576791,54716,32005041-4357-6791-9031-d5a8938af2e4,2022,2022,KC,251.0,27.0
2026,DET,RB,RB,26.0,CUT,Jabari Small,Jabari,Small,2002-01-31,69.0,213,Tennessee,00-0039652,4432545,bd14f200-0c9d-11ef-b4ed-99c2e96904b1,41661,17944,124298,SmalJa00,25322,12356,2,"https://static.www.nfl.com/image/upload/f_auto,q_auto/league/jevnypgyk9xm7tcfldvi",,1,REG,W03,Jabari,SMA578887,57793,3200534d-4157-8887-ccef-abcdb6adf824,2024,2024,,,24.0
2026,DET,LB,MLB,46.0,ACT,Jack Campbell,Jack,Campbell,2000-08-22,77.0,243,Iowa,00-0039018,4569465,1f7ce27f-61ef-47e5-bd48-eac4b1c0228f,40036,17152,101515,CampJa04,24113,10880,3,"https://static.www.nfl.com/image/upload/f_auto,q_auto/league/gxyqaufhu1wgnomrm8ic",,1,REG,A01,Jack,CAM364731,55882,32004341-4d36-4731-433d-b35acfc680bc,2023,2023,DET,18.0,26.0
2026,DET,P,P,3.0,ACT,Jack Fox,John,Fox,1996-09-01,74.0,218,Rice,00-0035156,3916370,7141ec7a-4f3d-44a4-979e-6644ab9e8f7b,32358,13715,34735,FoxxJa01,21376,6523,7,"https://static.www.nfl.com/image/upload/f_auto,q_auto/league/iwfepgslxhtx236z6faz",,1,REG,A01,Jack,FOX171605,48258,3200464f-5817-1605-5ab7-9f6c29a06ec7,2019,2019,,,29.0
2026,DET,TE,TE,13.0,ACT,Jackson Meeks,Jackson,Meeks,2003-03-24,74.0,210,Syracuse,00-0040390,4602788,be223960-250a-11f0-8c61-8d480134500e,,18480,146714,MeekJa00,26281,12938,1,"https://static.www.nfl.com/image/upload/f_auto,q_auto/league/ot3dsyhfhos9epmkqdip",,1,REG,A01,Jackson,MEE518623,58831,32004d45-4551-8623-6e52-ed792df2cbae,2025,2025,,,23.0
2026,DET,RB,RB,25.0,ACT,Jacob Saylors,Jacob,Saylors,2000-03-08,71.0,195,East Tennessee State,00-0038896,4383429,99a7f770-ea18-11ed-a93b-a93886fe0bfd,,17584,87559,SaylJa00,24312,11237,3,"https://static.www.nfl.com/image/upload/f_auto,q_auto/league/wunm6abfmikwaewmwkp7",,1,REG,A01,Jacob,SAY679943,56618,32005341-5967-9943-56d0-4f2d2d5d3eca,2023,2023,,,26.0
2026,DET,RB,RB,0.0,ACT,Jahmyr Gibbs,Jahmyr,Gibbs,2002-03-20,69.0,200,Alabama; Georgia Tech,00-0039139,4429795,fef9457e-6497-47de-9bf2-cc3b95929375,40059,16808,122474,GibbJa01,23200,9221,3,"https://static.www.nfl.com/image/upload/f_auto,q_auto/league/cursejnmmp1i9hnxihkj",,1,REG,A01,Jahmyr,GIB198578,55876,32004749-4219-8578-ca06-2b870fe6f731,2023,2023,DET,12.0,24.0
2026,DET,K,K,39.0,ACT,Jake Bates,Jacob,Bates,1999-03-03,70.0,202,Arkansas; Central Arkansas,00-0039172,4689936,3a724be0-3075-11ee-bdab-4565792ee2a3,40835,17376,121959,BateJa00,24530,11539,3,"https://static.www.nfl.com/image/upload/f_auto,q_auto/league/umhfee7ax7r8gjdt8okb",,1,REG,A01,Jake,BAT106818,56977,32004241-5410-6818-f7c8-70319151cdab,2023,2023,,,27.0
2026,DET,WR,WR,1.0,ACT,Jameson Williams,Jameson,Williams,2001-03-26,73.0,182,Alabama; Ohio State,00-0037240,4426388,590adb00-5598-47ad-b6d4-16a6c5519847,33967,15849,101701,WillJa11,23234,8148,4,"https://static.www.nfl.com/image/upload/f_auto,q_auto/league/byiptqggtglvy5qrw5wp",,1,REG,A01,Jameson,WIL344909,54477,32005749-4c34-4909-bc5e-bde59d1a8826,2022,2022,DET,12.0,25.0
2026,DET,QB,QB,16.0,ACT,Jared Goff,Jared,Goff,1994-10-14,76.0,217,California,00-0033106,3046779,aba8f925-ffbf-4654-bfa7-a25d3d237494,29235,10729,10635,GoffJa00,17922,3163,10,"https://static.www.nfl.com/image/upload/f_auto,q_auto/league/kaicbot8qhzrvddilbtp",,1,REG,A01,Jared,GOF219636,43290,3200474f-4621-9636-7354-d2eb6365d257,2016,2016,LAR,1.0,31.0
2026,DET,DB,FS,34.0,CUT,Jason Taylor II,Jason,Taylor,1999-12-30,72.0,215,Oklahoma State,00-0039060,4361835,ff40b8e3-27e8-46f9-b6c2-43de3596cd21,40287,17366,77842,TaylJa05,24451,11040,3,"https://static.www.nfl.com/image/upload/f_auto,q_auto/league/aozchrij1ghc0d9lpk86",,1,REG,W03,Jason,TAY812805,56099,32005441-5981-2805-475a-65a087a5aa71,2023,2023,LAR,234.0,26.0
2026,DET,LB,MLB,41.0,ACT,Jimmy Rolder,James,Rolder,2004-02-09,74.0,238,Michigan,00-0041442,4896353,f206955c-9f8a-4d98-b6a5-21d4aa52f656,,19553,,RoldJi00,26919,13494,0,"https://static.www.nfl.com/image/upload/f_auto,q_auto/league/sivfbjxymtff2cumzr92",,1,REG,A01,Jimmy,ROL284567,62740,3200524f-4c28-4567-2c86-538021828b52,2026,2026,DET,118.0,22.0
2026,DET,LB,OLB,35.0,DEV,Joe Bachie,Joe,Bachie,1998-02-26,74.0,235,Michigan State,00-0035895,4036507,c44bdac4-0732-4f94-8bae-df47ecec5656,33108,14735,43250,BachJo01,21913,7014,6,"https://static.www.nfl.com/image/upload/f_auto,q_auto/league/xnf2vrbsglhet5fkcb9i",,1,REG,P07,Joe,BAC270111,52797,32004241-4327-0111-97d1-5cf69e400f71,2020,2020,,,28.0
2026,DET,QB,QB,6.0,ACT,Joshua Dobbs,Robert,Dobbs,1995-01-26,75.0,216,Tennessee,00-0033949,3044720,15bedebc-839e-450a-86f6-1f5ad1f4f820,30248,11834,11890,DobbJo00,19025,4179,9,"https://static.www.nfl.com/image/upload/f_auto,q_auto/league/twaqqjexyi0vgyfbvzis",,1,REG,A01,Joshua,DOB302360,44948,3200444f-4230-2360-8e14-dbbe1dede120,2017,2017,PIT,135.0,31.0
2026,DET,OL,G,70.0,ACT,Juice Scruggs,Fredrick,Scruggs,2000-01-19,75.0,310,Penn State,00-0038936,,,,,,,,,3,"https://static.www.nfl.com/image/upload/f_auto,q_auto/league/ni0rm2lbpplykzufmm5q",,1,REG,A01,Juice,SCR673400,55927,32005343-5267-3400-4cb9-0ed0b61b2e6f,2023,2023,HOU,62.0,26.0
2026,DET,DB,CB,6.0,ACT,Keith Abney II,Keith,Abney,2005-01-11,69.0,187,Arizona State,00-0041445,5093004,,,19559,171875,AbneKe00,,,0,"https://static.www.nfl.com/image/upload/f_auto,q_auto/league/pnryzkihoi17eq91ibag",,1,REG,A01,Keith,ABN189231,62779,32004142-4e18-9231-5b2b-49b7e6c5bb49,2026,2026,DET,157.0,21.0
2026,DET,WR,WR,88.0,RES,Kendrick Law,Kendrick,Law,2004-06-13,71.0,203,Kentucky; Alabama,00-0041446,4685441,b039bf78-853f-4e4f-a6bd-83d7f38748c3,,19443,,LawxKe00,26969,13412,0,"https://static.www.nfl.com/image/upload/f_auto,q_auto/league/progttkuaumows8eeqsq",,1,REG,R01,Kendrick,LAW090280,62790,32004c41-5709-0280-cd45-006333fab262,2026,2026,DET,168.0,22.0
2026,DET,DB,FS,31.0,RES,Kerby Joseph,Kerby,Joseph,2000-11-14,72.0,210,Illinois,00-0037667,4360383,2e49dfd3-44e3-4554-a81c-de2f53460cc7,34053,16071,83239,JoseKe03,23359,8348,4,"https://static.www.nfl.com/image/upload/f_auto,q_auto/league/jairg6uh8wzsvw6fmtpx",,1,REG,R04,Kerby,JOS223092,54562,32004a4f-5322-3092-7893-b61e9a57cf3b,2022,2022,DET,97.0,25.0
2026,DET,DB,CB,30.0,ACT,Khalil Dorsey,Khalil,Dorsey,1998-03-31,68.0,188,Northern Arizona,00-0036124,4027919,e8b1322a-6162-4535-b6af-4ca60ce8b09c,33012,15137,27819,DorsKh00,22202,7200,6,"https://static.www.nfl.com/image/upload/f_auto,q_auto/league/fuzzcdksr4hobrl1rdhv",,1,REG,A01,Khalil,DOR666740,53028,3200444f-5266-6740-7b4b-7581ef8c336b,2020,2020,,,28.0
2026,DET,OL,T,79.0,ACT,Larry Borom,Larry,Borom,1999-03-30,77.0,332,Missouri,00-0036905,,,,,,,,,5,"https://static.www.nfl.com/image/upload/f_auto,q_auto/league/xc2m1opfa6lte7bg0ir6",,1,REG,A01,Larry,BOR519659,53580,3200424f-5251-9659-4669-5f1b59001f4a,2021,2021,CHI,151.0,27.0
2026,DET,DL,DE,95.0,ACT,Levi Onwuzurike,Levi,Onwuzurike,1998-03-02,75.0,293,Washington,00-0036954,4039020,0670801f-0ef3-46b6-ad6b-62475db6b787,33429,15195,43679,OnwuLe00,22869,7661,5,"https://static.www.nfl.com/image/upload/f_auto,q_auto/league/eogdbsiu9aikjofafp7s",,1,REG,A01,Levi,ONW663851,53470,32004f4e-5766-3851-849b-723ab5947059,2021,2021,DET,41.0,28.0
2026,DET,WR,WR,9.0,DEV,Lucky Jackson,Dontavian,Jackson,1997-07-17,72.0,185,Western Kentucky,00-0038181,3915802,ac54c7b0-f984-11ed-84ee-53af5769e939,40791,14419,29557,JackLu00,24894,11520,6,"https://static.www.nfl.com/image/upload/f_auto,q_auto/league/xa9o8zlctwgga8wh5apl",,1,REG,P01,Lucky,JAC371276,54138,32004a41-4337-1276-bca3-6d4362b8421b,2020,2023,,,29.0
2026,DET,QB,QB,15.0,DEV,Luke Altmyer,Luke,Altmyer,2002-10-22,73.0,210,Illinois; Mississippi,00-0041453,4597679,67aca910-4194-11f1-b19f-93eb810f1d1e,,19295,146802,AltmLu00,26934,13314,0,"https://static.www.nfl.com/image/upload/f_auto,q_auto/league/eriopmdwcfjude1cptvi",,1,REG,P01,Luke,ALT577722,63898,3200414c-5457-7722-1295-226c415a2b2e,2026,2026,,,23.0
2026,DET,LB,OLB,44.0,ACT,Malcolm Rodriguez,Malcolm,Rodriguez,1999-03-29,71.0,225,Oklahoma State,00-0037289,4241411,654b6b85-44e3-4a6e-a7ff-ebcdaa49fe51,34144,16052,60731,RodrMa00,23542,8334,4,"https://static.www.nfl.com/image/upload/f_auto,q_auto/league/sovw0sc0bm1xltqv2zmb",,1,REG,A01,Malcolm,ROD688025,54653,3200524f-4468-8025-e312-d977094cdc1f,2022,2022,DET,188.0,27.0
2026,DET,WR,WR,15.0,CUT,Malik Cunningham,Malik,Cunningham,1998-10-06,73.0,190,Louisville,00-0038911,4240069,2bf2f410-e6f2-11ed-abca-c7a3a205e21d,40290,16691,60436,CunnMa00,24279,10860,3,"https://static.www.nfl.com/image/upload/f_auto,q_auto/league/b1zs666er20onzjnff8h",,1,REG,W03,Malik,CUN537512,56633,32004355-4e53-7512-721a-d930b2a6e58f,2023,2023,,,27.0
2026,DET,OL,G,63.0,DEV,Mason Miller,Mason,Miller,2001-11-26,79.0,305,North Dakota State,00-0040391,,,,,,,,,1,"https://static.www.nfl.com/image/upload/f_auto,q_auto/league/uedrxx3xea6rhq5vjdic",,1,REG,P01,Mason,MIL421241,58832,32004d49-4c42-1241-7d6c-8a257f5daf68,2025,2025,,,24.0
2026,DET,DL,DT,94.0,ACT,Mekhi Wingo,Mekhi,Wingo,2003-04-17,72.0,288,LSU; Missouri,00-0039396,4586333,f6f39738-d9ec-45bb-8d6c-e64dfccdf3e4,,17750,128050,WingMe00,24925,11804,2,"https://static.www.nfl.com/image/upload/f_auto,q_auto/league/pcsyefxgb6i24o0dm3l0",,1,REG,A01,Mekhi,WIN280067,57309,32005749-4e28-0067-e05b-a095c9de34df,2024,2024,DET,189.0,23.0
2026,DET,OL,G,74.0,CUT,Melvin Priestly,Melvin,Priestly,,,305,,00-0041460,,,,,,,,,0,"https://static.www.nfl.com/image/upload/f_auto,q_auto/league/egbonjjjo7vjxkgr7c4w",,1,REG,W03,Melvin,PRI443992,63905,32005052-4944-3992-8931-befb33596338,2026,2026,,,
2026,DET,OL,C,62.0,RES,Michael Niese,Michael,Niese,1998-01-13,77.0,295,Temple,00-0037385,,,,,,,,,4,"https://static.www.nfl.com/image/upload/f_auto,q_auto/league/lftjd1todj0qfpubrsgv",,1,REG,R01,Michael,NIE744064,54970,32004e49-4574-4064-49f7-9089d0e1714f,2022,2022,,,28.0
2026,DET,OL,G,71.0,ACT,Miles Frazier,Miles,Frazier,2001-09-12,78.0,325,LSU; Florida International,00-0040193,,,,,,,,,1,"https://static.www.nfl.com/image/upload/f_auto,q_auto/league/picu4brr7vqypp3fdxtf",,1,REG,A01,Miles,FRA780268,58376,32004652-4178-0268-a3c4-0ab2a0a61d5f,2025,2025,DET,171.0,24.0
2026,DET,DB,CB,38.0,DEV,Nick Whiteside,Nick,Whiteside,2000-05-01,73.0,200,Saginaw Valley State,00-0038841,5143915,746c9640-e8ed-11ed-af6f-21e65a511f8c,,17617,169772,WhitNi02,24770,11160,3,"https://static.www.nfl.com/image/upload/f_auto,q_auto/league/xb8o17bhvobonozefq7n",,1,REG,P06,Nick,WHI650907,56561,32005748-4965-0907-e3e6-2587e017c8c9,2023,2023,,,26.0
2026,DET,DL,DE,92.0,RES,Payton Turner,Payton,Turner,1999-01-07,78.0,270,Houston,00-0036926,4240269,91e004b5-8a40-45cc-8246-a34faca1ee64,33416,15435,56624,TurnPa02,22772,7629,5,"https://static.www.nfl.com/image/upload/f_auto,q_auto/league/chmbnron2iipzbjggg7y",,1,REG,R01,Payton,TUR646253,53457,32005455-5264-6253-7d03-4daa88bd4dd4,2021,2021,NO,28.0,27.0
2026,DET,OL,T,58.0,ACT,Penei Sewell,Penei,Sewell,2000-10-09,77.0,335,Oregon,00-0036880,,,,,,,,,5,"https://static.www.nfl.com/image/upload/f_auto,q_auto/league/g1g0qefvafsm8hxjpiyy",,1,REG,A01,Penei,SEW478214,53436,32005345-5747-8214-9180-519633263ceb,2021,2021,DET,7.0,25.0
2026,DET,DB,CB,23.0,ACT,Rock Ya-Sin,Abdurrahman,Ya-Sin,1996-05-23,71.0,195,Temple,00-0035637,3910229,bbeb74ae-87d4-417d-ba57-670391baf8ca,31866,13474,49564,Ya-SRo00,21001,6128,7,"https://static.www.nfl.com/image/upload/f_auto,q_auto/league/llibqv3euvevt5m4ftnj",,1,REG,A01,Rock,YAS738004,47817,32005941-5373-8004-56ad-dcaf24317eb6,2019,2019,IND,34.0,30.0
2026,DET,DB,CB,21.0,ACT,Roger McCreary,Roger,McCreary,2000-02-10,71.0,188,Auburn,00-0038125,4371973,3ce6c2b1-9b17-4ff2-9787-a248119bc1e0,33990,15880,83176,McCrRo01,23460,8303,4,"https://static.www.nfl.com/image/upload/f_auto,q_auto/league/elq9ou82mtnczfos63em",,1,REG,A01,Roger,MCC700734,54500,32004d43-4370-0734-eba8-250c4b4f71dd,2022,2022,TEN,35.0,26.0
2026,DET,RB,RB,24.0,CUT,Roydell Williams,Roydell,Williams,,,223,,00-0041572,,,,,,,,,0,,,1,REG,W03,Roydell,WIL514435,63749,32005749-4c51-4435-8f47-c4f783b1834d,2026,2026,,,
2026,DET,DB,CB,40.0,CUT,Ryan Cooper Jr.,Ryan,Cooper,2001-08-31,71.0,187,Oregon State,00-0039245,5085881,3ef47770-09a4-11ef-a906-496bfb9579df,,17988,162474,CoopRy00,,12243,2,"https://static.www.nfl.com/image/upload/f_auto,q_auto/league/hhmo6ua6elic9utx0vsl",,1,REG,W03,Ryan,COO816507,57389,3200434f-4f81-6507-a289-b15b420c2a85,2024,2024,,,25.0
2026,DET,TE,TE,87.0,ACT,Sam LaPorta,Sam,LaPorta,2001-01-12,75.0,249,Iowa,00-0039065,4430027,3059f1e5-1871-4458-9e90-9b9917874c61,40064,17033,101690,LaPoSa01,23141,10859,3,"https://static.www.nfl.com/image/upload/f_auto,q_auto/league/wxlk7ysg2nfq6h6ntdcu",,1,REG,A01,Sam,LAP640235,55899,32004c41-5064-0235-3970-b5e5514839fc,2023,2023,DET,34.0,25.0
2026,DET,OL,C,65.0,CUT,Seth McLaughlin,Seth,McLaughlin,2001-08-27,76.0,305,Ohio State; Alabama,00-0040374,,,,,,,,,1,"https://static.www.nfl.com/image/upload/f_auto,q_auto/league/yiahyzi741suhypixaiu",,1,REG,W03,Seth,MCL223284,58814,32004d43-4c22-3284-db2a-80f5b4311e96,2025,2025,,,25.0
2026,DET,RB,RB,33.0,ACT,Sione Vaki,Sione,Vaki,2001-07-30,71.0,216,Utah,00-0039364,4912274,f5e0334b-b5f1-422f-a437-199c36cc108d,41006,17760,158505,VakiSi00,24930,11729,2,"https://static.www.nfl.com/image/upload/f_auto,q_auto/league/abqcluf2gbejhiyjjtoz",,1,REG,A01,Sione,VAK189231,57253,32005641-4b18-9231-3607-fdeb41216406,2024,2024,DET,132.0,25.0
2026,DET,DL,DT,50.0,ACT,Skyler Gill-Howard,Skyler,Gill-Howard,2002-10-13,72.0,280,Texas Tech,00-0041447,5103940,ff4d07f4-9bb6-4273-a64b-4a058deab83c,,19503,171308,GillSk00,26903,13547,0,"https://static.www.nfl.com/image/upload/f_auto,q_auto/league/noftllzrysprcx9tktdb",,1,REG,A01,Skyler,GIL498895,62827,32004749-4c49-8895-7eba-077f0e858762,2026,2026,DET,205.0,23.0
2026,DET,WR,WR,12.0,CUT,Tarik Black,Tarik,Black,1998-02-10,75.0,217,Texas; Michigan,00-0036491,4258170,89de9ce0-3b8e-424a-b9b5-d747692ea5f7,33797,15519,61442,BlacTa00,21746,8005,5,"https://static.www.nfl.com/image/upload/f_auto,q_auto/league/nwu8axcyqw8yk3i300ob",,1,REG,W03,Tarik,BLA168704,53701,3200424c-4116-8704-e28e-1cc6bcb3a853,2021,2021,,,28.0
2026,DET,OL,G,69.0,ACT,Tate Ratledge,Tate,Ratledge,2001-04-26,78.0,315,Georgia,00-0040728,,,,,,,,,1,"https://static.www.nfl.com/image/upload/f_auto,q_auto/league/oqps48sgef7jgn67tvzf",,1,REG,A01,Tate,RAT523002,58262,32005241-5452-3002-6068-4c022618d53f,2025,2025,DET,57.0,25.0
2026,DET,WR,WR,17.0,ACT,Tay Martin,Davontavean,Martin,1997-12-14,75.0,186,Oklahoma State,00-0037524,4245144,8d74f600-ca80-11ec-97ae-e1573849d1a6,34319,15918,61811,MartTa00,23659,8250,4,"https://static.www.nfl.com/image/upload/f_auto,q_auto/league/ttdp5v9tl0zqmb0dmmuv",,1,REG,A01,Tay,MAR735708,55112,32004d41-5273-5708-d1c2-bd53e5450702,2022,2022,,,28.0
2026,DET,QB,QB,5.0,RET,Teddy Bridgewater,Theodore,Bridgewater,1992-11-10,74.0,215,Louisville,00-0031237,16728,d4cb52a9-f6b4-42ed-b40b-27bff5f1eea7,27560,9245,8667,BridTe00,16497,2152,12,"https://static.www.nfl.com/image/upload/f_auto,q_auto/league/vwtggtoroccnjv3h0niq",,1,REG,R02,Teddy,BRI129168,41258,32004252-4912-9168-84fe-1a998a0eb85b,2014,2014,MIN,32.0,33.0
2026,DET,TE,TE,82.0,DEV,Thomas Gordon,Thomas,Gordon,2000-09-05,76.0,250,Northwestern,00-0040697,,,,,,,,,1,"https://static.www.nfl.com/image/upload/f_auto,q_auto/league/xjwwmrgezlioppxjmkod",,1,REG,P01,Thomas,GOR383690,59158,3200474f-5238-3690-2250-49b77c1aaf84,2025,2025,,,25.0
2026,DET,DB,FS,12.0,ACT,Thomas Harper,Thomas,Harper,2000-11-05,68.0,195,Notre Dame; Oklahoma State,00-0039660,4569323,cc1d5cf0-0500-11ef-bb66-eba00fd362a6,,18134,97325,HarpTh00,25421,11872,2,"https://static.www.nfl.com/image/upload/f_auto,q_auto/league/gndkodhyidctgvcqy1bk",,1,REG,A01,Thomas,HAR293894,57801,32004841-5229-3894-cf13-c98a1bcf2627,2024,2024,,,25.0
2026,DET,WR,WR,85.0,DEV,Tom Kennedy,Thomas,Kennedy,1996-07-29,70.0,194,Bryant,00-0035544,3126997,dc51b38c-dc82-44ee-a88b-764d681ce58a,32561,14246,94379,KennTo01,21556,6588,7,"https://static.www.nfl.com/image/upload/f_auto,q_auto/league/cbpuzvde5zqalmkjo0dv",,1,REG,P07,Tom,KEN614625,48680,32004b45-4e61-4625-196e-f7e64d34d984,2019,2019,,,30.0
2026,DET,LB,OLB,53.0,ACT,Trevor Nowaske,Trevor,Nowaske,1998-11-07,75.0,235,Saginaw Valley State,00-0038660,5144894,bb52aa90-ec71-11ed-a9ce-551f11053e13,40591,17570,169859,NowaTr00,24782,11348,3,"https://static.www.nfl.com/image/upload/f_auto,q_auto/league/m65qtbao0n91lg4gprrp",,1,REG,A01,Trevor,NOW415290,56350,32004e4f-5741-5290-c282-901225b00a47,2023,2023,,,27.0
2026,DET,DL,DT,91.0,ACT,Tyleik Williams,Tyleik,Williams,2003-02-24,75.0,328,Ohio State,00-0040672,4431615,7981290b-8045-4714-b19b-caffc04edc2c,,18684,145080,WillTy02,26224,12554,1,"https://static.www.nfl.com/image/upload/f_auto,q_auto/league/emppyzljgfew4i1qmdhb",,1,REG,A01,Tyleik,WIL547635,58230,32005749-4c54-7635-e493-fa5bfedf094c,2025,2025,DET,28.0,23.0
2026,DET,TE,TE,83.0,ACT,Tyler Conklin,Tyler,Conklin,1995-07-30,75.0,254,Central Michigan; Northwood,00-0034270,3915486,f0d17dfa-ebf3-416c-a8d2-c6bc30675103,31220,12809,47124,ConkTy00,19988,5133,8,"https://static.www.nfl.com/image/upload/f_auto,q_auto/league/knjuzxnzsfjxwcjxp5en",,1,REG,A01,Tyler,CON185250,46226,3200434f-4e18-5250-1988-fe7b6c249df3,2018,2018,MIN,157.0,31.0
2026,DET,DL,DE,93.0,ACT,Tyler Lacy,Tyler,Lacy,1999-11-10,76.0,285,Oklahoma State,00-0038940,4361861,e21d11de-78f9-47a9-b69a-ae18207ab2c7,40161,16968,76836,LacyTy00,24274,10941,3,"https://static.www.nfl.com/image/upload/f_auto,q_auto/league/k0vshmovqi55f4nwuiaf",,1,REG,A01,Tyler,LAC735924,55995,32004c41-4373-5924-5235-33d4f397e955,2023,2023,JAX,130.0,26.0
2026,DET,DL,DT,52.0,DEV,Tyre West,Tyre,West,2003-01-18,73.0,278,Tennessee,00-0041448,4685609,6fc5ede3-b472-45af-a2a9-7bd72bf0be35,,19712,157613,WestTy00,28181,13575,0,"https://static.www.nfl.com/image/upload/f_auto,q_auto/league/ko4qcsvsalp1y0cptmie",,1,REG,P01,Tyre,WES429133,62844,32005745-5342-9133-9d7f-0bfeed3720a8,2026,2026,DET,222.0,23.0
2026,DET,TE,TE,43.0,CUT,Zach Horton,Zach,Horton,2002-12-02,76.0,252,Indiana; James Madison,00-0040387,,,,,,,,,1,"https://static.www.nfl.com/image/upload/f_auto,q_auto/league/tqaayllxofboypamcusj",,1,REG,W03,Zach,HOR725463,58828,3200484f-5272-5463-542a-c783b78b54dd,2025,2025,,,23.0
2026,GB,OL,G,65.0,ACT,Aaron Banks,Aaron,Banks,1997-09-03,77.0,330,Notre Dame,00-0036551,,,,,,,,,5,"https://static.www.nfl.com/image/upload/f_auto,q_auto/league/g0vbcpdlnxiqnkj8m2wl",,1,REG,A01,Aaron,BAN394046,53477,32004241-4e39-4046-1bac-1be9e6b0650e,2021,2021,SF,48.0,28.0
2026,GB,OL,T,71.0,ACT,Anthony Belton,Anthony,Belton,2001-02-23,78.0,330,N.C. State; Georgia Military,00-0040726,,,,,,,,,1,"https://static.www.nfl.com/image/upload/f_auto,q_auto/league/pk9a1riaxi1hhtjq3ma3",,1,REG,A01,Anthony,BEL775572,58259,32004245-4c77-5572-bf56-648a1c6ef9d1,2025,2025,GB,54.0,25.0
2026,GB,DL,DT,60.0,ACT,Anthony Campbell,Anthony,Campbell,2000-09-09,78.0,295,Miami; Louisiana-Monroe; Independence Comm. College,00-0040689,,,,,,,,,1,"https://static.www.nfl.com/image/upload/f_auto,q_auto/league/wyekuw2nez6ldavs3kwt",,1,REG,A01,Anthony,CAM190150,59180,32004341-4d19-0150-beca-15c8b2c0c137,2025,2025,,,25.0
2026,GB,LB,OLB,46.0,CUT,Arden Walker,Arden,Walker,,,250,,00-0041355,,,,,,,,,0,"https://static.www.nfl.com/image/upload/f_auto,q_auto/league/uy7hcwv07dysph9gs068",,1,REG,W03,Arden,WAL077515,63619,32005741-4c07-7515-4e03-2b2cf328b748,2026,2026,,,
2026,GB,LB,OLB,53.0,DEV,Arron Mosby,Arron,Mosby,1999-04-13,75.0,230,Fresno State,00-0037364,4242996,573375f0-ca1f-11ec-aeb5-1b91b32ddede,,16509,55908,MosbAr00,23776,8569,4,"https://static.www.nfl.com/image/upload/f_auto,q_auto/league/siq8ayl7lif3uddghbum",,1,REG,P07,Arron,MOS008081,54949,32004d4f-5300-8081-aad8-2b0095b8cdc4,2022,2022,,,27.0
2026,GB,LB,OLB,99.0,ACT,Barryn Sorrell,Barryn,Sorrell,2002-12-22,75.0,261,Texas,00-0040010,4683643,6120d1a4-44bb-478d-8911-a7543418f1ad,,18666,144739,SorrBa00,26123,12644,1,"https://static.www.nfl.com/image/upload/f_auto,q_auto/league/gemsbocowxpzwb9mkv1y",,1,REG,A01,Barryn,SOR501140,58329,3200534f-5250-1140-40f1-bdc46d818b07,2025,2025,GB,124.0,23.0
2026,GB,DB,CB,21.0,ACT,Benjamin St-Juste,Benjamin,St-Juste,1997-09-08,75.0,205,Minnesota,00-0036625,4258206,19dd3c47-6da2-4baa-8f4d-c44c152924f2,33462,15479,56061,StJuBe00,22787,7671,5,"https://static.www.nfl.com/image/upload/f_auto,q_auto/league/kaebn8lqtuhjgcoywxuz",,1,REG,A01,Benjamin,STJ615310,53503,32005354-4a61-5310-ff81-e57e99306a29,2021,2021,WAS,74.0,28.0
2026,GB,WR,WR,16.0,ACT,Bo Melton,Bo,Melton,1999-05-18,71.0,195,Rutgers,00-0037091,4259305,36953df8-fbc3-4505-b5b3-dec8433620dc,34185,15935,61610,MeltBo00,23482,8204,4,"https://static.www.nfl.com/image/upload/f_auto,q_auto/league/d7hxvsyeufobjykcxhls",,1,REG,A01,Bo,MEL575431,54694,32004d45-4c57-5431-1061-b314a42762bf,2022,2022,SEA,229.0,27.0
2026,GB,DB,CB,2.0,ACT,Brandon Cisse,Brandon,Cisse,2005-07-03,72.0,189,South Carolina; N.C. State,00-0041470,5076652,,,19414,170368,CissBr00,,,0,"https://static.www.nfl.com/image/upload/f_auto,q_auto/league/jvhlu2ghhxoitpve7ccj",,1,REG,A01,Brandon,CIS501810,62674,32004349-5350-1810-1d34-78c7cf596e4b,2026,2026,GB,52.0,21.0
2026,GB,OL,T,72.0,CUT,Brant Banks,Brant,Banks,2000-05-01,79.0,318,Rice,00-0040034,,,,,,,,,1,"https://static.www.nfl.com/image/upload/f_auto,q_auto/league/fgyysqdckajohxo82d6w",,1,REG,W03,Brant,BAN414352,58479,32004241-4e41-4352-6f4b-4b2c76d807e2,2025,2025,,,26.0
2026,GB,LB,OLB,57.0,ACT,Brenton Cox Jr.,Brenton,Cox,2000-01-30,76.0,250,Florida; Georgia,00-0038463,4361776,207784e0-e907-11ed-b8d0-4360e868e2f2,40439,17179,81957,CoxxBr02,24401,11193,3,"https://static.www.nfl.com/image/upload/f_auto,q_auto/league/gip2rjldcyryxybsioer",,1,REG,A01,Brenton,COX147946,56218,3200434f-5814-7946-7cff-ba2c7ec73aae,2023,2023,,,26.0
2026,GB,DB,CB,24.0,ACT,Carrington Valentine,Carrington,Valentine,2001-09-09,72.0,194,Kentucky,00-0038408,4430965,b341ea01-741c-4ea8-8d4f-75ae79359d18,40274,16721,53750,ValeCa00,24192,11042,3,"https://static.www.nfl.com/image/upload/f_auto,q_auto/league/ihc2w7erwr1dddqf1i2x",,1,REG,A01,Carrington,VAL326982,56097,32005641-4c32-6982-299a-6d8af31b45ab,2023,2023,GB,232.0,24.0
2026,GB,RB,RB,30.0,ACT,Chris Brooks,Christopher,Brooks,2000-01-11,73.0,230,BYU; California,00-0038685,3149687,35a0d440-f017-11ed-bedb-53f19b227cc3,40625,16741,83644,BrooCh00,23192,11370,3,"https://static.www.nfl.com/image/upload/f_auto,q_auto/league/ityat7ltppdxe9t0imjd",,1,REG,A01,Christopher,BRO120605,56375,32004252-4f12-0605-45ae-12dbdf006dbd,2023,2023,,,26.0
2026,GB,WR,WR,37.0,DEV,Chris Hilton Jr.,Christopher,Hilton,2002-10-11,72.0,188,LSU,00-0041179,4431334,bb529080-4260-11f1-a80d-bff068733e76,,19437,146762,HiltCh00,26970,13674,0,"https://static.www.nfl.com/image/upload/f_auto,q_auto/league/x4c5gmotlioz2xynmtkw",,1,REG,P01,Chris,HIL834394,63246,32004849-4c83-4394-214a-ab9596f7b9aa,2026,2026,,,23.0
2026,GB,DL,DT,55.0,ACT,Chris McClellan,Chris,McClellan,2003-10-17,76.0,313,Missouri; Florida,00-0040869,4820574,2ba15713-32e1-44c5-b64b-54022e80e1f4,,19523,157743,McClCh01,26985,13468,0,"https://static.www.nfl.com/image/upload/f_auto,q_auto/league/jp4ns5e4vgwf7yn5hf1h",,1,REG,A01,Chris,MCC380309,62699,32004d43-4338-0309-c2b6-2f00c8a4d47a,2026,2026,GB,77.0,22.0
2026,GB,WR,WR,9.0,ACT,Christian Watson,Christian,Watson,1999-05-12,76.0,208,North Dakota State,00-0038124,4248528,47d97f44-b4aa-46d2-816c-5b5a1fe48d46,33989,15946,66581,WatsCh00,23395,8167,4,"https://static.www.nfl.com/image/upload/f_auto,q_auto/league/tumeg4d32sirkab2xzu5",,1,REG,A01,Christian,WAT316591,54499,32005741-5431-6591-b680-d3a3d3536d62,2022,2022,GB,34.0,27.0
2026,GB,LB,OLB,45.0,RES,Collin Oliver,Collin,Oliver,2002-09-23,74.0,235,Oklahoma State,00-0040012,4683059,06b22647-5eb6-4e2b-9943-cda9758305c8,,18672,144664,OlivCo00,26139,12669,1,"https://static.www.nfl.com/image/upload/f_auto,q_auto/league/x4fwy10q9nxoupf37ggz",,1,REG,R48,Collin,OLI233599,58364,32004f4c-4923-3599-c80c-faf526d39877,2025,2025,GB,159.0,23.0
2026,GB,OL,T,78.0,DEV,Dalton Cooper,Dalton,Cooper,2001-03-15,78.0,311,Oklahoma State; Texas State-San Marcos,00-0040083,,,,,,,,,1,"https://static.www.nfl.com/image/upload/f_auto,q_auto/league/d0yblqhzbyrtbs2ikplp",,1,REG,P01,Dalton,COO526333,58517,3200434f-4f52-6333-a2da-f12fa3c7fe2a,2025,2025,,,25.0
2026,GB,RB,RB,26.0,CUT,Damien Martinez,Damien,Martinez,2004-01-31,72.0,232,Miami; Oregon State,00-0040651,4808830,487da97d-a1e8-4a1f-9b43-085944ea1a44,,18528,162437,MartDa02,26029,12462,1,"https://static.www.nfl.com/image/upload/f_auto,q_auto/league/ys773vjsxprn6hr0mwri",,1,REG,W03,Damien,MAR777006,58428,32004d41-5277-7006-810f-dff0455aee93,2025,2025,SEA,223.0,22.0
2026,GB,LB,OLB,51.0,ACT,Dani Dennis-Sutton,Dani Deshon,Dennis-Sutton,2003-12-23,78.0,256,Penn State,00-0040877,4685315,9b6f5759-81b2-427a-9985-8381a2f35930,,19253,,DennDa01,28065,13492,0,"https://static.www.nfl.com/image/upload/f_auto,q_auto/league/mcasa9q73bt1zghn7olr",,1,REG,A01,Dani,DEN527092,62742,32004445-4e52-7092-8d4b-491e6fe2a5ac,2026,2026,GB,120.0,22.0
2026,GB,P,P,19.0,ACT,Daniel Whelan,Daniel,Whelan,1999-02-10,77.0,210,UC Davis,00-0037547,4248789,cd141ff0-cc9e-11ec-952e-a10f2c98fc4d,,16598,57639,WhelDa00,23768,8674,4,"https://static.www.nfl.com/image/upload/f_auto,q_auto/league/sbt08fmtztaze2rm3cef",,1,REG,A01,Daniel,WHE755365,55135,32005748-4575-5365-e941-5af46ce1f2d1,2022,2022,,,27.0
2026,GB,DL,DT,95.0,ACT,Devonte Wyatt,Devonte,Wyatt,1998-03-31,75.0,315,Georgia,00-0037075,4361791,5250f409-d4d7-48ac-adf4-35c3561ffad1,33983,16068,82268,WyatDe00,23376,8270,4,"https://static.www.nfl.com/image/upload/f_auto,q_auto/league/q9pxapmh1kbfsrymwbvs",,1,REG,A01,Devonte,WYA279831,54493,32005759-4127-9831-2d20-bf805b3c7879,2022,2022,GB,28.0,28.0
2026,GB,OL,G,68.0,DEV,Dillon Wade,Dillon,Wade,2002-05-23,75.0,316,Auburn; Tulsa,00-0040949,,,,,,,,,0,"https://static.www.nfl.com/image/upload/f_auto,q_auto/league/oko5pe8hch9vrmmk9gwx",,1,REG,P01,Dillon,WAD347063,63026,32005741-4434-7063-9adb-843e049efb78,2026,2026,,,24.0
2026,GB,DB,CB,20.0,DEV,Domani Jackson,Domani,Jackson,2002-11-27,73.0,194,Alabama,00-0040896,4685402,026dd00d-8aa0-488f-bee5-f7593eee0579,,19574,,JackDo04,28123,13544,0,"https://static.www.nfl.com/image/upload/f_auto,q_auto/league/xlb4gkfxenpvqhs3j4y4",,1,REG,P01,Domani,JAC133404,62823,32004a41-4313-3404-a000-9ff7ea812d3b,2026,2026,GB,201.0,23.0
2026,GB,OL,G,67.0,ACT,Donovan Jennings,Donovan,Jennings,1999-11-24,76.0,333,University of South Florida,00-0039272,,,,,,,,,2,"https://static.www.nfl.com/image/upload/f_auto,q_auto/league/nv3cyilbj4znjy7bayvk",,1,REG,A01,Donovan,JEN467927,57417,32004a45-4e46-7927-e834-5580bd596a22,2024,2024,,,26.0
2026,GB,TE,TE,49.0,DEV,Drake Dabney,Drake,Dabney,2002-05-14,77.0,255,TCU; Baylor,00-0040628,4429466,,,19137,122264,DabnDr00,,,1,"https://static.www.nfl.com/image/upload/f_auto,q_auto/league/olsiufbauh2x6pshrygm",,1,REG,P01,Drake,DAB423277,59083,32004441-4242-3277-7334-01b009862fb0,2025,2025,,,24.0
2026,GB,OL,G,74.0,CUT,Dylan Barrett,Dylan,Barrett,,,325,,00-0040941,,,,,,,,,0,"https://static.www.nfl.com/image/upload/f_auto,q_auto/league/rmon1mexvom9l7t0ydnc",,1,REG,W03,Dylan,BAR596907,63018,32004241-5259-6907-6a8a-6a35d6a64c28,2026,2026,,,
2026,GB,LB,ILB,56.0,ACT,Edgerrin Cooper,Edgerrin,Cooper,2001-11-17,74.0,225,Texas A&M,00-0039850,4430438,5424462c-3f8e-4e2a-832d-c29916d395cb,,17753,124311,CoopEd00,25021,11687,2,"https://static.www.nfl.com/image/upload/f_auto,q_auto/league/acedii0jqmzxqm5lqtn8",,1,REG,A01,Edgerrin,COO535990,57166,3200434f-4f53-5990-fc98-570859860963,2024,2024,GB,45.0,24.0
2026,GB,DB,FS,33.0,ACT,Evan Williams,Evan,Williams,2001-07-28,71.0,194,Oregon; Fresno State,00-0039813,4428863,8fbc9bcf-c367-46bc-8017-ce87e84aeaff,,18003,73864,WillEv00,25125,11739,2,"https://static.www.nfl.com/image/upload/f_auto,q_auto/league/g3utgsouys3kewppbnb5",,1,REG,A01,Evan,WIL277058,57232,32005749-4c27-7058-ee24-9b66ebbbc9c8,2024,2024,GB,111.0,25.0
2026,GB,LB,MLB,58.0,ACT,Isaiah McDuffie,Stevenson,McDuffie,1999-07-21,73.0,224,Boston College,00-0036658,4239947,92e24ebb-25e5-413a-95d4-26936bdb6a70,33608,15255,57754,McDuIs00,22904,7782,5,"https://static.www.nfl.com/image/upload/f_auto,q_auto/league/fjcqgmefc4u0plwp92mq",,1,REG,A01,Isaiah,MCD814431,53649,32004d43-4481-4431-6d49-3bf354c84128,2021,2021,GB,220.0,27.0
2026,GB,WR,WR,80.0,DEV,Isaiah Neyor,Isaiah,Neyor,2001-06-07,76.0,220,Nebraska; Texas; Wyoming,00-0040558,4428116,bf89ef00-2573-11f0-9c8e-d9b9894b443c,,18458,98033,NeyoIs00,26097,13074,1,"https://static.www.nfl.com/image/upload/f_auto,q_auto/league/kpmodyntguke9pmvxeyw",,1,REG,P01,Isaiah,NEY415291,59004,32004e45-5941-5291-85ed-4a4e042d19fc,2025,2025,,,25.0
2026,GB,WR,WR,87.0,ACT,J. Michael Sturdivant,J.Michael,Sturdivant,2002-09-06,75.0,207,Florida; UCLA; California,00-0040948,4635009,30924f80-4283-11f1-a96f-9ba42ea77973,,19327,,MichJ00,28054,13770,0,"https://static.www.nfl.com/image/upload/f_auto,q_auto/league/jpcewjixipg3iuu2ucyq",,1,REG,A01,J.Michael,STU618385,63025,32005354-5561-8385-5589-244516703efb,2026,2026,,,23.0
2026,GB,OL,C,62.0,ACT,Jacob Monk,Jacob,Monk,2001-06-04,75.0,320,Duke,00-0039817,,,,,,,,,2,"https://static.www.nfl.com/image/upload/f_auto,q_auto/league/njxl8msuzdym9x8egkcl",,1,REG,A01,Jacob,MON229580,57284,32004d4f-4e22-9580-3239-cea8dbb601f0,2024,2024,GB,163.0,25.0
2026,GB,DL,DT,63.0,DEV,Jaden Crumedy,Jaden,Crumedy,2000-07-30,76.0,309,Mississippi State,00-0039402,4362910,ab636859-ef8d-443e-b2db-b555b21705c8,,17885,83508,CrumJa00,25231,11795,2,"https://static.www.nfl.com/image/upload/f_auto,q_auto/league/xmbnm0swk4oqrrnslrn5",,1,REG,P01,Jaden,CRU236813,57320,32004352-5523-6813-a20b-aee47516f2d9,2024,2024,CAR,200.0,26.0
2026,GB,RB,RB,35.0,CUT,Jaden Nixon,Jaden,Nixon,,,200,,00-0040946,4683165,3e1441a0-4593-11f1-8f1e-e99a68a5f083,,19985,144652,,28352,13906,0,,,1,REG,W03,Jaden,NIX612810,63023,32004e49-5861-2810-37e0-517a8f6429fe,2026,2026,,,
2026,GB,OL,C,52.0,ACT,Jager Burton,Jager,Burton,2002-08-24,76.0,312,Kentucky,00-0040884,,,,,,,,,0,"https://static.www.nfl.com/image/upload/f_auto,q_auto/league/zidvccgdzgf3lwkfcg7v",,1,REG,A01,Jager,BUR765006,62775,32004255-5276-5006-f47b-6fd636396df7,2026,2026,GB,153.0,24.0
2026,GB,DB,SS,7.0,ACT,Javon Bullard,Javon,Bullard,2002-09-05,70.0,195,Georgia,00-0039867,4688930,0bf54af0-cd8f-48ac-96b9-b742562a3e53,,17765,146726,BullJa00,24959,11686,2,"https://static.www.nfl.com/image/upload/f_auto,q_auto/league/wmpfeci7b5hm44zkjgvb",,1,REG,A01,Javon,BUL364409,57179,32004255-4c36-4409-64d7-463d99975cab,2024,2024,GB,58.0,23.0
2026,GB,DL,DT,98.0,ACT,Javon Hargrave,Javon,Hargrave,1993-02-07,74.0,305,South Carolina State,00-0033109,2983055,3f8e4972-2361-4939-b5e3-c5f6c63b9f68,29323,11051,10723,HargJa00,18017,3256,10,"https://static.www.nfl.com/image/upload/f_auto,q_auto/league/lfk4hghl74egnyztqxbn",,1,REG,A01,Javon,HAR143881,43378,32004841-5214-3881-f71a-319de907d4f9,2016,2016,PIT,89.0,33.0
2026,GB,WR,WR,11.0,ACT,Jayden Reed,Jayden,Reed,2000-04-28,71.0,190,Michigan State; Western Michigan,00-0039146,4362249,23a306bc-5f77-4574-a575-bd599f243185,40063,16977,78171,ReedJa03,23233,10222,3,"https://static.www.nfl.com/image/upload/f_auto,q_auto/league/uhb95fij1uo92ymqxpmg",,1,REG,A01,Jayden,REE263142,55915,32005245-4526-3142-e96f-a871c08a1138,2023,2023,GB,50.0,26.0
2026,GB,OL,G,73.0,ACT,John Williams,John,Williams,2002-01-17,76.0,322,Cincinnati,00-0040023,,,,,,,,,1,"https://static.www.nfl.com/image/upload/f_auto,q_auto/league/s7uyk7rapujxri5eet9e",,1,REG,A01,John,WIL373988,58455,32005749-4c37-3988-fe19-1fab722959ac,2025,2025,GB,250.0,24.0
2026,GB,DB,FS,37.0,RES,Johnathan Baldwin,Johnathan,Baldwin,2003-02-08,72.0,200,UNLV,00-0040033,4709980,,,18975,146214,BaldJo01,,,1,"https://static.www.nfl.com/image/upload/f_auto,q_auto/league/us9ui2rbj5t4wr3wgyin",,1,REG,R01,Johnathan,BAL362551,58478,32004241-4c36-2551-8171-5b9bd3c6848f,2025,2025,,,23.0
2026,GB,DL,DT,64.0,ACT,Jonathan Ford,Jonathan,Ford,1998-09-29,77.0,305,Miami,00-0037094,4259762,fcb29e07-4978-4271-8ce0-53f4fcbd9517,34190,15824,56705,FordJo00,23518,8344,4,"https://static.www.nfl.com/image/upload/f_auto,q_auto/league/xvjepsl8u5unzc5qc8fu",,1,REG,A01,Jonathan,FOR256596,54699,3200464f-5225-6596-8618-ffea8d51b3cf,2022,2022,GB,234.0,27.0
2026,GB,TE,TE,81.0,ACT,Jonnu Smith,Jonnu,Smith,1995-08-22,75.0,248,Florida International,00-0033858,3054212,e4f25a37-74de-4bfb-b6c9-f50a4fab0b87,30213,11807,11855,SmitJo01,18990,4144,9,"https://static.www.nfl.com/image/upload/f_auto,q_auto/league/egd6llghj3n5wfdrqacw",,1,REG,A01,Jonnu,SMI443054,44912,3200534d-4944-3054-540c-5ec35eb5903e,2017,2017,TEN,100.0,31.0
2026,GB,QB,QB,10.0,ACT,Jordan Love,Jordan,Love,1998-11-02,76.0,220,Utah State,00-0036264,4036378,e5094779-e94f-4052-8597-bdbee3719f6b,32696,14371,40306,LoveJo03,21841,6804,6,"https://static.www.nfl.com/image/upload/f_auto,q_auto/league/thz8stjkbjwddxqnozi5",,1,REG,A01,Jordan,LOV130776,52434,32004c4f-5613-0776-be4c-ce231b05c522,2020,2020,GB,26.0,27.0
2026,GB,OL,G,77.0,ACT,Jordan Morgan,Jordan,Morgan,2001-08-04,77.0,320,Arizona,00-0039904,,,,,,,,,2,"https://static.www.nfl.com/image/upload/f_auto,q_auto/league/sdes0pavbicaj47bfjis",,1,REG,A01,Jordan,MOR166787,57146,32004d4f-5216-6787-ef94-4c5252cbb096,2024,2024,GB,25.0,25.0
2026,GB,DL,DE,97.0,RES,Jordon Riley,Jordon,Riley,1998-05-19,77.0,325,Oregon; Nebraska; Garden City CC; North Carolina,00-0038506,4240677,a1c5aca4-a0ba-4438-9101-7f85d3af488a,40269,17414,56759,RileJo00,24496,11035,3,"https://static.www.nfl.com/image/upload/f_auto,q_auto/league/tr46ilf5hznzboea38ag",,1,REG,R04,Jordon,RIL285297,56108,32005249-4c28-5297-df04-997322e02752,2023,2023,NYG,243.0,28.0
2026,GB,OL,G,76.0,DEV,Josh Gesky,Josh,Gesky,2002-12-31,77.0,335,Illinois,00-0040943,,,,,,,,,0,"https://static.www.nfl.com/image/upload/f_auto,q_auto/league/z88mhbcxa468vob6dc1c",,1,REG,P01,Josh,GES585183,63020,32004745-5358-5183-f6d7-464e22608417,2026,2026,,,23.0
2026,GB,RB,RB,8.0,EXE,Josh Jacobs,Joshua,Jacobs,1998-02-11,70.0,220,Alabama,00-0035700,4047365,61694ab9-b099-408e-b48d-6a643dd069ec,31856,13582,45953,JacoJo01,20824,5850,7,"https://static.www.nfl.com/image/upload/f_auto,q_auto/league/uceokxeo0uqrqms3e3vl",,1,REG,E02,Josh,JAC734615,47807,32004a41-4373-4615-60ca-982d07046841,2019,2019,OAK,24.0,28.0
2026,GB,TE,TE,81.0,ACT,Josh Whyle,Josh,Whyle,1999-09-08,79.0,250,Cincinnati,00-0038589,4360086,601467c7-b593-472d-a147-b8e7bfdbe990,40182,16866,54037,WhylJo01,24375,10212,3,"https://static.www.nfl.com/image/upload/f_auto,q_auto/league/an9hxzbzmg6kgkdai022",,1,REG,A01,Josh,WHY207645,56012,32005748-5920-7645-1b1b-72fa42df9b82,2023,2023,TEN,147.0,26.0
2026,GB,WR,WR,89.0,CUT,Kaden Prather,Kaden,Prather,,,210,,00-0040239,4431509,557ec8cb-2700-4dcb-8d5e-db0e0e5a8ef5,,18563,144780,PratKa00,25974,12721,1,"https://static.www.nfl.com/image/upload/f_auto,q_auto/league/vuben0ncqttl4wjxityh",,1,REG,W03,Kaden,PRA503598,58445,32005052-4150-3598-ce14-97ba351041b0,2025,2025,BUF,240.0,
2026,GB,RB,RB,20.0,ACT,Kaleb Johnson,Kaleb,Johnson,2003-08-14,72.0,212,Iowa,00-0040142,4819231,9738de9a-7626-460f-a786-28433ef70a1f,,18515,156419,JohnKa03,26040,12504,1,"https://static.www.nfl.com/image/upload/f_auto,q_auto/league/zpzc4oobxi8nr5dyonob",,1,REG,A01,Kaleb,JOH398805,58288,32004a4f-4839-8805-a441-bdb3ea3187ea,2025,2025,PIT,83.0,23.0
2026,GB,DB,CB,36.0,ACT,Kamal Hadden,Kamal,Hadden,2001-01-17,73.0,197,Tennessee; Independence Comm. College; Auburn,00-0039831,4427356,ae33b86e-d67d-4b38-87e8-f7c666b4a88b,,17832,146931,HaddKa00,25190,11787,2,"https://static.www.nfl.com/image/upload/f_auto,q_auto/league/j3ty1m9rac4bqcysjwqp",,1,REG,A01,Kamal,HAD230716,57331,32004841-4423-0716-2b52-5ce6bc2fb341,2024,2024,KC,211.0,25.0
2026,GB,DL,DT,94.0,ACT,Karl Brooks,Karl,Brooks,2000-05-08,75.0,300,Bowling Green,00-0038398,4373423,c76a4bef-3d1f-4326-82bd-81065b5cfb10,40238,16921,76941,BrooKa00,24282,11009,3,"https://static.www.nfl.com/image/upload/f_auto,q_auto/league/ymjmzn6ayhfpkdrtydyd",,1,REG,A01,Karl,BRO132842,56044,32004252-4f13-2842-c7f3-69c8ea1b4c30,2023,2023,GB,179.0,26.0
2026,GB,QB,QB,12.0,DEV,Kedon Slovis,Kedon,Slovis,2001-04-11,74.0,215,BYU; Pittsburgh; USC,00-0039577,4428512,4842ee80-07d1-11ef-977b-d7c6de486031,41476,17979,100580,SlovKe00,23182,11648,2,"https://static.www.nfl.com/image/upload/f_auto,q_auto/league/hkvrcpwl9tm41jr3b0x3",,1,REG,P06,Kedon,SLO748677,57697,3200534c-4f74-8677-805f-b3005fb4ef05,2024,2024,,,25.0
2026,GB,DB,CB,25.0,ACT,Keisean Nixon,Keisean,Nixon,1997-06-22,70.0,200,South Carolina,00-0035133,4259493,e94ac14d-0122-4dc8-ad20-b71226cb8cfe,32348,13701,56167,NixoKe00,21239,6333,7,"https://static.www.nfl.com/image/upload/f_auto,q_auto/league/ousxob0dqjxxmcalq8aa",,1,REG,A01,Keisean,NIX676693,48241,32004e49-5867-6693-dc76-487b1543e1da,2019,2019,,,29.0
2026,GB,WR,WR,86.0,CUT,Kisean Johnson,Kisean,Johnson,2002-01-28,73.0,216,Western Kentucky; Alabama State,00-0040616,,,,,,,,,1,"https://static.www.nfl.com/image/upload/f_auto,q_auto/league/eagyx2phlssmmdczurx3",,1,REG,W03,Kisean,JOH399446,59071,32004a4f-4839-9446-ce7e-57a1a7852bb5,2025,2025,,,24.0
2026,GB,DB,SS,27.0,ACT,Kitan Oladapo,Kitan,Oladapo,2000-10-10,74.0,217,Oregon State,00-0039818,4374037,abc5dadd-fe68-4a0e-8b64-6b6ca2717858,,17884,83349,OladKi00,25161,11763,2,"https://static.www.nfl.com/image/upload/f_auto,q_auto/league/m3bxo3bhxk2d601bhjs0",,1,REG,A01,Kitan,OLA083057,57290,32004f4c-4108-3057-70ea-361ad5227056,2024,2024,GB,169.0,25.0
2026,GB,LB,ILB,54.0,DEV,Kristian Welch,Kristian,Welch,1998-05-24,75.0,239,Iowa,00-0036157,4036153,0782b3a2-9693-40f6-aff2-a21bc8fa4c5d,33005,15141,51283,WelcKr00,22199,7197,6,"https://static.www.nfl.com/image/upload/f_auto,q_auto/league/iqibbhzklifflirfqvoq",,1,REG,P07,Kristian,WEL116744,53059,32005745-4c11-6744-5e96-0d6cce8c69e2,2020,2020,,,28.0
2026,GB,K,K,11.0,DEV,Lenny Krieg,Lenny,Krieg,2002-03-08,74.0,208,,00-0040003,5277116,55829920-0b8a-11f0-a333-294d3ecf3d4d,,18774,197939,KrieLe00,26250,12548,1,"https://static.www.nfl.com/image/upload/f_auto,q_auto/league/gxhpy5ntqhgmcwwzn9do",,1,REG,P03,Lenny,KRI202395,58180,32004b52-4920-2395-a792-b748aa58ed7c,2025,2025,,,24.0
2026,GB,LB,OLB,90.0,ACT,Lukas Van Ness,Lukas,Van Ness,2001-07-06,77.0,275,Iowa,00-0039112,4686906,1f8b4936-d0f8-4e9e-9f6f-5f4138180d7d,40037,16825,129482,VanNLu00,24191,10885,3,"https://static.www.nfl.com/image/upload/f_auto,q_auto/league/qxrs2r7nvy9k6hlkqvyb",,1,REG,A01,Lukas,VAN639767,55877,32005641-4e63-9767-91e9-a7147693e290,2023,2023,GB,13.0,25.0
2026,GB,TE,TE,88.0,RES,Luke Musgrave,Luke,Musgrave,2000-09-02,78.0,252,Oregon State,00-0039144,4428085,77a4fb49-3c6c-4aa1-8a21-20956e2d2240,40074,16663,98499,MusgLu00,24150,9481,3,"https://static.www.nfl.com/image/upload/f_auto,q_auto/league/jchchyfhiycpvm5zzn2y",,1,REG,R04,Luke,MUS097324,55907,32004d55-5309-7324-5085-b59d93f240ce,2023,2023,GB,42.0,25.0
2026,GB,DB,CB,28.0,CUT,MJ Devonshire,Marlin,Devonshire,2000-09-12,71.0,190,Pittsburgh; Kentucky,00-0039418,4427068,ca7c7772-15a6-4bc8-a93e-11a369ddd14b,,17993,98832,DevoMJ00,25206,11825,2,"https://static.www.nfl.com/image/upload/f_auto,q_auto/league/qrzh5s3kuqkluuxfpfgy",,1,REG,W03,M.J.,DEV732066,57349,32004445-5673-2066-44b0-68da2ef75242,2024,2024,LV,229.0,25.0
2026,GB,RB,RB,32.0,ACT,MarShawn Lloyd,MarShawn,Lloyd,2001-01-05,69.0,210,USC; South Carolina,00-0039811,4429023,7b8967bc-a3a5-4aa4-bd1f-2846663ca831,40971,17795,124247,LloyMa00,23211,11581,2,"https://static.www.nfl.com/image/upload/f_auto,q_auto/league/xp8sd4enimuk4zd0aqgu",,1,REG,A01,MarShawn,LLO673464,57209,32004c4c-4f67-3464-78d4-33609054aa9a,2024,2024,GB,88.0,25.0
2026,GB,DB,SS,41.0,CUT,Mark Perry,Mark,Perry,2001-05-30,72.0,215,TCU,00-0039488,,,,,,,,,2,"https://static.www.nfl.com/image/upload/f_auto,q_auto/league/brg1bcmlylgd5ucjiydw",,1,REG,W03,Mark,PER649218,57603,32005045-5264-9218-68c6-ebb39255931a,2024,2024,,,25.0
2026,GB,TE,TE,83.0,ACT,Mark Redman,Mark,Redman,2002-01-20,77.0,255,Louisville; San Diego State,00-0040598,,,,,,,,,1,"https://static.www.nfl.com/image/upload/f_auto,q_auto/league/m20wrukxvkgbvs70qpai",,1,REG,A01,Mark,RED508149,59053,32005245-4450-8149-8051-47bddfffa4cd,2025,2025,,,24.0
2026,GB,DB,CB,46.0,RES,Marlon Jones,Marlon,Jones,2001-08-19,72.0,190,Vanderbilt; Eastern Washington,00-0041493,,,,,,,,,0,"https://static.www.nfl.com/image/upload/f_auto,q_auto/league/pd1gsbwhqekfnw2rk137",,1,REG,R01,Marlon,JON596299,63933,32004a4f-4e59-6299-ed91-f881578c530a,2026,2026,,,25.0
2026,GB,WR,WR,0.0,ACT,Matthew Golden,Matthew,Golden,2003-08-01,71.0,195,Texas; Houston,00-0040667,4701936,d1963360-c011-4764-9a36-9e627073f68f,,18500,156165,GoldMa02,25922,12501,1,"https://static.www.nfl.com/image/upload/f_auto,q_auto/league/dbjki6b0swksr7mk17wk",,1,REG,A01,Matthew,GOL068614,58225,3200474f-4c06-8614-8bd5-a546b4ab4775,2025,2025,GB,23.0,23.0
2026,GB,LS,LS,42.0,ACT,Matthew Orzech,Matt,Orzech,1995-04-12,75.0,245,Azusa Pacific,00-0035118,4422336,56b26b71-8f1e-416c-a7e5-62cd67c98f4b,32306,14127,94369,OrzeMa00,21484,6461,7,"https://static.www.nfl.com/image/upload/f_auto,q_auto/league/kfuljmbcfkwx1quqoklv",,1,REG,A01,Matt,ORZ415291,48226,32004f52-5a41-5291-beb8-ebf419030a18,2019,2019,,,31.0
2026,GB,TE,TE,47.0,RES,McCallan Castles,McCallan,Castles,1999-12-03,76.0,252,Tennessee; UC Davis; California,00-0039263,4372741,302dded0-072d-11ef-bb54-e981db140060,,18195,83949,CastMc00,25391,12070,2,"https://static.www.nfl.com/image/upload/f_auto,q_auto/league/r3amk2t7xokcd4rsohns",,1,REG,W03,McCallan,CAS777092,57407,32004341-5377-7092-1113-7360a638b025,2024,2024,,,26.0
2026,GB,LB,OLB,1.0,RES,Micah Parsons,Micah,Parsons,1999-05-26,75.0,245,Penn State,00-0036932,4361423,b4eab0bf-9e1f-43f8-912f-d33ac517bc46,33400,15182,81360,ParsMi00,22695,7640,5,"https://static.www.nfl.com/image/upload/f_auto,q_auto/league/euivq1hqslszdxjo9xyr",,1,REG,R04,Micah,PAR753418,53441,32005041-5275-3418-9a2d-9826287ee445,2021,2021,DAL,12.0,27.0
2026,GB,DB,SS,39.0,DEV,Murvin Kenion,Murvin,Kenion,2001-03-12,71.0,194,Nevada,00-0040968,,,,,,,,,0,"https://static.www.nfl.com/image/upload/f_auto,q_auto/league/vkjpef4y643t5ocedi9b",,1,REG,P01,Murvin,KEN149503,63045,32004b45-4e14-9503-c5f4-0e91b68b9d42,2026,2026,,,25.0
2026,GB,LB,MLB,31.0,ACT,Nick Niemann,Nick,Niemann,1997-12-02,75.0,235,Iowa,00-0036648,4036141,30bfd566-e867-4ee7-bf19-d36794ed39f1,33573,15603,43500,NiemNi00,22926,7807,5,"https://static.www.nfl.com/image/upload/f_auto,q_auto/league/bstd7dnklbftscfbhskq",,1,REG,A01,Nick,NIE548472,53614,32004e49-4554-8472-5f07-4daead847661,2021,2021,LAC,185.0,28.0
2026,GB,LB,OLB,47.0,DEV,Nyjalik Kelly,Nyjalik,Kelly,2004-10-29,77.0,256,UCF; Miami,00-0040944,4726151,5de48650-4284-11f1-97a9-bf46f0cfc610,,19519,156339,KellNy00,27018,13771,0,"https://static.www.nfl.com/image/upload/f_auto,q_auto/league/rlgk5vtxruzwzjptpjdw",,1,REG,P01,Nyjalik,KEL703198,63021,32004b45-4c70-3198-4f37-51ee3d53ce35,2026,2026,,,21.0
2026,GB,RB,RB,22.0,DEV,Pierre Strong,Pierre,Strong,1998-12-10,71.0,205,South Dakota State,00-0038098,4249836,8a9a3c7f-57a1-4064-9bda-2c7fad7b5c01,34083,16102,66619,StroPi00,23218,8116,4,"https://static.www.nfl.com/image/upload/f_auto,q_auto/league/aa0nufst85vutgor1fqv",,1,REG,P07,Pierre,STR658099,54592,32005354-5265-8099-4e5a-fedfdfa80694,2022,2022,NE,127.0,27.0
2026,GB,WR,WR,83.0,RES,Savion Williams,Savion,Williams,2001-11-22,76.0,222,TCU,00-0040009,4431487,06fb642c-b10b-4b23-966a-13668a7c4426,,18554,123101,WillSa01,26105,12482,1,"https://static.www.nfl.com/image/upload/f_auto,q_auto/league/snmedlu4ra62snufe1qg",,1,REG,R48,Savion,WIL520796,58292,32005749-4c52-0796-a21b-79528a1ef4f7,2025,2025,GB,87.0,24.0
2026,GB,LS,LS,71.0,DEV,Scott Daly,Kevin,Daly,1994-02-07,73.0,245,Notre Dame,00-0034067,,,,,,,,,8,"https://static.www.nfl.com/image/upload/f_auto,q_auto/league/icxbupl2lmn9ffjfu6xm",,1,REG,P07,Scott,DAL816332,46053,32004441-4c81-6332-84da-b244de2f811d,2018,2018,,,32.0
2026,GB,OL,G,75.0,ACT,Sean Rhyan,Sean,Rhyan,2000-09-15,77.0,320,UCLA,00-0037076,,,,,,,,,4,"https://static.www.nfl.com/image/upload/f_auto,q_auto/league/mvgxrodidjbgfh5reaig",,1,REG,A01,Sean,RHY207645,54557,32005248-5920-7645-8b92-d9da8819216a,2022,2022,GB,92.0,25.0
2026,GB,WR,WR,23.0,ACT,Skyy Moore,Skyy,Moore,2000-09-10,70.0,195,Western Michigan,00-0038090,4430191,1c8a4510-786c-4bc2-a9e9-e491b688206f,34009,16005,97116,MoorSk01,23168,8168,4,"https://static.www.nfl.com/image/upload/f_auto,q_auto/league/id9k0aylvgyq8lulabe3",,1,REG,A01,Skyy,MOO678505,54519,32004d4f-4f67-8505-ee46-18aa406b13ff,2022,2022,KC,54.0,25.0
2026,GB,LB,MLB,40.0,CUT,TJ Quinn,Terry,Quinn,,,225,,00-0040947,,,,,,,,,0,"https://static.www.nfl.com/image/upload/f_auto,q_auto/league/hzdxb0jmdmqzlrrkyqfz",,1,REG,W03,T.J.,QUI727242,63024,32005155-4972-7242-e65c-7fc37cb27ae9,2026,2026,,,
2026,GB,TE,TE,84.0,RES,Thomas Yassmin,Thomas,Yassmin,1999-10-21,77.0,251,Utah,00-0039936,,,,,,,,,2,"https://static.www.nfl.com/image/upload/f_auto,q_auto/league/dojmdkrk14lr14g8wr3o",,1,REG,R01,Thomas,YAS749254,57693,32005941-5374-9254-42a9-e9a86b5c9fbe,2024,2024,,,26.0
2026,GB,DB,SS,48.0,CUT,Tra Fluellen,Tra,Fluellen,2001-03-22,74.0,210,Middle Tennessee State,00-0039959,,,,,,,,,2,,,1,REG,W03,Tra,FLU097161,58115,3200464c-5509-7161-3ab5-92cf518693f3,2024,2025,,,25.0
2026,GB,OL,T,79.0,ACT,Travis Glover,Travis,Glover,2000-08-17,78.0,323,Georgia State,00-0039819,,,,,,,,,2,"https://static.www.nfl.com/image/upload/f_auto,q_auto/league/oe6xejpueu02brdqjke1",,1,REG,A01,Travis,GLO698900,57322,3200474c-4f69-8900-6094-b60bdbb333ca,2024,2024,GB,202.0,26.0
2026,GB,DB,SS,35.0,RES,Trey Dean III,Trey,Dean,2000-02-29,74.0,206,Florida,00-0038494,4360235,db902210-eba9-11ed-91b3-7dd28cd7975d,,17357,83208,DeanTr00,24403,11309,3,"https://static.www.nfl.com/image/private/f_auto,q_auto/league/egycpb5zv75wp0ytluhl",,1,REG,R01,Trey,DEA729701,56250,32004445-4172-9701-c6c1-d1ebb82ce6bd,2023,2023,,,26.0
2026,GB,K,K,28.0,ACT,Trey Smack,Trey,Smack,2003-07-12,73.0,188,Florida,00-0040899,4869461,,,19511,,SmacTr00,,,0,"https://static.www.nfl.com/image/upload/f_auto,q_auto/league/zierx6p09ilfe0o0ckj7",,1,REG,A01,Trey,SMA037753,62838,3200534d-4103-7753-40a4-02e3a672a90f,2026,2026,GB,216.0,23.0
2026,GB,TE,TE,85.0,ACT,Tucker Kraft,Tucker,Kraft,2000-11-03,77.0,255,South Dakota State,00-0038996,4572680,3a084c5f-6b9f-4703-a0c7-1566bc4b1129,40102,16649,104034,KrafTu00,24118,9484,3,"https://static.www.nfl.com/image/upload/f_auto,q_auto/league/n6vu44jbq31rydoaadaq",,1,REG,A01,Tucker,KRA144054,55943,32004b52-4114-4054-e146-c099ad4f2842,2023,2023,GB,78.0,25.0
2026,GB,LB,ILB,59.0,ACT,Ty'Ron Hopper,Ty'Ron,Hopper,2001-04-26,74.0,221,Missouri; Florida,00-0039812,4567406,9fb2ac11-8c14-4039-9a3f-32d11343b73d,,17859,98781,HoppTy00,25249,11712,2,"https://static.www.nfl.com/image/upload/f_auto,q_auto/league/taqdlsfufqh99ucbl5zm",,1,REG,A01,Ty'Ron,HOP640560,57212,3200484f-5064-0560-858f-6453d28a5167,2024,2024,GB,91.0,25.0
2026,GB,QB,QB,6.0,ACT,Tyrod Taylor,Tyrod,Taylor,1989-08-03,73.0,215,Virginia Tech,00-0028118,14163,7f3ef024-eb34-46af-8b9e-544cdf09378f,24967,7357,6332,TaylTy00,12831,827,15,"https://static.www.nfl.com/image/upload/f_auto,q_auto/league/whpztm9akd7yefplp37r",,1,REG,A01,Tyrod,TAY764868,37255,32005441-5976-4868-b81d-df31fbb7fe72,2011,2011,BAL,180.0,37.0
2026,GB,DL,DT,91.0,ACT,Warren Brinson,Warren,Brinson,2002-02-04,77.0,305,Georgia,00-0040016,4429136,93246c54-f4ab-43bf-8666-bb7c1895b544,,18694,124013,BrinWa00,26173,12704,1,"https://static.www.nfl.com/image/upload/f_auto,q_auto/league/lv56fxgmoabt9ecuu8eb",,1,REG,A01,Warren,BRI485289,58403,32004252-4948-5289-47c1-98e908bc92e7,2025,2025,GB,198.0,24.0
2026,GB,DB,SS,29.0,ACT,Xavier McKinney,Xavier,McKinney,1999-08-09,72.0,197,Alabama,00-0036388,4241470,dbeff2ee-8d26-48f3-b345-3cd88c374c87,32706,14617,55775,McKiXa00,21936,6788,6,"https://static.www.nfl.com/image/upload/f_auto,q_auto/league/qhxnlik9ekqnbuxqbvpz",,1,REG,A01,Xavier,MCK548765,52444,32004d43-4b54-8765-a6d9-55ca05502e6b,2020,2020,NYG,36.0,27.0
2026,GB,OL,T,50.0,ACT,Zach Bako-Bewele,Zach,Bako-Bewele,1999-03-26,76.0,295,Wake Forest,00-0037817,,,,,,,,,4,"https://static.www.nfl.com/image/upload/f_auto,q_auto/league/rciezth8ldzcpq7yqbde",,1,REG,A01,Zach,TOM131680,54605,3200544f-4d13-1680-d84b-a813971a836d,2022,2022,GB,140.0,27.0
2026,GB,LB,MLB,44.0,ACT,Zaire Franklin,Zaire,Franklin,1996-07-02,72.0,236,Syracuse,00-0034431,3124005,b0ad00bc-3b30-41ce-8892-f8105e0943e2,31205,13010,49834,FranZa00,20024,5346,8,"https://static.www.nfl.com/image/upload/f_auto,q_auto/league/k59qf7qnigqhlxw2652h",,1,REG,A01,Zaire,FRA561925,46304,32004652-4156-1925-7caa-95bc1c2e9c13,2018,2018,IND,235.0,30.0
2026,LA,DL,DT,99.0,EXE,Aaron Donald,Aaron,Donald,1991-05-23,73.0,280,Pittsburgh,00-0031388,16716,8bb5c7ef-e7be-4015-8874-2f0982286acc,27541,9391,8648,DonaAa00,16618,2227,12,"https://static.www.nfl.com/image/private/f_auto,q_auto/league/gou42dathlyc1rfn4pga",,1,REG,E02,Aaron,DON134977,41239,3200444f-4e13-4977-da01-4e2f082de38b,2014,2014,STL,13.0,35.0
2026,LA,DB,CB,31.0,CUT,"Al'zillion ""AZ"" Hamilton",Al'zillion,Hamilton,,,185,,00-0041417,,,,,,,,,0,,,1,REG,W03,Al'zillion,HAM184207,63677,32004841-4d18-4207-5c93-f5d4870f08d7,2026,2026,,,
2026,LA,OL,T,77.0,ACT,Alaric Jackson,Alaric,Jackson,1998-07-14,79.0,315,Iowa,00-0036603,,,,,,,,,5,"https://static.www.nfl.com/image/upload/f_auto,q_auto/league/p7eblgie3na4hjdl6pzb",,1,REG,A01,Alaric,JAC015008,53868,32004a41-4301-5008-2385-0392a24d89a5,2021,2021,,,28.0
2026,LA,WR,WR,11.0,DEV,Alex Bachman,Alex,Bachman,1996-05-29,72.0,190,Wake Forest,00-0035602,3919510,427038d8-ff50-4d6e-a088-4fdb8bc2f0e3,32124,13911,47996,BachAl00,21294,6386,7,"https://static.www.nfl.com/image/upload/f_auto,q_auto/league/xebxem8tzjm0yyygaklg",,1,REG,P07,Alex,BAC323004,48765,32004241-4332-3004-ce5a-d5891c9ae5c8,2019,2019,,,30.0
2026,LA,DB,SS,39.0,CUT,Alex Cook,Alex,Cook,1999-05-21,73.0,196,Washington,00-0038475,4243320,20067190-eb8e-11ed-baaf-c79583f716f6,40530,17515,61805,CookAl00,24643,11290,3,"https://static.www.nfl.com/image/upload/f_auto,q_auto/league/mzyd22cge9f6neap0f7s",,1,REG,W03,Alex,COO007544,56230,3200434f-4f00-7544-5437-95ddb4300e7d,2023,2023,,,27.0
2026,LA,DB,CB,36.0,RES,Alex Johnson,Alex,Johnson,2000-10-11,72.0,190,UCLA,00-0039506,,,,,,,,,2,"https://static.www.nfl.com/image/upload/f_auto,q_auto/league/eboiojvb35tvsqolb3l2",,1,REG,R01,Alex,JOH039836,57621,32004a4f-4803-9836-2f91-101af0c2ecf2,2024,2024,,,25.0
2026,LA,OL,T,64.0,DEV,Austin Blaske,Austin,Blaske,2001-11-29,77.0,310,North Carolina; Georgia,00-0041425,,,,,,,,,0,,,1,REG,P01,Austin,BLA773522,63686,3200424c-4177-3522-c42b-001860e278ac,2026,2026,,,24.0
2026,LA,OL,C,50.0,ACT,Beaux Limmer,Beaux,Limmer,2001-06-10,77.0,307,Arkansas,00-0039753,,,,,,,,,2,"https://static.www.nfl.com/image/upload/f_auto,q_auto/league/rsd2gd5nz5ubdj0drxn6",,1,REG,A01,Beaux,LIM523267,57337,32004c49-4d52-3267-2601-cef2d3c962cd,2024,2024,LAR,217.0,25.0
2026,LA,OL,G,66.0,ACT,Bill Murray,Bill,Murray,1997-07-03,76.0,280,William & Mary,00-0036093,,,,,,,,,6,"https://static.www.nfl.com/image/upload/f_auto,q_auto/league/datzakc4oxdjzm07464n",,1,REG,A01,Bill,MUR558786,52997,32004d55-5255-8786-4cf6-04dbee348030,2020,2020,,,29.0
2026,LA,DL,DT,93.0,DEV,Bill Norton,Bill,Norton,2000-07-07,78.0,335,Texas; Arizona; Georgia,00-0040595,,,,,,,,,1,"https://static.www.nfl.com/image/upload/f_auto,q_auto/league/y9juhhbkhnit1qol7piy",,1,REG,P01,Bill,NOR613259,59050,32004e4f-5261-3259-9f4d-f06fa29bbbc9,2025,2025,,,26.0
2026,LA,RB,RB,24.0,ACT,Blake Corum,Blake,Corum,2000-11-25,68.0,213,Michigan,00-0039738,4429096,93ba1da2-3679-4ddc-9687-0802349f9ee2,40962,17690,129574,CoruBl00,24116,11586,2,"https://static.www.nfl.com/image/upload/f_auto,q_auto/league/axzqbqjkrbwfzodwwakq",,1,REG,A01,Blake,COR783995,57204,3200434f-5278-3995-2ab1-10c11dc750f2,2024,2024,LAR,83.0,25.0
2026,LA,OL,G,72.0,DEV,Blake Hance,Blake,Hance,1996-01-11,77.0,310,Northwestern,00-0035355,,,,,,,,,7,"https://static.www.nfl.com/image/upload/f_auto,q_auto/league/hdxdmuvnrlz3tykblysu",,1,REG,P07,Blake,HAN027685,48485,32004841-4e02-7685-aedc-718ac9d2b15a,2019,2019,,,30.0
2026,LA,DL,DT,55.0,ACT,Braden Fiske,Braden,Fiske,2000-01-18,77.0,300,Florida State; Western Michigan,00-0039734,4362245,905fb2a2-6fc0-4af5-9f3c-860956cd164b,,17775,76958,FiskBr00,25218,11677,2,"https://static.www.nfl.com/image/upload/f_auto,q_auto/league/nepcpkxlqw0mvpwrgvh8",,1,REG,A01,Braden,FIS731693,57160,32004649-5373-1693-e7a6-c020adf11994,2024,2024,LAR,39.0,26.0
2026,LA,WR,WR,81.0,DEV,Brennan Presley,Brennan,Presley,2002-02-02,68.0,170,Oklahoma State,00-0040597,4431342,ec0ecae0-254c-11f0-85e6-ad6d4b9a9b15,,18919,122982,PresBr00,26531,13011,1,"https://static.www.nfl.com/image/upload/f_auto,q_auto/league/v5cydesy5zo4njavqwxb",,1,REG,P01,Brennan,PRE312725,59052,32005052-4531-2725-a374-fb3c6e3c3b00,2025,2025,,,24.0
2026,LA,OL,T,70.0,CUT,Bryce Henderson,Bryce,Henderson,,,325,,00-0041418,,,,,,,,,0,"https://static.www.nfl.com/image/upload/f_auto,q_auto/league/r8q3atq4nv1w6lff3m3v",,1,REG,W03,Bryce,HEN044074,63678,32004845-4e04-4074-d263-393552811d3b,2026,2026,,,
2026,LA,LB,OLB,0.0,ACT,Byron Young,Byron,Young,1998-03-13,74.0,245,Tennessee,00-0039137,4875196,cd7de1ce-ad93-4bb6-8b70-c79194a7373e,40124,16758,146932,YounBy01,24253,10917,3,"https://static.www.nfl.com/image/upload/f_auto,q_auto/league/dwybonqyn3rrvi94yw9r",,1,REG,A01,Byron,YOU127040,55942,3200594f-5512-7040-ee4b-f8bc5d0b4a6e,2023,2023,LAR,77.0,28.0
2026,LA,WR,WR,6.0,ACT,CJ Daniels,Carlton,Daniels,2002-01-04,74.0,202,Miami; LSU; Liberty,00-0041399,4605951,,,19316,123874,DaniCJ00,,,0,"https://static.www.nfl.com/image/upload/f_auto,q_auto/league/jqx2xj6xmri9hrjm8azc",,1,REG,A01,C.J.,DAN490797,62819,32004441-4e49-0797-9e3e-b27051043f49,2026,2026,LAR,197.0,24.0
2026,LA,DB,CB,21.0,DEV,Cam Lampkin,Cam,Lampkin,2001-07-31,71.0,173,Washington State; Utah State,00-0039780,4427752,b2986c00-08ae-11ef-aa35-dd89832b46ac,,18381,101146,LampCa00,25635,12230,2,"https://static.www.nfl.com/image/upload/f_auto,q_auto/league/b9fxxgtih7cqzny6tnpq",,1,REG,P01,Cam,LAM764081,57920,32004c41-4d76-4081-588e-a0a3fd2543cc,2024,2024,,,25.0
2026,LA,TE,TE,84.0,ACT,Colby Parkinson,Colby,Parkinson,1999-01-07,79.0,251,Stanford,00-0036244,4242557,1ea7affb-e5e7-491a-aaa3-55e200b2eb48,32803,14463,52266,ParkCo02,21807,6865,6,"https://static.www.nfl.com/image/upload/f_auto,q_auto/league/qsyrgtfjj06wryahnxc9",,1,REG,A01,Colby,PAR483746,52541,32005041-5248-3746-b5fb-ae737ddd1142,2020,2020,SEA,133.0,27.0
2026,LA,OL,C,65.0,ACT,Coleman Shelton,Coleman,Shelton,1995-07-28,77.0,285,Washington,00-0034114,,,,,,,,,8,"https://static.www.nfl.com/image/upload/f_auto,q_auto/league/aewvme2mltyuwnbdodlc",,1,REG,A01,Coleman,SHE410481,46376,32005348-4541-0481-486a-e4fbdf2ec38e,2018,2018,,,31.0
2026,LA,TE,TE,83.0,DEV,Dan Villari,Daniel,Villari,2002-06-29,76.0,243,Syracuse; Michigan,00-0041422,4608858,8acdbf20-42a6-11f1-b2eb-c9093a222ee6,,19387,129602,,26936,13321,0,"https://static.www.nfl.com/image/upload/f_auto,q_auto/league/q6dostpr0u6fu0yygyua",,1,REG,P01,Dan,VIL556907,63682,32005649-4c55-6907-ef93-a7ddd067507f,2026,2026,,,24.0
2026,LA,DL,DE,40.0,RES,Daniel Rickert,Daniel,Rickert,2002-03-12,74.0,232,Virginia; Tennessee Technological Univ,00-0041587,,,,,,,,,0,,,1,REG,R01,Daniel,RIC778650,63744,32005249-4377-8650-5e52-f717a8b9455b,2026,2026,,,24.0
2026,LA,LB,OLB,59.0,DEV,Darryl Peterson III,Darryl,Peterson,2003-09-16,73.0,260,Wisconsin,00-0041421,,,,,,,,,0,"https://static.www.nfl.com/image/upload/f_auto,q_auto/league/nawtfh3f2qgclu8oatjf",,1,REG,P01,Darryl,PET493611,63681,32005045-5449-3611-c002-804675dfe485,2026,2026,,,22.0
2026,LA,WR,WR,17.0,ACT,Davante Adams,Davante,Adams,1992-12-24,73.0,215,Fresno State,00-0031381,16800,e7d6ae25-bf15-4660-8b37-c37716551de3,27581,9455,8688,AdamDa01,16470,2133,12,"https://static.www.nfl.com/image/upload/f_auto,q_auto/league/tdzluk4xau3arxqk9zsl",,1,REG,A01,Davante,ADA218591,41282,32004144-4121-8591-4d26-4c0ac739af41,2014,2014,GB,53.0,33.0
2026,LA,OL,T,68.0,ACT,David Quessenberry,David,Quessenberry,1990-08-24,77.0,310,San Jose State,00-0030097,,,,,,,,,13,"https://static.www.nfl.com/image/upload/f_auto,q_auto/league/c8kmny1s0pl307ivrngh",,1,REG,A01,David,QUE597984,40124,32005155-4559-7984-fe6c-8f632e818cdc,2013,2013,HOU,176.0,36.0
2026,LA,TE,TE,87.0,ACT,Davis Allen,Davis,Allen,2001-02-03,78.0,250,Clemson,00-0039074,4426553,02a77d8c-3b89-4a61-86a2-0c005c1e589a,40164,17030,99697,AlleDa02,24148,10214,3,"https://static.www.nfl.com/image/upload/f_auto,q_auto/league/iweydtcrfchsl3mt6jtd",,1,REG,A01,Davis,ALL098299,56040,3200414c-4c09-8299-f00f-278951746672,2023,2023,LAR,175.0,25.0
2026,LA,RB,RB,33.0,DEV,Dean Connors,Dean,Connors,2003-08-29,71.0,206,Houston; Rice; Riverside Community College,00-0041415,5082269,faa89ce0-42a4-11f1-9d8f-414640fbdaef,,19306,156624,ConnDe00,26949,13315,0,"https://static.www.nfl.com/image/upload/f_auto,q_auto/league/fgsgqkdsnliwujjtvvw3",,1,REG,P01,Dean,CON545055,63675,3200434f-4e54-5055-c52d-b242ed754ad8,2026,2026,,,23.0
2026,LA,LB,OLB,94.0,ACT,Desjuan Johnson,Desjuan,Johnson,1999-09-02,75.0,275,Toledo,00-0039061,4362294,a344e6d1-86a1-4ec6-b734-7a0a0f706206,40270,17279,76850,JohnDe08,24455,11021,3,"https://static.www.nfl.com/image/upload/f_auto,q_auto/league/qj7pup9mp0owqeocx98x",,1,REG,A01,Desjuan,JOH202189,56124,32004a4f-4820-2189-6e26-1076b497c1d2,2023,2023,LAR,259.0,26.0
2026,LA,LB,OLB,26.0,CUT,Devean Deal,Devean,Deal,,,250,,00-0040971,,,,,,,,,0,,,1,REG,W03,Devean,DEA063889,63048,32004445-4106-3889-20b9-a0118288f408,2026,2026,,,
2026,LA,OL,C,63.0,ACT,Dylan McMahon,Dylan,McMahon,2001-01-22,75.0,305,N.C. State,00-0039830,,,,,,,,,2,"https://static.www.nfl.com/image/upload/f_auto,q_auto/league/xabhymarhssiz8tpgccc",,1,REG,A01,Dylan,MCM094922,57310,32004d43-4d09-4922-64fb-5d63d88d9d9f,2024,2024,PHI,190.0,25.0
2026,LA,LB,OLB,51.0,RES,Eddie Walls III,Eddie,Walls,2002-08-07,76.0,250,Houston; Florida International,00-0041429,,,,,,,,,0,,,1,REG,R01,Eddie,WAL575790,63690,32005741-4c57-5790-edb4-c30dde57edad,2026,2026,,,24.0
2026,LA,LB,ILB,58.0,DEV,Elias Neal,Eli,Neal,2001-09-11,72.0,226,Marshall,00-0039775,4428098,,,18386,97693,NealEl00,,,2,"https://static.www.nfl.com/image/upload/f_auto,q_auto/league/mguzhmnhv07wkw7ekaly",,1,REG,P01,Eli,NEA161334,57915,32004e45-4116-1334-91f3-28c98432d681,2024,2024,,,24.0
2026,LA,DB,CB,1.0,ACT,Emmanuel Forbes,Emmanuel,Forbes,2001-01-13,72.0,180,Mississippi State,00-0039151,4429767,0c767043-de67-4d90-af09-95c45a8ceeaa,40033,17336,124166,ForbEm00,24108,10882,3,"https://static.www.nfl.com/image/upload/f_auto,q_auto/league/zuqfigu7eadzoeo0uymt",,1,REG,A01,Emmanuel,FOR013942,55880,3200464f-5201-3942-ca3a-fc490c35893e,2023,2023,WAS,16.0,25.0
2026,LA,P,P,42.0,ACT,Ethan Evans,Ethan,Evans,2001-07-19,75.0,235,Wingate,00-0039059,5125875,9658e019-e021-42a0-8285-b5aea6e48090,,17134,112090,EvanEt00,24491,11051,3,"https://static.www.nfl.com/image/upload/f_auto,q_auto/league/by1ttgtdiqwd3a2pdbl5",,1,REG,A01,Ethan,EVA187184,56088,32004556-4118-7184-c7e7-f4359b1fb8d6,2023,2023,LAR,223.0,25.0
2026,LA,LB,ILB,44.0,ACT,Grant Stuard,Grant,Stuard,1998-10-15,71.0,225,Houston,00-0036672,4240255,f9dbd390-b1c7-41a2-9e96-6f5de2848efc,33646,15247,55933,StuaGr00,22785,7750,5,"https://static.www.nfl.com/image/upload/f_auto,q_auto/league/n4pxuecujgacthcoxgql",,1,REG,A01,Grant,STU014150,53688,32005354-5501-4150-49bd-b5e4a0e6f4f3,2021,2021,TB,259.0,27.0
2026,LA,K,K,92.0,ACT,Harrison Mevis,Harrison,Mevis,2002-03-27,72.0,243,Missouri,00-0039498,4574716,663ada70-0717-11ef-94de-1b2fbd1e412b,,17921,124212,MeviHa00,25119,12015,2,"https://static.www.nfl.com/image/upload/f_auto,q_auto/league/yjmtai1e4eqbsw2yk6mh",,1,REG,A01,Harrison,MEV426541,57613,32004d45-5642-6541-c792-3b48c4af2cf6,2024,2024,,,24.0
2026,LA,P,P,14.0,DEV,Jack Bouwmeester,Jack,Bouwmeester,1999-05-07,74.0,196,Texas; Utah; Michigan State,00-0041560,,,,,,,,,0,,,1,REG,P03,Jack,BOU641477,63959,3200424f-5564-1477-a2d9-57b17a827b74,2026,2026,,,27.0
2026,LA,DL,DT,98.0,CUT,Jaxson Moi,Jaxson,Moi,,,305,,00-0041428,,,,,,,,,0,"https://static.www.nfl.com/image/upload/f_auto,q_auto/league/pu6btnmx6ypm4ybgvxa2",,1,REG,W03,Jaxson,MOI415291,63689,32004d4f-4941-5291-2db0-60f3597ce034,2026,2026,,,
2026,LA,DB,SS,2.0,ACT,Jaylen McCollough,Jaylen,McCollough,2000-10-12,72.0,206,Tennessee,00-0039776,4427120,e3f6e380-07c3-11ef-8c61-79ad930f01f9,,18385,98845,McCoJa02,25560,12142,2,"https://static.www.nfl.com/image/upload/f_auto,q_auto/league/g4k2pwpoyaethnwwerpy",,1,REG,A01,Jaylen,MCC485248,57916,32004d43-4348-5248-50e4-d1d6a302c4cc,2024,2024,,,25.0
2026,LA,DB,CB,35.0,ACT,Jaylen Watson,Jaylen,Watson,1998-09-17,74.0,204,Washington State; Ventura,00-0037195,4697639,938beb66-29b3-4bf5-ac8e-1b36d21fdcde,34199,16074,131960,WatsJa02,23427,8373,4,"https://static.www.nfl.com/image/upload/f_auto,q_auto/league/vxmoq9pwno4z14gldecd",,1,REG,A01,Jaylen,WAT411506,54708,32005741-5441-1506-d620-e1195b6dd067,2022,2022,KC,243.0,27.0
2026,LA,LS,LS,49.0,ACT,Joe Cardona,Joe,Cardona,1992-04-16,74.0,245,Navy,00-0032228,,,,,,,,,11,"https://static.www.nfl.com/image/upload/f_auto,q_auto/league/csekknezcx6bozjlcfc2",,1,REG,A01,Joe,CAR054160,42509,32004341-5205-4160-e18a-17a03cc27e0e,2015,2015,NE,166.0,34.0
2026,LA,RB,RB,32.0,DEV,Jordan Waters,Jordan,Waters,2000-12-18,72.0,219,N.C. State; Duke,00-0040601,,,,,,,,,1,"https://static.www.nfl.com/image/upload/f_auto,q_auto/league/wszz5ts7eqzjgiuwep45",,1,REG,P01,Jordan,WAT099841,59056,32005741-5409-9841-6dab-e11636908f8c,2025,2025,,,25.0
2026,LA,WR,WR,88.0,ACT,Jordan Whittington,Jordan,Whittington,2000-10-01,73.0,204,Texas,00-0039751,4569382,7cc58a3b-157a-4f43-a7de-5bc403f9ce6b,41083,17688,97623,WhitJo04,25201,11623,2,"https://static.www.nfl.com/image/upload/f_auto,q_auto/league/enqcg1lgjkuk0hqz3qjc",,1,REG,A01,Jordan,WHI807684,57333,32005748-4980-7684-d81b-d4fd81b04bcb,2024,2024,LAR,213.0,25.0
2026,LA,LB,OLB,10.0,ACT,Josaiah Stewart,Josaiah,Stewart,2003-04-26,73.0,245,Michigan; Coastal Carolina,00-0040580,4682983,11a0dc4d-a8fa-44b4-a630-f2a0042268d6,,18662,147092,StewJo03,26203,12621,1,"https://static.www.nfl.com/image/upload/f_auto,q_auto/league/epzy8ucs3mt2qgxhuolw",,1,REG,A01,Josaiah,STE772441,58295,32005354-4577-2441-5080-41528845da37,2025,2025,LAR,90.0,23.0
2026,LA,DB,CB,30.0,ACT,Josh Wallace,Josh,Wallace,2000-07-05,72.0,190,Michigan; UMass Amherst,00-0039772,4572371,424e1560-07c5-11ef-96b2-79ba17dd049f,,17937,97676,WallJo00,25131,12132,2,"https://static.www.nfl.com/image/upload/f_auto,q_auto/league/rl9xt27qup1xfmv1h1gc",,1,REG,A01,Josh,WAL463437,57911,32005741-4c46-3437-5d1d-34c8f1403e41,2024,2024,,,26.0
2026,LA,OL,G,67.0,RES,Justin Dedich,Justin,Dedich,2000-04-21,74.0,295,USC,00-0039784,,,,,,,,,2,"https://static.www.nfl.com/image/upload/f_auto,q_auto/league/lkjtnkp4ooxnycdusrul",,1,REG,R48,Justin,DED284513,57924,32004445-4428-4513-3bd8-6f95492eb5e4,2024,2024,,,26.0
2026,LA,DB,SS,3.0,ACT,Kam Curl,Kamren,Curl,1999-03-03,74.0,203,Arkansas,00-0036349,4242154,eff8e3ec-98e4-49c8-b865-436e3abb0870,32886,14381,55800,CurlKa00,21923,7136,6,"https://static.www.nfl.com/image/upload/f_auto,q_auto/league/b57yoekpyop58abtiilz",,1,REG,A01,Kamren,CUR156872,52624,32004355-5215-6872-6685-585f8c8e4ff9,2020,2020,WAS,216.0,27.0
2026,LA,DB,FS,5.0,ACT,Kamren Kinchens,Kamren,Kinchens,2002-09-29,72.0,205,Miami,00-0039834,4596363,c4c31524-3ac6-4337-bd99-4085f92d4a13,,17722,143946,KincKa00,25027,11726,2,"https://static.www.nfl.com/image/upload/f_auto,q_auto/league/fnxdjnzzmmihkv0p2efc",,1,REG,A01,Kamren,KIN099099,57220,32004b49-4e09-9099-7562-5ccc68eaf694,2024,2024,LAR,99.0,23.0
2026,LA,OL,T,79.0,RES,Keagen Trost,Keagen,Trost,2001-04-15,76.0,311,Missouri; Wake Forest,00-0041394,,,,,,,,,0,"https://static.www.nfl.com/image/upload/f_auto,q_auto/league/yu1xi1tsm8my89xiefte",,1,REG,R48,Keagen,TRO363377,62715,32005452-4f36-3377-ea3c-72116040b802,2026,2026,LAR,93.0,25.0
2026,LA,LB,OLB,11.0,RES,Keir Thomas,Keir,Thomas,1998-01-25,74.0,275,Florida State,00-0037057,4038843,60ffacb0-d209-11ec-ab20-b37737d70cc4,,16416,42509,ThomKe04,23954,8739,4,"https://static.www.nfl.com/image/upload/f_auto,q_auto/league/wtzpz7bs64wypd4sgrya",,1,REG,R01,Keir,THO266349,54750,32005448-4f26-6349-aec0-af203ab75a36,2022,2022,,,28.0
2026,LA,OL,G,69.0,ACT,Kevin Dotson,Kevin,Dotson,1996-09-18,76.0,321,Louisiana-Lafayette,00-0036339,,,,,,,,,6,"https://static.www.nfl.com/image/upload/f_auto,q_auto/league/bpsw4ieqbgop8jnqalw9",,1,REG,A01,Kevin,DOT283423,52543,3200444f-5428-3423-3491-152dde48c604,2020,2020,PIT,135.0,29.0
2026,LA,DL,DT,91.0,ACT,Kobie Turner,Kobie,Turner,1999-04-26,74.0,290,Wake Forest,00-0039138,4250621,86f8915e-a09a-4cdf-ad41-13d72d217269,40110,17157,66894,TurnKo00,24474,10916,3,"https://static.www.nfl.com/image/upload/f_auto,q_auto/league/lallpvcrevuemqxzmyuu",,1,REG,A01,Kobie,TUR561805,55954,32005455-5256-1805-792f-d5a6d13c60e4,2023,2023,LAR,89.0,27.0
2026,LA,WR,WR,4.0,ACT,Konata Mumpfield,Konata,Mumpfield,2002-10-24,73.0,185,Pittsburgh; Akron,00-0040590,4710855,ccb6d700-ac74-4f6b-9f86-d1aa74d0c318,,17081,145598,MumpKo00,25001,12718,1,"https://static.www.nfl.com/image/upload/f_auto,q_auto/league/cehkowkvb4aujslmppbj",,1,REG,A01,Konata,MUM478130,58447,32004d55-4d47-8130-a5b3-cf5623c5e8e2,2025,2025,LAR,242.0,23.0
2026,LA,RB,RB,23.0,ACT,Kyren Williams,Kyren,Williams,2000-08-26,69.0,199,Notre Dame,00-0037840,4430737,19d44771-8f1d-4127-9b7d-230da137f15d,34120,15807,97118,WillKy02,23212,8150,4,"https://static.www.nfl.com/image/upload/f_auto,q_auto/league/xti3pek6rmojqchakxpy",,1,REG,A01,Kyren,WIL415359,54629,32005749-4c41-5359-809b-caeaa1db84d0,2022,2022,LAR,164.0,26.0
2026,LA,DL,DT,52.0,DEV,Larrell Murchison,Larrell,Murchison,1997-04-24,74.0,291,N.C. State; Louisburg,00-0036237,4240123,ff0950aa-357f-47b4-b4dd-d4374413ffc1,32844,14718,57004,MurcLa00,21880,6887,6,"https://static.www.nfl.com/image/upload/f_auto,q_auto/league/selpjbonlchfv4krusrd",,1,REG,P07,Larrell,MUR050645,52582,32004d55-5205-0645-8ac2-0c9cf311ff55,2020,2020,TEN,174.0,29.0
2026,LA,QB,QB,16.0,RES,Matthew Caldwell,Matthew,Caldwell,2003-05-23,76.0,209,Texas; Troy; Gardner-Webb; Jacksonville State,00-0041414,,,,,,,,,0,,,1,REG,R01,Matthew,CAL293915,63674,32004341-4c29-3915-b04d-5c050f5c8b8f,2026,2026,,,23.0
2026,LA,QB,QB,9.0,ACT,Matthew Stafford,John,Stafford,1988-02-07,75.0,220,Georgia,00-0026498,12483,ade43b1a-0601-4672-83b6-d246bc066a19,9265,5971,4924,StafMa00,9038,421,17,"https://static.www.nfl.com/image/upload/f_auto,q_auto/league/jwpkjfrkzufdyh8u1mg7",,1,REG,A01,Matthew,STA134157,34452,32005354-4113-4157-19b1-37e6835d09b9,2009,2009,DET,1.0,38.0
2026,LA,TE,TE,86.0,ACT,Max Klare,Maxwell,Klare,2003-07-08,76.0,246,Ohio State; Purdue,00-0041510,4833029,680fc10a-4de2-4571-b228-2c2fd79d437f,,19278,162884,KlarMa00,26753,13278,0,,,1,REG,A01,Max,KLA269938,62683,32004b4c-4126-9938-2676-333b419d9bd3,2026,2026,LAR,61.0,23.0
2026,LA,LB,OLB,95.0,ACT,Myles Garrett,Myles,Garrett,1995-12-29,76.0,272,Texas A&M,00-0033868,3122132,a85a0ba9-674c-4f37-a944-474fc6cdf557,30114,11914,11756,GarrMy00,18807,3973,9,"https://static.www.nfl.com/image/upload/f_auto,q_auto/league/y2d1lvpgfarfv76hjcqm",,1,REG,A01,Myles,GAR528896,44813,32004741-5252-8896-2c1d-5aafec7d47e8,2017,2017,CLE,1.0,30.0
2026,LA,LB,ILB,53.0,ACT,Nate Landman,Nate,Landman,1998-11-19,75.0,230,Colorado,00-0037587,4243181,7fe2ddd0-cc7f-11ec-8d55-87af3a9174bd,34291,15904,57788,LandNa01,23539,8659,4,"https://static.www.nfl.com/image/upload/f_auto,q_auto/league/w44rpubxjijvxv0pkfnh",,1,REG,A01,Nate,LAN108404,55175,32004c41-4e10-8404-7773-9eee03d2b855,2022,2022,,,27.0
2026,LA,DB,FS,43.0,CUT,Nate Valcarcel,Nathaniel,Valcarcel,2002-05-23,73.0,192,Northern Illinois; South Dakota,00-0040600,,,,,,,,,1,"https://static.www.nfl.com/image/upload/f_auto,q_auto/league/dpxsxb6f7s8hymgvpfin",,1,REG,W03,Nate,VAL120892,59055,32005641-4c12-0892-5e9f-471431123732,2025,2025,,,24.0
2026,LA,DB,FS,45.0,DEV,Nick Andersen,Nick,Andersen,2002-01-28,71.0,197,Wake Forest,00-0041413,,,,,,,,,0,"https://static.www.nfl.com/image/upload/f_auto,q_auto/league/fptjz8akstlgldroj4sm",,1,REG,P01,Nick,AND021102,63673,3200414e-4402-1102-6b72-5e26ecc42ee3,2026,2026,,,24.0
2026,LA,LB,ILB,54.0,CUT,Nikhai Hill-Green,Nikhai,Hill-Green,,,235,,00-0041419,,,,,,,,,0,,,1,REG,W03,Nikhai,HIL696130,63679,32004849-4c69-6130-1333-f4d3ea1b2bb9,2026,2026,,,
2026,LA,DB,CB,25.0,DEV,Nyzier Fourqurean,Nyzier,Fourqurean,2002-01-01,73.0,190,Wisconsin,00-0041416,,,,,,,,,0,"https://static.www.nfl.com/image/upload/f_auto,q_auto/league/qqbmr0tzkjo6v9dmmf9t",,1,REG,P01,Nyzier,FOU593952,63676,3200464f-5559-3952-6375-2a842296f705,2026,2026,,,24.0
2026,LA,LB,ILB,48.0,ACT,Omar Speights,Omar,Speights,2001-03-02,73.0,235,LSU; Oregon State,00-0039774,4428550,c24e8e40-07c3-11ef-b253-11c65affe8a4,,17914,97723,SpeiOm00,25542,12140,2,"https://static.www.nfl.com/image/upload/f_auto,q_auto/league/tbz3cgrfkc8yjsxkjhxe",,1,REG,A01,Omar,SPE286083,57913,32005350-4528-6083-9730-b6ffade66008,2024,2024,,,25.0
2026,LA,DL,DT,62.0,CUT,Payton Zdroik,Payton,Zdroik,,,272,,00-0041423,,,,,,,,,0,"https://static.www.nfl.com/image/upload/f_auto,q_auto/league/lfn9bstmbeqlioweaynh",,1,REG,W03,Payton,ZDR415291,63683,32005a44-5241-5291-7797-3a40e1f14acf,2026,2026,,,
2026,LA,DL,NT,97.0,ACT,Poona Ford,Kaylon,Ford,1995-11-19,71.0,310,Texas,00-0034234,3125114,09b78e4f-e683-4c5d-b35e-35cc0dbbf7e5,31477,12492,48875,FordPo00,20185,5226,8,"https://static.www.nfl.com/image/upload/f_auto,q_auto/league/emckafsx5psbs9pjhhpe",,1,REG,A01,Poona,FOR313563,46487,3200464f-5231-3563-7ceb-0c4e0d3f4032,2018,2018,,,30.0
2026,LA,WR,WR,12.0,ACT,Puka Nacua,Puka,Nacua,2001-05-29,74.0,205,BYU; Washington,00-0039075,4426515,111be44d-7bc2-4cad-934d-c9e946293b2f,40168,16790,100632,NacuPu00,24172,9493,3,"https://static.www.nfl.com/image/upload/f_auto,q_auto/league/ipy6qw7hdygdfc8k86ba",,1,REG,A01,Puka,NAC559347,56042,32004e41-4355-9347-35af-af88fcaf7ee9,2023,2023,LAR,177.0,25.0
2026,LA,DB,FS,37.0,ACT,Quentin Lake,Quentin,Lake,1999-01-29,73.0,205,UCLA,00-0037841,4249128,c2c112f0-13bd-44a8-a447-f3429c4f3e65,34167,16146,56245,LakeQu00,23559,8330,4,"https://static.www.nfl.com/image/upload/f_auto,q_auto/league/qktbfevtbxiyrw9ekk72",,1,REG,A01,Quentin,LAK415666,54676,32004c41-4b41-5666-ff9b-b066db8a2f2e,2022,2022,LAR,211.0,27.0
2026,LA,TE,TE,46.0,CUT,Rohan Jones,Rohan,Jones,,,238,,00-0041403,5083509,9fe94ce0-42a5-11f1-8ad6-b5c08e66f319,,19688,159125,JoneRo03,26971,13810,0,,,1,REG,W03,Rohan,JON700194,62896,32004a4f-4e70-0194-f1fd-3b289a023b46,2026,2026,,,
2026,LA,RB,RB,20.0,ACT,Ronnie Rivers,Ronnie,Rivers,1999-01-31,69.0,190,Fresno State,00-0037557,4243003,246db560-cb4e-11ec-a667-6354702e3fca,34310,16108,57208,RiveRo01,22547,8195,4,"https://static.www.nfl.com/image/upload/f_auto,q_auto/league/t9l7jhs1jw1joy8jpxee",,1,REG,A01,Ronnie,RIV673384,55145,32005249-5667-3384-6c78-b7eef7619467,2022,2022,,,27.0
2026,LA,LB,ILB,56.0,ACT,Shaun Dolac,Shaun,Dolac,2001-09-14,73.0,225,Buffalo,00-0040613,4693848,36206400-254c-11f0-85e6-ad6d4b9a9b15,,18913,130406,DolaSh00,26306,13000,1,"https://static.www.nfl.com/image/upload/f_auto,q_auto/league/hqgtyx8usody1lywex4a",,1,REG,A01,Shaun,DOL039551,59068,3200444f-4c03-9551-2ab3-5f9bcd179974,2025,2025,,,24.0
2026,LA,QB,QB,13.0,ACT,Stetson Bennett,Stetson,Bennett,1997-10-28,71.0,190,Georgia; Jones County JC,00-0039107,4259553,a5cc5958-01f9-4b7d-a8d9-c44625d53ed5,40153,16871,60387,BennSt00,24351,10857,3,"https://static.www.nfl.com/image/upload/f_auto,q_auto/league/s0eo3fstv6rkitzbefzu",,1,REG,A01,Stetson,BEN440455,55993,32004245-4e44-0455-998d-976cf08f74c6,2023,2023,LAR,128.0,28.0
2026,LA,OL,G,73.0,ACT,Steve Avila,Esteban,Avila,1999-10-16,75.0,330,TCU,00-0039058,,,,,,,,,3,"https://static.www.nfl.com/image/upload/f_auto,q_auto/league/gftgxclwwznxdrxc15gy",,1,REG,A01,Steve,AVI381004,55901,32004156-4938-1004-f099-2e0d50c5f73d,2023,2023,LAR,36.0,26.0
2026,LA,DB,CB,13.0,CUT,Steven Gilmore,Steven,Gilmore,1999-09-17,72.0,170,Marshall,00-0038655,4374338,5c006420-f3f5-11ed-bb16-a122a4fdc5fb,,17569,83286,GilmSt01,24854,11487,3,"https://static.www.nfl.com/image/upload/f_auto,q_auto/league/hbqoalib7vqrtnulwxz9",,1,REG,W03,Steven,GIL801133,56345,32004749-4c80-1133-d1fe-0a0fcde754b0,2023,2023,,,26.0
2026,LA,DB,SS,34.0,DEV,Tanner Ingle,Tanner,Ingle,1999-10-29,68.0,188,N.C. State,00-0038366,4361651,,,17474,76667,InglTa00,,,3,"https://static.www.nfl.com/image/upload/f_auto,q_auto/league/vzeuylllstdp5udwxgzq",,1,REG,P01,Tanner,ING207645,56139,3200494e-4720-7645-a7b3-d703f411070c,2023,2023,,,26.0
2026,LA,TE,TE,18.0,ACT,Terrance Ferguson,Terrance,Ferguson,2003-03-07,77.0,255,Oregon,00-0040737,4570037,fdfc7b8e-a202-4459-91f8-be6e053e5d29,,18497,146563,FergTe00,25970,12487,1,"https://static.www.nfl.com/image/upload/f_auto,q_auto/league/w5o0s5yf6j5dsmiwdtfg",,1,REG,A01,Terrance,FER333882,58251,32004645-5233-3882-9ca7-fa63e767baea,2025,2025,LAR,46.0,23.0
2026,LA,DL,DT,96.0,DEV,Tim Keenan III,Tim,Keenan,,,327,,00-0041534,4431414,d68ec9d2-8367-49ff-84e5-47b0f65ee718,,19518,146617,KeenTi00,26902,13558,0,"https://static.www.nfl.com/image/upload/f_auto,q_auto/league/qasbqd0pea2nnfgtg9fj",,1,REG,P01,Tim,KEE636403,62854,32004b45-4563-6403-de03-c357753a5e7d,2026,2026,LAR,232.0,
2026,LA,DB,CB,22.0,ACT,Trent McDuffie,Trent,McDuffie,2000-09-13,71.0,195,Washington,00-0037191,4426405,358bda61-ccb6-443a-a51c-3b14b3cadf22,33976,16003,72191,McDuTr00,23365,8364,4,"https://static.www.nfl.com/image/upload/f_auto,q_auto/league/xaq30zfwnliekwqzoank",,1,REG,A01,Trent,MCD824296,54486,32004d43-4482-4296-793c-79be74c0e9fd,2022,2022,KC,21.0,25.0
2026,LA,WR,WR,16.0,CUT,Tru Edwards,Tru,Edwards,2001-06-09,75.0,202,Louisiana Tech; Hawaii; Navarro,00-0040609,,,,,,,,,1,"https://static.www.nfl.com/image/upload/f_auto,q_auto/league/xhstos22n8zl6qe6v2zn",,1,REG,W03,Tru,EDW727782,59064,32004544-5772-7782-3e70-a4c9a182e3e9,2025,2025,,,25.0
2026,LA,WR,WR,8.0,ACT,Tutu Atwell,Chatarius,Atwell,1999-10-07,69.0,153,Louisville,00-0036849,4360797,7dc49535-f9dd-44b0-94f2-08ac6470130b,33445,15229,77965,AtweTu00,22602,7562,5,"https://static.www.nfl.com/image/upload/f_auto,q_auto/league/tl2aa9ucbtcwhr1yk3tf",,1,REG,A01,Tutu,ATW460468,53486,32004154-5746-0468-3028-a14cc41f9cf3,2021,2021,LAR,57.0,26.0
2026,LA,DL,NT,57.0,ACT,Ty Hamilton,Ty,Hamilton,2002-04-15,75.0,295,Ohio State,00-0040585,4431118,cf6d1752-4c9d-4960-ba59-74cdd16c332a,,18690,66298,HamiTy00,26220,12676,1,"https://static.www.nfl.com/image/upload/f_auto,q_auto/league/gtriftz4gtmqpetxqp9o",,1,REG,A01,Ty,HAM360450,58353,32004841-4d36-0450-ee10-d4ae78ee2bb2,2025,2025,LAR,148.0,24.0
2026,LA,QB,QB,15.0,ACT,Ty Simpson,Tyler,Simpson,2002-12-21,73.0,211,Alabama,00-0041568,4685522,2e62e603-363a-425f-8c57-0a1600476c85,,19275,157008,SimpTy00,26739,13275,0,,,1,REG,A01,Ty,SIM639376,62635,32005349-4d63-9376-c6de-c1666dcadc47,2026,2026,LAR,13.0,23.0
2026,LA,DL,DT,90.0,ACT,Tyler Davis,Tyler,Davis,2000-11-01,74.0,300,Clemson,00-0039749,4568217,4adfc559-1138-4476-a095-3bbaa7ba18b3,,17799,97610,DaviTy05,25224,11799,2,"https://static.www.nfl.com/image/upload/f_auto,q_auto/league/ych0dv47y4jomyxybenf",,1,REG,A01,Tyler,DAV781781,57316,32004441-5678-1781-8e6a-1ff7fbcc25b1,2024,2024,LAR,196.0,25.0
2026,LA,TE,TE,89.0,ACT,Tyler Higbee,Tyler,Higbee,1993-01-01,78.0,257,Western Kentucky,00-0033110,2573401,0df7912d-9e81-47ea-b4f7-d04986df4ee8,29344,10854,10744,HigbTy00,18032,3271,10,"https://static.www.nfl.com/image/upload/f_auto,q_auto/league/x1d4osiefibd04df6gow",,1,REG,A01,Tyler,HIG033222,43399,32004849-4703-3222-e4e8-bd596550bfdb,2016,2016,LAR,110.0,33.0
2026,LA,WR,WR,82.0,CUT,Tyler Scott,Tyler,Scott,2001-10-12,70.0,185,Cincinnati,00-0038941,4565908,6833ad69-9f24-4780-989c-83bdb090ec5e,40141,16713,123578,ScotTy00,24220,9490,3,"https://static.www.nfl.com/image/upload/f_auto,q_auto/league/lmtqp0nnsglmo6ypp1ec",,1,REG,W03,Tyler,SCO719390,55998,32005343-4f71-9390-286c-9940bb34941f,2023,2023,CHI,133.0,24.0
2026,LA,OL,T,71.0,ACT,Warren McClendon Jr.,Warren,McClendon,2001-04-11,76.0,300,Georgia,00-0039077,,,,,,,,,3,"https://static.www.nfl.com/image/private/f_auto,q_auto/league/v6l1ydwiawpfcldcb7if",,1,REG,A01,Warren,MCC396909,56039,32004d43-4339-6909-f80c-dc33061d9216,2023,2023,LAR,174.0,25.0
2026,LA,LB,OLB,47.0,ACT,Wesley Bailey,Wesley,Bailey,2001-04-26,77.0,265,Louisville; Rutgers,00-0041404,4430919,,,19723,129871,,,,0,"https://static.www.nfl.com/image/upload/f_auto,q_auto/league/roysfq0w8zqapiaxl5ef",,1,REG,A01,Wesley,BAI653207,62967,32004241-4965-3207-abcd-3630578309f7,2026,2026,,,25.0
2026,LA,OL,G,60.0,CUT,Wyatt Bowles,Wyatt,Bowles,2000-01-28,77.0,300,Utah State,00-0040611,,,,,,,,,1,"https://static.www.nfl.com/image/upload/f_auto,q_auto/league/b0lgpmv2mgdvxhvgpagn",,1,REG,W03,Wyatt,BOW394525,59066,3200424f-5739-4525-fb75-84dec1ccb242,2025,2025,,,26.0
2026,LA,WR,WR,19.0,ACT,Xavier Smith,Xavier,Smith,1997-09-21,69.0,170,Florida A&M,00-0038359,4386544,98b88de0-e8e5-11ed-ad77-290d92d9e505,40399,17467,102585,SmitXa00,24743,11168,3,"https://static.www.nfl.com/image/upload/f_auto,q_auto/league/hqvwpitewijx8bjrcofe",,1,REG,A01,Xavier,SMI826503,56130,3200534d-4982-6503-a392-dc0478d8bcb3,2023,2023,,,28.0
2026,LA,DB,CB,41.0,RES,Zech McPhearson,Zech,McPhearson,1998-03-21,71.0,195,Texas Tech; Penn State,00-0036917,4045161,34786359-962b-44e4-8882-d387d1a8ed42,33511,15558,45464,McPhZe00,22907,7717,5,"https://static.www.nfl.com/image/private/f_auto,q_auto/league/ih4tfn9t1fujcyiw9a83",,1,REG,R01,Zech,MCP405444,53552,32004d43-5040-5444-e8f6-7dfc8699f28b,2021,2021,PHI,123.0,28.0
2026,MIN,RB,RB,33.0,ACT,Aaron Jones,Aaron,Jones,1994-12-02,69.0,208,Texas-El Paso,00-0033293,3042519,27dd5b6e-ea65-4622-a6b4-460fd144407c,30295,11763,11937,JoneAa00,19045,4199,9,"https://static.www.nfl.com/image/upload/f_auto,q_auto/league/bktkfvgfwujkdbzkcfim",,1,REG,A01,Aaron,JON026624,44995,32004a4f-4e02-6624-33bd-3ba151b7013d,2017,2017,GB,182.0,31.0
2026,MIN,WR,WR,16.0,RET,Adam Thielen,Adam,Thielen,1990-08-22,74.0,200,Minnesota State,00-0030035,16460,2fa2b2da-4aa9-44b5-b27e-56876dfe2ad4,27277,8986,8288,ThieAd00,15534,1689,13,"https://static.www.nfl.com/image/upload/f_auto,q_auto/league/pv6gajxtt6zhum2unnsl",,1,REG,R02,Adam,THI510348,40488,32005448-4951-0348-440c-28f32f21652b,2013,2013,,,36.0
2026,MIN,LS,LS,42.0,ACT,Andrew DePaola,Andrew,DePaola,1987-07-28,73.0,230,Rutgers,00-0029714,,,,,,,,,14,"https://static.www.nfl.com/image/upload/f_auto,q_auto/league/zvvseyjneba7ehms6pd9",,1,REG,A01,Andrew,DEP118180,39750,32004445-5011-8180-19a1-6814db083a3b,2012,2012,,,39.0
2026,MIN,LB,OLB,43.0,ACT,Andrew Van Ginkel,Andrew,Van Ginkel,1995-07-01,76.0,242,Wisconsin; Iowa Western CC; South Dakota,00-0035272,3133487,7b47d190-168b-44bc-bb91-a688fe28f768,31983,13887,30267,VanGAn00,20971,6183,7,"https://static.www.nfl.com/image/upload/f_auto,q_auto/league/vbpdlib647tcpzz59wyt",,1,REG,A01,Andrew,VAN463493,47934,32005641-4e46-3493-ddb1-0c81031159d0,2019,2019,MIA,151.0,31.0
2026,MIN,LB,ILB,59.0,DEV,Bangally Kamara,Bangally,Kamara,2001-10-13,74.0,235,Kansas; South Carolina; Pittsburgh,00-0041431,,,,,,,,,0,"https://static.www.nfl.com/image/upload/f_auto,q_auto/league/o2ni1w7qx6aqgqfv6heh",,1,REG,P01,Bangally,KAM306671,63692,32004b41-4d30-6671-297e-31d59d58b544,2026,2026,,,24.0
2026,MIN,TE,TE,85.0,ACT,Ben Yurosek,Benjamin,Yurosek,2002-03-17,76.0,242,Georgia; Stanford,00-0040509,4433959,1f3d48b0-2629-11f0-9dca-47cf7c5385b0,,18536,131786,YuroBe00,26274,13121,1,"https://static.www.nfl.com/image/upload/f_auto,q_auto/league/q6ea6dqd4nn27aeihiv7",,1,REG,A01,Ben,YUR564972,58955,32005955-5256-4972-5754-21794b077719,2025,2025,,,24.0
2026,MIN,OL,C,64.0,ACT,Blake Brandel,Blake,Brandel,1997-01-23,79.0,307,Oregon State,00-0036347,,,,,,,,,6,"https://static.www.nfl.com/image/upload/f_auto,q_auto/league/pahzsehwe1mplzelu3wl",,1,REG,A01,Blake,BRA545703,52611,32004252-4154-5703-706f-b393317eb315,2020,2020,MIN,203.0,29.0
2026,MIN,LB,ILB,51.0,ACT,Blake Cashman,Blake,Cashman,1996-05-10,73.0,235,Minnesota,00-0035276,3728281,17dfbad4-f4fc-4a65-a085-6cdcefe36879,31989,13846,35413,CashBl00,21118,6217,7,"https://static.www.nfl.com/image/upload/f_auto,q_auto/league/mvui8tjkoewkupyncbok",,1,REG,A01,Blake,CAS316185,47940,32004341-5331-6185-2b37-0d7120bc9212,2019,2019,NYJ,157.0,30.0
2026,MIN,LB,OLB,98.0,ACT,Bo Richter,Bo,Richter,2000-08-13,73.0,250,Air Force,00-0039718,4875564,ee995e00-0591-11ef-bf22-39578731379d,,18182,145962,RichBo01,25433,11929,2,"https://static.www.nfl.com/image/upload/f_auto,q_auto/league/kbhux5tafk9i4lqkcmtn",,1,REG,A01,Bo,RIC708840,57881,32005249-4370-8840-730a-0a8bbf33d483,2024,2024,,,26.0
2026,MIN,P,P,47.0,ACT,Brett Thorson,Brett,Thorson,2000-01-06,73.0,237,Georgia,00-0041581,4799994,,,19513,,ThorBr01,,,0,,,1,REG,A01,Brett,THO826739,62889,32005448-4f82-6739-ac4a-d0cb73479bcc,2026,2026,,,26.0
2026,MIN,OL,T,75.0,ACT,Brian O'Neill,Brian,O'Neill,1995-09-15,79.0,297,Pittsburgh,00-0034158,,,,,,,,,8,"https://static.www.nfl.com/image/upload/f_auto,q_auto/league/ouq6nfernugv9rsvcvwm",,1,REG,A01,Brian,ONE620476,46131,32004f4e-4562-0476-e88b-0b8007f92aac,2018,2018,MIN,62.0,30.0
2026,MIN,DB,CB,28.0,DEV,Bryce Phillips,Bryce,Phillips,2003-02-22,72.0,195,San Diego State; Tennessee State,00-0040962,,,,,,,,,0,"https://static.www.nfl.com/image/upload/f_auto,q_auto/league/nntcmusvmsalcqhl63g9",,1,REG,P01,Bryce,PHI125646,63039,32005048-4912-5646-ab03-a80726a042cc,2026,2026,,,23.0
2026,MIN,TE,TE,83.0,RES,Bryson Nesbit,Bryson,Nesbit,2002-09-25,77.0,235,North Carolina,00-0040504,,,,,,,,,1,"https://static.www.nfl.com/image/upload/f_auto,q_auto/league/xv1e25hi4dhzfzni0gui",,1,REG,W03,Bryson,NES034893,58950,32004e45-5303-4893-376b-85b28fb751f1,2025,2025,,,23.0
2026,MIN,DB,CB,7.0,ACT,Byron Murphy,Byron,Murphy,1998-01-18,71.0,190,Washington,00-0035236,4038999,c025b513-9431-4097-bc25-9777bf08f846,31865,13560,44027,MurpBy00,20888,5864,7,"https://static.www.nfl.com/image/upload/f_auto,q_auto/league/secfzfwznyhcgiow4rvq",,1,REG,A01,Byron,MUR405853,47816,32004d55-5240-5853-e4e5-d4f178b58b0b,2019,2019,AZ,33.0,28.0
2026,MIN,RB,FB,30.0,RET,C.J. Ham,Cortez,Ham,1993-07-22,71.0,235,Augustana (SD),00-0032918,4012556,971fc9e5-bebb-4a2c-a822-8c52f92a3d07,29951,11599,11347,HamxC.00,18652,3832,10,"https://static.www.nfl.com/image/upload/f_auto,q_auto/league/evssvutwjy6szq7dpelm",,1,REG,R02,C.J.,HAM006291,43971,32004841-4d00-6291-f7a2-2bea51f90d48,2016,2016,,,33.0
2026,MIN,DL,DE,95.0,ACT,Caleb Banks,Caleb,Banks,2003-03-12,78.0,327,Florida; Louisville,00-0041033,4602019,b182f2f3-d16b-4560-b95f-eba819141a91,,19417,144146,BankCa01,28058,13445,0,"https://static.www.nfl.com/image/upload/f_auto,q_auto/league/kn0vbk3i04hyepp7phmb",,1,REG,A01,Caleb,BAN414915,62640,32004241-4e41-4915-7867-f5ec0fc4dc5b,2026,2026,MIN,18.0,23.0
2026,MIN,OL,T,78.0,ACT,Caleb Tiernan,Caleb,Tiernan,2003-01-23,79.0,323,Northwestern,00-0041053,,,,,,,,,0,"https://static.www.nfl.com/image/upload/f_auto,q_auto/league/wp0lu3cuqnu47gn3gmo1",,1,REG,A01,Caleb,TIE174859,62719,32005449-4517-4859-9d7e-6d7dd53ebd28,2026,2026,MIN,97.0,23.0
2026,MIN,TE,TE,83.0,DEV,Cam Grandy,Cam,Grandy,1999-11-19,77.0,253,Illinois State; Missouri Western,00-0039631,4700712,8e6c6eb0-0725-11ef-b490-715b3492492e,,18284,134552,GranCa00,25513,12062,2,"https://static.www.nfl.com/image/upload/f_auto,q_auto/league/uay5dmniqx1baal3q3uu",,1,REG,P01,Cam,GRA307858,57772,32004752-4130-7858-9911-3c2b174939de,2024,2024,,,26.0
2026,MIN,LB,OLB,49.0,CUT,Cam'Ron Stewart,Cam'Ron,Stewart,,,250,,00-0041353,,,,,,,,,0,"https://static.www.nfl.com/image/upload/f_auto,q_auto/league/twtdm7vmhzc0idevxtog",,1,REG,P01,Cam'Ron,STE743810,63617,32005354-4574-3810-13b4-d9822152fa82,2026,2026,,,
2026,MIN,QB,QB,11.0,ACT,Carson Wentz,Carson,Wentz,1992-12-30,77.0,237,North Dakota State,00-0032950,2573079,e9a5c16b-4472-4be9-8030-3f77be7890cb,29236,10856,10636,WentCa00,17920,3161,10,"https://static.www.nfl.com/image/upload/f_auto,q_auto/league/vuolixdvigc8axelug66",,1,REG,A01,Carson,WEN615770,43291,32005745-4e61-5770-9c68-1652f876bc72,2016,2016,PHI,2.0,33.0
2026,MIN,DB,CB,20.0,ACT,Charles Demmings,Charles,Demmings,2003-04-05,73.0,193,Stephen F. Austin State,00-0041083,5091793,dd95b38c-b70a-42cc-ad9f-e52e2c6afd65,,19564,150672,DemmCh00,26999,13513,0,"https://static.www.nfl.com/image/upload/f_auto,q_auto/league/xqpfpwzaotawvch1v4ok",,1,REG,A01,Charles,DEM423165,62785,32004445-4d42-3165-60f2-6d978193f042,2026,2026,MIN,163.0,23.0
2026,MIN,LB,OLB,40.0,ACT,Chaz Chambliss,Charles,Chambliss,2002-10-25,73.0,250,Georgia,00-0040496,4431520,5a00fa10-245c-11f0-bd01-e9abfbd27879,,18829,146728,ChamCh01,26311,12879,1,"https://static.www.nfl.com/image/upload/f_auto,q_auto/league/wwuawbggpxurztrxyyuh",,1,REG,A01,Chaz,CHA158265,58941,32004348-4115-8265-b0b2-c6cde76b712e,2025,2025,,,23.0
2026,MIN,OL,T,71.0,ACT,Christian Darrisaw,Christian,Darrisaw,1999-06-02,77.0,314,Virginia Tech,00-0036616,,,,,,,,,5,"https://static.www.nfl.com/image/upload/f_auto,q_auto/league/czyibprjejmeflivtgzb",,1,REG,A01,Christian,DAR682260,53452,32004441-5268-2260-1da4-71998bd16533,2021,2021,MIN,23.0,27.0
2026,MIN,DB,CB,38.0,DEV,Da'Veawn Armstead,Da'Veawn,Armstead,2002-11-20,73.0,183,North Texas; TCU; Sam Houston State,00-0041341,,,,,,,,,0,"https://static.www.nfl.com/image/upload/f_auto,q_auto/league/jxf34gnwnwuohqkssugv",,1,REG,P01,Da'Veawn,ARM071089,63605,32004152-4d07-1089-4d21-141ee459ca35,2026,2026,,,23.0
2026,MIN,LB,OLB,15.0,ACT,Dallas Turner,Dallas,Turner,2003-02-02,75.0,252,Alabama,00-0039924,4565190,1455441c-7e0e-484e-8e8a-5c7606b59709,,17710,146604,TurnDa01,24931,11667,2,"https://static.www.nfl.com/image/upload/f_auto,q_auto/league/k9buimhpd1q6la5pdxs3",,1,REG,A01,Dallas,TUR246013,57138,32005455-5224-6013-e478-961d1c8f7101,2024,2024,MIN,17.0,23.0
2026,MIN,RB,RB,20.0,DEV,DeeJay Dallas,Demetrius,Dallas,1998-09-16,70.0,214,Miami,00-0036425,4240631,48ef5bfa-7b91-4ed1-ad12-e94c0bc101c2,32814,14410,55632,DallDe00,21804,6931,6,"https://static.www.nfl.com/image/upload/f_auto,q_auto/league/qrvemj4m3g2mqlbgy352",,1,REG,P07,DeeJay,DAL415290,52552,32004441-4c41-5290-528d-2115c573d8ed,2020,2020,SEA,144.0,27.0
2026,MIN,OL,G,62.0,CUT,Delby Lemieux,Delby,Lemieux,,,295,,00-0041349,,,,,,,,,0,"https://static.www.nfl.com/image/upload/f_auto,q_auto/league/ngvitclfbc5gfllo6sq3",,1,REG,W03,Delby,LEM263596,63613,32004c45-4d26-3596-3717-d93dcca5a188,2026,2026,,,
2026,MIN,RB,RB,21.0,ACT,Demond Claiborne,Demond,Claiborne,2003-10-09,70.0,188,Wake Forest,00-0041104,4832846,b17d816a-b687-488f-ac03-7dcba5aae0b6,,19234,157523,ClaiDe00,26764,13347,0,"https://static.www.nfl.com/image/upload/f_auto,q_auto/league/vmozbbdzgcaqq1yrixeb",,1,REG,A01,Demond,CLA041524,62820,3200434c-4104-1524-c122-9e2e78581a20,2026,2026,MIN,198.0,22.0
2026,MIN,WR,WR,89.0,DEV,Dillon Bell,Dillon,Bell,2003-11-06,73.0,209,Georgia,00-0041342,4712579,8206b840-419f-11f1-8b6b-0d6e41126fa4,,19337,163734,,26960,13621,0,"https://static.www.nfl.com/image/upload/f_auto,q_auto/league/b9v5ex8bfoum15d8v2gf",,1,REG,P01,Dillon,BEL270533,63606,32004245-4c27-0533-dba2-b134c144f483,2026,2026,,,22.0
2026,MIN,DL,NT,97.0,ACT,Domonique Orange,Domonique,Orange,2004-03-11,74.0,322,Iowa State,00-0041046,4698728,f8744024-7ce5-4b12-8da6-59f2d962d65b,,19527,157602,OranDo00,26889,13464,0,"https://static.www.nfl.com/image/upload/f_auto,q_auto/league/o2druy2qqi3nkcbj9ns6",,1,REG,A01,Domonique,ORA430123,62704,32004f52-4143-0123-658f-c72cbc89c1ac,2026,2026,MIN,82.0,22.0
2026,MIN,OL,G,74.0,ACT,Donovan Jackson,Donovan,Jackson,2002-12-04,76.0,320,Ohio State,00-0040661,,,,,,,,,1,"https://static.www.nfl.com/image/upload/f_auto,q_auto/league/xurpqjpbr0arxuxqanhb",,1,REG,A01,Donovan,JAC135702,58226,32004a41-4313-5702-a725-08f5f02e4781,2025,2025,MIN,24.0,23.0
2026,MIN,WR,WR,19.0,RES,Dontae Fleming,Dontae,Fleming,2001-11-28,74.0,180,Tulane,00-0040498,,,,,,,,,1,"https://static.www.nfl.com/image/upload/f_auto,q_auto/league/z31bqmrgzn9t5wsqtqoy",,1,REG,R01,Dontae,FLE197756,58944,3200464c-4519-7756-6d4a-c7aea6b1eb3b,2025,2025,,,24.0
2026,MIN,DB,CB,6.0,CUT,Dwight McGlothern,Dwight,McGlothern,2002-02-06,74.0,188,Arkansas,00-0039714,4429128,0b114d80-0584-11ef-8549-c35bdee1a640,,17992,124103,McGlDw00,25168,11905,2,"https://static.www.nfl.com/image/upload/f_auto,q_auto/league/jwejtupyvb7lscqs46nm",,1,REG,W03,Dwight,MCG502452,57877,32004d43-4750-2452-f50b-d013530d26a3,2024,2024,,,24.0
2026,MIN,DL,DT,99.0,ACT,Elijah Williams,Elijah,Williams,2002-09-09,75.0,270,Morgan State,00-0040624,4696782,,,19124,138526,WillEl00,,,1,"https://static.www.nfl.com/image/upload/f_auto,q_auto/league/jdad4ub2ljy6hynzxmb4",,1,REG,A01,Elijah,WIL256460,59079,32005749-4c25-6460-49c7-d06cf81ca5d9,2025,2025,,,23.0
2026,MIN,LB,ILB,55.0,ACT,Eric Wilson,Eric,Wilson,1994-09-26,73.0,230,Cincinnati; Northwestern,00-0033336,3056916,bfe704fc-266d-4f6a-afbf-c903b5934e23,30448,12360,38587,WilsEr00,19273,4413,9,"https://static.www.nfl.com/image/upload/f_auto,q_auto/league/xp5tifhe6rxrdz4rsm2f",,1,REG,A01,Eric,WIL683426,45215,32005749-4c68-3426-7a2d-ccb0c14a3b07,2017,2017,,,31.0
2026,MIN,TE,TE,86.0,ACT,Gavin Bartholomew,Gavin,Bartholomew,2003-04-30,77.0,250,Pittsburgh,00-0040215,4708049,c1b41bdc-c726-4ee5-910f-b5e4a00412a3,,18573,144013,BartGa00,26113,12700,1,"https://static.www.nfl.com/image/upload/f_auto,q_auto/league/vezjblfvo9gduiyonlum",,1,REG,A01,Gavin,BAR725688,58407,32004241-5272-5688-e52b-cd5f217f3f70,2025,2025,MIN,202.0,23.0
2026,MIN,OL,C,58.0,CUT,Gavin Gerhardt,Gavin,Gerhardt,,,310,,00-0041124,,,,,,,,,0,"https://static.www.nfl.com/image/upload/f_auto,q_auto/league/racsjeolwog7ueun0pab",,1,REG,P01,Gavin,GER335232,62857,32004745-5233-5232-f0bd-335d95a770d4,2026,2026,MIN,235.0,
2026,MIN,OL,G,68.0,DEV,Henry Byrd,Henry,Byrd,1999-07-01,77.0,310,Princeton,00-0038785,,,,,,,,,3,"https://static.www.nfl.com/image/upload/f_auto,q_auto/league/x6i8ymo7tl6o19o7pmry",,1,REG,P01,Henry,BYR421200,56504,32004259-5242-1200-e337-7292140ebb25,2023,2023,,,27.0
2026,MIN,DB,CB,2.0,ACT,Isaiah Rodgers,Isaiah,Rodgers,1998-01-07,70.0,170,UMass Amherst,00-0036222,4044540,72100db3-2daa-4c17-aaa8-6c2c52bea5f3,32881,14828,27069,RodgIs00,22139,7133,6,"https://static.www.nfl.com/image/upload/f_auto,q_auto/league/ukadn9uyrajapqo6gxuj",,1,REG,A01,Isaiah,ROD368010,52619,3200524f-4436-8010-e65e-c67817074ab0,2020,2020,IND,211.0,28.0
2026,MIN,LB,ILB,0.0,ACT,Ivan Pace Jr.,Ivan,Pace,2000-12-16,70.0,235,Cincinnati; Miami (Ohio),00-0038807,4430280,f5ec3c90-e760-11ed-9f3f-47cc372ca3c1,40301,16804,53587,PaceIv00,24265,11086,3,"https://static.www.nfl.com/image/upload/f_auto,q_auto/league/til1eiumoueha3mnindj",,1,REG,A01,Ivan,PAC227420,56527,32005041-4322-7420-e151-cbb8330c9baa,2023,2023,,,25.0
2026,MIN,QB,QB,9.0,ACT,J.J. McCarthy,Jonathan,McCarthy,2003-01-20,75.0,202,Michigan,00-0039923,4433970,587cc3c3-aeda-4ac7-8803-a7e4db195534,40905,17689,144918,McCaJJ00,24956,11565,2,"https://static.www.nfl.com/image/upload/f_auto,q_auto/league/omybnfokapjw6jwb5dd3",,1,REG,A01,J.J.,MCC189531,57131,32004d43-4318-9531-b3f5-120a14383239,2024,2024,MIN,10.0,23.0
2026,MIN,OL,T,79.0,DEV,Jack Nelson,Jack,Nelson,2002-01-15,79.0,316,Wisconsin,00-0040224,,,,,,,,,1,"https://static.www.nfl.com/image/upload/f_auto,q_auto/league/lfq3fxdznxmhx59npsyt",,1,REG,P06,Jack,NEL486278,58423,32004e45-4c48-6278-b09f-28c95c4bf3c2,2025,2025,ATL,218.0,24.0
2026,MIN,LB,ILB,48.0,RES,Jacob Roberts,Jacob,Roberts,2001-09-20,73.0,233,Wake Forest; North Carolina A&T,00-0040786,,,,,,,,,0,"https://static.www.nfl.com/image/upload/f_auto,q_auto/league/r2xg8flrjhh47j9jawx6",,1,REG,R01,Jacob,ROB202120,58062,3200524f-4220-2120-d83e-92de06105d36,2026,2026,,,24.0
2026,MIN,DB,SS,39.0,ACT,Jacob Thomas,Jacob,Thomas,2004-05-30,73.0,212,James Madison,00-0041354,5082397,,,19762,156722,,,,0,"https://static.www.nfl.com/image/upload/f_auto,q_auto/league/xme4nohvydgpjnj6gpge",,1,REG,A01,Jacob,THO208380,63618,32005448-4f20-8380-73ca-bd51314e03be,2026,2026,,,22.0
2026,MIN,DL,DE,96.0,DEV,Jahvaree Ritzie,Jahvaree,Ritzie,2003-01-31,76.0,290,North Carolina,00-0040572,,,,,,,,,1,"https://static.www.nfl.com/image/upload/f_auto,q_auto/league/wc149d02t0sbougkceuk",,1,REG,P01,Jahvaree,RIT792190,59042,32005249-5479-2190-7d94-3ac8a181aeb3,2025,2025,,,23.0
2026,MIN,LB,ILB,41.0,ACT,Jake Golday,Jake,Golday,2003-05-23,76.0,239,Cincinnati; Central Arkansas,00-0041495,4877652,a305134e-4758-4b7f-a59a-44be06d4f7e0,,19419,150178,GoldJa01,26884,13391,0,"https://static.www.nfl.com/image/upload/f_auto,q_auto/league/xxquil9cdqnjwqiwrj4h",,1,REG,A01,Jake,GOL029315,62673,3200474f-4c02-9315-f343-45a37a425978,2026,2026,MIN,51.0,23.0
2026,MIN,DB,SS,8.0,ACT,Jakobe Thomas,Jakobe,Thomas,2003-06-30,73.0,211,Miami; Tennessee; Middle Tennessee State,00-0041054,4710865,,,19599,,ThomJa07,,,0,"https://static.www.nfl.com/image/upload/f_auto,q_auto/league/lhdrccjr1nefeeqnuzo7",,1,REG,A01,Jakobe,THO214473,62720,32005448-4f21-4473-5af5-e5732f9e2eb0,2026,2026,MIN,98.0,23.0
2026,MIN,DL,DE,61.0,ACT,Jalen Redmond,Jalen,Redmond,1999-03-12,75.0,292,Oklahoma,00-0038778,4360277,15a85030-ec59-11ed-ae91-5be3a63bf6e6,,17118,76861,RedmJa01,24281,11328,3,"https://static.www.nfl.com/image/upload/f_auto,q_auto/league/y4m9ssdlqb8i7zgmo7tl",,1,REG,A01,Jalen,RED613410,56497,32005245-4461-3410-5102-5e80a97e82ca,2023,2023,,,27.0
2026,MIN,LB,OLB,32.0,RES,Jamal Adams,Jamal,Adams,1995-10-17,73.0,213,LSU,00-0033872,3115373,1a92b0ad-3eb2-4df3-bf02-04c4d9ffe10c,30119,11985,11761,AdamJa00,18923,4077,9,"https://static.www.nfl.com/image/upload/f_auto,q_auto/league/plodzh6kwjvhpo2mf3ie",,1,REG,R01,Jamal,ADA392115,44818,32004144-4139-2115-dda7-1e943e0d454b,2017,2017,NYJ,6.0,30.0
2026,MIN,DB,CB,23.0,ACT,James Pierre,James,Pierre,1996-09-16,74.0,185,Florida Atlantic,00-0035795,4259252,6e0bbdc7-fa74-41d2-b3de-4eaa8e670f87,32939,14439,60649,PierJa01,22068,7419,6,"https://static.www.nfl.com/image/upload/f_auto,q_auto/league/ejlisynlop21gglz3zbh",,1,REG,A01,James,PIE568615,52697,32005049-4556-8615-e463-2015c1729e2f,2020,2020,,,29.0
2026,MIN,DB,CB,35.0,CUT,Jarod Washington,Jarod,Washington,,,188,,00-0041573,,,,,,,,,0,,,1,REG,W03,Jarod,WAS407685,63819,32005741-5340-7685-ab25-9d72e974aa8b,2026,2026,,,
2026,MIN,WR,WR,14.0,ACT,Jauan Jennings,Bennie,Jennings,1997-07-10,75.0,214,Tennessee,00-0036259,3886598,3ae9f0fa-c711-4663-80cf-4707856c07aa,32887,14376,48027,JennJa00,21717,7049,6,"https://static.www.nfl.com/image/upload/f_auto,q_auto/league/ben8kbygzzlid6ltmdum",,1,REG,A01,Jauan,JEN497457,52625,32004a45-4e49-7457-3af8-79760d0083cb,2020,2020,SF,217.0,29.0
2026,MIN,DB,SS,24.0,ACT,Jay Ward,Jay,Ward,2000-07-13,73.0,188,LSU,00-0038578,4568007,7d06db84-b31e-4b68-a6cc-93fb87763a7f,40147,16669,98833,WardJa00,24232,10939,3,"https://static.www.nfl.com/image/upload/f_auto,q_auto/league/dwljd5ukdc8pzy3l5vju",,1,REG,A01,Jay,WAR199835,55999,32005741-5219-9835-c33b-128fd1cf5673,2023,2023,MIN,134.0,26.0
2026,MIN,RB,RB,17.0,RES,Jermar Jefferson,Jermar,Jefferson,2000-04-15,70.0,209,Oregon State,00-0036670,4374033,de456390-b27b-4146-87b9-0267f1ea8db4,33644,15296,83740,JeffJe00,22555,7599,5,"https://static.www.nfl.com/image/upload/f_auto,q_auto/league/bkgrgirrdwlm05vqg74b",,1,REG,R01,Jermar,JEF237349,53686,32004a45-4623-7349-2ea9-d13151c3df59,2021,2021,DET,257.0,26.0
2026,MIN,WR,WR,82.0,RES,Jeshaun Jones,Jeshaun,Jones,1999-12-22,73.0,185,Maryland,00-0039710,4360637,,,17691,84283,JoneJe01,,,2,"https://static.www.nfl.com/image/upload/f_auto,q_auto/league/pwlziiyhd7ectylkejgc",,1,REG,R40,Jeshaun,JON463280,57873,32004a4f-4e46-3280-ec07-7b1f9996f387,2024,2024,,,26.0
2026,MIN,OL,G,60.0,ACT,Joe Huber,Joe,Huber,2002-05-02,77.0,310,Wisconsin,00-0040500,,,,,,,,,1,"https://static.www.nfl.com/image/upload/f_auto,q_auto/league/uyx7yhbqffwghbe517dy",,1,REG,A01,Joe,HUB679771,58946,32004855-4267-9771-19c0-a178428b7567,2025,2025,,,24.0
2026,MIN,WR,WR,3.0,ACT,Jordan Addison,Jordan,Addison,2002-01-27,71.0,175,USC; Pittsburgh,00-0038994,4429205,63fdd64e-1a23-4b77-9536-b1609f3a708c,40042,16895,123000,AddiJo00,23162,9756,3,"https://static.www.nfl.com/image/upload/f_auto,q_auto/league/mi4lzk9gvjrvo6rwdf1e",,1,REG,A01,Jordan,ADD491056,55887,32004144-4449-1056-9ba9-b09766bad478,2023,2023,MIN,23.0,24.0
2026,MIN,RB,RB,27.0,ACT,Jordan Mason,Jordan,Mason,1999-05-24,71.0,218,Georgia Tech,00-0037525,4360569,af9f7390-ca80-11ec-97ae-e1573849d1a6,34320,16163,62946,MasoJo00,23364,8408,4,"https://static.www.nfl.com/image/upload/f_auto,q_auto/league/qeeucinnxl8mpzaw23hc",,1,REG,A01,Jordan,MAS125056,55113,32004d41-5312-5056-fafb-b3b690e395a1,2022,2022,,,27.0
2026,MIN,DB,SS,44.0,ACT,Josh Metellus,Joshua,Metellus,1998-01-21,71.0,210,Michigan,00-0036348,4046537,e135eaa4-1688-487a-a924-4d83b16977df,32875,14479,43395,MeteJo00,21929,6901,6,"https://static.www.nfl.com/image/upload/f_auto,q_auto/league/gmb2ahv4eq0jphammw2h",,1,REG,A01,Josh,MET383442,52613,32004d45-5438-3442-2fcb-95bf95b52581,2020,2020,MIN,205.0,28.0
2026,MIN,TE,TE,84.0,ACT,Josh Oliver,Josh,Oliver,1997-03-21,77.0,250,San Jose State,00-0035249,3921690,dc83f7af-7b30-4c4a-9c93-f67bd8db954b,31901,13786,47083,OlivJo00,20899,5973,7,"https://static.www.nfl.com/image/upload/f_auto,q_auto/league/awdb5xedlbq0ebpptgzb",,1,REG,A01,Josh,OLI524360,47852,32004f4c-4952-4360-2a59-44a3fa93d63f,2019,2019,JAX,69.0,29.0
2026,MIN,LB,ILB,52.0,CUT,Josh Ross,Josh,Ross,1999-10-31,72.0,224,Michigan,00-0037184,4258198,82546a90-c980-11ec-a1a0-57a82b503f37,34404,16189,57971,RossJo01,23784,8285,4,"https://static.www.nfl.com/image/upload/f_auto,q_auto/league/rytixi2fpdu0efr367yj",,1,REG,W03,Josh,ROS616463,54862,3200524f-5361-6463-ca66-56f9292ac1df,2022,2022,,,26.0
2026,MIN,OL,G,79.0,CUT,Joshua Gray,Joshua,Gray,2000-03-13,77.0,310,Oregon State,00-0040548,,,,,,,,,1,"https://static.www.nfl.com/image/upload/f_auto,q_auto/league/k6rbkmqfazi6vs3m7gnm",,1,REG,P01,Joshua,GRA702227,58994,32004752-4170-2227-7356-7f8f75f78acb,2025,2025,,,26.0
2026,MIN,WR,WR,18.0,ACT,Justin Jefferson,Justin,Jefferson,1999-06-16,73.0,192,LSU,00-0036322,4262921,4131d4ee-0318-4bb5-832a-4dec80668a4f,32692,14509,61398,JeffJu00,21685,6794,6,"https://static.www.nfl.com/image/upload/f_auto,q_auto/league/htjevkugzk6ietrjysny",,1,REG,A01,Justin,JEF269287,52430,32004a45-4626-9287-c454-479b942cbd26,2020,2020,MIN,22.0,27.0
2026,MIN,DB,FS,25.0,DEV,Kahlef Hailassie,Kahlef,Hailassie,2000-11-09,73.0,200,Western Kentucky; Oregon,00-0038523,4373814,d470e520-f421-11ed-990e-333ce5b07033,40756,17362,83072,HailKa00,24552,11489,3,"https://static.www.nfl.com/image/upload/f_auto,q_auto/league/jfgdmued5u7dszjnao85",,1,REG,P07,Kahlef,HAI187052,56275,32004841-4918-7052-280f-70a8e10d3657,2023,2023,,,25.0
2026,MIN,LB,OLB,54.0,RES,Kenny Dyson,Kenneth,Dyson,2001-06-27,75.0,235,Bryant,00-0039494,4574008,f1608400-0ef7-11ef-937d-e3ddb9378fcd,,18319,106277,DysoKe01,25611,12391,2,"https://static.www.nfl.com/image/upload/f_auto,q_auto/league/ikgxg2vrumhdez3bu0w9",,1,REG,R01,Kenny,DYS456619,57609,32004459-5345-6619-36b5-2863471b8c8d,2024,2024,,,25.0
2026,MIN,LB,OLB,53.0,DEV,Kyle Van Noy,Kyle,Van Noy,1991-03-26,75.0,255,BYU,00-0031360,16772,0ad845ff-44e8-4576-bc91-61b557e06f05,27568,9262,8675,VanNKy00,16467,2130,12,"https://static.www.nfl.com/image/upload/f_auto,q_auto/league/kxj2hipcguahh4l60vaa",,1,REG,P07,Kyle,VAN656604,41269,32005641-4e65-6604-35eb-7909415e4155,2014,2014,DET,40.0,35.0
2026,MIN,QB,QB,1.0,ACT,Kyler Murray,Kyler,Murray,1997-08-07,70.0,207,Oklahoma; Texas A&M,00-0035228,3917315,dd5a6b6e-ffae-45a5-b8e6-718a9251f374,31833,13613,38334,MurrKy00,20889,5849,7,"https://static.www.nfl.com/image/upload/f_auto,q_auto/league/btfruyf33adgnjzpcuen",,1,REG,A01,Kyler,MUR670413,47784,32004d55-5267-0413-8d36-a5c3fd781aa0,2019,2019,AZ,1.0,29.0
2026,MIN,DL,NT,50.0,ACT,Levi Drake Rodriguez,Levi,Rodriguez,2000-08-04,74.0,290,East Texas A&M,00-0039421,5093973,f755051d-6986-40c4-aba4-126af4b1842e,,18078,165670,RodrLe00,25348,11819,2,"https://static.www.nfl.com/image/upload/f_auto,q_auto/league/omsedg4telmr0fvhhegj",,1,REG,A01,Levi Drake,ROD676244,57352,3200524f-4467-6244-74b5-c1484cd93e04,2024,2024,MIN,232.0,26.0
2026,MIN,DB,CB,29.0,RES,Marcus Allen,Marcus,Allen,2004-04-27,73.0,187,North Carolina,00-0041340,,,,,,,,,0,"https://static.www.nfl.com/image/upload/f_auto,q_auto/league/fqbqj831k8dqzmrlejjx",,1,REG,R01,Marcus,ALL595143,63604,3200414c-4c59-5143-7b4e-17c3fa1331ff,2026,2026,,,22.0
2026,MIN,WR,WR,31.0,CUT,Marcus Sanders Jr.,Marcus,Sanders,,,190,,00-0041352,,,,,,,,,0,"https://static.www.nfl.com/image/upload/f_auto,q_auto/league/zu39csnwn4ahfyvipdog",,1,REG,W03,Marcus,SAN511906,63616,32005341-4e51-1906-2588-34aefb229876,2026,2026,,,
2026,MIN,TE,TE,81.0,CUT,Marshall Lang,Marshall,Lang,2001-10-15,76.0,246,Northwestern,00-0040060,,,,,,,,,1,"https://static.www.nfl.com/image/upload/f_auto,q_auto/league/eavb7c8qiuvtsqv3qrwe",,1,REG,P01,Marshall,LAN473002,58505,32004c41-4e47-3002-5308-4d53722a375f,2025,2025,,,24.0
2026,MIN,TE,TE,46.0,CUT,Matt Lauter,Matt,Lauter,,,245,,00-0041001,,,,,,,,,0,,,1,REG,W03,Matt,LAU726757,63078,32004c41-5572-6757-e1ef-3b87bfb2ed39,2026,2026,,,
2026,MIN,RB,FB,45.0,ACT,Max Bredeson,Max,Bredeson,2002-10-04,74.0,252,Michigan,00-0041081,4878695,,,19430,144930,BredMa00,,,0,"https://static.www.nfl.com/image/upload/f_auto,q_auto/league/fl3inwpzgb7fgzpaezw1",,1,REG,A01,Max,BRE060106,62781,32004252-4506-0106-e9c0-99700da8edba,2026,2026,MIN,159.0,23.0
2026,MIN,QB,QB,12.0,DEV,Max Brosmer,Max,Brosmer,2001-03-28,74.0,225,Minnesota; New Hampshire,00-0040494,4573398,921d4a00-230f-11f0-8931-09b8041f90bf,,18652,105568,BrosMa00,26083,12775,1,"https://static.www.nfl.com/image/upload/f_auto,q_auto/league/fpveluufmy7buwrhpiny",,1,REG,P06,Max,BRO199149,58939,32004252-4f19-9149-624d-7decc259d706,2025,2025,,,25.0
2026,MIN,WR,WR,6.0,DEV,Michael Briscoe,Michael,Briscoe,2002-07-24,74.0,205,Cal Poly (San Luis Obispo),00-0040970,,,,,,,,,0,"https://static.www.nfl.com/image/upload/f_auto,q_auto/league/rrnmno7nkn0o4kilp7je",,1,REG,P01,Michael,BRI505598,63047,32004252-4950-5598-1a4d-89e053bd384c,2026,2026,,,24.0
2026,MIN,OL,C,65.0,RES,Michael Jurgens,Michael,Jurgens,2000-01-01,76.0,311,Wake Forest,00-0039419,,,,,,,,,2,"https://static.www.nfl.com/image/upload/f_auto,q_auto/league/mnsvfstbdld5dvpfjphk",,1,REG,R48,Michael,JUR111238,57350,32004a55-5211-1238-283c-1d5616c4b810,2024,2024,MIN,230.0,26.0
2026,MIN,WR,WR,4.0,ACT,Myles Price,Myles,Price,2001-12-16,69.0,183,Indiana; Texas Tech,00-0040506,4430656,c17f53c0-25de-11f0-b2c4-1fd68bf02b2c,,19095,123155,PricMy00,26430,13075,1,"https://static.www.nfl.com/image/upload/f_auto,q_auto/league/yi2pgwujy0lv9l3m3sig",,1,REG,A01,Myles,PRI261712,58952,32005052-4926-1712-805a-415e270f2a27,2025,2025,,,24.0
2026,MIN,DL,DT,91.0,DEV,Naquan Jones,Naquan,Jones,1998-02-05,75.0,340,Michigan State,00-0036695,4046716,728571c3-6651-4534-ad27-d86d72dc7d16,33833,15243,44363,JoneNa01,22866,7853,5,"https://static.www.nfl.com/image/upload/f_auto,q_auto/league/iavprngmsf7pftvw0bsv",,1,REG,P07,Naquan,JON636371,53900,32004a4f-4e63-6371-cfb0-98e8051563bb,2021,2021,,,28.0
2026,MIN,OL,C,62.0,ACT,Nick Samac,Nick,Samac,2001-08-21,76.0,305,Michigan State,00-0039237,,,,,,,,,2,"https://static.www.nfl.com/image/upload/f_auto,q_auto/league/asndmhzpbeviehlnuxgl",,1,REG,A01,Nick,SAM005636,57348,32005341-4d00-5636-5583-22fcebd4c033,2024,2024,BAL,228.0,25.0
2026,MIN,OL,T,72.0,ACT,Ryan Van Demark,Ryan,Van Demark,1998-03-22,78.0,300,Connecticut,00-0037404,,,,,,,,,4,"https://static.www.nfl.com/image/upload/f_auto,q_auto/league/gcnwaxoqw1ys3dpxs6xf",,1,REG,A01,Ryan,VAN358786,54989,32005641-4e35-8786-8134-e52f551c2fe2,2022,2022,,,28.0
2026,MIN,DL,DE,91.0,CUT,Smith Vilbert,Smith,Vilbert,,,282,,00-0041432,,,,,,,,,0,"https://static.www.nfl.com/image/upload/f_auto,q_auto/league/xjf4s0gzx6wvkccbo1mn",,1,REG,W03,Smith,VIL051911,63693,32005649-4c05-1911-586a-93b239a26687,2026,2026,,,
2026,MIN,TE,TE,87.0,ACT,T.J. Hockenson,Thomas,Hockenson,1997-07-03,77.0,248,Iowa,00-0035229,4036133,bd1120b6-38b3-4225-a4b0-20660a149d0d,31840,13610,40912,HockTJ00,20805,5844,7,"https://static.www.nfl.com/image/upload/f_auto,q_auto/league/rs8o65x0u0n9xzde0fd6",,1,REG,A01,T.J.,HOC422041,47791,3200484f-4342-2041-c442-6c874885b155,2019,2019,DET,8.0,29.0
2026,MIN,WR,WR,13.0,ACT,Tai Felton,Tai'shar,Felton,2003-03-15,73.0,186,Maryland,00-0040154,4565185,1eeea030-3313-4aab-b33c-9f836710354a,,18553,144886,FeltTa00,25924,12496,1,"https://static.www.nfl.com/image/upload/f_auto,q_auto/league/pyritorbaz2enqayclln",,1,REG,A01,Tai,FEL746837,58307,32004645-4c74-6837-2f7c-6dbeb6fa58ca,2025,2025,MIN,102.0,23.0
2026,MIN,DL,NT,94.0,RES,Taki Taimani,Sam,Taimani,1999-10-06,73.0,330,Oregon; Washington,00-0039720,4361114,53ab1910-0596-11ef-9ab5-875e1d93ea64,,18184,82468,TaimTa00,25436,11930,2,"https://static.www.nfl.com/image/upload/f_auto,q_auto/league/xezoml4ot45e6lgvncal",,1,REG,R01,Taki,TAI415291,57883,32005441-4941-5291-fe0e-4dfef556d465,2024,2024,,,26.0
2026,MIN,DB,FS,37.0,DEV,Tavierre Thomas,Tavierre,Thomas,1996-03-11,70.0,205,Ferris State,00-0034488,4334405,0a63f97d-9cc2-44d0-b65a-ac2e78db73f9,31321,13219,66931,ThomTa01,20217,5519,8,"https://static.www.nfl.com/image/upload/f_auto,q_auto/league/uhnxkxxitwkhjwgf2egu",,1,REG,P07,Tavierre,THO386668,46672,32005448-4f38-6668-621a-ef3c0ce8ca88,2018,2018,,,30.0
2026,MIN,WR,WR,40.0,CUT,Terrill Davis,Terrill,Davis,,,195,,00-0041481,,,,,,,,,0,"https://static.www.nfl.com/image/upload/f_auto,q_auto/league/lxbfttot7wcd80sxs54o",,1,REG,W03,Terrill,DAV767466,63784,32004441-5676-7466-a9c2-3de3bdbccd9f,2026,2026,,,
2026,MIN,DB,FS,26.0,ACT,Theo Jackson,Theo,Jackson,1998-10-02,73.0,203,Tennessee,00-0037301,4242436,8dd6946e-a36c-4b5e-9182-2fb1726ab554,34164,16279,62919,JackTh00,23611,8496,4,"https://static.www.nfl.com/image/upload/f_auto,q_auto/league/bn0zvntbfmhw7yki2xr4",,1,REG,A01,Theo,JAC576663,54669,32004a41-4357-6663-cb92-851bb551532a,2022,2022,TEN,204.0,27.0
2026,MIN,OL,T,67.0,CUT,Tomas Rimac,Tomas,Rimac,,,317,,00-0041351,,,,,,,,,0,"https://static.www.nfl.com/image/upload/f_auto,q_auto/league/edo1ygt7jjtde5jn7kjd",,1,REG,W03,Tomas,RIM207645,63615,32005249-4d20-7645-c8b4-95157e0bb0fd,2026,2026,,,
2026,MIN,WR,WR,30.0,DEV,Trayvon Rudolph,Trayvon,Rudolph,2002-05-15,70.0,187,Toledo; Northern Illinois,00-0041475,,,,,,,,,0,,,1,REG,P01,Trayvon,RUD675593,63398,32005255-4467-5593-8c9e-bbb73edfb778,2026,2026,,,24.0
2026,MIN,DB,CB,45.0,CUT,Tre Hawkins III,Tre,Hawkins,2000-08-01,75.0,195,Old Dominion,00-0038403,4686553,a700ea66-61d3-4ca3-bdd5-c537fb2d6ff6,40228,17364,145387,HawkTr00,24487,10993,3,"https://static.www.nfl.com/image/upload/f_auto,q_auto/league/n957q4ljgtif6f9ncqfm",,1,REG,W03,Tre,HAW635317,56074,32004841-5763-5317-9487-f6f5e3db4225,2023,2023,NYG,209.0,26.0
2026,MIN,OL,G,69.0,ACT,Trevor Keegan,Trevor,Keegan,2000-08-30,77.0,306,Michigan,00-0039310,,,,,,,,,2,"https://static.www.nfl.com/image/upload/f_auto,q_auto/league/op65y3hhnmtpcdumopmt",,1,REG,A01,Trevor,KEE304546,57293,32004b45-4530-4546-fe0e-58676b511739,2024,2024,PHI,172.0,26.0
2026,MIN,OL,T,63.0,CUT,Tristan Leigh,Tristan,Leigh,,,310,,00-0041348,,,,,,,,,0,"https://static.www.nfl.com/image/upload/f_auto,q_auto/league/j83wdb6jj6ubxexc0e0w",,1,REG,P01,Tristan,LEI288016,63612,32004c45-4928-8016-9d37-399cf5acb383,2026,2026,,,
2026,MIN,LB,OLB,92.0,RES,Tyler Batty,Tyler,Batty,1999-05-02,77.0,275,BYU,00-0040492,4608794,,,18680,122052,BattTy00,,,1,"https://static.www.nfl.com/image/upload/f_auto,q_auto/league/xur5y3juva1uila1vszk",,1,REG,R01,Tyler,BAT759312,58937,32004241-5475-9312-9225-c94ad5ee5df2,2025,2025,,,27.0
2026,MIN,DB,CB,28.0,RES,Tyreek Chappell,Tyreek,Chappell,2002-11-22,71.0,180,Texas A&M,00-0041344,,,,,,,,,0,"https://static.www.nfl.com/image/upload/f_auto,q_auto/league/itludydyhonkxtz5sebd",,1,REG,R01,Tyreek,CHA498853,63608,32004348-4149-8853-a8f8-68ef7185bf2c,2026,2026,,,23.0
2026,MIN,DL,DE,90.0,ACT,Tyrion Ingram-Dawkins,Tyrion,Ingram-Dawkins,2003-06-26,77.0,280,Georgia,00-0040173,4629149,1a5dd0e3-f01b-4330-a711-3f00c8d1cad5,,18693,146730,IngrTy00,26051,12683,1,"https://static.www.nfl.com/image/upload/f_auto,q_auto/league/lkpgbo1ftwfrp18wrbxv",,1,REG,A01,Tyrion,ING682089,58344,3200494e-4768-2089-a65d-5f51e00746c2,2025,2025,MIN,139.0,23.0
2026,MIN,OL,G,76.0,ACT,Will Fries,Will,Fries,1998-04-04,78.0,306,Penn State,00-0036483,,,,,,,,,5,"https://static.www.nfl.com/image/upload/f_auto,q_auto/league/o1mom4lvhbd7yltnneyh",,1,REG,A01,Will,FRI357860,53677,32004652-4935-7860-44ad-9ec492a0e5fc,2021,2021,IND,248.0,28.0
2026,MIN,K,K,16.0,ACT,Will Reichard,William,Reichard,2001-01-09,73.0,194,Alabama,00-0039404,4567104,6f667582-b880-4c41-a105-59c347a36c0d,41093,17922,98965,ReicWi00,25113,11792,2,"https://static.www.nfl.com/image/upload/f_auto,q_auto/league/wv1h4umuddkfss96uutw",,1,REG,A01,Will,REI037913,57323,32005245-4903-7913-8590-ea14fc89ba01,2024,2024,MIN,203.0,25.0
2026,MIN,DB,CB,34.0,ACT,Zemaiah Vaughn,Zemaiah,Vaughn,2002-04-02,75.0,187,Utah,00-0040507,4695609,aae25a60-2514-11f0-b5d1-e9d1754063aa,,18836,131882,VaugZe00,26300,12942,1,"https://static.www.nfl.com/image/upload/f_auto,q_auto/league/ko8yku7d4usn5sm0nuf9",,1,REG,A01,Zemaiah,VAU674846,58953,32005641-5567-4846-ad48-fed8bb696697,2025,2025,,,24.0
2026,NO,OL,T,70.0,DEV,Alan Herron,Alan,Herron,2003-01-02,75.0,308,Maryland; Shorter University,00-0041330,,,,,,,,,0,"https://static.www.nfl.com/image/upload/f_auto,q_auto/league/crkhadhimz9ds15jt4mo",,1,REG,P01,Alan,HER636184,63569,32004845-5263-6184-bfbd-e595d01d5a5b,2026,2026,,,23.0
2026,NO,OL,T,79.0,DEV,Alex Wollschlaeger,Alex,Wollschlaeger,2001-09-28,79.0,311,Kentucky; Bowling Green,00-0041336,,,,,,,,,0,"https://static.www.nfl.com/image/upload/f_auto,q_auto/league/salnwkfmy9wgq8tmm8mm",,1,REG,P01,Alex,WOL667168,63575,3200574f-4c66-7168-4535-b402e93bcd65,2026,2026,,,24.0
2026,NO,RB,RB,41.0,ACT,Alvin Kamara,Alvin,Kamara,1995-07-25,70.0,215,Tennessee; Hutchinson CC; Alabama,00-0033906,3054850,d9c857b2-97da-4fb8-a527-afbbb2a67413,30180,11732,11822,KamaAl00,18878,4035,9,"https://static.www.nfl.com/image/upload/f_auto,q_auto/league/yxebpuskandivlh2iil4",,1,REG,A01,Alvin,KAM244058,44879,32004b41-4d24-4058-5a3b-01bd39e6a25d,2017,2017,NO,67.0,31.0
2026,NO,LB,OLB,33.0,ACT,Anfernee Jennings,Anfernee,Jennings,1997-05-01,75.0,259,Alabama,00-0036193,3925350,56692800-dd44-4b82-a988-398314845fd9,32757,14742,25449,JennAn00,21898,6848,6,"https://static.www.nfl.com/image/upload/f_auto,q_auto/league/zgnsugvthxpb48ulv89u",,1,REG,A01,Anfernee,JEN457643,52495,32004a45-4e45-7643-aa15-10fa6baa34c7,2020,2020,NE,87.0,29.0
2026,NO,OL,T,72.0,ACT,Asim Richards,Asim,Richards,2000-10-02,76.0,315,North Carolina,00-0038601,,,,,,,,,3,"https://static.www.nfl.com/image/upload/f_auto,q_auto/league/i1lfvb8gnw3kfnz3cdyb",,1,REG,A01,Asim,RIC219051,56034,32005249-4321-9051-d704-8eaedee89bd1,2023,2023,DAL,169.0,25.0
2026,NO,RB,RB,30.0,ACT,Audric Estimé,Audric,Estime,2003-09-06,71.0,227,Notre Dame,00-0039373,4569682,3b86dd7c-0b21-448d-a662-5675e87fd0da,41019,17788,147476,EstiAu00,24971,11579,2,"https://static.www.nfl.com/image/upload/f_auto,q_auto/league/lcoend1mysjfhl8f4rrt",,1,REG,A01,Audric,EST610772,57268,32004553-5461-0772-74c0-fa722e2922d5,2024,2024,DEN,147.0,22.0
2026,NO,WR,WR,19.0,ACT,Barion Brown,Barion,Brown,2003-12-12,71.0,177,LSU; Kentucky,00-0041099,4698597,6b60ad35-8051-4253-8f8d-29279a213352,,19336,163779,BrowBa02,25890,13533,0,"https://static.www.nfl.com/image/upload/f_auto,q_auto/league/zakfmezzed4qotdrmbpc",,1,REG,A01,Barion,BRO268113,62812,32004252-4f26-8113-7df6-d8e54bf1f269,2026,2026,NO,190.0,22.0
2026,NO,OL,T,69.0,CUT,Barry Wesley,Barry,Wesley,1999-07-14,79.0,310,Colorado State,00-0038304,,,,,,,,,4,"https://static.www.nfl.com/image/upload/f_auto,q_auto/league/a8rahcbqsqqhm5yrf3xb",,1,REG,W03,Barry,WES031024,55784,32005745-5303-1024-6861-4860a031f6d0,2022,2023,,,27.0
2026,NO,DL,DT,60.0,CUT,Brien Taylor,Brien,Taylor,,,294,,00-0041591,,,,,,,,,0,,,1,REG,W03,Brien,TAY042375,63972,32005441-5904-2375-bf32-72c444cfac9d,2026,2026,,,
2026,NO,WR,WR,89.0,RES,Brock Rechsteiner,Brock,Rechsteiner,2002-08-21,74.0,222,Jacksonville State,00-0041451,4877738,b9f53af0-4e07-11f1-b3af-b9ab72b57c06,,20099,,,28585,14034,0,,,1,REG,R40,Brock,REC373761,63601,32005245-4337-3761-f6f2-bac550cb5178,2026,2026,,,24.0
2026,NO,DL,DT,90.0,RES,Bryan Bresee,Bryan,Bresee,2001-10-06,77.0,300,Clemson,00-0038995,4428988,98884f9f-5117-476a-a20a-809b38714e6d,40045,17173,122142,BresBr00,24144,10874,3,"https://static.www.nfl.com/image/upload/f_auto,q_auto/league/ggluxdivvc7bhfhpfrsl",,1,REG,R01,Bryan,BRE510679,55893,32004252-4551-0679-d769-a1a0d80e7931,2023,2023,NO,29.0,24.0
2026,NO,WR,WR,18.0,ACT,Bryce Lance,Bryce,Lance,2002-08-20,75.0,204,North Dakota State,00-0041067,4879276,4d5c31ba-45ea-4247-a41a-acfa82bdbd39,,19319,,LancBr00,26852,13420,0,"https://static.www.nfl.com/image/upload/f_auto,q_auto/league/lzh0hbhllbouh97ffpp6",,1,REG,A01,Bryce,LAN016345,62758,32004c41-4e01-6345-8092-4a076edb3284,2026,2026,NO,136.0,24.0
2026,NO,WR,WR,16.0,CUT,Bub Means,Jerrod,Means,2001-01-10,74.0,215,Pittsburgh; Louisiana Tech,00-0039386,4427985,ef0feb13-57b8-474c-a723-cf03f57a321a,41045,17942,98847,MeanBu00,25133,11748,2,"https://static.www.nfl.com/image/upload/f_auto,q_auto/league/nnqvulr4up0nwhmipksq",,1,REG,W03,Bub,MEA763692,57291,32004d45-4176-3692-2c8e-4fc9349f4cc7,2024,2024,NO,170.0,25.0
2026,NO,RB,RB,43.0,DEV,CJ Donaldson,De'Carlo,Donaldson,2004-07-09,73.0,230,Ohio State; West Virginia,00-0041326,5081999,17aea600-41af-11f1-93d0-9f964ffea979,,19431,157372,DonaCJ00,26950,13277,0,"https://static.www.nfl.com/image/upload/f_auto,q_auto/league/lwl0pyoz7mbjcne0stsx",,1,REG,P01,C.J.,DON153725,63565,3200444f-4e15-3725-b553-bef885b008a9,2026,2026,,,22.0
2026,NO,LB,OLB,94.0,ACT,Cameron Jordan,Cameron,Jordan,1989-07-10,76.0,287,California,00-0027962,13971,543e5e1e-50e5-482d-a6ad-498d7fab497e,24811,7447,6176,JordCa00,13338,957,15,"https://static.www.nfl.com/image/upload/f_auto,q_auto/league/eauqz3xbdtl0wfoy71da",,1,REG,A01,Cameron,JOR051224,37097,32004a4f-5205-1224-2417-472af132c281,2011,2011,NO,24.0,37.0
2026,NO,LB,OLB,96.0,ACT,Carl Granderson,Carl,Granderson,1996-12-18,77.0,261,Wyoming,00-0035402,3918310,d9cf7aa3-71b1-4ef2-98c5-3db5d44b6f1e,32490,13784,48500,GranCa01,20776,5912,7,"https://static.www.nfl.com/image/upload/f_auto,q_auto/league/bhudfgndbvogastdhvb7",,1,REG,A01,Carl,GRA291153,48537,32004752-4129-1153-937d-d267ab3ff20d,2019,2019,,,29.0
2026,NO,WR,WR,19.0,DEV,Cedric Tillman,Cedric,Tillman,2000-04-19,75.0,215,Tennessee,00-0038979,4369863,148330d9-5182-4b58-b695-8067aaba4731,40093,16706,84434,TillCe01,24348,10444,3,"https://static.www.nfl.com/image/upload/f_auto,q_auto/league/xust9v3gob1qqwhziugh",,1,REG,P07,Cedric,TIL377067,55939,32005449-4c37-7067-218b-007e17161edd,2023,2023,CLE,74.0,26.0
2026,NO,OL,G,51.0,ACT,Cesar Ruiz,Cesar,Ruiz,1999-06-14,76.0,319,Michigan,00-0036408,,,,,,,,,6,"https://static.www.nfl.com/image/upload/f_auto,q_auto/league/upoux0ll192dnsq63my9",,1,REG,A01,Cesar,RUI415291,52432,32005255-4941-5291-5447-fa1de6f9c62b,2020,2020,NO,24.0,27.0
2026,NO,K,K,39.0,DEV,Charlie Smyth,Charles,Smyth,2001-06-26,76.0,210,,00-0039229,5208518,,,18034,183080,SmytCh00,,,2,"https://static.www.nfl.com/image/upload/f_auto,q_auto/league/yv9x4ywdfecxioletyol",,1,REG,P03,Charlie,SMY132430,57112,3200534d-5913-2430-a3fd-db172ea62ed7,2024,2024,,,25.0
2026,NO,LB,OLB,99.0,ACT,Chase Young,Chase,Young,1999-04-14,77.0,265,Ohio State,00-0036321,4241986,9947409c-4a34-45f5-99a1-aa6daa13c430,32672,14452,56436,YounCh04,22092,6782,6,"https://static.www.nfl.com/image/upload/f_auto,q_auto/league/ueic3ypcpfldmbymzhrc",,1,REG,A01,Chase,YOU146550,52410,3200594f-5514-6550-d662-263c81d981b1,2020,2020,WAS,2.0,27.0
2026,NO,WR,WR,12.0,ACT,Chris Olave,Chris,Olave,2000-06-27,72.0,185,Ohio State,00-0037239,4361370,2375d572-a36c-4365-bb3f-87e156526e2f,33966,15895,84355,OlavCh00,22565,8144,4,"https://static.www.nfl.com/image/upload/f_auto,q_auto/league/onmxufsprtvglhejg94o",,1,REG,A01,Chris,OLA659325,54476,32004f4c-4165-9325-c259-01a521202e2f,2022,2022,NO,11.0,26.0
2026,NO,LB,OLB,58.0,ACT,Chris Rumph II,Chris,Rumph,1998-10-19,74.0,235,Duke,00-0036867,4240475,dcbf373f-7336-457f-888f-02596a391d89,33506,15311,56345,RumpCh00,22838,7721,5,"https://static.www.nfl.com/image/upload/f_auto,q_auto/league/ayrvlbmyxlvek7afcioc",,1,REG,A01,Chris,RUM515532,53547,32005255-4d51-5532-67a7-050f048d78f1,2021,2021,LAC,118.0,27.0
2026,NO,DL,DT,52.0,ACT,Christen Miller,Christen,Miller,2004-08-05,75.0,321,Georgia,00-0041390,4685479,,,19266,163747,MillCh01,,,0,"https://static.www.nfl.com/image/upload/f_auto,q_auto/league/goyemhogpp21adasa9z7",,1,REG,A01,Christen,MIL178336,62664,32004d49-4c17-8336-fd69-9f8b54e04a48,2026,2026,NO,42.0,22.0
2026,NO,TE,TE,86.0,CUT,Cody Hardy,Cody,Hardy,,,271,,00-0041327,,,,,,,,,0,"https://static.www.nfl.com/image/upload/f_auto,q_auto/league/e7ryku3lwro60d4ugp9f",,1,REG,W03,Cody,HAR090631,63566,32004841-5209-0631-1f98-7b97abe6e083,2026,2026,,,
2026,NO,DL,DT,96.0,ACT,Colby Wooden,Colby,Wooden,2000-12-21,76.0,284,Auburn,00-0038387,4567224,1a7b6176-ef99-4566-a38c-14abe051b899,40132,17180,98312,WoodCo01,24101,10952,3,"https://static.www.nfl.com/image/upload/f_auto,q_auto/league/vexyqlme1a5f74sqktzs",,1,REG,A01,Colby,WOO268652,55981,3200574f-4f26-8652-9840-d4ab2bec1889,2023,2023,GB,116.0,25.0
2026,NO,DB,CB,37.0,CUT,Dalys Beanum,Dalys,Beanum,2002-10-12,73.0,200,South Dakota State,00-0040535,,,,,,,,,1,"https://static.www.nfl.com/image/upload/f_auto,q_auto/league/zs9ghevertnmwp39txwy",,1,REG,W03,Dalys,BEA350583,58981,32004245-4135-0583-1057-23416989df25,2025,2025,,,23.0
2026,NO,K,K,10.0,ACT,Daniel Carlson,Daniel,Carlson,1995-01-23,77.0,215,Auburn,00-0034161,3051909,7bb70550-c28a-4e47-9a13-cc0c0fef8b38,31137,12842,28121,CarlDa00,19989,5095,8,"https://static.www.nfl.com/image/upload/f_auto,q_auto/league/gsvj7rtvqwbwdeho8whf",,1,REG,A01,Daniel,CAR116166,46236,32004341-5211-6166-a413-500a4850fe60,2018,2018,MIN,167.0,31.0
2026,NO,LB,ILB,28.0,ACT,Danny Stutsman,Danny,Stutsman,2003-03-10,75.0,236,Oklahoma,00-0040155,4683215,1dea6eaf-2631-4fa0-80a8-476bbd93af92,,18722,144632,StutDa00,26071,12650,1,"https://static.www.nfl.com/image/upload/f_auto,q_auto/league/zgjiw9cotus8gjlvspx2",,1,REG,A01,Danny,STU797614,58317,32005354-5579-7614-acd3-a851244d3364,2025,2025,NO,112.0,23.0
2026,NO,OL,G,76.0,ACT,David Edwards,David,Edwards,1997-03-20,78.0,308,Wisconsin,00-0035668,,,,,,,,,7,"https://static.www.nfl.com/image/upload/f_auto,q_auto/league/cebriv15rawbtf7iulqy",,1,REG,A01,David,EDW337483,47952,32004544-5733-7483-3a0b-c9cc2e7a9e47,2019,2019,LAR,169.0,29.0
2026,NO,DB,CB,45.0,RES,David Long,David,Long,1998-02-06,71.0,196,Michigan,00-0035665,4046536,57bda6af-7324-4e96-a207-525501224c41,31911,13508,27377,LongDa02,20861,5914,7,"https://static.www.nfl.com/image/upload/f_auto,q_auto/league/rwpmkpja2y5nhokh5utb",,1,REG,R01,David,LON211243,47862,32004c4f-4e21-1243-8d29-d872277bf4f7,2019,2019,LAR,79.0,28.0
2026,NO,DL,NT,92.0,ACT,Davon Godchaux,Davon,Godchaux,1994-11-11,75.0,311,LSU,00-0033860,3115383,6e6dcc9c-06f5-40fd-9134-d0afd0e349d8,30291,11916,11934,GodcDa00,19053,4207,9,"https://static.www.nfl.com/image/upload/f_auto,q_auto/league/mldp5xpbggcf9iacij1s",,1,REG,A01,Davon,GOD093943,44991,3200474f-4409-3943-f3b0-e1ac6f3b3b13,2017,2017,MIA,178.0,31.0
2026,NO,DB,CB,25.0,ACT,Decamerion Richardson,Decamerion,Richardson,2001-03-16,74.0,195,Mississippi State,00-0039357,4605498,9c6fe5a6-5553-4803-bc7a-93d095029a7d,,17983,124183,RichDe01,25151,11738,2,"https://static.www.nfl.com/image/upload/f_auto,q_auto/league/glaqpoapm3t8ponuj55p",,1,REG,A01,Decamerion,RIC408250,57233,32005249-4340-8250-3778-69b4e192c874,2024,2024,LV,112.0,25.0
2026,NO,WR,WR,14.0,ACT,Devaughn Vele,Devaughn,Vele,1997-12-12,77.0,210,Utah,00-0039424,4569559,2a638f35-a80a-46db-9722-12b49d45ab52,41097,17975,100637,VeleDe00,25198,11834,2,"https://static.www.nfl.com/image/upload/f_auto,q_auto/league/fa3dwsu8nxzkbf2knczm",,1,REG,A01,Devaughn,VEL175757,57355,32005645-4c17-5757-4807-8639d5d53004,2024,2024,DEN,235.0,28.0
2026,NO,RB,RB,24.0,RES,Devin Neal,Devin,Neal,2003-08-12,71.0,215,Kansas,00-0040202,4682652,4ef874c1-50c3-4120-9199-0d5a4ae7c6dd,,18521,144558,NealDe00,25888,12476,1,"https://static.www.nfl.com/image/upload/f_auto,q_auto/league/set0xwgpkp0k3bofcpzn",,1,REG,R01,Devin,NEA156553,58389,32004e45-4115-6553-b92e-3a97de1d5558,2025,2025,NO,184.0,23.0
2026,NO,OL,G,77.0,RES,Dillon Radunz,Dillon,Radunz,1998-03-28,78.0,299,North Dakota State,00-0036619,,,,,,,,,5,"https://static.www.nfl.com/image/upload/f_auto,q_auto/league/uqswdzsnotrgk4ddg9bg",,1,REG,R01,Dillon,RAD746980,53482,32005241-4474-6980-c89b-244c397a20de,2021,2021,TEN,53.0,28.0
2026,NO,OL,T,73.0,DEV,Easton Kilty,Easton,Kilty,2002-05-01,78.0,307,Kansas State; North Dakota,00-0040539,,,,,,,,,1,"https://static.www.nfl.com/image/upload/f_auto,q_auto/league/r7eqjkhct7nyfatnnepz",,1,REG,P01,Easton,KIL777942,58985,32004b49-4c77-7942-d8ca-5deb47a1abaf,2025,2025,,,24.0
2026,NO,DB,FS,35.0,CUT,Elliott Davison,Elliott,Davison,2001-12-19,72.0,190,Texas-San Antonio,00-0040537,,,,,,,,,1,"https://static.www.nfl.com/image/upload/f_auto,q_auto/league/sam2pxtmbodcfdlh2sy6",,1,REG,W03,Elliott,DAV818343,58983,32004441-5681-8343-36a4-9a9f01f01f82,2025,2025,,,24.0
2026,NO,OL,C,78.0,ACT,Erik McCoy,Erik,McCoy,1997-08-27,76.0,315,Texas A&M,00-0035242,,,,,,,,,7,"https://static.www.nfl.com/image/upload/f_auto,q_auto/league/juyfbm43z5byljmflz6g",,1,REG,A01,Erik,MCC601333,47831,32004d43-4360-1333-481d-eca6355623f4,2019,2019,NO,48.0,29.0
2026,NO,LB,OLB,40.0,DEV,Fadil Diggs,Fadil,Diggs,2001-10-05,76.0,260,Syracuse; Texas A&M,00-0040249,4429073,5c0a3fa3-45eb-48f0-93de-7c03f47f760b,,18681,124314,DiggFa00,26189,12609,1,"https://static.www.nfl.com/image/upload/f_auto,q_auto/league/dx8xg4f1tlmivzy1pp64",,1,REG,P01,Fadil,DIG189645,58459,32004449-4718-9645-d42d-c081532be35e,2025,2025,NO,254.0,24.0
2026,NO,LB,OLB,59.0,CUT,Garrett Nelson,Garrett,Nelson,2000-03-01,76.0,245,Nebraska,00-0038693,,,,,,,,,3,,,1,REG,W03,Garrett,NEL470662,56383,32004e45-4c47-0662-2807-e031fc23fa3b,2023,2023,,,26.0
2026,NO,QB,QB,13.0,CUT,Hunter Dekkers,Hunter,Dekkers,2001-07-04,74.0,215,Iowa Western CC; Iowa State,00-0040656,4565358,561d7ac0-3043-11f0-aa21-cfe6c5a5e328,,18809,122511,DekkHu00,26255,13217,1,"https://static.www.nfl.com/image/upload/f_auto,q_auto/league/fcuzrfcbmtqlxksgmg7i",,1,REG,W03,Hunter,DEK576222,59093,32004445-4b57-6222-7bef-0a1420015508,2025,2025,,,25.0
2026,NO,LB,ILB,44.0,ACT,Isaiah Stalbird,Isaiah,Stalbird,2000-07-18,73.0,215,South Dakota State,00-0039622,4361194,2cd70910-0574-11ef-b715-3db186b90a94,,18111,83325,StalIs00,25470,11893,2,"https://static.www.nfl.com/image/upload/f_auto,q_auto/league/g3vz4uuympfirjuvbr2r",,1,REG,A01,Isaiah,STA201687,57750,32005354-4120-1687-f39f-8aff9781aa39,2024,2024,,,26.0
2026,NO,WR,WR,13.0,RET,Ja'Lynn Polk,Ja'Lynn,Polk,2002-04-11,73.0,204,Washington; Texas Tech,00-0039907,4430637,446ecdc5-470d-4cb6-9a77-b54c108e3d3a,40914,17684,123153,PolkJa00,24952,11619,2,"https://static.www.nfl.com/image/upload/f_auto,q_auto/league/w4hcfpfjrpt0fchb0xmm",,1,REG,R02,Ja'Lynn,POL136646,57158,3200504f-4c13-6646-64f9-3598ba01ba77,2024,2024,NE,37.0,24.0
2026,NO,LB,MLB,47.0,DEV,Jackson Sirmon,Jackson,Sirmon,2000-04-15,74.0,240,California; Washington,00-0039288,4361101,,,18058,81458,SirmJa00,,,2,"https://static.www.nfl.com/image/upload/f_auto,q_auto/league/zyqgfn5klopemn3prpwc",,1,REG,P01,Jackson,SIR507420,57433,32005349-5250-7420-6346-d24aa878556b,2024,2024,,,26.0
2026,NO,WR,WR,85.0,DEV,Jalen Moreno-Cropper,Jalen,Moreno-Cropper,2001-05-03,72.0,172,Fresno State,00-0038740,4426990,d67c1e40-f66d-11ed-823b-d335e7ef7897,40774,16730,97273,MoreJa01,23467,11506,3,"https://static.www.nfl.com/image/upload/f_auto,q_auto/league/key7qkukzlgva9oz7k2r",,1,REG,P01,Jalen,CRO340100,56459,32004352-4f34-0100-ad8e-53dd701ed24d,2023,2023,,,25.0
2026,NO,DL,DT,62.0,DEV,Jay'Viar Suggs,Jay'viar,Suggs,2001-02-24,75.0,295,Wisconsin; LSU; Grand Valley,00-0041335,,,,,,,,,0,"https://static.www.nfl.com/image/upload/f_auto,q_auto/league/rxgaktmtqeqw7yvqbemt",,1,REG,P01,Jay'viar,SUG397290,63574,32005355-4739-7290-c58e-a2163a249397,2026,2026,,,25.0
2026,NO,DB,CB,38.0,ACT,Jayden Price,Jayden,Price,2000-04-05,71.0,184,North Dakota State,00-0039725,,,,,,,,,2,"https://static.www.nfl.com/image/upload/f_auto,q_auto/league/yfemio1ucnbfx2zmoopk",,1,REG,A01,Jayden,PRI209749,57888,32005052-4920-9749-306e-b5147b760683,2024,2024,,,26.0
2026,NO,LB,ILB,53.0,RES,Jaylan Ford,Jaylan,Ford,2001-11-28,74.0,234,Texas,00-0039388,4566088,3982da83-370d-40e1-9aa7-632d60db4c4c,,17864,123114,FordJa02,25252,11747,2,"https://static.www.nfl.com/image/upload/f_auto,q_auto/league/yiecnvbih51buvodmmeg",,1,REG,R48,Jaylan,FOR229985,57296,3200464f-5222-9985-c677-cbfd5c113949,2024,2024,NO,175.0,24.0
2026,NO,OL,G,65.0,ACT,Jeremiah Wright,Jeremiah,Wright,2001-09-05,77.0,331,Auburn,00-0041065,,,,,,,,,0,"https://static.www.nfl.com/image/upload/f_auto,q_auto/league/s5b3bbmyxesu4kff2mci",,1,REG,A01,Jeremiah,WRI429131,62754,32005752-4942-9131-ff7c-de5298c26f4b,2026,2026,NO,132.0,24.0
2026,NO,DL,DT,95.0,ACT,John Ridgeway,John,Ridgeway,1999-05-07,77.0,320,Arkansas; Illinois State,00-0037283,4248047,e79ac942-5ee3-467e-bb5a-534726a2bdaa,34134,16128,66694,RidgJo00,23528,8306,4,"https://static.www.nfl.com/image/upload/f_auto,q_auto/league/irpvoorgwwezk7qxrp0m",,1,REG,A01,John,RID334254,54643,32005249-4433-4254-703d-fca6e7bb2ee9,2022,2022,DAL,178.0,27.0
2026,NO,DB,FS,7.0,ACT,Jonas Sanker,Jonas,Sanker,2002-11-23,73.0,210,Virginia,00-0040643,4683813,910ab530-d255-47be-b041-135ee92b1abf,,18628,151097,SankJo00,26159,12619,1,"https://static.www.nfl.com/image/upload/f_auto,q_auto/league/pq0uzqjisndztl1ru3oa",,1,REG,A01,Jonas,SAN739788,58298,32005341-4e73-9788-7bc9-1e56569fe58b,2025,2025,NO,93.0,23.0
2026,NO,DB,FS,31.0,ACT,Jordan Howden,Jordan,Howden,2000-05-14,72.0,210,Minnesota,00-0038588,4360949,e33aa81a-83e9-411b-8265-f31da58a33b9,40199,17358,83305,HowdJo00,24413,10985,3,"https://static.www.nfl.com/image/upload/f_auto,q_auto/league/x87djeswtkpxvuvyw5xh",,1,REG,A01,Jordan,HOW493327,56011,3200484f-5749-3327-f45c-e3a9b981208f,2023,2023,NO,146.0,26.0
2026,NO,WR,WR,0.0,RES,Jordyn Tyson,Jordyn,Tyson,2004-08-12,74.0,203,Arizona State; Colorado,00-0041029,4880281,5368ab1c-5463-4326-86c0-17c06bf51c9d,,19233,,TysoJo00,26751,13281,0,"https://static.www.nfl.com/image/upload/f_auto,q_auto/league/al6fifxstyc6omsenzhd",,1,REG,R48,Jordyn,TYS405541,62630,32005459-5340-5541-5aaa-55c5f682cacc,2026,2026,NO,8.0,22.0
2026,NO,DB,FS,23.0,ACT,Julian Blackmon,Julian,Blackmon,1998-08-24,72.0,204,Utah,00-0036253,4035661,c2ec4712-147c-49b1-b6ec-fdb298913080,32755,14704,49434,BlacJu01,22109,7044,6,"https://static.www.nfl.com/image/upload/f_auto,q_auto/league/szgvamjf2lv2ggswkobd",,1,REG,A01,Julian,BLA283027,52493,3200424c-4128-3027-fdc4-2c27128f84f7,2020,2020,IND,85.0,28.0
2026,NO,DB,SS,21.0,ACT,Justin Reid,Justin,Reid,1997-02-15,73.0,204,Stanford,00-0034361,3931399,bb9db665-7f9f-425d-9e4b-df78c65c8b97,31038,12606,49048,ReidJu00,19866,5036,8,"https://static.www.nfl.com/image/upload/f_auto,q_auto/league/ysi7vrkwfhei6adamgb3",,1,REG,A01,Justin,REI306723,46137,32005245-4930-6723-c46f-03dda7532acd,2018,2018,HOU,68.0,29.0
2026,NO,TE,TE,83.0,ACT,Juwan Johnson,Juwan,Johnson,1996-09-13,76.0,231,Oregon; Penn State,00-0036040,3929645,0226b03b-f91d-4223-9813-9fcd2e9c3acc,33113,14630,28305,JohnJu02,21738,7002,6,"https://static.www.nfl.com/image/upload/f_auto,q_auto/league/ahzqkvhjot6lygwr4ccb",,1,REG,A01,Juwan,JOH398789,52942,32004a4f-4839-8789-b667-8ea48cd31497,2020,2020,,,29.0
2026,NO,LB,ILB,55.0,ACT,Kaden Elliss,Kaden,Elliss,1995-06-10,74.0,240,Idaho,00-0035316,3124890,7c51883f-8ea7-4f54-8c03-a562b4524858,32076,13953,51485,ElliKa00,21134,6302,7,"https://static.www.nfl.com/image/upload/f_auto,q_auto/league/lndj0awmhdulawkcjgua",,1,REG,A01,Kaden,ELL750719,48027,3200454c-4c75-0719-9c5f-35fd06b75171,2019,2019,NO,244.0,31.0
2026,NO,DL,DT,67.0,CUT,Kahlil Saunders,Kahlil,Saunders,,,297,,00-0041163,,,,,,,,,0,"https://static.www.nfl.com/image/upload/f_auto,q_auto/league/qwjuw7qtnntckiynyw7l",,1,REG,W03,Kahlil,SAU684282,63230,32005341-5568-4282-962c-16faa6cbe1a5,2026,2026,,,
2026,NO,OL,T,71.0,ACT,Kelvin Banks Jr.,Kelvin,Banks,2004-03-10,77.0,320,Texas,00-0040125,,,,,,,,,1,"https://static.www.nfl.com/image/upload/f_auto,q_auto/league/pwjfoqwm1af7cjkw7pnr",,1,REG,A01,Kelvin,BAN673432,58211,32004241-4e67-3432-7372-ee2dfd2cbf64,2025,2025,NO,9.0,22.0
2026,NO,RB,RB,5.0,ACT,Kendre Miller,Kendre,Miller,2002-06-11,72.0,220,TCU,00-0038551,4599739,66627686-34fe-4599-84ac-e436fd7d798a,40108,16898,123091,MillKe01,24238,9757,3,"https://static.www.nfl.com/image/upload/f_auto,q_auto/league/vclaomtslw55smksopku",,1,REG,A01,Kendre,MIL369085,55936,32004d49-4c36-9085-7b40-672b4733cbc6,2023,2023,NO,71.0,24.0
2026,NO,WR,WR,81.0,DEV,Kevin Austin Jr.,Kevin,Austin,2000-03-30,74.0,215,Notre Dame,00-0037231,4372758,3173c5c0-cbb6-11ec-88c8-199e5defa0d2,34242,16026,84345,AustKe00,23840,8200,4,"https://static.www.nfl.com/image/upload/f_auto,q_auto/league/fh2yaqaxkornxeb7d9ie",,1,REG,P01,Kevin,AUS749254,54911,32004155-5374-9254-94ca-870bbdf22344,2022,2022,,,26.0
2026,NO,DL,DT,97.0,ACT,Khristian Boyd,Khristian,Boyd,2000-02-23,74.0,305,Northern Iowa,00-0039401,4384595,538b5b00-3ad4-45c2-8d97-26f8c57ba1ed,,18055,88444,BoydKh00,25335,11796,2,"https://static.www.nfl.com/image/upload/f_auto,q_auto/league/gfxf6dacaxsu6buessre",,1,REG,A01,Khristian,BOY229168,57319,3200424f-5922-9168-a020-723f63af0ce6,2024,2024,NO,199.0,26.0
2026,NO,DB,CB,1.0,ACT,Kool-Aid McKinstry,Kool-Aid,McKinstry,2002-09-30,71.0,195,Alabama,00-0039860,4433975,db912dac-e488-4c39-806b-a10e990d6bf4,,17715,146602,McKiKo00,25007,11675,2,"https://static.www.nfl.com/image/upload/f_auto,q_auto/league/n0yip0zx9i25jbwugzmo",,1,REG,A01,Kool-Aid,MCK667314,57162,32004d43-4b66-7314-9644-0b09c691ed50,2024,2024,NO,41.0,23.0
2026,NO,DB,CB,36.0,RES,Lorenzo Styles Jr.,Lorenzo,Styles,2002-09-09,73.0,194,Ohio State; Notre Dame,00-0041089,4432768,,,19597,147474,StylLo00,,,0,"https://static.www.nfl.com/image/upload/f_auto,q_auto/league/zlsfss0kuhsnrzxlbmpw",,1,REG,R01,Lorenzo,STY526036,62794,32005354-5952-6036-9e7f-8e7cf45228f6,2026,2026,NO,172.0,23.0
2026,NO,LB,OLB,56.0,CUT,Malakai Williams,Malakai,Williams,,,252,,00-0041590,,,,,,,,,0,,,1,REG,W03,Malakai,WIL430478,63808,32005749-4c43-0478-dad4-55e887c88886,2026,2026,,,
2026,NO,DB,CB,22.0,ACT,Martin Emerson,Martin,Emerson,2000-09-27,74.0,200,Mississippi State,00-0037250,4429568,a1173ed5-eca1-4c81-beaf-3460d22f6cf1,34024,16137,97872,EmerMa00,23322,8390,4,"https://static.www.nfl.com/image/upload/f_auto,q_auto/league/va7yfx0xoniri3fuxr0u",,1,REG,A01,Martin,EME404215,54533,3200454d-4540-4215-97fb-3728b8869883,2022,2022,CLE,68.0,25.0
2026,NO,OL,T,63.0,ACT,Mason Murphy,Mason,Murphy,2002-06-21,77.0,324,Auburn; USC,00-0041173,,,,,,,,,0,"https://static.www.nfl.com/image/upload/f_auto,q_auto/league/kqptv02lvnfxzk6iy7y7",,1,REG,A01,Mason,MUR518557,63240,32004d55-5251-8557-87e3-446bf8324f04,2026,2026,,,24.0
2026,NO,WR,WR,15.0,RES,Mason Tipton,Mason,Tipton,2000-09-27,71.0,187,Yale,00-0039623,4573697,91918b20-0572-11ef-96c1-f73e6ad39631,41188,18107,109617,TiptMa00,25409,11895,2,"https://static.www.nfl.com/image/upload/f_auto,q_auto/league/jcloxjivlxbcveled5lr",,1,REG,R04,Mason,TIP628557,57751,32005449-5062-8557-462c-64c42c657cb3,2024,2024,,,25.0
2026,NO,LB,OLB,63.0,RES,Michael Heldman,Michael,Heldman,,,260,,00-0041329,4705926,cef62250-41b1-11f1-985b-cb31865e3411,,19711,145731,,28180,13643,0,"https://static.www.nfl.com/image/upload/f_auto,q_auto/league/jehzyru8z7dlh4ws4fqx",,1,REG,R01,Michael,HEL088990,63568,32004845-4c08-8990-f3aa-aa11ea7552a8,2026,2026,,,
2026,NO,DB,SS,42.0,ACT,Michael Reid,Mike,Reid,2002-05-24,74.0,200,South Dakota; Monmouth,00-0040293,,,,,,,,,1,"https://static.www.nfl.com/image/upload/f_auto,q_auto/league/bz5c5movgdjx8e0ba7is",,1,REG,A01,Mike,REI339378,58729,32005245-4933-9378-fac4-98b435b68d5a,2025,2025,,,24.0
2026,NO,TE,TE,80.0,RES,Moliki Matavao,Moliki,Matavao,2003-03-17,78.0,263,UCLA,00-0040244,4432731,140c137e-69f7-40a9-a92c-42e331b04109,,18623,146561,MataMo00,25988,12480,1,"https://static.www.nfl.com/image/upload/f_auto,q_auto/league/sloxqlvfyoufh2bb3zku",,1,REG,R01,Moliki,MAT050930,58453,32004d41-5405-0930-b23d-34d54fda2a88,2025,2025,NO,248.0,23.0
2026,NO,DL,DT,57.0,CUT,Myles Cole,Myles,Cole,2000-04-29,78.0,280,Texas Tech; Louisiana-Monroe,00-0039425,4365303,0d50064b-8915-46b2-bdc8-7582a1a17f8b,,17905,83500,ColeMy00,25233,11844,2,"https://static.www.nfl.com/image/upload/f_auto,q_auto/league/o5lyqgakz6zpshdrk7wu",,1,REG,W03,Myles,COL153169,57356,3200434f-4c15-3169-e8c9-638b5cf60e05,2024,2024,JAX,236.0,26.0
2026,NO,DL,DT,93.0,ACT,Nathan Shepherd,Nathan,Shepherd,1993-10-09,76.0,315,Fort Hays; Simon Fraser,00-0034760,4076951,4be6de2f-0a6c-43fc-a91f-d01cdb5dca6c,31042,12814,24614,ShepNa00,19887,5043,8,"https://static.www.nfl.com/image/upload/f_auto,q_auto/league/sl9b2jgyvmo5yn0vglok",,1,REG,A01,Nathan,SHE517895,46141,32005348-4551-7895-806f-195b8a37f46d,2018,2018,NYJ,72.0,32.0
2026,NO,OL,G,64.0,RES,Nick Saldiveri,Nick,Saldiveri,2000-08-14,78.0,316,Old Dominion,00-0038566,,,,,,,,,3,"https://static.www.nfl.com/image/upload/f_auto,q_auto/league/m8klsckbapwh7m82tinf",,1,REG,R04,Nick,SAL236049,55968,32005341-4c23-6049-3b39-0b592fdccc0b,2023,2023,NO,103.0,26.0
2026,NO,TE,TE,87.0,ACT,Noah Fant,Noah,Fant,1997-11-20,76.0,249,Iowa,00-0035644,4036131,cdc98acc-9eb6-4b44-81bb-61d7b8a3b55f,31852,13426,42388,FantNo00,20753,5857,7,"https://static.www.nfl.com/image/upload/f_auto,q_auto/league/lijnonbrcmplvkcb5kqv",,1,REG,A01,Noah,FAN405165,47803,32004641-4e40-5165-5070-db7e36dbc0d7,2019,2019,DEN,20.0,28.0
2026,NO,TE,TE,4.0,ACT,Oscar Delp,Oscar,Delp,2003-08-04,77.0,245,Georgia,00-0041041,4702559,e30ac2bf-f359-4913-8e92-0a97a7ebf289,,18544,157080,DelpOs01,25971,13319,0,"https://static.www.nfl.com/image/upload/f_auto,q_auto/league/a7tu8cb3rnd5ncgbtok5",,1,REG,A01,Oscar,DEL659316,62695,32004445-4c65-9316-aadc-57de94fa60ff,2026,2026,NO,73.0,23.0
2026,NO,LB,ILB,20.0,ACT,Pete Werner,Pete,Werner,1999-06-05,75.0,242,Ohio State,00-0036927,4241993,09bdc469-0d82-4bce-8d49-810a44a550da,33448,15600,58093,WernPe00,22753,7647,5,"https://static.www.nfl.com/image/upload/f_auto,q_auto/league/uhwx126ajhgmovxxlphm",,1,REG,A01,Pete,WER545065,53489,32005745-5254-5065-73d0-7fd60f2aedaa,2021,2021,NO,60.0,27.0
2026,NO,DB,CB,29.0,ACT,Quincy Riley,Quincy,Riley,2001-05-26,71.0,185,Louisville; Middle Tennessee State,00-0040166,4428350,3edaf8a7-e949-4f9b-be56-e0bf627ee7eb,,18600,97539,RileQu00,26182,12638,1,"https://static.www.nfl.com/image/upload/f_auto,q_auto/league/q4qlahpfgvbren4xt0pj",,1,REG,A01,Quincy,RIL581406,58336,32005249-4c58-1406-fcac-c6df4aaa9dcd,2025,2025,NO,131.0,25.0
2026,NO,DB,CB,25.0,RES,Rejzohn Wright,Rejzohn,Wright,2000-09-04,74.0,200,Oregon State,00-0038781,,,,,,,,,3,"https://static.www.nfl.com/image/upload/f_auto,q_auto/league/yrq9uabvv4pfbc0terbp",,1,REG,R01,Rejzohn,WRI631850,56500,32005752-4963-1850-24c7-68a3f57095d3,2023,2023,,,25.0
2026,NO,WR,WR,11.0,CUT,Ronnie Bell,Ronnie,Bell,2000-01-28,72.0,190,Michigan,00-0038647,4372063,ba06804a-b84c-408a-8ef6-5226d8424479,40279,16843,84288,BellRo01,22627,10221,3,"https://static.www.nfl.com/image/upload/f_auto,q_auto/league/oc0bqykntgi6uiczr7zc",,1,REG,W03,Ronnie,BEL596505,56118,32004245-4c59-6505-43ce-5ccd36c0d34a,2023,2023,SF,253.0,26.0
2026,NO,P,P,17.0,ACT,Ryan Wright,Ryan,Wright,2000-06-01,75.0,245,Tulane,00-0037500,4361823,4800e2e0-c95a-11ec-b1d2-d334745b4f4f,,16306,77591,WrigRy00,23671,8528,4,"https://static.www.nfl.com/image/upload/f_auto,q_auto/league/g8j6r8d2ut2a2ln6i3c6",,1,REG,A01,Ryan,WRI649809,55088,32005752-4964-9809-84ff-393d1a4d4491,2022,2022,,,26.0
2026,NO,QB,QB,2.0,ACT,Spencer Rattler,Spencer,Rattler,2000-09-28,72.0,218,South Carolina; Oklahoma,00-0039376,4426339,e0eecf78-86b2-4ee8-8ac9-d7713a138765,41043,17782,97408,RattSp00,23186,11562,2,"https://static.www.nfl.com/image/upload/f_auto,q_auto/league/gcgmcf4kex3jsl4rlrng",,1,REG,A01,Spencer,RAT689214,57271,32005241-5468-9214-c9ac-83458db99cd0,2024,2024,NO,150.0,25.0
2026,NO,TE,TE,85.0,DEV,Stone Smartt,Stone,Smartt,1998-10-04,76.0,226,Old Dominion,00-0037475,4250764,6ee105f0-ca2e-11ec-be96-e90abdfa0fef,34637,16321,60492,SmarSt00,23644,8583,4,"https://static.www.nfl.com/image/upload/f_auto,q_auto/league/g8mtiyojkmj8vwzmg0ez",,1,REG,P07,Stone,SMA808525,55061,3200534d-4180-8525-cede-38f1c8c069ec,2022,2022,,,27.0
2026,NO,DB,CB,34.0,DEV,TJ Hall,Terrence,Hall,2004-04-26,72.0,189,Iowa,00-0041114,4873075,01b0bb95-00e7-42ee-b38c-d1d603152a31,,19570,156441,HallTJ00,26998,13556,0,"https://static.www.nfl.com/image/upload/f_auto,q_auto/league/u02f7hqvc5rubwbl9itk",,1,REG,P01,T.J.,HAL545789,62841,32004841-4c54-5789-c455-128bc2a1f9e2,2026,2026,NO,219.0,22.0
2026,NO,OL,T,75.0,ACT,Taliese Fuaga,Taliese,Fuaga,2002-04-05,78.0,334,Oregon State,00-0039339,,,,,,,,,2,"https://static.www.nfl.com/image/upload/f_auto,q_auto/league/syucyosjtbmjzwqjuemd",,1,REG,A01,Taliese,FUA229226,57135,32004655-4122-9226-13fe-6b383364e74b,2024,2024,NO,14.0,24.0
2026,NO,K,K,46.0,CUT,Tanner Brown,Tanner,Brown,1999-12-28,72.0,180,Oklahoma State; UNLV,00-0038354,4696736,c0323320-e84b-11ed-91d9-49980de29a21,40376,17378,128347,BrowTa00,24741,11145,3,"https://static.www.nfl.com/image/upload/f_auto,q_auto/league/urrsg5etku9rfbsdgmui",,1,REG,W03,Tanner,BRO695296,56125,32004252-4f69-5296-17eb-a05a0661087d,2023,2023,,,26.0
2026,NO,RB,RB,3.0,ACT,Travis Etienne,Travis,Etienne,1999-01-26,70.0,200,Clemson,00-0036973,4239996,970693f0-0af4-4627-ac0c-bf519f7433ee,33413,15385,57185,EtieTr00,21696,7543,5,"https://static.www.nfl.com/image/upload/f_auto,q_auto/league/pwko5dybmjie8qqo4qz2",,1,REG,A01,Travis,ETI426541,53454,32004554-4942-6541-8c54-a69299f0a040,2021,2021,JAX,25.0,27.0
2026,NO,WR,WR,10.0,DEV,Trey Palmer,Trey,Palmer,2001-04-02,73.0,190,Nebraska; LSU,00-0039052,4426407,9a011241-f4b3-403a-af70-c9cdfd177054,40223,16936,99248,PalmTr00,24217,9492,3,"https://static.www.nfl.com/image/upload/f_auto,q_auto/league/cdtzofb5u510xjh08qr4",,1,REG,P07,Trey,PAL683280,56056,32005041-4c68-3280-9744-beeaa584121e,2023,2023,TB,191.0,25.0
2026,NO,TE,TE,82.0,DEV,Treyton Welch,Treyton,Welch,2001-01-10,76.0,241,Wyoming,00-0039518,,,,,,,,,2,"https://static.www.nfl.com/image/upload/f_auto,q_auto/league/rutsetwerjfsym9ohqrs",,1,REG,P01,Treyton,WEL130588,57636,32005745-4c13-0588-355d-f136a7b07b1c,2024,2024,,,25.0
2026,NO,RB,RB,32.0,RES,Ty Chandler,Ty,Chandler,1998-05-12,71.0,210,North Carolina,00-0037276,4242431,a0833a94-60ce-4a3a-a32a-d067fe7b253d,34125,15979,62942,ChanTy01,21852,8230,4,"https://static.www.nfl.com/image/upload/f_auto,q_auto/league/dmprsfd75phecgmbkf4l",,1,REG,R01,Ty,CHA336645,54634,32004348-4133-6645-66e1-215e9c59ff5f,2022,2022,MIN,169.0,28.0
2026,NO,QB,QB,6.0,ACT,Tyler Shough,Tyler,Shough,1999-09-28,77.0,225,Louisville; Texas Tech; Oregon,00-0040743,4360689,94b8f9e1-3109-4429-8f71-4f79d7588237,,17037,83537,ShouTy00,23187,12545,1,"https://static.www.nfl.com/image/upload/f_auto,q_auto/league/toiafc7qighw86geo7jf",,1,REG,A01,Tyler,SHO768898,58245,32005348-4f76-8898-2122-c8ee34c8b6a6,2025,2025,NO,40.0,26.0
2026,NO,LB,OLB,98.0,ACT,Tyree Wilson,Tyree,Wilson,2000-05-20,77.0,275,Texas Tech,00-0038541,4372533,73aefe0e-8b0e-46c2-a0fe-cc4eb269f969,40043,17149,82432,WilsTy01,24083,10889,3,"https://static.www.nfl.com/image/upload/f_auto,q_auto/league/ildmh1dcqbamtixdpgse",,1,REG,A01,Tyree,WIL806943,55871,32005749-4c80-6943-e56d-5d7ad8017cfa,2023,2023,LV,7.0,26.0
2026,NO,DL,DT,91.0,ACT,Vernon Broughton,Vernon,Broughton,2001-07-15,77.0,305,Texas,00-0040642,4429040,899433ed-9e60-4786-ac45-32c415da04c0,,18699,123107,BrouVe00,26122,12618,1,"https://static.www.nfl.com/image/upload/f_auto,q_auto/league/jij1yqsdhelakkptqz9k",,1,REG,A01,Vernon,BRO316291,58276,32004252-4f31-6291-a52f-b18369ea668d,2025,2025,NO,71.0,25.0
2026,NO,OL,G,66.0,ACT,Will Sherman,William,Sherman,1999-05-27,76.0,305,Colorado,00-0036535,,,,,,,,,5,"https://static.www.nfl.com/image/upload/f_auto,q_auto/league/jyrcmwhuedomgnd34qff",,1,REG,A01,William,SHE745716,53626,32005348-4574-5716-cc95-7b392e228b70,2021,2021,NE,197.0,27.0
2026,NO,OL,T,74.0,CUT,Xavier Truss,Xavier,Truss,2001-07-13,79.0,309,Georgia,00-0040451,,,,,,,,,1,"https://static.www.nfl.com/image/upload/f_auto,q_auto/league/fsk6ca96kv4go2hcihxi",,1,REG,W03,Xavier,TRU700783,58896,32005452-5570-0783-7f4a-1d930cdb8cc6,2025,2025,,,25.0
2026,NO,QB,QB,11.0,ACT,Zach Wilson,Zachary,Wilson,1999-08-03,74.0,208,BYU,00-0037013,4361259,17bb63b1-1b0e-48e1-baf7-55cd314d0e62,33390,15330,82096,WilsZa00,22495,7538,5,"https://static.www.nfl.com/image/upload/f_auto,q_auto/league/i17xpbsar7evcypbhtel",,1,REG,A01,Zach,WIL827119,53431,32005749-4c82-7119-d27e-724ec33f130b,2021,2021,NYJ,2.0,27.0
2026,NO,LS,LS,49.0,ACT,Zach Wood,Zach,Wood,1993-01-10,75.0,255,SMU,00-0033063,,,,,,,,,10,"https://static.www.nfl.com/image/upload/f_auto,q_auto/league/vldx7g9vu0boohxmhs48",,1,REG,A01,Zach,WOO185780,44062,3200574f-4f18-5780-d743-e42a5230251f,2016,2016,,,33.0
2026,NO,RB,RB,33.0,DEV,Zamir White,Zamir,White,1999-09-18,71.0,215,Georgia,00-0038040,4361777,440d7750-672e-4293-8eb0-89b241a498eb,34078,15852,83665,WhitZa01,22539,8139,4,"https://static.www.nfl.com/image/upload/f_auto,q_auto/league/jzthyqk2ld52f31ka1ir",,1,REG,P07,Zamir,WHI603663,54587,32005748-4960-3663-61e2-3aa5c09bf289,2022,2022,LV,122.0,26.0
2026,NYG,OL,G,64.0,ACT,Aaron Stinnie,Aaron,Stinnie,1994-02-18,75.0,312,James Madison,00-0034668,,,,,,,,,8,"https://static.www.nfl.com/image/upload/f_auto,q_auto/league/fi5wxfsa59aw80nwetoi",,1,REG,A01,Aaron,STI628067,46852,32005354-4962-8067-a1e4-6d8fce7235a8,2018,2018,,,32.0
2026,NYG,LB,OLB,3.0,ACT,Abdul Carter,Abdul,Carter,2003-10-03,75.0,252,Penn State,00-0040677,4725996,95fa8be3-3be8-45bb-9475-60a444e1af74,,18581,164160,CartAb00,26016,12574,1,"https://static.www.nfl.com/image/upload/f_auto,q_auto/league/tfchuu4khsh6jarotqga",,1,REG,A01,Abdul,CAR606063,58205,32004341-5260-6063-f7d8-00bb3d6b1cd4,2025,2025,NYG,3.0,22.0
2026,NYG,OL,T,78.0,ACT,Andrew Thomas,Andrew,Thomas,1999-01-22,77.0,326,Georgia,00-0036386,,,,,,,,,6,"https://static.www.nfl.com/image/upload/f_auto,q_auto/league/yvwuonp6lhw7ougn7q16",,1,REG,A01,Andrew,THO025763,52412,32005448-4f02-5763-1c5b-1459b2c5ddf0,2020,2020,NYG,4.0,27.0
2026,NYG,DB,CB,22.0,ACT,Andru Phillips,Andru,Phillips,2001-11-30,71.0,180,Kentucky,00-0039821,4431321,3e7f9f29-7288-4963-b858-e284f051387a,,17846,124075,PhilAn02,25157,11700,2,"https://static.www.nfl.com/image/upload/f_auto,q_auto/league/kh3iigah1t49ywg0scb9",,1,REG,A01,Andru,PHI113751,57191,32005048-4911-3751-9395-e8d40a3e1534,2024,2024,NYG,70.0,24.0
2026,NYG,LB,ILB,59.0,CUT,Anfernee Orji,Anfernee,Orji,2000-10-06,74.0,230,Vanderbilt,00-0038908,4567535,56688bd0-e777-11ed-ba5f-bf6902a39571,,17168,98568,OrjiAn00,24429,11108,3,"https://static.www.nfl.com/image/upload/f_auto,q_auto/league/lbogbl26m6kwp1ljbrog",,1,REG,W03,Anfernee,ORJ415291,56630,32004f52-4a41-5291-4ac4-28d093af19ca,2023,2023,,,25.0
2026,NYG,DL,DT,66.0,CUT,Anquin Barnes Jr.,Anquin,Barnes,,,340,,00-0041140,,,,,,,,,0,"https://static.www.nfl.com/image/upload/f_auto,q_auto/league/r6khzquci6q4znyrjpym",,1,REG,W03,Anquin,BAR398903,63207,32004241-5239-8903-de3d-16a7570b5564,2026,2026,,,
2026,NYG,DB,FS,24.0,ACT,Ar'Darius Washington,Ar'Darius,Washington,1999-11-02,68.0,178,TCU,00-0036587,4362492,76647249-62a0-4038-a597-8d0aad1ef3b5,33788,15415,77848,WashAr00,22760,7970,5,"https://static.www.nfl.com/image/upload/f_auto,q_auto/league/ptjh8ufk5zfpdc0yrpeq",,1,REG,A01,Ar'Darius,WAS049867,53819,32005741-5304-9867-cbf8-485ef22c746c,2021,2021,,,26.0
2026,NYG,DB,CB,23.0,CUT,Art Green,Art,Green,2000-04-29,74.0,200,Houston,00-0038788,4689674,6dcf20a0-f31f-11ed-93d5-0b07c9520235,,17360,123666,GreeAr01,24514,11440,3,"https://static.www.nfl.com/image/upload/f_auto,q_auto/league/qzhydlbsekmp6x7gx6pn",,1,REG,W03,Art,GRE064435,56507,32004752-4506-4435-27a6-512190124784,2023,2023,,,26.0
2026,NYG,LB,ILB,52.0,ACT,Arvell Reese,Arvell,Reese,2005-08-30,76.0,241,Ohio State,00-0041509,4950400,8095554c-7eae-4e7c-9213-01f24ceb0185,,19273,170264,ReesAr00,26819,13377,0,"https://static.www.nfl.com/image/upload/f_auto,q_auto/league/tvhqfy34evkal6zpu9to",,1,REG,A01,Arvell,REE496321,62627,32005245-4549-6321-87d8-fa50318be80a,2026,2026,NYG,5.0,21.0
2026,NYG,DL,DT,99.0,ACT,Basil Okoye,Basil,Okoye,2001-10-20,78.0,315,,00-0039176,5144942,,,17495,169780,,,,3,"https://static.www.nfl.com/image/upload/f_auto,q_auto/league/g0bc8uf6fx9g6myyswi5",,1,REG,A01,Basil,OKO547723,56592,32004f4b-4f54-7723-3463-648e028a5953,2023,2023,,,24.0
2026,NYG,DB,FS,34.0,CUT,Beau Brade,Beau,Brade,2002-01-29,72.0,200,Maryland,00-0039241,4429291,48b4b770-06f2-11ef-b629-8d4815317755,,17804,129499,BradBe01,25220,11951,2,"https://static.www.nfl.com/image/upload/f_auto,q_auto/league/aa1pdnb0jaba4zs5nnry",,1,REG,W03,Beau,BRA093032,57385,32004252-4109-3032-4a1e-7a8029534ef4,2024,2024,,,24.0
2026,NYG,DL,DT,68.0,DEV,Ben Barten,Benjamin,Barten,,,330,,00-0041141,,,,,,,,,0,"https://static.www.nfl.com/image/upload/f_auto,q_auto/league/xja02mvfi3m5ytvxirea",,1,REG,P01,Ben,BAR722613,63208,32004241-5272-2613-8f10-948cf06c8e68,2026,2026,,,
2026,NYG,LS,LS,58.0,ACT,Ben Mann,Ben,Mann,2002-07-06,77.0,232,Boston College; Yale,00-0041143,,,,,,,,,0,"https://static.www.nfl.com/image/upload/f_auto,q_auto/league/vdnd7w2xp70dionjqi3l",,1,REG,A01,Ben,MAN388319,63210,32004d41-4e38-8319-54f3-80e52c61f131,2026,2026,,,24.0
2026,NYG,K,K,30.0,CUT,Ben Sauls,Ben,Sauls,2001-07-31,70.0,185,Pittsburgh,00-0040530,4566158,,,18744,123021,SaulBe00,,,1,"https://static.www.nfl.com/image/upload/f_auto,q_auto/league/xtbztjfp9xzrfn5ajkrw",,1,REG,W03,Ben,SAU415288,58976,32005341-5541-5288-f2e5-b172753b0638,2025,2025,,,25.0
2026,NYG,DL,DT,97.0,ACT,Bobby Jamison-Travis,Quientrail,Jamison-Travis,2001-04-28,75.0,328,Auburn; Iowa Western CC,00-0041095,5159928,,,19515,175881,JamiBo00,,,0,"https://static.www.nfl.com/image/upload/f_auto,q_auto/league/cscc37cjkwit6pkivj0r",,1,REG,A01,Bobby,JAM811640,62808,32004a41-4d81-1640-1ade-b8f28b0220d3,2026,2026,NYG,186.0,25.0
2026,NYG,WR,WR,87.0,DEV,Braxton Berrios,Braxton,Berrios,1995-10-06,69.0,190,Miami,00-0034419,3123075,18f0bd30-1432-4fae-9cb4-c212bad6d0bb,31180,12771,47961,BerrBr00,20038,5121,8,"https://static.www.nfl.com/image/upload/f_auto,q_auto/league/striwxmn9t0ixherw7l8",,1,REG,P07,Braxton,BER456050,46279,32004245-5245-6050-b9d8-8b288006bd46,2018,2018,NE,210.0,30.0
2026,NYG,LB,OLB,0.0,ACT,Brian Burns,Brian,Burns,1998-04-23,77.0,250,Florida State,00-0035713,4035631,dbf199a9-542e-4279-8764-3341b9f80910,31848,13439,44522,BurnBr00,21052,5862,7,"https://static.www.nfl.com/image/upload/f_auto,q_auto/league/glmrmpqkmsc0jiyicmlg",,1,REG,A01,Brian,BUR435186,47799,32004255-5243-5186-1599-e217b39cecc8,2019,2019,CAR,16.0,28.0
2026,NYG,OL,C,60.0,ACT,Bryan Hudson,Bryan,Hudson,2001-01-11,77.0,305,Louisville,00-0039446,,,,,,,,,2,"https://static.www.nfl.com/image/upload/f_auto,q_auto/league/na1dcb82f0pahjtyipzw",,1,REG,A01,Bryan,HUD246242,57560,32004855-4424-6242-6f9f-5843ccd2f1bb,2024,2024,,,25.0
2026,NYG,LB,OLB,33.0,CUT,Caleb Murphy,Caleb,Murphy,1999-12-15,75.0,245,Ferris State; Grand Valley,00-0038851,4911489,7debd720-e763-11ed-8199-d58dac5a4f8e,40330,17159,169634,MurpCa00,24425,11098,3,"https://static.www.nfl.com/image/upload/f_auto,q_auto/league/zc4hfyhht5w0m9kiultm",,1,REG,W03,Caleb,MUR186262,56571,32004d55-5218-6262-c4e2-7739045c2a95,2023,2023,,,26.0
2026,NYG,WR,WR,82.0,RES,Calvin Austin III,Calvin,Austin,1999-03-24,69.0,162,Memphis,00-0037837,4243389,a95271f7-6dae-4b43-94fd-3ff04b15d4c4,34094,15874,61418,AustCa00,22566,8125,4,"https://static.www.nfl.com/image/private/f_auto,q_auto/league/qlt6ztqcbu0uzad6aavt",,1,REG,R01,Calvin,AUS738004,54603,32004155-5373-8004-5ff3-52f1c2b4fb0b,2022,2022,PIT,138.0,27.0
2026,NYG,RB,RB,44.0,ACT,Cam Skattebo,Cameron,Skattebo,2002-02-05,71.0,215,Arizona State; Sacramento State,00-0040715,4696981,e1f0c72d-f4d0-4c24-93a4-8a12b9a2efd2,,18514,147787,SkatCa00,25887,12481,1,"https://static.www.nfl.com/image/upload/f_auto,q_auto/league/hlggiqdfvj1f4kntkafr",,1,REG,A01,Cam,SKA578439,58310,3200534b-4157-8439-e202-fa5ff0631271,2025,2025,NYG,105.0,24.0
2026,NYG,LB,ILB,55.0,DEV,Chandler Martin,Chandler,Martin,2002-12-11,72.0,230,Memphis; East Tennessee State,00-0040108,4695086,,,18993,139005,MartCh02,,,1,"https://static.www.nfl.com/image/upload/f_auto,q_auto/league/po0lpcvyloyque4kmnjy",,1,REG,P01,Chandler,MAR530903,58542,32004d41-5253-0903-d50c-dab70e4c84e3,2025,2025,,,23.0
2026,NYG,WR,WR,89.0,DEV,Charlie Jones,Charlie,Jones,1998-10-29,72.0,188,Purdue; Iowa,00-0038576,4257188,c634c231-61fb-4725-8533-2cce14bfebbf,40158,16719,55038,JoneCh11,24122,10228,3,"https://static.www.nfl.com/image/upload/f_auto,q_auto/league/poy4ph18jx211xbe6ajt",,1,REG,P07,Charlie,JON160287,55996,32004a4f-4e16-0287-5859-a7165d1cc115,2023,2023,CIN,131.0,27.0
2026,NYG,DL,DE,57.0,ACT,Chauncey Golston,Chauncey,Golston,1998-02-10,77.0,270,Iowa,00-0036982,4036132,b7f8bf4e-a1e5-443e-8deb-3916c817a1a8,33472,15321,42718,GolsCh00,22820,7693,5,"https://static.www.nfl.com/image/upload/f_auto,q_auto/league/zgkpz7ctgzyjxxa2zzqe",,1,REG,A01,Chauncey,GOL699429,53513,3200474f-4c69-9429-32f5-7aaacc30c4d1,2021,2021,DAL,84.0,28.0
2026,NYG,TE,TE,85.0,ACT,Chris Manhertz,Chris,Manhertz,1992-04-10,78.0,255,Canisius College,00-0031484,2531358,7c7b5515-7786-4e24-9ce0-34e6a8bd5727,28365,10033,10211,ManhCh00,17762,3048,11,"https://static.www.nfl.com/image/upload/f_auto,q_auto/league/bw0kytk1nwrdln9t3wzg",,1,REG,A01,Chris,MAN285874,42302,32004d41-4e28-5874-8b5c-b485778d40fc,2015,2015,,,34.0
2026,NYG,DB,CB,12.0,ACT,Colton Hood,Colton,Hood,2005-02-23,72.0,193,Tennessee; Colorado; Auburn,00-0041462,4921249,,,19404,172450,HoodCo00,,,0,"https://static.www.nfl.com/image/upload/f_auto,q_auto/league/lzlv1gqqjzhawk3jfu8m",,1,REG,A01,Colton,HOO037014,62659,3200484f-4f03-7014-1d80-c4b1d6cb00a8,2026,2026,NYG,37.0,21.0
2026,NYG,DB,CB,36.0,CUT,DJ James,D.J.,James,2001-03-05,72.0,164,Auburn; Oregon,00-0039800,4429891,412027d9-c9d2-4f30-a677-fe1804e978ee,,17751,100379,JameDJ00,25339,11801,2,"https://static.www.nfl.com/image/upload/f_auto,q_auto/league/rqkampxsl0ukgtcf0zoi",,1,REG,R01,D.J.,JAM173361,57312,32004a41-4d17-3361-59a8-25f8c06207e9,2024,2024,SEA,192.0,25.0
2026,NYG,DL,NT,98.0,ACT,DJ Reader,David,Reader,1994-07-01,75.0,330,Clemson,00-0032424,2977670,42bb4895-bdfb-40e2-8119-f5b06611bf1b,29400,11114,10800,ReadD.00,18083,3322,10,"https://static.www.nfl.com/image/upload/f_auto,q_auto/league/k3fzivhgxscqaprr71by",,1,REG,A01,D.J.,REA148116,43455,32005245-4114-8116-e0aa-521c3fdaafdb,2016,2016,HOU,166.0,32.0
2026,NYG,WR,WR,83.0,DEV,Dalen Cambre,Dalen,Cambre,2001-04-10,72.0,192,Louisiana,00-0040431,4570296,,,18878,102933,CambDa00,,,1,"https://static.www.nfl.com/image/upload/f_auto,q_auto/league/cfllxq8wvrrciu7ugnyp",,1,REG,P01,Dalen,CAM039778,58876,32004341-4d03-9778-7aff-18da966cd6e7,2025,2025,,,25.0
2026,NYG,RB,RB,37.0,CUT,Damon Bankston,Damon,Bankston,,,186,,00-0041139,,,,,,,,,0,"https://static.www.nfl.com/image/upload/f_auto,q_auto/league/pfbet5qlrhpv0qaxqbax",,1,REG,W03,Damon,BAN673434,63198,32004241-4e67-3434-7fcf-29ceba335350,2026,2026,,,
2026,NYG,OL,T,75.0,DEV,Darian Kinnard,Darian,Kinnard,1999-12-29,77.0,345,Kentucky,00-0037194,,,,,,,,,4,"https://static.www.nfl.com/image/upload/f_auto,q_auto/league/e6f2xsct8yrz0nc5ou8w",,1,REG,P07,Darian,KIN720128,54610,32004b49-4e72-0128-6203-4ab65ad6ed51,2022,2022,KC,145.0,26.0
2026,NYG,DL,DT,91.0,ACT,Darius Alexander,Darius,Alexander,2000-08-26,76.0,310,Toledo,00-0040694,4426542,13a06c0d-d946-4a00-bd7a-e9131aaa09cb,,18696,98333,AlexDa01,26131,12581,1,"https://static.www.nfl.com/image/upload/f_auto,q_auto/league/upwtqewimo1hydyqwznv",,1,REG,A01,Darius,ALE196713,58270,3200414c-4519-6713-2741-83002e82e250,2025,2025,NYG,65.0,26.0
2026,NYG,WR,WR,18.0,ACT,Darius Slayton,Darius,Slayton,1997-01-12,73.0,190,Auburn,00-0035535,3916945,82ed30a5-54a8-4ed0-b040-99c3a78fb055,32003,13522,25578,SlayDa01,20943,6149,7,"https://static.www.nfl.com/image/upload/f_auto,q_auto/league/otksyfjll5waf0vsczeu",,1,REG,A01,Darius,SLA500077,47954,3200534c-4150-0077-315f-47cff2877b23,2019,2019,NYG,171.0,29.0
2026,NYG,WR,WR,17.0,ACT,Darnell Mooney,Darnell,Mooney,1997-10-29,71.0,172,Tulane,00-0036309,4040655,bafe8df1-66b5-4200-8fb3-ff188c25a4e2,32843,14510,48236,MoonDa00,21961,7090,6,"https://static.www.nfl.com/image/upload/f_auto,q_auto/league/eaejonwaflt9drrs9ika",,1,REG,A01,Darnell,MOO076900,52581,32004d4f-4f07-6900-2883-f3ddae0181d4,2020,2020,CHI,173.0,28.0
2026,NYG,DB,CB,2.0,ACT,Deonte Banks,Deonte,Banks,2001-04-03,74.0,205,Maryland,00-0039000,42873,e905a38b-bf94-4d46-b9e3-a7b534258a20,40053,16727,101384,BankDe00,24183,10878,3,"https://static.www.nfl.com/image/upload/f_auto,q_auto/league/pskti493swphojhbve0c",,1,REG,A01,Deonte,BAN462444,55888,32004241-4e46-2444-9957-08e48a0cf8b6,2023,2023,NYG,24.0,25.0
2026,NYG,RB,RB,26.0,ACT,Devin Singletary,Devin,Singletary,1997-09-03,67.0,203,Florida Atlantic,00-0035250,4040761,a961b0d4-5d7c-438e-90f0-2e1fa09f6c89,31906,13449,40485,SingDe00,20941,6130,7,"https://static.www.nfl.com/image/upload/f_auto,q_auto/league/xy2r2msxjqneml2c1cdc",,1,REG,A01,Devin,SIN186919,47857,32005349-4e18-6919-d1e6-003f4632ba87,2019,2019,BUF,74.0,28.0
2026,NYG,K,K,34.0,ACT,Dominic Zvada,Dominic,Zvada,2003-10-25,75.0,178,Michigan; Arkansas State,00-0041145,5082424,,,18509,,ZvadDo00,,,0,"https://static.www.nfl.com/image/upload/f_auto,q_auto/league/rej45oauer8jysbtwbxm",,1,REG,A01,Dominic,ZVA415291,63212,32005a56-4141-5291-71ea-5559c0a8c75f,2026,2026,,,22.0
2026,NYG,DB,FS,28.0,ACT,Elijah Campbell,Elijah,Campbell,1995-08-24,71.0,193,Northern Iowa,00-0034248,3932901,98166be9-2705-496d-ae1c-3bbcc2fe60bb,31451,13139,49190,CampEl00,20271,5534,8,"https://static.www.nfl.com/image/upload/f_auto,q_auto/league/qyz7zre7auvk1ilrfs70",,1,REG,A01,Elijah,CAM260095,46501,32004341-4d26-0095-2cd6-599f689d3453,2018,2018,,,31.0
2026,NYG,DB,CB,37.0,DEV,Elijah Jones,Elijah,Jones,2000-01-08,73.0,184,Boston College,00-0039823,4360203,6e1e18d1-3dab-4333-aa02-97354d316c6f,,18071,76632,JoneEl00,25173,11717,2,"https://static.www.nfl.com/image/upload/f_auto,q_auto/league/ncb3dyn1yc6gwjv20l1x",,1,REG,P06,Elijah,JON275726,57211,32004a4f-4e27-5726-7a49-e84a04ed3b1f,2024,2024,AZ,90.0,26.0
2026,NYG,RB,RB,20.0,CUT,Eric Gray,Eric,Gray,1999-11-04,70.0,210,Oklahoma; Tennessee,00-0038396,4570561,dcc536c1-36f2-4e34-8028-ccf32d930018,40198,16970,99143,GrayEr01,23195,10223,3,"https://static.www.nfl.com/image/upload/f_auto,q_auto/league/ijjxwxv1ccyowzhpuw2k",,1,REG,W03,Eric,GRA652870,56037,32004752-4165-2870-85bd-e1a472b80efc,2023,2023,NYG,172.0,26.0
2026,NYG,OL,T,65.0,ACT,Francis Mauigoa,Francis,Mauigoa,2005-06-04,78.0,329,Miami,00-0041505,,,,,,,,,0,"https://static.www.nfl.com/image/upload/f_auto,q_auto/league/sf5gdoimkobalbcvgirv",,1,REG,A01,Francis,MAU290246,62632,32004d41-5529-0246-8acf-c015bb4b4780,2026,2026,NYG,10.0,21.0
2026,NYG,OL,C,63.0,DEV,Geno VanDeMark,Geno,VanDeMark,2002-06-12,77.0,326,Alabama; Michigan State,00-0041234,,,,,,,,,0,"https://static.www.nfl.com/image/upload/f_auto,q_auto/league/flljxyu3fooj4piap4hz",,1,REG,P01,Geno,VAN357947,63302,32005641-4e35-7947-7d36-219bc2818baf,2026,2026,,,24.0
2026,NYG,RB,FB,47.0,DEV,Grant Finley,Grant,Finley,2003-08-19,76.0,270,Missouri Western,00-0041585,,,,,,,,,0,,,1,REG,P01,Grant,FIN386337,63204,32004649-4e38-6337-f68e-17f48e9313c9,2026,2026,,,23.0
2026,NYG,DB,CB,20.0,ACT,Greg Newsome II,Greg,Newsome,2000-05-18,72.0,188,Northwestern,00-0036996,4361266,2303e1eb-fa31-4cfe-b93d-7c2e1b683baa,33414,15275,83341,NewsGr00,22877,7630,5,"https://static.www.nfl.com/image/upload/f_auto,q_auto/league/zyfy3onrys9i6ounvai8",,1,REG,A01,Greg,NEW673012,53455,32004e45-5767-3012-fb28-d7fdd1b7e482,2021,2021,CLE,26.0,26.0
2026,NYG,WR,WR,80.0,RES,Gunner Olszewski,Kaleb,Olszewski,1996-11-26,72.0,190,Bemidji State University,00-0035645,4424106,625a1777-dd9a-48c6-b512-c450b0914450,32612,14318,95015,OlszGu00,21601,6699,7,"https://static.www.nfl.com/image/upload/f_auto,q_auto/league/q6fs5e2eotgeh47xeo74",,1,REG,R01,Gunner,OLS746941,48988,32004f4c-5374-6941-75b1-22a2662014a2,2019,2019,,,29.0
2026,NYG,TE,TE,9.0,ACT,Isaiah Likely,Isaiah,Likely,2000-04-18,76.0,245,Coastal Carolina,00-0037838,4361050,f9279edb-cfa7-4f7d-91df-b81cbf3e133e,34095,16033,83955,LikeIs00,23256,8131,4,"https://static.www.nfl.com/image/upload/f_auto,q_auto/league/b1pahldt9ixp9lssxi2d",,1,REG,A01,Isaiah,LIK088990,54604,32004c49-4b08-8990-7695-dc4768035012,2022,2022,BAL,139.0,26.0
2026,NYG,OL,G,74.0,ACT,J.C. Davis,J.C.,Davis,2003-10-09,76.0,322,Illinois; New Mexico; Contra Costa,00-0041101,,,,,,,,,0,"https://static.www.nfl.com/image/upload/f_auto,q_auto/league/t69il88b4wzuu69bxr2t",,1,REG,A01,J.C.,DAV431792,62814,32004441-5643-1792-4c2f-e3bf8086241e,2026,2026,NYG,192.0,22.0
2026,NYG,DB,CB,35.0,CUT,JT Woods,J.T.,Woods,2000-06-10,74.0,193,Baylor,00-0038091,4362917,a72657e3-2330-4a2d-932d-be37ec504f1a,34035,16076,77837,WoodJT00,23461,8313,4,"https://static.www.nfl.com/image/upload/f_auto,q_auto/league/c9yj9oh5pdja14fvmoub",,1,REG,P06,J.T.,WOO516814,54544,3200574f-4f51-6814-68e6-23f4de50c215,2022,2022,LAC,79.0,26.0
2026,NYG,LB,ILB,51.0,ACT,Jack Kelly,Jack,Kelly,2003-01-02,74.0,240,BYU; Weber State,00-0041102,4876380,72e382e6-1e90-4d7a-9126-060e4c63a6c4,,19548,147861,KellJa00,27008,13531,0,"https://static.www.nfl.com/image/upload/f_auto,q_auto/league/mi3bzmy1yrml24fmqfbx",,1,REG,A01,Jack,KEL577232,62815,32004b45-4c57-7232-23da-89730407641b,2026,2026,NYG,193.0,23.0
2026,NYG,QB,QB,12.0,DEV,Jake Haener,Jake,Haener,1999-03-10,73.0,195,Fresno State; Washington,00-0038998,4243322,70376919-8220-4128-a089-72d5b10f2346,40144,16912,60596,HaenJa00,23249,10215,3,"https://static.www.nfl.com/image/upload/f_auto,q_auto/league/jfxyp1qkekty7jwh5kcr",,1,REG,P06,Jake,HAE351032,55992,32004841-4535-1032-5335-81e19a8e5996,2023,2023,NO,127.0,27.0
2026,NYG,WR,WR,81.0,DEV,Jalin Hyatt,Jalin,Hyatt,2001-09-25,72.0,185,Tennessee,00-0038938,4692590,e5f9d339-a89f-4e47-9a84-b89f14550c05,40128,16714,124282,HyatJa00,24125,9497,3,"https://static.www.nfl.com/image/upload/f_auto,q_auto/league/fqgvjckxe03pr4eup6m7",,1,REG,P07,Jalin,HYA420916,55938,32004859-4142-0916-68d0-ff3c547de346,2023,2023,NYG,73.0,24.0
2026,NYG,QB,QB,19.0,ACT,Jameis Winston,Jameis,Winston,1994-01-06,76.0,231,Florida State,00-0031503,2969939,fb3b36fc-b985-4807-8199-d038d7e62a93,28389,10037,9434,WinsJa00,16762,2306,11,"https://static.www.nfl.com/image/upload/f_auto,q_auto/league/e5qyxnibbyawi0pvfpjl",,1,REG,A01,Jameis,WIN623708,42344,32005749-4e62-3708-9650-e59a3f7bea83,2015,2015,TB,1.0,32.0
2026,NYG,DB,CB,35.0,RES,Jarrick Bernard-Converse,Jarrick,Bernard-Converse,2000-04-29,73.0,205,LSU; Oklahoma State,00-0038401,4361834,c506285e-abfb-4503-b981-20aaa0bf49a0,40236,16854,77841,BernJa01,24485,11001,3,"https://static.www.nfl.com/image/upload/f_auto,q_auto/league/qijokuz8ptkewjqktjm4",,1,REG,R01,Jarrick,BER240672,56069,32004245-5224-0672-7336-e3ddfa302832,2023,2023,NYJ,204.0,26.0
2026,NYG,OL,T,79.0,DEV,Jarrod Gray,Jarrod,Gray,2004-01-05,79.0,329,,00-0041578,,,,,,,,,0,,,1,REG,P03,Jarrod,GRA682351,62609,32004752-4168-2351-925e-c15943848a01,2026,2026,,,22.0
2026,NYG,DB,FS,25.0,ACT,Jason Pinnock,Jason,Pinnock,1999-06-30,72.0,200,Pittsburgh,00-0036502,4240706,8ca53dc6-9a7f-41a6-9b69-d199a6784013,33563,15532,56144,PinnJa01,22922,7816,5,"https://static.www.nfl.com/image/upload/f_auto,q_auto/league/l8c9lidz6spvjrp1v831",,1,REG,A01,Jason,PIN757046,53604,32005049-4e75-7046-17a6-92c57382f4b9,2021,2021,NYJ,175.0,27.0
2026,NYG,QB,QB,6.0,ACT,Jaxson Dart,Jaxson,Dart,2003-05-13,74.0,225,Mississippi; USC,00-0040691,4689114,53848cba-bcad-4cd0-bb35-0a1f6ed111d1,,18574,146409,DartJa00,26082,12508,1,"https://static.www.nfl.com/image/upload/f_auto,q_auto/league/n6uymxssgiicjmxkzxoc",,1,REG,A01,Jaxson,DAR735504,58227,32004441-5273-5504-d6f2-f2d3f25131e8,2025,2025,NYG,25.0,23.0
2026,NYG,OL,T,72.0,ACT,Jermaine Eluemunor,Jermaine,Eluemunor,1994-12-13,76.0,335,Texas A&M; Lackawanna JC,00-0033290,,,,,,,,,9,"https://static.www.nfl.com/image/upload/f_auto,q_auto/league/xqlquhcisz9ykfedvele",,1,REG,A01,Jermaine,ELU177981,44972,3200454c-5517-7981-2db3-292a30f493e2,2017,2017,BAL,159.0,31.0
2026,NYG,DB,FS,8.0,ACT,Jevon Holland,Jevon,Holland,2000-03-03,73.0,196,Oregon,00-0036998,4373809,30915dd4-f19f-48cd-8425-f2cf29246b66,33424,15196,83873,HollJe02,22841,7666,5,"https://static.www.nfl.com/image/upload/f_auto,q_auto/league/z5pg2azijnijyvqexm4r",,1,REG,A01,Jevon,HOL131928,53465,3200484f-4c13-1928-b996-94eefba2d73c,2021,2021,MIA,36.0,26.0
2026,NYG,OL,C,61.0,ACT,John Michael Schmitz,John Michael,Schmitz,1999-04-19,76.0,320,Minnesota,00-0039019,,,,,,,,,3,"https://static.www.nfl.com/image/private/f_auto,q_auto/league/viajsunbxleejrou46vu",,1,REG,A01,John Michael,SCH367249,55922,32005343-4836-7249-e8ba-7c4c69915992,2023,2023,NYG,57.0,27.0
2026,NYG,OL,G,76.0,ACT,Jon Runyan,Jon,Runyan,1997-08-08,76.0,321,Michigan,00-0036246,,,,,,,,,6,"https://static.www.nfl.com/image/upload/f_auto,q_auto/league/kauh0olqkhebxe8gf1if",,1,REG,A01,Jon,RUN665243,52600,32005255-4e66-5243-5999-ba8f8f093175,2020,2020,GB,192.0,29.0
2026,NYG,P,P,15.0,ACT,Jordan Stout,Jordan,Stout,1998-08-04,75.0,209,Penn State,00-0038094,4260224,6b2416e4-510b-4ecb-b1eb-0037863fc315,,15826,57649,StouJo00,23570,8467,4,"https://static.www.nfl.com/image/upload/f_auto,q_auto/league/eeftrwsh0aigc7r22goy",,1,REG,A01,Jordan,STO727243,54595,32005354-4f72-7243-90d9-b44242223591,2022,2022,BAL,130.0,28.0
2026,NYG,DL,NT,94.0,DEV,Josh Tupou,Josh,Tupou,1994-05-02,75.0,345,Colorado,00-0033347,2979632,1ad3e535-2b5c-48a8-82f0-c7a933d250f0,30586,12183,12093,TupoJo00,19228,4371,9,"https://static.www.nfl.com/image/upload/f_auto,q_auto/league/dlnemwulvmozmdwp0prp",,1,REG,P07,Josh,TUP546197,45226,32005455-5054-6197-b656-c3798436dac4,2017,2017,,,32.0
2026,NYG,LB,OLB,5.0,ACT,Kayvon Thibodeaux,Kayvon,Thibodeaux,2000-12-15,77.0,250,Oregon,00-0037611,4426326,47b9a4ca-aad6-41a0-a1b1-d6b2091f0296,33960,15854,98444,ThibKa00,23260,8355,4,"https://static.www.nfl.com/image/upload/f_auto,q_auto/league/zva5gqbt2nauteuxlcao",,1,REG,A01,Kayvon,THI172866,54470,32005448-4917-2866-684f-218d97d743dd,2022,2022,NYG,5.0,25.0
2026,NYG,OL,C,67.0,DEV,Kingsley Eguakun,Kingsley,Eguakun,2001-03-23,75.0,305,Florida,00-0039442,,,,,,,,,2,"https://static.www.nfl.com/image/upload/f_auto,q_auto/league/tybhcfzdfccvnxz4labx",,1,REG,P01,Kingsley,EGU437422,57556,32004547-5543-7422-543e-16c95f93f09f,2024,2024,,,25.0
2026,NYG,WR,WR,81.0,CUT,Kobe Prentice,Kobe,Prentice,,,190,,00-0041152,4869965,bf715f30-426e-11f1-8cc0-9f1129d6471a,,19680,163609,PrenKo00,26964,13708,0,"https://static.www.nfl.com/image/upload/f_auto,q_auto/league/n0zgkpti7qrcphmtuani",,1,REG,W03,Kobe,PRE230806,63219,32005052-4523-0806-a982-bb017f943c36,2026,2026,,,
2026,NYG,DB,CB,38.0,RES,Korie Black,Korie,Black,2002-06-22,72.0,190,Oklahoma State,00-0040243,4429281,af0644a7-0d19-462d-85e6-36aac0d39f8b,,18802,122958,BlacKo00,26257,12716,1,"https://static.www.nfl.com/image/upload/f_auto,q_auto/league/dz0nqspvvzxslk9lxji6",,1,REG,R48,Korie,BLA097423,58451,3200424c-4109-7423-7ea6-95924e943559,2025,2025,NYG,246.0,24.0
2026,NYG,WR,WR,88.0,ACT,Malachi Fields,Malachi,Fields,2003-08-26,76.0,218,Notre Dame; Virginia,00-0041042,4682648,ed9f9d96-d1e5-43bd-ac69-cbd29bb0b9bb,,19313,151069,FielMa00,25935,13285,0,"https://static.www.nfl.com/image/upload/f_auto,q_auto/league/tpls1aptxx9x8xaqvjtj",,1,REG,A01,Malachi,FIE775129,62696,32004649-4577-5129-bdde-a7ac925e73c8,2026,2026,NYG,74.0,23.0
2026,NYG,WR,WR,1.0,ACT,Malik Nabers,Malik,Nabers,2003-07-28,72.0,195,LSU,00-0039337,4595348,55ef2022-50c2-465b-839e-c0f4c9e7c55c,40899,17704,146759,NabeMa00,24953,11632,2,"https://static.www.nfl.com/image/upload/f_auto,q_auto/league/w3edoyyuomqlovvp9ixc",,1,REG,A01,Malik,NAB400459,57127,32004e41-4240-0459-a77d-033b6932cbbb,2024,2024,NYG,6.0,23.0
2026,NYG,OL,T,71.0,ACT,Marcus Mbow,Marcus,Mbow,2003-04-02,77.0,300,Purdue,00-0040181,,,,,,,,,1,"https://static.www.nfl.com/image/upload/f_auto,q_auto/league/tcuix9kjptef9xrgpdoz",,1,REG,A01,Marcus,MBO415291,58359,32004d42-4f41-5291-1b18-972b1a1ef9ec,2025,2025,NYG,154.0,23.0
2026,NYG,LB,ILB,41.0,ACT,Micah McFadden,Micah,McFadden,2000-01-03,74.0,232,Indiana,00-0037259,4371961,7642bafd-0974-46f5-9516-fe0c46fedb97,34102,16186,81246,McFaMi01,23541,8396,4,"https://static.www.nfl.com/image/upload/f_auto,q_auto/league/nxlztsejsflkplpgq0jn",,1,REG,A01,Micah,MCF189074,54611,32004d43-4618-9074-1d3b-5835bc5ff315,2022,2022,NYG,146.0,26.0
2026,NYG,RB,RB,23.0,ACT,Najee Harris,Najee,Harris,1998-03-09,73.0,230,Alabama,00-0036893,4241457,48ec58c3-ec26-4434-b005-8d34035e6667,33412,15468,57121,HarrNa00,21768,7528,5,"https://static.www.nfl.com/image/upload/f_auto,q_auto/league/grfxgbvqnzz40r7rdtvk",,1,REG,A01,Najee,HAR493163,53453,32004841-5249-3163-f8f5-73c55f8a5c0d,2021,2021,PIT,24.0,28.0
2026,NYG,DB,CB,31.0,ACT,Nic Jones,Nic,Jones,2001-10-15,72.0,185,Ball State,00-0038986,4427636,fd133ca5-a014-4f5d-9e2f-14882da45cc2,,17345,97327,JoneNi00,24498,11029,3,"https://static.www.nfl.com/image/upload/f_auto,q_auto/league/ph6swp4bcjab60k3zlmw",,1,REG,A01,Nic,JON636725,56115,32004a4f-4e63-6725-c7e7-205da89b1116,2023,2023,KC,250.0,24.0
2026,NYG,WR,WR,13.0,ACT,Odell Beckham Jr.,Odell,Beckham,1992-11-05,71.0,198,LSU,00-0031235,16733,354dec38-b88b-4ba0-8974-859123f27c45,27540,9255,8647,BeckOd00,16389,2078,12,"https://static.www.nfl.com/image/upload/f_auto,q_auto/league/ffmalg3wr7lwnsz59i7v",,1,REG,A01,Odell,BEC573252,41238,32004245-4357-3252-264b-1da3e93d2745,2014,2014,NYG,12.0,33.0
2026,NYG,RB,FB,45.0,ACT,Patrick Ricard,Patrick,Ricard,1994-05-27,75.0,300,Maine,00-0033376,2975417,cb68b95f-ef6f-4e5e-b861-8bfe6cfeacf5,30592,12298,48862,RicaPa00,19209,4353,9,"https://static.www.nfl.com/image/upload/f_auto,q_auto/league/nm7ezh46zd5bdxaxz6a9",,1,REG,A01,Patrick,RIC012529,45268,32005249-4301-2529-9196-f7af1fec131c,2017,2017,,,32.0
2026,NYG,DB,CB,21.0,ACT,Paulson Adebo,Saiid,Adebo,1999-07-03,73.0,193,Stanford,00-0036937,4242547,054cf859-2cf7-4621-a98e-b440e66508a5,33464,15399,52280,AdebPa00,22704,7669,5,"https://static.www.nfl.com/image/upload/f_auto,q_auto/league/yft8adxhq7go3eqd8d9k",,1,REG,A01,Paulson,ADE042937,53505,32004144-4504-2937-5d43-1392b15dc292,2021,2021,NO,76.0,27.0
2026,NYG,DB,SS,43.0,DEV,Raheem Layne,Raheem,Layne,1999-07-02,71.0,200,Indiana,00-0037468,4258237,71325ae0-ca2c-11ec-a896-a541b322f383,,16314,55960,LaynRa00,23750,8578,4,"https://static.www.nfl.com/image/upload/f_auto,q_auto/league/z3fhkczvsef6tqspduap",,1,REG,P01,Raheem,LAY553130,55054,32004c41-5955-3130-c4cb-17782af043c8,2022,2022,,,27.0
2026,NYG,DB,CB,36.0,RES,Rico Payton,Rico,Payton,1999-11-28,72.0,182,Pittsburg State (KS); Southern Illinois,00-0039620,4368350,c3046dc0-0573-11ef-b660-4d07270c2b35,,18110,86957,PaytRi00,25469,11899,2,"https://static.www.nfl.com/image/upload/f_auto,q_auto/league/fhtldemepl6yeuqvepdj",,1,REG,R01,Rico,PAY698744,57748,32005041-5969-8744-ab6a-51e48c2fdbb2,2024,2024,,,26.0
2026,NYG,DL,DT,95.0,RES,Roy Robertson-Harris,Roy,Robertson-Harris,1993-07-23,79.0,294,Texas-El Paso,00-0032667,2574891,36248cd5-f747-4960-b66a-a5d4f481e098,29920,11356,11341,RobeRo00,18292,3526,10,"https://static.www.nfl.com/image/upload/f_auto,q_auto/league/gpsdbmoistqbc4dfdsak",,1,REG,R01,Roy,ROB360907,43787,3200524f-4236-0907-76e2-1ee576ba9fea,2016,2016,,,33.0
2026,NYG,OL,T,70.0,DEV,Ryan Schernecke,Ryan,Schernecke,2003-04-30,80.0,310,Kutztown,00-0041144,,,,,,,,,0,"https://static.www.nfl.com/image/upload/f_auto,q_auto/league/kwyianyrtbidf3yjwbup",,1,REG,P01,Ryan,SCH135863,63211,32005343-4813-5863-3316-d498ba0e21dc,2026,2026,,,23.0
2026,NYG,DL,DT,93.0,ACT,Shelby Harris,Shelby,Harris,1991-08-11,74.0,290,Illinois State; Wisconsin,00-0031270,16837,20d66704-9c12-467f-a6ca-9cf9dc00730c,27763,9785,8869,HarrSh00,16319,2033,12,"https://static.www.nfl.com/image/upload/f_auto,q_auto/league/r1lxhltzhpkmfdocupum",,1,REG,A01,Shelby,HAR536152,41464,32004841-5253-6152-2588-5177254b0366,2014,2014,OAK,235.0,35.0
2026,NYG,DB,CB,39.0,RES,Thaddeus Dixon,Thaddeus,Dixon,2002-02-20,73.0,195,North Carolina; Washington; Long Beach City College,00-0041142,,,,,,,,,0,,,1,REG,R01,Thaddeus,DIX670855,63209,32004449-5867-0855-34ed-40f0f8b87ccc,2026,2026,,,24.0
2026,NYG,TE,TE,84.0,ACT,Theo Johnson,Theodore,Johnson,2001-02-26,78.0,260,Penn State,00-0039847,4429148,a5d4bb1d-c130-47c2-808a-2dd1f85005fb,41003,17021,129787,JohnTh00,23142,11597,2,"https://static.www.nfl.com/image/upload/f_auto,q_auto/league/fv2jbzlocr1o3ahkru43",,1,REG,A01,Theo,JOH679524,57228,32004a4f-4867-9524-edd3-b9ccfa7618ee,2024,2024,NYG,107.0,25.0
2026,NYG,TE,TE,86.0,ACT,Thomas Fidone II,Thomas,Fidone,2002-09-20,78.0,255,Nebraska,00-0040225,4590292,0e21445d-6318-43ce-ba78-310ee648b602,,18507,144997,FidoTh00,26055,12715,1,"https://static.www.nfl.com/image/upload/f_auto,q_auto/league/vbaqpkcxcfwh9dhzescy",,1,REG,A01,Thomas,FID396877,58424,32004649-4439-6877-94de-0250253c24e7,2025,2025,NYG,219.0,23.0
2026,NYG,LB,OLB,48.0,DEV,Trace Ford,Trace,Ford,2001-01-24,74.0,252,Oklahoma; Oklahoma State,00-0040434,,,,,,,,,1,"https://static.www.nfl.com/image/upload/f_auto,q_auto/league/wfwaqxn21kdhpybvhqih",,1,REG,P01,Trace,FOR332702,58879,3200464f-5233-2702-4d17-8b79c0a2704d,2025,2025,,,25.0
2026,NYG,LB,MLB,49.0,ACT,Tremaine Edmunds,Fe'Zahn,Edmunds,1998-05-02,76.0,250,Virginia Tech,00-0034673,3929950,88976fed-0ffd-40a8-98ea-0c6c55010000,30986,12612,50905,EdmuTr01,19836,4968,8,"https://static.www.nfl.com/image/upload/f_auto,q_auto/league/oel5uugavzbyitnjlw7f",,1,REG,A01,Tremaine,EDM000000,46085,32004544-4d00-0000-c30c-56fb5191e34f,2018,2018,BUF,16.0,28.0
2026,NYG,DB,SS,27.0,ACT,Tyler Nubin,Tyler,Nubin,2001-06-14,74.0,210,Minnesota,00-0039861,4430261,be2b6a6f-0e18-4394-a681-d414a3a306b8,,17723,97895,NubiTy00,25026,11674,2,"https://static.www.nfl.com/image/upload/f_auto,q_auto/league/wu3phjekllc6yybgarbl",,1,REG,A01,Tyler,NUB415291,57168,32004e55-4241-5291-e6bf-14aed7afde74,2024,2024,NYG,47.0,25.0
2026,NYG,RB,RB,29.0,ACT,Tyrone Tracy Jr.,Tyrone,Tracy,1999-11-23,71.0,210,Purdue; Iowa,00-0039384,4360516,fc6c7973-79a9-4974-855e-bc13400fe641,41048,17967,84226,TracTy00,25092,11655,2,"https://static.www.nfl.com/image/upload/f_auto,q_auto/league/b9nje50lohbprf06xoom",,1,REG,A01,Tyrone,TRA116277,57287,32005452-4111-6277-e892-3ab02612e4c2,2024,2024,NYG,166.0,26.0
2026,NYG,WR,WR,88.0,CUT,Xavier Gipson,Xavier,Gipson,2001-03-08,69.0,180,Stephen F. Austin State,00-0038496,4427278,840a7940-ebaa-11ed-a11b-41cbcb1c4445,40548,17045,104136,GipsXa00,24472,11306,3,"https://static.www.nfl.com/image/upload/f_auto,q_auto/league/o81mvslx374ouca313mw",,1,REG,W03,Xavier,GIP576222,56252,32004749-5057-6222-78ba-a836b095e2d2,2023,2023,,,25.0
2026,NYG,DL,DT,96.0,CUT,Zacch Pickens,Zacch,Pickens,2000-03-06,76.0,305,South Carolina,00-0038937,4426332,87895e2c-f210-497d-956a-cb5aac9fd8b5,40111,16703,98911,PickZa00,24082,10924,3,"https://static.www.nfl.com/image/upload/f_auto,q_auto/league/dsqdomywsgl8x4bqqcie",,1,REG,W03,Zacch,PIC705993,55929,32005049-4370-5993-8fbe-6294065cc4d2,2023,2023,CHI,64.0,26.0
2026,NYG,LB,ILB,46.0,ACT,Zaire Barnes,Zaire,Barnes,1999-09-03,73.0,227,Western Michigan,00-0038399,4362234,ba2d2783-654f-4621-9160-06ebb4bafd77,40233,17303,76766,BarnZa00,24481,11000,3,"https://static.www.nfl.com/image/upload/f_auto,q_auto/league/jnyarp6uvues6avvg9xa",,1,REG,A01,Zaire,BAR398787,56049,32004241-5239-8787-359c-de2c93ebfd44,2023,2023,NYJ,184.0,26.0
2026,PHI,DL,DE,57.0,ACT,A.J. Epenesa,Andrew,Epenesa,1998-09-15,78.0,260,Iowa,00-0036192,4240585,3fa3a270-f8b2-4d53-a265-84bc928af5c5,32724,14501,56369,EpenAJ00,21881,6802,6,"https://static.www.nfl.com/image/upload/f_auto,q_auto/league/hprr0vl8ruh0veetztij",,1,REG,A01,A.J.,EPE415291,52462,32004550-4541-5291-9369-b9d0c170a565,2020,2020,BUF,54.0,27.0
2026,PHI,DB,FS,31.0,RES,Andre' Sam,Andre',Sam,1999-02-09,70.0,190,LSU; Marshall; McNeese State,00-0039267,4250510,9d76b520-072d-11ef-a877-6b032c0eabad,,18004,89166,SamxAn00,25146,12102,2,"https://static.www.nfl.com/image/upload/f_auto,q_auto/league/ktamly004v1muokcnmc7",,1,REG,R01,Andre',SAM000469,57411,32005341-4d00-0469-48d8-b13e0a0e9cf3,2024,2024,,,27.0
2026,PHI,DB,SS,24.0,ACT,Andrew Mukuba,Andrew,Mukuba,2002-12-07,71.0,186,Texas; Clemson,00-0040749,4602197,0cb34ce3-42de-42d3-88a4-d242e43b2e34,,18626,144129,MukuAn00,26064,12604,1,"https://static.www.nfl.com/image/upload/f_auto,q_auto/league/eurn0h9z78sclv1eq5jp",,1,REG,A01,Andrew,MUK426541,58269,32004d55-4b42-6541-924c-0a69b82e6451,2025,2025,PHI,64.0,23.0
2026,PHI,QB,QB,14.0,ACT,Andy Dalton,Andrew,Dalton,1987-10-29,74.0,220,TCU,00-0027973,14012,d2a0e5af-3850-4f16-8e40-a0b1d15c2ce1,24822,7355,6187,DaltAn00,12841,829,15,"https://static.www.nfl.com/image/upload/f_auto,q_auto/league/sfsneh0bn46e2kwve7sr",,1,REG,A01,Andy,DAL659900,37110,32004441-4c65-9900-551d-a31a0423b3ca,2011,2011,CIN,35.0,38.0
2026,PHI,LB,OLB,17.0,ACT,Arnold Ebiketie,Arnold,Ebiketie,1999-01-23,75.0,256,Penn State,00-0038116,4257591,e8eb7f50-9331-49d8-a992-4d2804caf4fd,33993,15951,56862,EbikAr00,23386,8325,4,"https://static.www.nfl.com/image/upload/f_auto,q_auto/league/w5sjq8cj5tdar5ttlll7",,1,REG,A01,Arnold,EBI415291,54503,32004542-4941-5291-2f5f-b9168e0c96c0,2022,2022,ATL,38.0,27.0
2026,PHI,P,P,10.0,ACT,Braden Mann,Braden,Mann,1997-11-24,71.0,198,Texas A&M,00-0036313,4035239,85eaaf9f-59cf-4150-943c-c1abdaa78eb1,32861,14654,44664,MannBr01,22094,6950,6,"https://static.www.nfl.com/image/upload/f_auto,q_auto/league/eizeojehmxkvvfahj1tk",,1,REG,A01,Braden,MAN389317,52599,32004d41-4e38-9317-816e-74ec32669a1c,2020,2020,NYJ,191.0,28.0
2026,PHI,LB,MLB,45.0,CUT,Brandon George,Cornelius,George,2000-11-19,75.0,240,Pittsburgh,00-0040087,,,,,,,,,1,"https://static.www.nfl.com/image/upload/f_auto,q_auto/league/kxesbzvttthbd29wuu3m",,1,REG,W03,Brandon,GEO050943,58521,32004745-4f05-0943-2607-0d8d9aff6692,2025,2025,,,25.0
2026,PHI,WR,WR,18.0,DEV,Britain Covey,Britain,Covey,1997-03-18,68.0,170,Utah,00-0037132,3926231,75774350-ce18-11ec-bebb-4fec1e38b0e5,34378,16337,32933,CoveBr00,23302,8414,4,"https://static.www.nfl.com/image/upload/f_auto,q_auto/league/jgvgr3prtme8ua28bfxi",,1,REG,P07,Britain,COV404041,54810,3200434f-5640-4041-7900-8506d07905c3,2022,2022,,,29.0
2026,PHI,DL,DT,94.0,ACT,Byron Young,Byron,Young,2000-11-10,75.0,292,Alabama,00-0038978,4567123,d606b6ee-de91-44cb-aebf-87f81daa14d2,40125,17123,98923,YounBy00,24248,10925,3,"https://static.www.nfl.com/image/upload/f_auto,q_auto/league/zkjuhizs7now7kfwp9s3",,1,REG,A01,Byron,YOU126665,55935,3200594f-5512-6665-2db8-5dfb5c289094,2023,2023,LV,70.0,25.0
2026,PHI,OL,C,51.0,ACT,Cam Jurgens,Cameron,Jurgens,1999-08-21,75.0,303,Nebraska,00-0038112,,,,,,,,,4,"https://static.www.nfl.com/image/upload/f_auto,q_auto/league/j2vljio1hfmqcwj3pd5m",,1,REG,A01,Cam,JUR103822,54516,32004a55-5210-3822-9dbb-b91dcd3e365e,2022,2022,PHI,51.0,27.0
2026,PHI,RB,RB,34.0,DEV,Carson Steele,Carson,Steele,2002-10-21,72.0,225,UCLA; Ball State,00-0039325,4714365,56312980-07cc-11ef-ae1a-ef16ff05bbda,41464,17909,145632,SteeCa00,24939,11582,2,"https://static.www.nfl.com/image/upload/f_auto,q_auto/league/q6dciqten6frfdm1takb",,1,REG,P06,Carson,STE027134,57479,32005354-4502-7134-7df7-46dbe8c0fb92,2024,2024,,,23.0
2026,PHI,LB,ILB,59.0,DEV,Chance Campbell,Chance,Campbell,1999-10-08,74.0,235,Mississippi,00-0037312,4372051,abcd55e3-48da-4d45-8252-2131153e2906,34175,16260,81295,CampCh02,23536,8369,4,"https://static.www.nfl.com/image/upload/f_auto,q_auto/league/shwgveoj7jbhqenckrmh",,1,REG,P01,Chance,CAM214668,54684,32004341-4d21-4668-7130-d64cff5809a1,2022,2022,TEN,219.0,26.0
2026,PHI,QB,QB,10.0,ACT,Cole Payton,Cole,Payton,2002-10-26,74.0,232,North Dakota State,00-0040891,4879250,f6d960ab-1601-417a-8a35-39e3a75c29a5,,19296,148154,PaytCo00,26933,13335,0,"https://static.www.nfl.com/image/upload/f_auto,q_auto/league/qt8hajjwkvpynr8nwepz",,1,REG,A01,Cole,PAY546690,62800,32005041-5954-6690-ee3e-de76d9373b49,2026,2026,PHI,178.0,23.0
2026,PHI,DB,FS,21.0,DEV,Cole Wisniewski,Cole,Wisniewski,2002-03-09,75.0,214,Texas Tech; North Dakota State,00-0040905,4693345,,,19641,,WisnCo00,,,0,"https://static.www.nfl.com/image/upload/f_auto,q_auto/league/fsbuuec4tzp33ufdsgdi",,1,REG,P01,Cole,WIS488223,62866,32005749-5348-8223-f6d6-3421d29fb8c9,2026,2026,PHI,244.0,24.0
2026,PHI,DB,CB,33.0,ACT,Cooper DeJean,Cooper,DeJean,2003-02-09,72.0,198,Iowa,00-0039841,4682618,f213bbc9-1294-4bce-84b0-3752e63ff363,,17705,144867,DeJeCo00,24968,11678,2,"https://static.www.nfl.com/image/upload/f_auto,q_auto/league/aifrssmqxtoiydq9r1uo",,1,REG,A01,Cooper,DEJ226521,57161,32004445-4a22-6521-966b-4b5a2f95ff19,2024,2024,PHI,40.0,23.0
2026,PHI,TE,TE,88.0,ACT,Dallas Goedert,Dallas,Goedert,1995-01-03,77.0,256,South Dakota State,00-0034351,3121023,e8029983-87cf-49a2-bc04-04c8233a0630,31019,12860,47272,GoedDa00,19863,5022,8,"https://static.www.nfl.com/image/upload/f_auto,q_auto/league/bafepstxu7vvxb9v5vua",,1,REG,A01,Dallas,GOE595520,46118,3200474f-4559-5520-b7af-5e002aedafbb,2018,2018,PHI,49.0,31.0
2026,PHI,RB,RB,39.0,DEV,Dameon Pierce,Dameon,Pierce,2000-02-19,70.0,215,Florida,00-0037258,4360238,5d4ef6da-a6b5-4d9c-adc0-28dfdbe9315e,34063,15875,83659,PierDa01,23223,8129,4,"https://static.www.nfl.com/image/upload/f_auto,q_auto/league/oai3defivyfyofxxh4ux",,1,REG,P07,Dameon,PIE245478,54572,32005049-4524-5478-115c-8ae11dbeefa6,2022,2022,HOU,107.0,26.0
2026,PHI,WR,WR,82.0,DEV,Danny Gray,Danny,Gray,1999-04-01,72.0,199,SMU,00-0037828,4689546,7ec60efe-5dd3-43c3-b76f-f0d00589fdc3,34061,15804,121926,GrayDa02,23573,8176,4,"https://static.www.nfl.com/image/upload/f_auto,q_auto/league/qu9ojb3kaf3rhjotlycy",,1,REG,P06,Danny,GRA634809,54570,32004752-4163-4809-531b-babc7b7cfc27,2022,2022,SF,105.0,27.0
2026,PHI,WR,WR,80.0,ACT,Darius Cooper,Darius,Cooper,2001-11-22,71.0,210,Tarleton State,00-0040024,4715355,2aa4ddb0-2775-11f0-9d31-3b5afe6c6d5f,,18958,136866,CoopDa01,25307,13150,1,"https://static.www.nfl.com/image/upload/f_auto,q_auto/league/pe71oe4eoyyfnq80fkxc",,1,REG,A01,Darius,COO529552,58469,3200434f-4f52-9552-7aa6-55a813195147,2025,2025,,,24.0
2026,PHI,DL,DT,64.0,CUT,David Blay Jr.,David,Blay,,,305,,00-0041315,,,,,,,,,0,"https://static.www.nfl.com/image/upload/f_auto,q_auto/league/fnlazwet8rdmu4ynezor",,1,REG,W03,David,BLA776668,63554,3200424c-4177-6668-ec73-03665911d71a,2026,2026,,,
2026,PHI,WR,WR,6.0,ACT,DeVonta Smith,DeVonta,Smith,1998-11-14,72.0,170,Alabama,00-0036912,4241478,3555d07e-57ae-43de-97d5-b1b5bf055f17,33398,15406,61100,SmitDe07,21687,7525,5,"https://static.www.nfl.com/image/upload/f_auto,q_auto/league/k724kq3hyv7jc0y9s03x",,1,REG,A01,DeVonta,SMI206016,53439,3200534d-4920-6016-573c-fcc767bafc4d,2021,2021,PHI,10.0,27.0
2026,PHI,LB,ILB,47.0,CUT,Deontae Lawson,Deontae,Lawson,,,226,,00-0040922,4432725,295f70a0-4191-11f1-b409-79cc43e2c9fd,,19549,146608,LawsDe00,26885,13591,0,"https://static.www.nfl.com/image/upload/f_auto,q_auto/league/hitrz7atz6mbll1tljsy",,1,REG,W03,Deontae,LAW599180,62999,32004c41-5759-9180-e44c-f47242fe1a0b,2026,2026,,,
2026,PHI,WR,WR,13.0,ACT,Dontayvion Wicks,Dontayvion,Wicks,2001-06-16,73.0,208,Virginia,00-0038393,4428850,ea3d1393-8c3b-4e81-a519-f636d28d692e,40201,16658,99711,WickDo00,23253,9486,3,"https://static.www.nfl.com/image/upload/f_auto,q_auto/league/v1lt8kpvkn0qw5elyaoz",,1,REG,A01,Dontayvion,WIC622867,56024,32005749-4362-2867-1ce9-aa6b2d842d21,2023,2023,GB,159.0,25.0
2026,PHI,OL,C,66.0,ACT,Drew Kendall,Andrew,Kendall,2001-11-27,76.0,308,Boston College,00-0040587,,,,,,,,,1,"https://static.www.nfl.com/image/upload/f_auto,q_auto/league/l9iy9p3yufggrfo1zojz",,1,REG,A01,Drew,KEN036858,58373,32004b45-4e03-6858-2039-398efc40a73c,2025,2025,PHI,168.0,24.0
2026,PHI,TE,TE,84.0,ACT,E.J. Jenkins,Emanuel,Jenkins,1998-11-03,78.0,243,Georgia Tech; South Carolina; St. Francis PA,00-0038498,4248557,626a1dd0-ebab-11ed-bb4c-e536974648f2,,17218,109834,JenkEJ00,24800,11304,3,"https://static.www.nfl.com/image/upload/f_auto,q_auto/league/jmhuk0gcnyotcjhdxo6v",,1,REG,A01,E.J.,JEN184122,56254,32004a45-4e18-4122-7f9a-fe5ff4a948f3,2023,2023,,,27.0
2026,PHI,TE,TE,87.0,ACT,Eli Stowers,Eli,Stowers,2003-04-15,76.0,239,Vanderbilt; New Mexico State; Texas A&M,00-0041483,4431574,287b7f15-ebe2-433f-af00-b1755576f8f8,,18539,147013,StowEl00,26757,13349,0,"https://static.www.nfl.com/image/upload/f_auto,q_auto/league/c9rjqit3q5tm9hzkm5ay",,1,REG,A01,Eli,STO806346,62676,32005354-4f80-6346-8842-f0b661161e65,2026,2026,PHI,54.0,23.0
2026,PHI,WR,WR,19.0,ACT,Elijah Moore,Elijah,Moore,2000-03-27,70.0,184,Mississippi,00-0036980,4372414,b1935e20-6bd6-4863-8d7e-702ec403491f,33422,15280,84302,MoorEl00,22592,7596,5,"https://static.www.nfl.com/image/upload/f_auto,q_auto/league/wax90oyx9vs0x9j4nt5n",,1,REG,A01,Elijah,MOO279723,53463,32004d4f-4f27-9723-3c75-0e082bc200c9,2021,2021,NYJ,34.0,26.0
2026,PHI,WR,WR,49.0,CUT,Erik Ezukanma,Erik,Ezukanma,2000-01-25,74.0,220,Texas Tech,00-0038092,4362186,7934c2db-a5f1-404c-a313-74a8aacd5946,34081,15815,78148,EzukEr00,23325,8114,4,"https://static.www.nfl.com/image/upload/f_auto,q_auto/league/jlhjonsu8idqrcj6tune",,1,REG,W03,Erik,EZU415291,54590,3200455a-5541-5291-fee6-830dca8a2c2a,2022,2022,MIA,125.0,26.0
2026,PHI,OL,T,74.0,ACT,Fred Johnson,Fred,Johnson,1997-06-05,79.0,326,Florida,00-0034951,,,,,,,,,7,"https://static.www.nfl.com/image/private/f_auto,q_auto/league/unogqelkwjhl0qwfbyu5",,1,REG,A01,Fred,JOH000022,48085,32004a4f-4800-0022-b0fb-2114f6546f71,2019,2019,,,29.0
2026,PHI,DL,DT,96.0,DEV,Gabe Hall,Gabe,Hall,2001-01-12,78.0,292,Baylor,00-0039265,,,,,,,,,2,"https://static.www.nfl.com/image/upload/f_auto,q_auto/league/ofalkqy1zcwgoggtgdlt",,1,REG,P01,Gabe,HAL303625,57409,32004841-4c30-3625-7812-9f359e997942,2024,2024,,,25.0
2026,PHI,TE,TE,81.0,RES,Grant Calcaterra,Grant,Calcaterra,1998-12-04,76.0,240,SMU; Oklahoma,00-0037086,4241374,f6988cfa-2dcf-490b-ac80-9af8e4292efa,34154,16039,60997,CalcGr00,23486,8177,4,"https://static.www.nfl.com/image/upload/f_auto,q_auto/league/inpyxw55sxo96shrt4si",,1,REG,R48,Grant,CAL069215,54663,32004341-4c06-9215-cbbd-0f05f10e4bfa,2022,2022,PHI,198.0,27.0
2026,PHI,DB,CB,49.0,CUT,Isaiah Bolden,Isaiah,Bolden,1999-12-16,74.0,205,Jackson State University,00-0038641,4711029,738aba89-ba47-4b83-a63d-18ea677dfc12,,17343,76626,BoldIs00,24466,11033,3,"https://static.www.nfl.com/image/upload/f_auto,q_auto/league/at3zmsf7seu7exc1d4od",,1,REG,W03,Isaiah,BOL198414,56110,3200424f-4c19-8414-48ad-12453231cf3a,2023,2023,NE,245.0,26.0
2026,PHI,RB,RB,45.0,CUT,Ja'Quinden Jackson,Ja'Quinden,Jackson,2001-09-12,74.0,228,Arkansas; Utah; Texas,00-0040332,4690972,826620a0-249a-11f0-9302-cb167d81eff7,,18527,123119,JackJa05,25901,12479,1,"https://static.www.nfl.com/image/upload/f_auto,q_auto/league/zuxvf9yfajqwllmu06rh",,1,REG,W03,Ja'Quinden,JAC229762,58768,32004a41-4322-9762-f6d8-bb8265b2a518,2025,2025,,,24.0
2026,PHI,K,K,4.0,ACT,Jake Elliott,Jake,Elliott,1995-01-21,69.0,167,Memphis,00-0033787,3050478,059e5bb7-1842-4558-9aaf-77c352a21216,30266,12203,11908,ElliJa03,19041,4195,9,"https://static.www.nfl.com/image/upload/f_auto,q_auto/league/gxy1mhbnz1p2nufkg8qz",,1,REG,A01,Jake,ELL296383,44966,3200454c-4c29-6383-45c6-7b06fb12848c,2017,2017,CIN,153.0,31.0
2026,PHI,OL,C,75.0,DEV,Jake Majors,Jake,Majors,2002-01-17,75.0,315,Texas,00-0040422,,,,,,,,,1,"https://static.www.nfl.com/image/upload/f_auto,q_auto/league/xtrvv63ccghpiwxwmsdh",,1,REG,P01,Jake,MAJ408915,58866,32004d41-4a40-8915-a5c0-eceb0760d9b8,2025,2025,,,24.0
2026,PHI,DB,CB,23.0,RES,Jakorian Bennett,Jakorian,Bennett,2000-08-23,70.0,195,Maryland,00-0039072,4686911,8197c5b4-ade0-47e4-81b3-f16aa47eab12,40148,17096,129496,BennJa00,24243,10963,3,"https://static.www.nfl.com/image/upload/f_auto,q_auto/league/xmacplimntxaq6aohzpb",,1,REG,R48,Jakorian,BEN351736,55969,32004245-4e35-1736-3c9a-75895b4e9970,2023,2023,LV,104.0,26.0
2026,PHI,DL,DT,98.0,ACT,Jalen Carter,Jalen,Carter,2001-04-04,75.0,310,Georgia,00-0038386,4685759,1c443cd8-b9ad-4676-9a8e-8cee52b07637,40035,16865,124019,CartJa05,24114,10888,3,"https://static.www.nfl.com/image/upload/f_auto,q_auto/league/lzctlmzr184bc1mix5qs",,1,REG,A01,Jalen,CAR656628,55873,32004341-5265-6628-f264-d042e762bc39,2023,2023,PHI,9.0,25.0
2026,PHI,QB,QB,1.0,ACT,Jalen Hurts,Jalen,Hurts,1998-08-07,73.0,223,Oklahoma; Alabama,00-0036389,4040715,64bd0f02-6a5d-407e-98f1-fd02048ea21d,32723,14416,40291,HurtJa00,21831,6904,6,"https://static.www.nfl.com/image/upload/f_auto,q_auto/league/xow5yvxjeqa6witmofmp",,1,REG,A01,Jalen,HUR767022,52461,32004855-5276-7022-85cf-a74490936f42,2020,2020,PHI,53.0,28.0
2026,PHI,LB,OLB,58.0,ACT,Jalyx Hunt,Jalyx,Hunt,2001-03-13,75.0,248,Houston Christian University; Cornell,00-0039740,4571162,b779251c-3250-405f-ae4a-3cadbf6925d9,,17951,105989,HuntJa02,25160,11703,2,"https://static.www.nfl.com/image/upload/f_auto,q_auto/league/uymi2mf5vbfkxopurlby",,1,REG,A01,Jalyx,HUN249742,57215,32004855-4e24-9742-b212-73017a032b03,2024,2024,PHI,94.0,25.0
2026,PHI,RB,RB,23.0,DEV,Jaydon Blue,Jaydon,Blue,2004-01-08,69.0,200,Texas,00-0040586,4685279,f5e6eb8e-2c76-4bf9-b47f-57c62659341d,,18499,157303,BlueJa01,26038,12457,1,"https://static.www.nfl.com/image/upload/f_auto,q_auto/league/lscygdlqczomp0l9oykv",,1,REG,P01,Jaydon,BLU326186,58354,3200424c-5532-6186-a82d-38322b898c1f,2025,2025,DAL,149.0,22.0
2026,PHI,DB,FS,39.0,CUT,Jaylen Mahoney,Jaylen,Mahoney,2000-11-19,71.0,191,Vanderbilt,00-0039697,4567534,89485e60-0c90-11ef-847b-59ca29d83f35,,18392,98558,MahoJa00,25473,12345,2,"https://static.www.nfl.com/image/upload/f_auto,q_auto/league/qoppi1wky18iwlespw07",,1,REG,W03,Jaylen,MAH444952,57860,32004d41-4844-4952-31be-81d3bc0d309c,2024,2024,,,25.0
2026,PHI,LB,ILB,54.0,ACT,Jeremiah Trotter Jr.,Jeremiah,Trotter,2002-12-24,72.0,230,Clemson,00-0039826,4432777,1159549f-4be1-440b-a950-a6bfab44d5ce,,17755,144142,TrotJe01,24932,11752,2,"https://static.www.nfl.com/image/upload/f_auto,q_auto/league/fbgpf6iqljasd4h1miw2",,1,REG,A01,Jeremiah,TRO498404,57276,32005452-4f49-8404-fca0-14fc270b6c67,2024,2024,PHI,155.0,23.0
2026,PHI,LB,ILB,11.0,ACT,Jihaad Campbell,Jihaad,Campbell,2004-02-24,75.0,235,Alabama,00-0040708,4685287,d57e75e5-bd90-41be-97e9-c2d2cea5512b,,18718,157013,CampJi00,25997,12566,1,"https://static.www.nfl.com/image/upload/f_auto,q_auto/league/njvl2eabvfekcqqa4jmq",,1,REG,A01,Jihaad,CAM395656,58233,32004341-4d39-5656-852f-27b555516592,2025,2025,PHI,31.0,22.0
2026,PHI,DL,DE,93.0,RET,Joe Tryon,Joseph,Tryon,1999-04-30,77.0,262,Washington,00-0036967,4243333,933edc6a-9617-4957-8f64-62a11bc43e6c,33420,15585,58272,TryoJo00,22775,7625,5,"https://static.www.nfl.com/image/upload/f_auto,q_auto/league/it6wkxysejicc83azqkd",,1,REG,R02,Joe,TRY409291,53461,32005452-5940-9291-23cc-7e463c7acd2e,2021,2021,TB,32.0,27.0
2026,PHI,OL,T,67.0,DEV,John Ojukwu,John,Ojukwu,1999-01-09,77.0,310,Boise State,00-0038852,,,,,,,,,3,"https://static.www.nfl.com/image/upload/f_auto,q_auto/league/f7wqrjpfn7lqp2tr8awp",,1,REG,P06,John,OJU207645,56572,32004f4a-5520-7645-8291-d4dfd631d061,2023,2023,,,27.0
2026,PHI,TE,TE,83.0,ACT,Johnny Mundt,Johnny,Mundt,1994-11-23,76.0,232,Oregon,00-0033246,3052096,6414998b-5831-44aa-8bd8-39e42a323c2c,30373,12316,12206,MundJo00,19165,4314,9,"https://static.www.nfl.com/image/upload/f_auto,q_auto/league/gbsnomwbzavt5124vvaz",,1,REG,A01,Johnny,MUN312153,45094,32004d55-4e31-2153-93a6-6c9db93d992e,2017,2017,,,31.0
2026,PHI,WR,WR,89.0,RES,Johnny Wilson,Johnny,Wilson,2001-04-03,78.0,237,Florida State; Arizona State,00-0039236,4686104,e8d389b5-56c8-4276-9983-0dbcc1663507,41089,17011,76366,WilsJo03,24325,11636,2,"https://static.www.nfl.com/image/upload/f_auto,q_auto/league/azz7slr16byvcvbnaifa",,1,REG,R01,Johnny,WIL733437,57305,32005749-4c73-3437-9c28-9901e5d060ff,2024,2024,PHI,185.0,25.0
2026,PHI,LB,OLB,52.0,ACT,Jonathan Greenard,Jonathan,Greenard,1997-05-25,75.0,259,Florida; Louisville,00-0036224,3916409,bc69c92c-58ff-44b2-a18b-07a08ee78dc6,32760,14550,48407,GreeJo04,21879,6900,6,"https://static.www.nfl.com/image/upload/f_auto,q_auto/league/z49ugsnmbfkldervsiws",,1,REG,A01,Jonathan,GRE397948,52498,32004752-4539-7948-6c85-f4afd61fadd6,2020,2020,HOU,90.0,29.0
2026,PHI,DB,CB,32.0,ACT,Jonathan Jones,Jonathan,Jones,1993-09-20,70.0,190,Auburn,00-0032580,2971027,537c88d4-c403-43f4-94a1-fdccea0ee24a,29875,11081,11217,JoneJo03,18177,3415,10,"https://static.www.nfl.com/image/upload/f_auto,q_auto/league/dtvgbbw3jqdekkq155hl",,1,REG,A01,Jonathan,JON495280,43700,32004a4f-4e49-5280-4eed-171301d538b0,2016,2016,,,32.0
2026,PHI,DL,DT,90.0,ACT,Jordan Davis,Jordan,Davis,2000-01-12,78.0,340,Georgia,00-0037073,4381558,6528c7dc-2a02-4577-9246-b590be05eeeb,33968,15930,94854,DaviJo03,23515,8269,4,"https://static.www.nfl.com/image/upload/f_auto,q_auto/league/zkvksjepfrmpdwdph1ps",,1,REG,A01,Jordan,DAV487265,54478,32004441-5648-7265-ac02-99b487d4f3e4,2022,2022,PHI,13.0,26.0
2026,PHI,OL,T,68.0,ACT,Jordan Mailata,Lafoga,Mailata,1997-03-31,80.0,365,,00-0034429,,,,,,,,,8,"https://static.www.nfl.com/image/upload/f_auto,q_auto/league/al7gzhilxxfwtflukyei",,1,REG,A01,Jordan,MAI305232,46302,32004d41-4930-5232-17b1-66c75ca87b88,2018,2018,PHI,233.0,29.0
2026,PHI,RB,RB,41.0,CUT,Jordan Mims,Jordan,Mims,1999-06-16,72.0,205,Fresno State,00-0038678,4243004,6d91ccf0-f013-11ed-88ef-07b7f7d6320c,40631,17125,57209,MimsJo00,24310,11378,3,"https://static.www.nfl.com/image/upload/f_auto,q_auto/league/nvamfcrdqvkwtnpgmzdh",,1,REG,W03,Jordan,MIM632686,56368,32004d49-4d63-2686-7a2a-1afd68065e46,2023,2023,,,27.0
2026,PHI,LB,OLB,46.0,DEV,Joshua Weru,Joshua,Weru,2003-10-03,76.0,244,,00-0040926,5344965,,,19721,217398,,,,0,"https://static.www.nfl.com/image/upload/f_auto,q_auto/league/b6nisweavm9tsv8phb8q",,1,REG,P01,Joshua,WER687820,63003,32005745-5268-7820-8310-2c46d0a29a5e,2026,2026,,,22.0
2026,PHI,DB,CB,7.0,ACT,Kelee Ringo,Kelee,Ringo,2002-06-27,74.0,205,Georgia,00-0039140,4428992,04d384d9-06da-4436-a637-14637705d7b3,40131,16890,124035,RingKe00,24135,10962,3,"https://static.www.nfl.com/image/upload/f_auto,q_auto/league/tyuosakaiefa1pruil40",,1,REG,A01,Kelee,RIN504723,55970,32005249-4e50-4723-3a49-9257661a7422,2023,2023,PHI,105.0,24.0
2026,PHI,LB,OLB,50.0,DEV,Keyshawn James-Newby,Keyshawn,James-Newby,2002-08-08,73.0,240,New Mexico; Idaho; Montana College of Technology,00-0040908,5165139,8a2ba96e-a388-457e-b314-8ad17a8f4c4c,,19632,,JameKe01,28186,13562,0,"https://static.www.nfl.com/image/upload/f_auto,q_auto/league/dhu2y8agagcv0nixplkj",,1,REG,P01,Keyshawn,JAM663773,62874,32004a41-4d66-3773-b216-38602e2e02c7,2026,2026,PHI,252.0,24.0
2026,PHI,OL,G,72.0,DEV,Kiran Amegadjie,Kiran,Amegadjie,2002-02-01,77.0,326,Yale,00-0039822,,,,,,,,,2,"https://static.www.nfl.com/image/upload/f_auto,q_auto/league/qngoqfnhfh7zgjeqk9vw",,1,REG,P06,Kiran,AME283781,57196,3200414d-4528-3781-117b-20e12d587385,2024,2024,CHI,75.0,24.0
2026,PHI,OL,G,69.0,ACT,Landon Dickerson,Landon,Dickerson,1998-09-30,78.0,332,Alabama,00-0037002,,,,,,,,,5,"https://static.www.nfl.com/image/upload/f_auto,q_auto/league/zkgccdubnxvforo1xaqt",,1,REG,A01,Landon,DIC281359,53466,32004449-4328-1359-550c-3144f603cda4,2021,2021,PHI,37.0,27.0
2026,PHI,OL,T,65.0,ACT,Lane Johnson,Lane,Johnson,1990-05-08,78.0,325,Oklahoma; Kilgore,00-0030561,,,,,,,,,13,"https://static.www.nfl.com/image/upload/f_auto,q_auto/league/xanvacjbb9x1hcslyvsl",,1,REG,A01,Lane,JOH399478,39950,32004a4f-4839-9478-c9f1-08050b07752e,2013,2013,PHI,4.0,36.0
2026,PHI,DB,CB,22.0,ACT,Mac McWilliams,Mac,McWilliams,2001-11-29,70.0,191,UCF; UAB,00-0040071,4689651,c603e45d-8112-4553-be24-42c3e0d858b5,,18604,121497,McWiMa01,26168,12678,1,"https://static.www.nfl.com/image/upload/f_auto,q_auto/league/jhw6ibfy1x4ahomjbg3q",,1,REG,A01,Mac,MCW493398,58350,32004d43-5749-3398-68cb-69d9d9d0b102,2025,2025,PHI,145.0,24.0
2026,PHI,WR,WR,9.0,ACT,Makai Lemon,Makai,Lemon,2004-06-02,71.0,192,USC,00-0040867,4870795,a6a64214-6f1d-4682-9559-287fb4fe7461,,19231,,LemoMa00,26748,13294,0,"https://static.www.nfl.com/image/upload/f_auto,q_auto/league/ys2i2o7c0bl36xvlrojz",,1,REG,A01,Makai,LEM694125,62642,32004c45-4d69-4125-76a9-d7bca934129b,2026,2026,PHI,20.0,22.0
2026,PHI,DB,SS,29.0,ACT,Marcus Epps,Marcus,Epps,1996-01-27,72.0,191,Wyoming,00-0034993,3139368,4dcf9e8a-fc5c-43a2-9b83-4ca295490a9b,32023,13985,51391,EppsMa00,21133,6284,7,"https://static.www.nfl.com/image/upload/f_auto,q_auto/league/mlmepu3ng2uaqlo4sqhx",,1,REG,A01,Marcus,EPP346075,47974,32004550-5034-6075-4885-ec1779d064fe,2019,2019,MIN,191.0,30.0
2026,PHI,OL,T,72.0,ACT,Markel Bell,Markel,Bell,2004-07-19,81.0,346,Miami; Holmes County JC,00-0041554,,,,,,,,,0,"https://static.www.nfl.com/image/upload/f_auto,q_auto/league/zbm6pz0vpqq5jup2s0ky",,1,REG,A01,Markel,BEL506870,62690,32004245-4c50-6870-7576-40ee83a92982,2026,2026,PHI,68.0,22.0
2026,PHI,WR,WR,0.0,ACT,Marquise Brown,Marquise,Brown,1997-06-04,69.0,170,Oklahoma; College of the Canyons,00-0035662,4241372,feeee40a-dd63-41a7-89cd-6c95b5456833,31857,13502,61568,BrowMa04,21045,5848,7,"https://static.www.nfl.com/image/upload/f_auto,q_auto/league/shkjxggufymydgp6wk3p",,1,REG,A01,Marquise,BRO413218,47808,32004252-4f41-3218-bf76-54f4042e0396,2019,2019,BAL,25.0,29.0
2026,PHI,LB,OLB,43.0,DEV,Mason Reiger,Mason,Reiger,2002-08-19,77.0,251,Wisconsin; Louisville,00-0041162,4691903,,,19532,122721,ReigMa00,,,0,"https://static.www.nfl.com/image/upload/f_auto,q_auto/league/l0onarptlshevpa3bba1",,1,REG,P01,Mason,REI408593,63229,32005245-4940-8593-54c3-c06da91ee616,2026,2026,,,24.0
2026,PHI,DB,FS,36.0,DEV,Maximus Pulley,Maximus,Pulley,2002-09-11,71.0,200,Wofford; Western Kentucky,00-0040923,,,,,,,,,0,"https://static.www.nfl.com/image/upload/f_auto,q_auto/league/o3d6yyimonbtgnszaq0z",,1,REG,P01,Maximus,PUL393220,63000,32005055-4c39-3220-6d21-c50158379937,2026,2026,,,23.0
2026,PHI,OL,G,76.0,ACT,Micah Morris,Micah,Morris,2003-08-25,77.0,334,Georgia,00-0040897,,,,,,,,,0,"https://static.www.nfl.com/image/upload/f_auto,q_auto/league/qk8qyqk1doklwy7xdgfh",,1,REG,A01,Micah,MOR473540,62829,32004d4f-5247-3540-9b3a-1935bb5c4d43,2026,2026,PHI,207.0,23.0
2026,PHI,DB,CB,35.0,ACT,Michael Carter II,Michael,Carter,1999-03-08,70.0,190,Duke,00-0036501,4240456,117d2769-60b3-47f0-be7f-f47fe36e0ac9,33542,15621,60644,CartMi02,22735,7835,5,"https://static.www.nfl.com/image/upload/f_auto,q_auto/league/a7yskzasxy1hjvyqql1t",,1,REG,A01,Michael,CAR786800,53583,32004341-5278-6800-6ad9-7bbb260d017a,2021,2021,NYJ,154.0,27.0
2026,PHI,DL,DT,97.0,ACT,Moro Ojomo,Morotoluwa,Ojomo,2001-08-15,75.0,292,Texas,00-0038412,4362116,01f15239-cd2c-4bd7-be5d-5ba7eed41331,40246,16853,76927,OjomMo00,24427,11030,3,"https://static.www.nfl.com/image/upload/f_auto,q_auto/league/pifqoqquxxvoqwah8khm",,1,REG,A01,Moro,OJO426541,56114,32004f4a-4f42-6541-624d-798355140764,2023,2023,PHI,249.0,25.0
2026,PHI,LB,OLB,3.0,ACT,Nolan Smith,Nolan,Smith,2001-01-18,74.0,235,Georgia,00-0039013,4426331,e9194ad2-d400-4dfe-9f4f-8b984537df60,40054,17176,99014,SmitNo02,23261,10873,3,"https://static.www.nfl.com/image/upload/f_auto,q_auto/league/mutic3dzmrlfruwqlgcb",,1,REG,A01,Nolan,SMI536848,55894,3200534d-4953-6848-fd4d-2f73557d06ca,2023,2023,PHI,30.0,25.0
2026,PHI,DB,CB,27.0,ACT,Quinyon Mitchell,Quinyon,Mitchell,2001-07-18,72.0,196,Toledo,00-0039888,4686273,93e6a6eb-a91e-4705-b5de-faa10f741913,,17731,130628,MitcQu00,25030,11662,2,"https://static.www.nfl.com/image/upload/f_auto,q_auto/league/hfhzawkrobxrfuohtp50",,1,REG,A01,Quinyon,MIT626299,57143,32004d49-5462-6299-bd40-a17d9ef6d8a5,2024,2024,PHI,22.0,25.0
2026,PHI,DB,CB,2.0,ACT,Riq Woolen,Tariq,Woolen,1999-05-02,76.0,205,Texas-San Antonio,00-0037079,4245185,d31bfd09-b348-4b2b-ae39-7307f2c12ef8,34109,15906,61790,WoolTa00,23428,8374,4,"https://static.www.nfl.com/image/upload/f_auto,q_auto/league/aodr0vp93fzhdsff9fzj",,1,REG,A01,Tariq,WOO713124,54618,3200574f-4f71-3124-55f0-e6f0816e959a,2022,2022,SEA,153.0,27.0
2026,PHI,DB,CB,37.0,DEV,Robert Longerbeam,Robert,Longerbeam,2001-01-18,71.0,178,Rutgers,00-0040077,4575860,ee2fdc5e-e57f-4ce7-b64f-f54f6932b3be,,18612,129886,LongRo00,26190,12695,1,"https://static.www.nfl.com/image/upload/f_auto,q_auto/league/trntqnyxey3vjzredean",,1,REG,P01,Robert,LON679052,58417,32004c4f-4e67-9052-5c43-02f0f91d4f56,2025,2025,BAL,212.0,25.0
2026,PHI,LS,LS,37.0,ACT,Rocco Underwood,Jonathan,Underwood,2002-08-14,75.0,231,Florida,00-0040925,,,,,,,,,0,"https://static.www.nfl.com/image/upload/f_auto,q_auto/league/mjupt0sbxzpgr71e9oy3",,1,REG,A01,Rocco,UND625185,63002,3200554e-4462-5185-e573-4f4e5480b3c2,2026,2026,,,24.0
2026,PHI,WR,WR,46.0,CUT,Samori Toure,Samori,Toure,1998-03-24,73.0,190,Nebraska,00-0037098,4027873,02c808d8-6074-43db-b0d9-f69fab78f6d9,34214,15917,25276,TourSa00,23634,8235,4,"https://static.www.nfl.com/image/upload/f_auto,q_auto/league/tkjitxda1ufeev3tzpuk",,1,REG,W03,Samori,TOU392758,54723,3200544f-5539-2758-4e4c-bbaa2bb8b9f5,2022,2022,GB,258.0,28.0
2026,PHI,RB,RB,26.0,ACT,Saquon Barkley,Saquon,Barkley,1997-02-09,72.0,233,Penn State,00-0034844,3929630,9811b753-347c-467a-b3cb-85937e71e2b9,30972,12507,45791,BarkSa00,19766,4866,8,"https://static.www.nfl.com/image/upload/f_auto,q_auto/league/qcayrzjpura2zydszonh",,1,REG,A01,Saquon,BAR192674,46071,32004241-5219-2674-af43-1519254e563d,2018,2018,NYG,2.0,29.0
2026,PHI,LB,ILB,42.0,ACT,Smael Mondon Jr.,Smael,Mondon,2003-02-13,74.0,225,Georgia,00-0040013,4431573,980ab578-c9d3-4ba5-912d-b723e5b6a0fb,,18721,146725,MondSm01,26163,12667,1,"https://static.www.nfl.com/image/upload/f_auto,q_auto/league/tbyyduioarpumchzmfdj",,1,REG,A01,Smael,MON125860,58366,32004d4f-4e12-5860-8b72-68c955f1174e,2025,2025,PHI,161.0,23.0
2026,PHI,WR,WR,48.0,CUT,Tahj Washington,Tahj,Washington,2001-05-16,70.0,175,USC; Memphis,00-0039884,4567506,298d990d-9fd4-4cdf-8fcd-a7c3043d17fd,41104,17978,97288,WashTa00,25199,11821,2,"https://static.www.nfl.com/image/upload/f_auto,q_auto/league/voyr5ajdxwydmp6cc1bw",,1,REG,W03,Tahj,WAS731428,57361,32005741-5373-1428-528e-5f3b4a22a973,2024,2024,MIA,241.0,25.0
2026,PHI,RB,RB,8.0,ACT,Tank Bigsby,Cartavious,Bigsby,2002-08-30,71.0,213,Auburn,00-0038555,4429013,2034916c-8062-46e3-8d0c-d0dec694e2d1,40095,16705,123974,BigsTa00,23193,9225,3,"https://static.www.nfl.com/image/upload/f_auto,q_auto/league/vfkdjfpiyrcuzahrmfvn",,1,REG,A01,Tank,BIG732544,55953,32004249-4773-2544-d042-8e63f2fc44d8,2023,2023,JAX,88.0,24.0
2026,PHI,QB,QB,16.0,ACT,Tanner McKee,Tanner,McKee,2000-04-27,78.0,230,Stanford,00-0038400,4685201,93147c90-09c8-471d-a6b2-0b9d19739ba1,40220,16686,131770,McKeTa01,24124,9230,3,"https://static.www.nfl.com/image/upload/f_auto,q_auto/league/oveivzhzv13jrfvkp8zg",,1,REG,A01,Tanner,MCK156404,56053,32004d43-4b15-6404-8b65-d2cfdf887c42,2023,2023,PHI,188.0,26.0
2026,PHI,DB,S,37.0,RES,Tucker Large,Tucker,Large,2001-08-23,71.0,183,Washington State; South Dakota State,00-0040929,,,,,,,,,0,"https://static.www.nfl.com/image/upload/f_auto,q_auto/league/dmz6ddx6fylrcum4afpp",,1,REG,R05,Tucker,LAR108765,63006,32004c41-5210-8765-c834-b64d7b95ab5b,2026,2026,,,25.0
2026,PHI,DL,DT,95.0,ACT,Ty Robinson,Ty,Robinson,2001-05-03,77.0,288,Nebraska,00-0040662,4569586,193ab2af-e24e-4abc-aad7-196328445984,,18688,101446,RobiTy02,26222,12651,1,"https://static.www.nfl.com/image/upload/f_auto,q_auto/league/wzfhauuzpt28giuk4dxt",,1,REG,A01,Ty,ROB712647,58316,3200524f-4271-2647-a562-26cb8f3e43dd,2025,2025,PHI,111.0,25.0
2026,PHI,OL,G,56.0,ACT,Tyler Steen,Tyler,Steen,2000-06-24,78.0,321,Alabama; Vanderbilt,00-0039001,,,,,,,,,3,"https://static.www.nfl.com/image/upload/f_auto,q_auto/league/vql0qqvuq0eqkaolcqep",,1,REG,A01,Tyler,STE097919,55930,32005354-4509-7919-ee71-a091da3c2fad,2023,2023,PHI,65.0,26.0
2026,PHI,DL,DT,93.0,DEV,Uar Bernard,Uar,Bernard,2004-10-10,76.0,306,,00-0041580,5344966,,,19901,217399,BernUa00,,,0,"https://static.www.nfl.com/image/upload/f_auto,q_auto/league/xrr9qhsppukv53ilfpkp",,1,REG,P03,Uar,BER237368,62873,32004245-5223-7368-9031-191437436975,2026,2026,PHI,251.0,21.0
2026,PHI,RB,RB,28.0,ACT,Will Shipley,Will,Shipley,2002-08-29,71.0,210,Clemson,00-0039746,4431545,796e223d-e8d5-42ab-afb4-557fa6183357,41002,17802,144138,ShipWi00,25102,11577,2,"https://static.www.nfl.com/image/upload/f_auto,q_auto/league/pvpaepncsdfgzdubkuhg",,1,REG,A01,Will,SHI386967,57248,32005348-4938-6967-5869-f740d03ae02a,2024,2024,PHI,127.0,24.0
2026,PHI,OL,C,61.0,ACT,Willie Lampkin,Willie,Lampkin,2002-01-22,71.0,290,North Carolina; Coastal Carolina,00-0040631,,,,,,,,,1,"https://static.www.nfl.com/image/upload/f_auto,q_auto/league/dvfolbczklyzblzpztct",,1,REG,A01,Willie,LAM766781,59086,32004c41-4d76-6781-4f0d-57a87b01c841,2025,2025,,,24.0
2026,PHI,LB,ILB,53.0,ACT,Zack Baun,Zack,Baun,1996-12-30,75.0,235,Wisconsin,00-0036418,3917657,719a7e8e-8286-453e-8aee-d2487c45e53f,32744,14374,34632,BaunZa00,21907,6815,6,"https://static.www.nfl.com/image/upload/f_auto,q_auto/league/dhostt4bqph1utq56oxc",,1,REG,A01,Zack,BAU677316,52482,32004241-5567-7316-c31c-c66079e71b79,2020,2020,NO,74.0,29.0
2026,PHI,OL,C,63.0,CUT,Zeke Correll,Ezekiel,Correll,2000-11-10,75.0,306,N.C. State,00-0040497,,,,,,,,,1,"https://static.www.nfl.com/image/upload/f_auto,q_auto/league/tcq76f8tbfdygvvtwxgs",,1,REG,W03,Zeke,COR670035,58943,3200434f-5267-0035-ec2d-810a2a0dd58e,2025,2025,,,25.0
2026,PHI,DL,DT,78.0,CUT,Zion Wilson,Zion,Wilson,,,316,,00-0041540,,,,,,,,,0,"https://static.www.nfl.com/image/upload/f_auto,q_auto/league/fg1wjmh4v2x4nptp0mlb",,1,REG,W03,Zion,WIL827752,63949,32005749-4c82-7752-2657-4b0147044df9,2026,2026,,,
2026,SEA,TE,TE,88.0,ACT,AJ Barner,A.J.,Barner,2002-05-03,78.0,251,Michigan; Indiana,00-0039793,4576297,e96127b4-d381-43d4-b0ae-8790c706756f,41001,17811,129433,BarnAJ00,25106,11603,2,"https://static.www.nfl.com/image/upload/f_auto,q_auto/league/i0esiguve9if4ts5mm1q",,1,REG,A01,A.J.,BAR235889,57242,32004241-5223-5889-95d9-0ba3aeeb36ed,2024,2024,SEA,121.0,24.0
2026,SEA,DB,FS,30.0,DEV,AJ Finley,Allister,Finley,2001-09-14,74.0,205,Mississippi,00-0038866,4427190,08ca7920-e78f-11ed-81d0-c919bd0add9b,40356,16993,98887,FinlAJ00,24525,11121,3,"https://static.www.nfl.com/image/upload/f_auto,q_auto/league/zqvnq3t2f3ayg5rnmzld",,1,REG,P07,A.J.,FIN364399,56586,32004649-4e36-4399-d7ba-a2594296a7de,2023,2023,,,24.0
2026,SEA,LB,ILB,42.0,RES,Aaron Smith,Aaron,Smith,2002-08-12,72.0,230,South Carolina State,00-0040407,,,,,,,,,1,"https://static.www.nfl.com/image/upload/f_auto,q_auto/league/ct2x79scrpzdgilozeo6",,1,REG,R01,Aaron,SMI015660,58848,3200534d-4901-5660-6d2f-ae20575b8580,2025,2025,,,24.0
2026,SEA,OL,T,72.0,ACT,Abraham Lucas,Abraham,Lucas,1998-10-15,78.0,319,Washington State,00-0037812,,,,,,,,,4,"https://static.www.nfl.com/image/upload/f_auto,q_auto/league/uuarey3oymnwrxezyp4d",,1,REG,A01,Abraham,LUC027057,54537,32004c55-4302-7057-e67b-e5e8accdbf7f,2022,2022,SEA,72.0,27.0
2026,SEA,LB,OLB,93.0,DEV,Aidan Hubbard,Aidan,Hubbard,2003-03-15,76.0,260,Northwestern,00-0040972,,,,,,,,,0,"https://static.www.nfl.com/image/upload/f_auto,q_auto/league/ecvtetyglqvbszmuikfa",,1,REG,P01,Aidan,HUB166199,63049,32004855-4216-6199-c13f-44948e6a5401,2026,2026,,,23.0
2026,SEA,OL,T,79.0,RES,Amari Kight,Amari,Kight,2000-12-21,79.0,318,UCF; Alabama,00-0040059,,,,,,,,,1,"https://static.www.nfl.com/image/upload/f_auto,q_auto/league/sfygfpa3uvxcmq8x2u9u",,1,REG,R01,Amari,KIG133486,58504,32004b49-4713-3486-b6b9-6b78edbc1acf,2025,2025,,,25.0
2026,SEA,DB,CB,35.0,DEV,Andre Fuller,Andre,Fuller,2002-04-08,73.0,200,Toledo; University of Arkansas at Pine Bluff,00-0040903,4693934,b79c6aaa-c157-4a72-8bd3-52623da46fa3,,19568,141775,FullAn00,28119,13565,0,"https://static.www.nfl.com/image/upload/f_auto,q_auto/league/lprcggybtxynzqqodh2h",,1,REG,P01,Andre,FUL162871,62858,32004655-4c16-2871-a84c-6e1732d43b19,2026,2026,SEA,236.0,24.0
2026,SEA,OL,G,75.0,ACT,Anthony Bradford,Anthony,Bradford,2001-04-28,76.0,345,LSU,00-0039020,,,,,,,,,3,"https://static.www.nfl.com/image/upload/f_auto,q_auto/league/g2bf69loozhlnsfoxsjv",,1,REG,A01,Anthony,BRA094410,55973,32004252-4109-4410-68c8-affa4c115558,2023,2023,SEA,108.0,25.0
2026,SEA,DB,CB,36.0,ACT,Avery Smith,Avery,Smith,2004-07-01,71.0,196,Toledo,00-0041382,5082331,d6066da0-41a9-11f1-a265-01abfcf61716,,19593,157000,SmitAv00,28130,13635,0,"https://static.www.nfl.com/image/upload/f_auto,q_auto/league/o6hgu7dqu1cr50mooybp",,1,REG,A01,Avery,SMI044660,63647,3200534d-4904-4660-2c2d-4427f68fba6d,2026,2026,,,22.0
2026,SEA,OL,G,60.0,ACT,Beau Stephens,Beau,Stephens,2002-11-01,77.0,315,Iowa,00-0040882,,,,,,,,,0,"https://static.www.nfl.com/image/upload/f_auto,q_auto/league/zdtaxq8qwchw3dscp1z0",,1,REG,A01,Beau,STE352098,62770,32005354-4535-2098-b96d-19efb96a8f00,2026,2026,SEA,148.0,23.0
2026,SEA,RB,FB,38.0,ACT,Brady Russell,Brady,Russell,1998-08-31,75.0,250,Colorado,00-0038488,4243176,c3c08060-eb74-11ed-aecd-85bc826ed43e,40519,17235,60876,RussBr00,24718,11280,3,"https://static.www.nfl.com/image/upload/f_auto,q_auto/league/vfz3osmr3fgeoyu5us80",,1,REG,A01,Brady,RUS383114,56243,32005255-5338-3114-199d-b1c437580d73,2023,2023,,,28.0
2026,SEA,DL,DT,95.0,ACT,Brandon Pili,Brandon,Pili,1999-04-02,75.0,345,USC,00-0038694,4259651,11232260-f0dc-11ed-8ba5-bf9b1d9bee25,,17560,57036,PiliBr00,24582,11396,3,"https://static.www.nfl.com/image/upload/f_auto,q_auto/league/qf0sxvyhghxygeocgob1",,1,REG,A01,Brandon,PIL215335,56384,32005049-4c21-5335-eb7f-94aed0359e37,2023,2023,,,27.0
2026,SEA,RB,RB,46.0,CUT,Brock Lampe,Brock,Lampe,2003-03-31,73.0,252,Northern Illinois,00-0040567,,,,,,,,,1,"https://static.www.nfl.com/image/upload/f_auto,q_auto/league/qjprz2xsfvwi0zqrpyh1",,1,REG,R01,Brock,LAM753502,59031,32004c41-4d75-3502-ba71-fdcff80730ab,2025,2025,,,23.0
2026,SEA,OL,G,77.0,ACT,Bryce Cabeldue,Bryce,Cabeldue,2001-09-04,76.0,315,Kansas,00-0040650,,,,,,,,,1,"https://static.www.nfl.com/image/upload/f_auto,q_auto/league/dwruw0cuhqfqomv8cjwe",,1,REG,A01,Bryce,CAB038334,58397,32004341-4203-8334-b1d6-3630665765ee,2025,2025,SEA,192.0,24.0
2026,SEA,DB,SS,9.0,RES,Bud Clark,Ja'Darius,Clark,2002-05-03,73.0,188,TCU,00-0041463,4430262,,,19562,123066,ClarBu00,,,0,"https://static.www.nfl.com/image/upload/f_auto,q_auto/league/l1kul40tgcpyox07cbaa",,1,REG,R01,Bud,CLA214868,62686,3200434c-4121-4868-812d-25f9e902c1c7,2026,2026,SEA,64.0,24.0
2026,SEA,DL,DT,91.0,ACT,Byron Murphy II,Byron,Murphy,2002-09-08,72.0,308,Texas,00-0039309,4570040,d7cd56ba-a624-4149-83d0-a2c66df65804,,17736,131252,MurpBy01,25022,11668,2,"https://static.www.nfl.com/image/upload/f_auto,q_auto/league/xeq70yetr8qznbkjjiye",,1,REG,A01,Byron,MUR526628,57137,32004d55-5252-6628-1a87-66e20cb9aefc,2024,2024,SEA,16.0,23.0
2026,SEA,OL,T,67.0,ACT,Charles Cross,Charles,Cross,2000-11-25,77.0,310,Mississippi State,00-0037821,,,,,,,,,4,"https://static.www.nfl.com/image/upload/f_auto,q_auto/league/bfihltadsoacis5cqin8",,1,REG,A01,Charles,CRO398747,54474,32004352-4f39-8747-10cd-e041e76a72ff,2022,2022,SEA,9.0,25.0
2026,SEA,LB,ILB,44.0,ACT,Chazz Surratt,Chazz,Surratt,1997-02-16,74.0,228,North Carolina,00-0037003,4037521,0c9102ea-9fe8-4900-9d33-8eab299cf9ce,33466,15276,40313,SurrCh00,22784,7673,5,"https://static.www.nfl.com/image/upload/f_auto,q_auto/league/l01b7cc2rfwfkigdhzvg",,1,REG,A01,Chazz,SUR448995,53507,32005355-5244-8995-3b9b-f6b486d5e327,2021,2021,MIN,78.0,29.0
2026,SEA,LS,LS,41.0,ACT,Chris Stoll,Chris,Stoll,1998-08-03,74.0,255,Penn State,00-0038769,,,,,,,,,3,"https://static.www.nfl.com/image/upload/f_auto,q_auto/league/oyqbh2n0msfbnzqvzfpu",,1,REG,A01,Chris,STO341294,56488,32005354-4f34-1294-8bb4-8ec8fd3d24e1,2023,2023,,,28.0
2026,SEA,OL,G,64.0,ACT,Christian Haynes,Christian,Haynes,2000-04-13,75.0,313,Connecticut,00-0039839,,,,,,,,,2,"https://static.www.nfl.com/image/upload/f_auto,q_auto/league/ylzxtjxkmtlseqhaghp6",,1,REG,A01,Christian,HAY586893,57202,32004841-5958-6893-e64a-1f011921652d,2024,2024,SEA,81.0,26.0
2026,SEA,LB,OLB,57.0,ACT,Connor O'Toole,Connor,O'Toole,2002-08-27,75.0,252,Utah,00-0040061,4605491,,,18971,131869,OTooCo00,,,1,"https://static.www.nfl.com/image/upload/f_auto,q_auto/league/fvrgej9ifncdq5ywexos",,1,REG,A01,Connor,OTO311468,58507,32004f54-4f31-1468-d7c2-bb3c65370c75,2025,2025,,,24.0
2026,SEA,WR,WR,10.0,ACT,Cooper Kupp,Cooper,Kupp,1993-06-15,74.0,208,Eastern Washington,00-0033908,2977187,2806e915-c46f-492f-8a29-71d3a85e5620,30182,11863,11824,KuppCo00,18882,4039,9,"https://static.www.nfl.com/image/upload/f_auto,q_auto/league/kjixprihktsfog6wx9sq",,1,REG,A01,Cooper,KUP534597,44881,32004b55-5053-4597-b958-87408c31956f,2017,2017,LAR,69.0,33.0
2026,SEA,LB,OLB,56.0,ACT,Dante Fowler Jr.,Dante,Fowler,1994-08-03,75.0,255,Florida,00-0032052,2980100,6bc85af5-fc58-4656-82da-d02780a0f6f6,28391,10349,9436,FowlDa00,16764,2308,11,"https://static.www.nfl.com/image/upload/f_auto,q_auto/league/cp6ao2rf9siswpzctpt9",,1,REG,A01,Dante,FOW382785,42346,3200464f-5738-2785-f81a-f6d367ce1686,2015,2015,JAX,3.0,32.0
2026,SEA,LB,OLB,0.0,ACT,DeMarcus Lawrence,Demarcus,Lawrence,1992-04-28,75.0,265,Boise State; Butler County JC,00-0031411,16802,3e3bd10a-6462-47f8-8938-42518781d060,27562,9344,8669,LawrDe00,16366,2064,12,"https://static.www.nfl.com/image/upload/f_auto,q_auto/league/yo0w88bzr0s9qrnmadeq",,1,REG,A01,Demarcus,LAW282118,41263,32004c41-5728-2118-edab-498f27240b6f,2014,2014,DAL,34.0,34.0
2026,SEA,LB,OLB,58.0,ACT,Derick Hall,Derick,Hall,2001-03-19,75.0,256,Auburn,00-0039047,4567226,57b847dd-7af4-4d16-b934-641ab9b5911b,40070,16923,98130,HallDe04,24249,10911,3,"https://static.www.nfl.com/image/upload/f_auto,q_auto/league/pblbd65bo6myp030qbes",,1,REG,A01,Derick,HAL274589,55902,32004841-4c27-4589-50da-dbb78b921d81,2023,2023,SEA,37.0,25.0
2026,SEA,OL,T,66.0,CUT,Derrick Graham,Derrick,Graham,,,314,,00-0041519,,,,,,,,,0,"https://static.www.nfl.com/image/upload/f_auto,q_auto/league/vx1abzto30tdujvwsgxd",,1,REG,W03,Derrick,GRA171487,63461,32004752-4117-1487-f422-b7757a829bcb,2026,2026,,,
2026,SEA,DL,NT,97.0,DEV,Deven Eastern,Deven,Eastern,2003-04-05,78.0,315,Minnesota,00-0040904,4609203,012dfdfd-7458-4488-b6e0-867220248255,,19502,144989,EastDe00,27007,13563,0,"https://static.www.nfl.com/image/upload/f_auto,q_auto/league/smzollvmlmiaoi9mhh6v",,1,REG,P01,Deven,EAS752584,62864,32004541-5375-2584-6e27-61efb75f0c29,2026,2026,SEA,242.0,23.0
2026,SEA,DB,CB,21.0,ACT,Devon Witherspoon,Devon,Witherspoon,2000-12-11,72.0,180,Illinois,00-0039169,4575431,fa026462-0615-4077-81e1-90daf1c5b8f9,40056,17150,101388,WithDe00,24184,10891,3,"https://static.www.nfl.com/image/upload/f_auto,q_auto/league/po6rkbe4pjei7hycg2nu",,1,REG,A01,Devon,WIT143920,55869,32005749-5414-3920-4168-4be52b4fc3cf,2023,2023,SEA,5.0,25.0
2026,SEA,LB,ILB,32.0,ACT,Drake Thomas,Drake,Thomas,2000-02-25,71.0,236,N.C. State,00-0038922,4428659,55023e20-f335-11ed-a768-e94cb2c005ac,40730,17304,97525,ThomDr00,24224,11470,3,"https://static.www.nfl.com/image/upload/f_auto,q_auto/league/rmsrwh97imnsmq3lw1xm",,1,REG,A01,Drake,THO119345,56644,32005448-4f11-9345-b166-f87d106ff4bb,2023,2023,,,26.0
2026,SEA,QB,QB,2.0,ACT,Drew Lock,Drew,Lock,1996-11-10,76.0,228,Missouri,00-0035704,3924327,94325301-e0ad-4a9f-a0e5-ffec0f529be3,31874,13736,39517,LockDr00,20859,5854,7,"https://static.www.nfl.com/image/upload/f_auto,q_auto/league/vdixnkk1uglfpwowalf8",,1,REG,A01,Drew,LOC374482,47825,32004c4f-4337-4482-904c-a47f8df1d41b,2019,2019,DEN,42.0,29.0
2026,SEA,TE,TE,18.0,ACT,Elijah Arroyo,Elijah,Arroyo,2003-04-05,77.0,245,Miami,00-0040739,4678006,98bc7c8c-e6e4-4694-a0ef-d3f25274223e,,18540,143933,ArroEl00,26032,12521,1,"https://static.www.nfl.com/image/upload/f_auto,q_auto/league/m5rdyemjoxl4cuz9yun8",,1,REG,A01,Elijah,ARR629685,58255,32004152-5262-9685-50ee-580fc8b42629,2025,2025,SEA,50.0,23.0
2026,SEA,RB,RB,27.0,ACT,Emanuel Wilson,Emanuel,Wilson,1999-05-08,70.0,220,Fort Valley State College,00-0038797,4887558,05266280-f323-11ed-bd27-0bcbcaae8d67,40707,17593,154173,WilsEm00,24309,11435,3,"https://static.www.nfl.com/image/upload/f_auto,q_auto/league/uorruvczsxzvffpbxu8z",,1,REG,A01,Emanuel,WIL682260,56516,32005749-4c68-2260-5e7f-2ef51fd68bf8,2023,2023,,,27.0
2026,SEA,WR,WR,84.0,DEV,Emmanuel Henderson Jr.,Emmanuel,Henderson,2003-03-21,73.0,185,Kansas; Alabama,00-0040895,4685381,6be3c204-6a34-4395-82e1-5c7ed857abe0,,19436,163595,HendEm00,26953,13313,0,"https://static.www.nfl.com/image/upload/f_auto,q_auto/league/eje0zmvfl2fetzvpsl6c",,1,REG,P01,Emmanuel,HEN199637,62821,32004845-4e19-9637-f598-c13498124cce,2026,2026,SEA,199.0,23.0
2026,SEA,TE,TE,81.0,ACT,Eric Saubert,Eric,Saubert,1994-05-09,77.0,253,Drake,00-0033576,2975863,582dc00e-e7ec-4ca7-bff0-f7b1d604017b,30287,11897,11929,SaubEr00,19035,4189,9,"https://static.www.nfl.com/image/upload/f_auto,q_auto/league/czzieyox5rht6ae3g5tx",,1,REG,A01,Eric,SAU025752,44987,32005341-5502-5752-b171-3bff1c98fe2d,2017,2017,ATL,174.0,32.0
2026,SEA,LB,ILB,13.0,ACT,Ernest Jones,Ernest,Jones,1999-11-22,74.0,230,South Carolina,00-0036994,4362851,42c12021-abf6-40fa-b989-7ea52d0e7070,33491,15228,81399,JoneEr01,22865,7672,5,"https://static.www.nfl.com/image/upload/f_auto,q_auto/league/zn0pz6okty7vbj5ryryt",,1,REG,A01,Ernest,JON293997,53532,32004a4f-4e29-3997-86e4-8e62c948066a,2021,2021,LAR,103.0,26.0
2026,SEA,OL,C,62.0,DEV,Federico Maranges,Federico,Maranges,2001-10-05,75.0,300,Florida Atlantic,00-0040764,,,,,,,,,1,"https://static.www.nfl.com/image/upload/f_auto,q_auto/league/inusdinp7cv7fcdctdkb",,1,REG,P03,Federico,MAR005577,58506,32004d41-5200-5577-f04d-60a159f44ced,2025,2025,,,24.0
2026,SEA,RB,RB,36.0,ACT,George Holani,George,Holani,1999-12-16,70.0,210,Boise State,00-0039299,4429835,971a3930-0724-11ef-a47d-6f7fe8c7bc97,41344,17968,72154,HolaGe00,23196,12048,2,"https://static.www.nfl.com/image/upload/f_auto,q_auto/league/pgwvv5qhcmnwf3tomy1a",,1,REG,A01,George,HOL000290,57448,3200484f-4c00-0290-4322-bf5019f19a33,2024,2024,,,26.0
2026,SEA,OL,G,76.0,ACT,Grey Zabel,Grey,Zabel,2002-03-30,78.0,312,North Dakota State,00-0040639,,,,,,,,,1,"https://static.www.nfl.com/image/upload/f_auto,q_auto/league/ttuahecuymewba9naaql",,1,REG,A01,Grey,ZAB207645,58220,32005a41-4220-7645-264b-c5c0ef13a11f,2025,2025,SEA,18.0,24.0
2026,SEA,WR,WR,85.0,RES,Irvin Charles,Irvin,Charles,1997-04-13,76.0,219,"Indiana PA,  University of; Penn State",00-0037156,3929636,f8578e10-d3bd-11ec-96a0-c3471a31202c,34356,16430,28304,CharIr00,23962,8861,4,"https://static.www.nfl.com/image/upload/f_auto,q_auto/league/heeyyjyf5prqas5tmwvk",,1,REG,R48,Irvin,CHA559017,54834,32004348-4155-9017-807b-e2f00a489961,2022,2022,,,29.0
2026,SEA,DL,DE,70.0,CUT,J.R. Singleton,J.R.,Singleton,2002-02-13,73.0,305,Iowa State,00-0040063,,,,,,,,,1,"https://static.www.nfl.com/image/upload/f_auto,q_auto/league/xj6kwzkuejml3io1x4qe",,1,REG,W03,J.R.,SIN428265,58509,32005349-4e42-8265-4f73-335b30096011,2025,2025,,,24.0
2026,SEA,RB,RB,31.0,DEV,Jacardia Wright,Jacardia,Wright,2000-09-26,72.0,220,Missouri State; Kansas State,00-0040067,4428943,42cb24b0-2556-11f0-a3b7-37e42e45b4dd,,18864,99250,WrigJa05,26473,13047,1,"https://static.www.nfl.com/image/upload/f_auto,q_auto/league/tp3d97gujpw7fkvn7gno",,1,REG,P01,Jacardia,WRI344516,58513,32005752-4934-4516-3021-1ea86d601ac5,2025,2025,,,25.0
2026,SEA,RB,RB,8.0,ACT,Jadarian Price,Jadarian,Price,2003-10-09,71.0,203,Notre Dame,00-0041512,4685512,17b64129-5118-4525-ac9a-d79ff5313568,,19299,,PricJa02,26765,13286,0,"https://static.www.nfl.com/image/upload/f_auto,q_auto/league/toy90i08oumgbdlvctja",,1,REG,A01,Jadarian,PRI206342,62654,32005052-4920-6342-cc6c-83e664a5fbb1,2026,2026,SEA,32.0,22.0
2026,SEA,WR,WR,19.0,RES,Jake Bobo,Jake,Bobo,1998-08-04,76.0,215,UCLA; Duke,00-0038752,4360405,7d80dd50-e9f5-11ed-9c34-3f26f2e7ed88,40452,17040,77997,BoboJa00,24339,10867,3,"https://static.www.nfl.com/image/upload/f_auto,q_auto/league/esyfp5hwdtepk2ypsru4",,1,REG,R01,Jake,BOB556112,56471,3200424f-4255-6112-e781-5b2c8948bd2b,2023,2023,,,28.0
2026,SEA,DL,DE,47.0,CUT,Jalan Gaines,Jalan,Gaines,,,245,,00-0040055,,,,,,,,,1,"https://static.www.nfl.com/image/upload/f_auto,q_auto/league/lfkr6bkvrdgfyhdvbbon",,1,REG,W03,Jalan,GAI348205,58500,32004741-4934-8205-56be-8d505f2ada64,2025,2025,,,
2026,SEA,QB,QB,6.0,ACT,Jalen Milroe,Jalen,Milroe,2002-12-13,74.0,225,Alabama,00-0040673,4432734,b0eb5b67-4ef2-462d-bfe7-e73bcce1f6b0,,18477,146590,MilrJa00,25882,12510,1,"https://static.www.nfl.com/image/upload/f_auto,q_auto/league/hohqoqpdyquxn1sr1fm2",,1,REG,A01,Jalen,MIL777073,58297,32004d49-4c77-7073-2018-c1cbe811a29b,2025,2025,SEA,92.0,23.0
2026,SEA,OL,C,61.0,ACT,Jalen Sundell,Jalen,Sundell,1999-10-18,77.0,300,North Dakota State,00-0039926,,,,,,,,,2,"https://static.www.nfl.com/image/upload/f_auto,q_auto/league/egojfsvdjkcu1tabsxbt",,1,REG,A01,Jalen,SUN280236,57634,32005355-4e28-0236-3427-f635d435261a,2024,2024,,,26.0
2026,SEA,LB,OLB,50.0,CUT,Jamie Sheriff,Jamie,Sheriff,2000-08-18,73.0,265,South Alabama; Mississippi Gulf Coast CC,00-0039944,4685984,7293eba0-5423-11ef-921f-9d5e2bfaf044,,18428,121433,SherJa01,25853,12436,2,"https://static.www.nfl.com/image/upload/f_auto,q_auto/league/f9uictgyzz37rjcnjzkd",,1,REG,W03,Jamie,SHE587560,58044,32005348-4558-7560-ebea-915416aadbdb,2024,2024,,,26.0
2026,SEA,DL,NT,90.0,ACT,Jarran Reed,Jarran,Reed,1992-12-16,75.0,306,Alabama; East Mississippi JC,00-0032387,3115312,c02b49d3-ddc1-4ffc-9f40-487199882fa5,29289,11217,10683,ReedJa02,17981,3220,10,"https://static.www.nfl.com/image/upload/f_auto,q_auto/league/td7umxhgwkswls8rutk0",,1,REG,A01,Jarran,REE257783,43338,32005245-4525-7783-9d33-e7586a9aa31c,2016,2016,SEA,49.0,33.0
2026,SEA,K,K,5.0,ACT,Jason Myers,Jason,Myers,1991-05-12,70.0,190,Marist,00-0031492,2473037,7af4c94b-529b-4403-ab66-2bfed3fcf0c7,28378,10157,10207,MyerJa00,17215,2747,11,"https://static.www.nfl.com/image/upload/f_auto,q_auto/league/zcd7q9loflr0t5bsvzig",,1,REG,A01,Jason,MYE407253,41175,32004d59-4540-7253-949f-65e474226c01,2015,2015,,,35.0
2026,SEA,WR,WR,11.0,ACT,Jaxon Smith-Njigba,Jaxon,Smith-Njigba,2002-02-14,72.0,198,Ohio State,00-0038543,4430878,6215db71-1e13-4c62-8f14-2005d33dee47,40041,16654,129758,SmitJa06,23157,9488,3,"https://static.www.nfl.com/image/upload/f_auto,q_auto/league/yx1xjrupbqdknnjaq4a6",,1,REG,A01,Jaxon,SMI829636,55884,3200534d-4982-9636-a18c-5da6fbdaa80c,2023,2023,SEA,20.0,24.0
2026,SEA,DB,CB,33.0,CUT,Jordan Washington,Jordan,Washington,,,190,,00-0041584,,,,,,,,,0,,,1,REG,W03,Jordan,WAS457885,63190,32005741-5345-7885-b72c-dc1979f6a7e4,2026,2026,,,
2026,SEA,DB,CB,29.0,ACT,Josh Jobe,Josh,Jobe,1998-04-09,71.0,189,Alabama,00-0037137,4372020,56d7af50-ce1a-11ec-bebb-4fec1e38b0e5,34383,16152,83122,JobeJo00,23557,8275,4,"https://static.www.nfl.com/image/upload/f_auto,q_auto/league/df0ybhz5czunkbhgdefc",,1,REG,A01,Josh,JOB207645,54815,32004a4f-4220-7645-a3a9-4ea63cef951c,2022,2022,,,28.0
2026,SEA,OL,T,74.0,ACT,Josh Jones,Josh,Jones,1997-06-22,79.0,310,Houston,00-0036363,,,,,,,,,6,"https://static.www.nfl.com/image/upload/f_auto,q_auto/league/c5c4iuvcmlc7xrl8vp63",,1,REG,A01,Josh,JON506329,52480,32004a4f-4e50-6329-4716-1f544b2c7ee9,2020,2020,AZ,72.0,29.0
2026,SEA,WR,WR,1.0,DEV,Julian Hicks,Julian,Hicks,1999-09-29,74.0,201,Albany; Akron; Central Michigan,00-0039329,,,,,,,,,2,"https://static.www.nfl.com/image/upload/f_auto,q_auto/league/knvt0zhyvozokeadswgf",,1,REG,P01,Julian,HIC516858,57483,32004849-4351-6858-9f73-49daa23fc258,2024,2024,,,26.0
2026,SEA,DB,SS,20.0,ACT,Julian Love,Julian,Love,1998-03-19,71.0,193,Notre Dame,00-0034974,4046675,a1052a59-114e-4340-8936-bffb17431300,31940,13533,51081,LoveJu00,20864,5876,7,"https://static.www.nfl.com/image/upload/f_auto,q_auto/league/l2tncxut7ssqo0ilamxq",,1,REG,A01,Julian,LOV133771,47891,32004c4f-5613-3771-4f23-34180a3619b8,2019,2019,NYG,108.0,28.0
2026,SEA,DB,CB,1.0,ACT,Julian Neal,Julian,Neal,2003-02-12,74.0,203,Arkansas; Fresno State,00-0040873,4684543,,,19584,,NealJu00,,,0,"https://static.www.nfl.com/image/upload/f_auto,q_auto/league/izqce9eijr3fgtuhifbp",,1,REG,A01,Julian,NEA218476,62721,32004e45-4121-8476-692e-90b48c4c3ec7,2026,2026,SEA,99.0,23.0
2026,SEA,RB,RB,25.0,CUT,Justin Jones,Justin,Jones,,,206,,00-0041588,,,,,,,,,0,,,1,REG,W03,Justin,JON518453,63177,32004a4f-4e51-8453-1cb8-f9551f1da102,2026,2026,,,
2026,SEA,OL,T,65.0,CUT,Kellen Diesch,Kellen,Diesch,1997-08-23,79.0,300,Arizona State,00-0037349,,,,,,,,,4,"https://static.www.nfl.com/image/private/f_auto,q_auto/league/pryvpnkqsrry7mtdgbsx",,1,REG,W03,Kellen,DIE513487,54932,32004449-4551-3487-3639-16a473769ccf,2022,2022,,,29.0
2026,SEA,DL,DT,99.0,ACT,Leonard Williams,Leonard,Williams,1994-06-20,77.0,302,USC,00-0031933,2971622,2b5152aa-cbcc-439c-b72a-ac7577c8422b,28394,10307,9439,WillLe02,16767,2311,11,"https://static.www.nfl.com/image/upload/f_auto,q_auto/league/jhaogtinjeyrwbjsvbl4",,1,REG,A01,Leonard,WIL426411,42349,32005749-4c42-6411-1ceb-16f4ceb749d0,2015,2015,NYJ,6.0,32.0
2026,SEA,OL,T,73.0,DEV,Logan Brown,Logan,Brown,2001-04-17,78.0,315,Kansas; Wisconsin,00-0040495,,,,,,,,,1,"https://static.www.nfl.com/image/upload/f_auto,q_auto/league/lebjztgitjbfjryhkcu1",,1,REG,P01,Logan,BRO548859,58940,32004252-4f54-8859-c865-fcaab3f3eab0,2025,2025,,,25.0
2026,SEA,LB,OLB,59.0,DEV,Marvin Jones Jr.,Marvin,Jones,2004-06-08,77.0,245,Oklahoma; Florida State; Georgia,00-0040973,,,,,,,,,0,"https://static.www.nfl.com/image/upload/f_auto,q_auto/league/mmfgizaxy53ouygcdpql",,1,REG,P01,Marvin,JON826255,63050,32004a4f-4e82-6255-27ff-898a9096b167,2026,2026,,,22.0
2026,SEA,OL,T,78.0,RES,Mason Richman,Mason,Richman,2002-05-07,77.0,310,Iowa,00-0040652,,,,,,,,,1,"https://static.www.nfl.com/image/upload/f_auto,q_auto/league/m8ihmpvqxsn2d7nfmrkb",,1,REG,R01,Mason,RIC695415,58439,32005249-4369-5415-1b7c-053cb2c299de,2025,2025,SEA,234.0,24.0
2026,SEA,DB,FS,43.0,DEV,Maxen Hook,Maxen,Hook,2001-08-19,72.0,205,Toledo,00-0040026,,,,,,,,,1,"https://static.www.nfl.com/image/upload/f_auto,q_auto/league/jsp0hmkbpzpc5emdgfgf",,1,REG,P01,Maxen,HOO284822,58471,3200484f-4f28-4822-38d2-0299cafc5b34,2025,2025,,,25.0
2026,SEA,DB,CB,37.0,DEV,Michael Dansby,Michael,Dansby,2004-07-22,71.0,185,Arizona; San Jose State,00-0040910,2094390,,,19902,157849,DansMi00,,,0,"https://static.www.nfl.com/image/upload/f_auto,q_auto/league/oxlhvcgepqjwzulh7yvz",,1,REG,P01,Michael,DAN762839,62877,32004441-4e76-2839-4d2e-4018b3a1fcec,2026,2026,SEA,255.0,22.0
2026,SEA,P,P,4.0,ACT,Michael Dickson,Michael,Dickson,1996-01-04,74.0,208,Texas,00-0034160,3929851,d1ae3222-8892-49bc-bb3e-0bcd7c74522e,31119,12481,35381,DickMi00,19956,5011,8,"https://static.www.nfl.com/image/upload/f_auto,q_auto/league/apjm64xahlm5hjmoxul7",,1,REG,A01,Michael,DIC718404,46218,32004449-4371-8404-4b71-7db3262e7930,2018,2018,SEA,149.0,30.0
2026,SEA,DL,DT,94.0,ACT,Mike Morris,Michael,Morris,2001-04-22,78.0,292,Michigan,00-0038591,4572055,2697a8a5-c22d-4290-a266-5b153bf384e3,,16861,101421,MorrMi00,24361,10982,3,"https://static.www.nfl.com/image/upload/f_auto,q_auto/league/m1zqwqvge656lwucmx5h",,1,REG,A01,Mike,MOR480831,56016,32004d4f-5248-0831-1322-2ec4ee6accb4,2023,2023,SEA,151.0,25.0
2026,SEA,WR,WR,87.0,ACT,Montorie Foster Jr,Montorie,Foster,2001-08-03,71.0,186,Michigan State,00-0040621,4600597,c2d51e60-2f63-11f0-84c5-d54c2e170b0d,,19119,129616,FostMo00,25985,13199,1,"https://static.www.nfl.com/image/upload/f_auto,q_auto/league/qkyl0pfhi4pmzdtodu9k",,1,REG,A01,Montorie,FOS782501,59076,3200464f-5378-2501-ef0b-5eba9d20b249,2025,2025,,,25.0
2026,SEA,DB,CB,28.0,ACT,Nehemiah Pritchett,Nehemiah,Pritchett,2001-02-11,72.0,184,Auburn,00-0039795,4567222,06418ca3-6c11-4654-ad86-59bac5370e23,,17783,98875,PritNe00,25154,11753,2,"https://static.www.nfl.com/image/upload/f_auto,q_auto/league/zxtribbeeejhqlt43dmj",,1,REG,A01,Nehemiah,PRI790475,57257,32005052-4979-0475-45d7-4f092566c86a,2024,2024,SEA,136.0,25.0
2026,SEA,DB,SS,3.0,ACT,Nick Emmanwori,Nick,Emmanwori,2004-02-07,75.0,227,South Carolina,00-0040733,4869523,03af2f58-94a2-403d-b183-0ffad62795fa,,18617,158121,EmmaNi00,26013,12597,1,"https://static.www.nfl.com/image/upload/f_auto,q_auto/league/pmy1sehsvo596a7si0i0",,1,REG,A01,Nick,EMM083509,58240,3200454d-4d08-3509-4f43-ab1aefccbd0f,2025,2025,SEA,35.0,22.0
2026,SEA,TE,TE,89.0,ACT,Nick Kallerup,Nick,Kallerup,2001-03-27,77.0,270,Minnesota,00-0040058,4569547,b312a490-2791-11f0-b675-0178dd6a62e2,,18968,101679,KallNi00,26275,13151,1,"https://static.www.nfl.com/image/upload/f_auto,q_auto/league/eetx8ba2ztsmk9wabbzp",,1,REG,A01,Nick,KAL460451,58503,32004b41-4c46-0451-46d5-71ece7c66090,2025,2025,,,25.0
2026,SEA,OL,C,55.0,ACT,Olu Oluwatimi,Olusegun,Oluwatimi,1999-08-05,75.0,307,Michigan; Virginia,00-0038593,,,,,,,,,3,"https://static.www.nfl.com/image/upload/f_auto,q_auto/league/lwz6dcsfrwdlxeprtinn",,1,REG,A01,Olusegun,OLU593274,56019,32004f4c-5559-3274-eef4-acb200e9e905,2023,2023,SEA,154.0,27.0
2026,SEA,LB,ILB,52.0,ACT,Patrick O'Connell,Patrick,O'Connell,1998-12-31,73.0,230,Montana,00-0038764,4364623,0097ded0-ea11-11ed-8d34-41182339b277,,17604,89300,OConPa01,24728,11230,3,"https://static.www.nfl.com/image/upload/f_auto,q_auto/league/s5wok0ocqr8yc86xhucm",,1,REG,A01,Patrick,OCO264274,56483,32004f43-4f26-4274-da11-3998f8f008fe,2023,2023,,,27.0
2026,SEA,LB,ILB,49.0,CUT,Pooh Paul Jr.,Chris,Paul,2002-11-04,73.0,235,Mississippi,00-0040588,4602943,6e74b967-c938-44d8-97df-c15086086938,,18493,146640,PaulCh01,26028,12659,1,"https://static.www.nfl.com/image/upload/f_auto,q_auto/league/psmpytneuttddqhfswhj",,1,REG,W03,Chris,PAU534319,58377,32005041-5553-4319-1f74-82ed87167bef,2025,2025,LAR,172.0,23.0
2026,SEA,LB,LB,46.0,RES,Power Echols,Power,Echols,2003-01-20,71.0,225,North Carolina,00-0040270,,,,,,,,,1,"https://static.www.nfl.com/image/upload/f_auto,q_auto/league/ptq9m3ohqianoex14gzx",,1,REG,R01,Power,ECH548775,58706,32004543-4854-8775-64b7-7d196329eedd,2025,2025,,,23.0
2026,SEA,WR,WR,35.0,CUT,Rashad Rochelle,Rashad,Rochelle,,,185,,00-0041476,,,,,,,,,0,"https://static.www.nfl.com/image/upload/f_auto,q_auto/league/ylbnhgy33itvtgb5j5gk",,1,REG,W03,Rashad,ROC179389,63724,3200524f-4317-9389-aa3e-75889af8dadb,2026,2026,,,
2026,SEA,WR,WR,22.0,ACT,Rashid Shaheed,Rashid,Shaheed,1998-08-31,72.0,180,Weber State,00-0037545,4032473,e1ecc660-cc9f-11ec-952e-a10f2c98fc4d,34659,16560,63707,ShahRa00,23729,8676,4,"https://static.www.nfl.com/image/upload/f_auto,q_auto/league/ku2naisfbxmzgagxojnm",,1,REG,A01,Rashid,SHA089447,55133,32005348-4108-9447-3491-eb73ad07ef30,2022,2022,,,28.0
2026,SEA,WR,WR,86.0,DEV,Ricky White III,Ricky,White,2002-02-06,73.0,184,UNLV; Michigan State,00-0040653,4431479,f2e485f8-ba20-4c1c-b279-41dcdcb28d03,,18560,129639,WhitRi01,25010,12475,1,"https://static.www.nfl.com/image/upload/f_auto,q_auto/league/sgtcxvsg5m0s6rdizjfb",,1,REG,P01,Ricky,WHI646827,58443,32005748-4964-6827-9db0-b02505584697,2025,2025,SEA,238.0,24.0
2026,SEA,RB,FB,40.0,RES,Robbie Ouzts,Robbie,Ouzts,2002-09-06,75.0,270,Alabama,00-0040649,4691688,fc472cd5-1a00-4bd9-ab41-6eb7e50f0d21,,18624,146594,OuztRo00,26124,12656,1,"https://static.www.nfl.com/image/upload/f_auto,q_auto/league/kdykjwqk5xcnrfbtp47o",,1,REG,R01,Robbie,OUZ415291,58380,32004f55-5a41-5291-bbd8-aed11b76da30,2025,2025,SEA,175.0,23.0
2026,SEA,DB,FS,24.0,DEV,Rodney Thomas,Rodney,Thomas,1998-06-26,73.0,201,Yale,00-0037323,4248455,f3bceab4-444c-44aa-ba89-3df6bbc78eba,34195,16290,108389,ThomRo07,23627,8517,4,"https://static.www.nfl.com/image/upload/f_auto,q_auto/league/rmch7ilcol08gczhpwp6",,1,REG,P07,Rodney,THO359931,54704,32005448-4f35-9931-a171-67505fb32097,2022,2022,IND,239.0,28.0
2026,SEA,DL,DT,98.0,ACT,Rylie Mills,Rylie,Mills,2001-08-20,77.0,295,Notre Dame,00-0040647,4430838,29a06739-05aa-45e9-ba8f-cb4a7e7d975a,,18697,122907,MillRy02,26193,12680,1,"https://static.www.nfl.com/image/upload/f_auto,q_auto/league/st6tr9jhr7kn6apkycp3",,1,REG,A01,Rylie,MIL718484,58347,32004d49-4c71-8484-5505-140b187be8b2,2025,2025,SEA,142.0,25.0
2026,SEA,QB,QB,14.0,ACT,Sam Darnold,Sam,Darnold,1997-06-05,75.0,225,USC,00-0034869,3912547,13d826c5-9b22-4e0a-a877-02d8c84c546b,30973,12490,29048,DarnSa00,19812,4943,8,"https://static.www.nfl.com/image/upload/f_auto,q_auto/league/fyay8vruj0cqmhopufzk",,1,REG,A01,Sam,DAR466141,46072,32004441-5246-6141-9e5c-6e7d32a03e33,2018,2018,NYJ,3.0,29.0
2026,SEA,DB,CB,6.0,EXE,Terrion Arnold,Terrion,Arnold,2003-03-22,72.0,196,Alabama,00-0039903,4592837,bee08d8d-3b1a-4375-9ea3-e627da925807,,17712,146603,ArnoTe00,24940,11661,2,"https://static.www.nfl.com/image/upload/f_auto,q_auto/league/h3rbtalyoblh2szat9qc",,1,REG,E02,Terrion,ARN739342,57145,32004152-4e73-9342-f72d-04074002484c,2024,2024,DET,24.0,23.0
2026,SEA,WR,WR,15.0,ACT,Tory Horton,Tory,Horton,2002-11-29,74.0,190,Colorado State; Nevada,00-0040648,4597703,66dd47a3-fb5d-434f-a580-b2069e2904f8,,17772,128232,HortTo00,24989,12497,1,"https://static.www.nfl.com/image/upload/f_auto,q_auto/league/lmsun4qzmk1rkgt4kw76",,1,REG,A01,Tory,HOR714724,58371,3200484f-5271-4724-279c-0b867b4b01d4,2025,2025,SEA,166.0,23.0
2026,SEA,DB,CB,16.0,DEV,Trevon Diggs,Trevon,Diggs,1998-09-20,73.0,195,Alabama,00-0036361,4040966,02753dc9-52ac-4ed1-8086-7894d35a3bd1,32721,14389,41817,DiggTr00,22051,6809,6,"https://static.www.nfl.com/image/upload/f_auto,q_auto/league/ktdcor3rnkwpgehtwldn",,1,REG,P07,Trevon,DIG224895,52459,32004449-4722-4895-603b-f1bc2ff73964,2020,2020,DAL,51.0,27.0
2026,SEA,DB,FS,39.0,ACT,Ty Okada,Ty,Okada,1999-06-04,71.0,200,Montana State,00-0038765,4247808,2be7e030-ea16-11ed-8d34-41182339b277,,17352,56089,OkadTy00,24646,11233,3,"https://static.www.nfl.com/image/upload/f_auto,q_auto/league/dpnc6udwdhtrsq898nec",,1,REG,A01,Ty,OKA103822,56484,32004f4b-4110-3822-4f33-f4a076ab71c2,2023,2023,,,27.0
2026,SEA,LB,ILB,48.0,ACT,Tyrice Knight,Tyrice,Knight,1999-12-20,72.0,235,Texas-El Paso; Independence Comm. College,00-0039815,4686540,d1f88078-0acd-4d6d-95f4-cf0c5bb7cb90,,17963,122025,KnigTy00,25246,11734,2,"https://static.www.nfl.com/image/upload/f_auto,q_auto/league/xqi0rvphhoj5tca0wod2",,1,REG,A01,Tyrice,KNI756662,57239,32004b4e-4975-6662-8893-60383370e77f,2024,2024,SEA,118.0,26.0
2026,SEA,DB,FS,36.0,CUT,Tysheem Johnson,Tysheem,Johnson,2002-09-30,70.0,200,Oregon; Mississippi,00-0040273,,,,,,,,,1,"https://static.www.nfl.com/image/upload/f_auto,q_auto/league/srmw7o53eercpt8548jh",,1,REG,W03,Tysheem,JOH713371,58709,32004a4f-4871-3371-b0f6-ec5a6f70755e,2025,2025,,,23.0
2026,SEA,LB,OLB,7.0,ACT,Uchenna Nwosu,Uchenna,Nwosu,1996-12-28,74.0,251,USC,00-0034350,3120358,40941261-cfd0-4e8d-b895-21fb7e20b407,31018,12844,50084,NwosUc00,19859,5061,8,"https://static.www.nfl.com/image/upload/f_auto,q_auto/league/eovri4ccfixdbtikxbyg",,1,REG,A01,Uchenna,NWO593274,46117,32004e57-4f59-3274-851b-d601b6909b91,2018,2018,LAC,48.0,29.0
2026,SEA,DL,DT,92.0,DEV,Uso Seumalo,Uso,Seumalo,,,340,,00-0040975,,,,,,,,,0,"https://static.www.nfl.com/image/upload/f_auto,q_auto/league/orfcyc0to5mxcxkc86d6",,1,REG,P01,Uso,SEU360647,63052,32005345-5536-0647-7893-72a92a7392b9,2026,2026,,,
2026,SEA,RB,RB,33.0,DEV,Velus Jones Jr.,Velus,Jones,1997-05-11,72.0,200,Tennessee; USC,00-0037745,4035693,318b263d-8910-4e46-afe3-5860092ab260,34027,15846,40573,JoneVe00,23481,8223,4,"https://static.www.nfl.com/image/upload/f_auto,q_auto/league/d4y5fxivhcxk34q7stpb",,1,REG,P07,Velus,JON826251,54536,32004a4f-4e82-6251-6347-ca9076d159e9,2022,2022,CHI,71.0,29.0
2026,SEA,DL,NT,69.0,CUT,Wy'Kevious Thomas,Wy'Kevious,Thomas,2000-07-05,74.0,303,South Alabama,00-0040064,,,,,,,,,1,"https://static.www.nfl.com/image/upload/f_auto,q_auto/league/oze4dwftg5cerptvolzb",,1,REG,W03,Wy'Kevious,THO409943,58510,32005448-4f40-9943-4dc4-f5e12010533e,2025,2025,,,26.0
2026,SEA,RB,RB,26.0,RES,Zach Charbonnet,Zach,Charbonnet,2001-01-08,73.0,220,UCLA; Michigan,00-0039165,4426385,7d7f1628-85a7-4633-9ffe-d82fc2761b00,40075,16897,97630,CharZa00,23173,9753,3,"https://static.www.nfl.com/image/upload/f_auto,q_auto/league/cuuyog0lpxfaj0y0huvp",,1,REG,R04,Zach,CHA548773,55917,32004348-4154-8773-f098-b6f992d916a2,2023,2023,SEA,52.0,25.0
2026,SF,QB,QB,4.0,CUT,Adrian Martinez,Adrian,Martinez,2000-01-07,74.0,225,Kansas State; Nebraska,00-0038658,4361182,e95a83c0-e6f6-11ed-88d6-7977d3a68019,40299,17266,83522,,24507,11065,3,"https://static.www.nfl.com/image/upload/f_auto,q_auto/league/w0ehlpfwk70tqpswllwv",,1,REG,W03,Adrian,MAR776119,56348,32004d41-5277-6119-bf26-960a914a3c4d,2023,2023,,,26.0
2026,SF,DL,DT,95.0,ACT,Alfred Collins,Alfred,Collins,2001-10-08,77.0,332,Texas,00-0040721,4430835,d81084a7-c3bd-4746-883c-12797db9859a,,18685,123110,CollAl01,26075,12590,1,"https://static.www.nfl.com/image/upload/f_auto,q_auto/league/m3gpcjsylxoysk9m9n7w",,1,REG,A01,Alfred,COL480656,58248,3200434f-4c48-0656-eb0f-b6c850a0a131,2025,2025,SF,43.0,24.0
2026,SF,LB,OLB,50.0,RES,Andrew Farmer,Andrew,Farmer,2000-04-19,76.0,250,Lane College,00-0038865,4394894,326b52a0-e78e-11ed-bccd-1717a8013adf,,17309,106311,FarmAn00,24516,11122,3,"https://static.www.nfl.com/image/upload/f_auto,q_auto/league/wscfjolhvndwj8zemf81",,1,REG,R01,Andrew,FAR213936,56585,32004641-5221-3936-cbc9-78585718cd00,2023,2023,,,26.0
2026,SF,DB,SS,29.0,ACT,Ashtyn Davis,Ashtyn,Davis,1996-10-10,73.0,200,California,00-0036329,3858271,7d491979-7d1b-4b55-9f3a-f68db22d8bb1,32738,14447,49560,DaviAs00,21925,6855,6,"https://static.www.nfl.com/image/upload/f_auto,q_auto/league/e0ppdz8rxegnsmgkj31q",,1,REG,A01,Ashtyn,DAV163785,52476,32004441-5616-3785-71b6-36de3d91d151,2020,2020,NYJ,68.0,29.0
2026,SF,OL,T,62.0,RES,Austen Pleasants,Austen,Pleasants,1997-08-22,79.0,330,Ohio,00-0035829,,,,,,,,,6,"https://static.www.nfl.com/image/upload/f_auto,q_auto/league/smhaysadli3ersrjufft",,1,REG,R48,Austen,PLE683631,52731,3200504c-4568-3631-c357-40b3f228b41d,2020,2020,,,29.0
2026,SF,DB,CB,17.0,DEV,Brandon Codrington,Brandon,Codrington,2000-11-17,69.0,185,North Carolina Central,00-0039333,4576069,88a2a9c0-0be6-11ef-a1fb-fd287260fc2a,,18225,106248,CodrBr00,25708,12269,2,"https://static.www.nfl.com/image/upload/f_auto,q_auto/league/icpo89rrbnus0apxhezm",,1,REG,P06,Brandon,COD295893,57487,3200434f-4429-5893-a782-f93f43650933,2024,2024,,,25.0
2026,SF,TE,TE,9.0,ACT,Brayden Willis,Brayden,Willis,1999-11-11,76.0,235,Oklahoma,00-0038643,4360290,733cc366-53e3-4703-a2fc-2aa860272cf3,40261,17010,77917,WillBr06,24149,10224,3,"https://static.www.nfl.com/image/upload/f_auto,q_auto/league/sdifjifrgrvunhiigdub",,1,REG,A01,Brayden,WIL597331,56112,32005749-4c59-7331-d2e9-d4e09be28c28,2023,2023,SF,247.0,26.0
2026,SF,OL,G,78.0,RES,Brett Toth,Brett,Toth,1996-09-01,78.0,304,Army,00-0035743,,,,,,,,,7,"https://static.www.nfl.com/image/upload/f_auto,q_auto/league/yre7lmnvlmd2mj9sijiu",,1,REG,R01,Brett,TOT169395,47097,3200544f-5416-9395-9e76-e35c46db51e2,2019,2019,,,29.0
2026,SF,QB,QB,13.0,ACT,Brock Purdy,Brock,Purdy,1999-12-27,73.0,220,Iowa State,00-0037834,4361741,d5aef708-ad61-4ab8-a637-62ff96e92040,34218,15834,77672,PurdBr00,23241,8183,4,"https://static.www.nfl.com/image/upload/f_auto,q_auto/league/xs2fyj1sqdgwvt9ihbri",,1,REG,A01,Brock,PUR243289,54727,32005055-5224-3289-b108-8aab5e23b748,2022,2022,SF,262.0,26.0
2026,SF,DL,DT,99.0,ACT,CJ West,Chaddrian,West,2002-06-12,73.0,316,Indiana; Kent State,00-0040711,4686308,4e1e4a5a-a8c2-45e8-8c0b-c8ac10724666,,18702,130507,WestCJ00,26130,12649,1,"https://static.www.nfl.com/image/upload/f_auto,q_auto/league/tf5wceyqvcyapj2owfcm",,1,REG,A01,C.J.,WES147430,58318,32005745-5314-7430-9357-fa53c8a5072c,2025,2025,SF,113.0,24.0
2026,SF,OL,G,74.0,ACT,Carver Willis,Carver,Willis,2002-04-20,77.0,303,Washington; Kansas State,00-0041061,,,,,,,,,0,"https://static.www.nfl.com/image/upload/f_auto,q_auto/league/xxgctbtrfu8cbihjwgii",,1,REG,A01,Carver,WIL597533,62749,32005749-4c59-7533-d219-46af4a7076b3,2026,2026,SF,127.0,24.0
2026,SF,WR,WR,3.0,RES,Christian Kirk,Christian,Kirk,1996-11-18,71.0,200,Texas A&M,00-0034775,3895856,ebcd87ce-218c-4144-810b-921c2f59d6e8,31017,12508,47546,KirkCh01,19815,4950,8,"https://static.www.nfl.com/image/upload/f_auto,q_auto/league/ffp75mtwnqgrv0qz0txz",,1,REG,R48,Christian,KIR257918,46116,32004b49-5225-7918-e402-81feed3bdafb,2018,2018,AZ,47.0,29.0
2026,SF,RB,RB,23.0,ACT,Christian McCaffrey,Christian,McCaffrey,1996-06-07,71.0,210,Stanford,00-0033280,3117251,f96db0af-5e25-42d1-a07a-49b4e065b364,30121,11690,11763,McCaCh01,18877,4034,9,"https://static.www.nfl.com/image/upload/f_auto,q_auto/league/st82s2ytyzanatcmkqck",,1,REG,A01,Christian,MCC035988,44820,32004d43-4303-5988-790d-0077d6a4692b,2017,2017,CAR,8.0,30.0
2026,SF,OL,T,68.0,ACT,Colton McKivitz,Colton,McKivitz,1996-08-09,78.0,301,West Virginia,00-0036256,,,,,,,,,6,"https://static.www.nfl.com/image/upload/f_auto,q_auto/league/yjgfoh7lfrutn795jtxq",,1,REG,A01,Colton,MCK697746,52561,32004d43-4b69-7746-902f-ec9dd1066991,2020,2020,SF,153.0,30.0
2026,SF,OL,G,75.0,ACT,Connor Colby,Connor,Colby,2003-01-16,77.0,310,Iowa,00-0040245,,,,,,,,,1,"https://static.www.nfl.com/image/upload/f_auto,q_auto/league/dazpyka1tbihu0gobwgw",,1,REG,A01,Connor,COL069214,58454,3200434f-4c06-9214-e68b-4d4ee96d1732,2025,2025,SF,249.0,23.0
2026,SF,P,P,7.0,ACT,Corliss Waitman,Corliss,Waitman,1995-07-21,74.0,210,South Alabama,00-0035821,3125280,32b2d6f6-a636-4d73-927c-361c1aa809f5,32942,15012,39620,WaitCo00,22218,7215,6,"https://static.www.nfl.com/image/upload/f_auto,q_auto/league/tob4qaxxwhpmnalutnk8",,1,REG,A01,Corliss,WAI672660,52723,32005741-4967-2660-f329-c5f5b1000c8c,2020,2020,,,31.0
2026,SF,DB,FS,29.0,RES,Darrick Forrest,Darrick,Forrest,1999-05-22,71.0,200,Cincinnati,00-0036638,4239088,6c582650-e297-470b-bb43-f9a1cee68417,33551,15598,55087,ForrDa00,22815,7827,5,"https://static.www.nfl.com/image/upload/f_auto,q_auto/league/kewtqnt8zc9xtxvlhdq9",,1,REG,R01,Darrick,FOR485545,53592,3200464f-5248-5545-c56f-5beae4773c4c,2021,2021,WAS,163.0,27.0
2026,SF,WR,WR,7.0,ACT,De'Zhaun Stribling,De'Zhaun-Ryan,Stribling,2002-12-18,74.0,207,Mississippi; Oklahoma State; Washington State,00-0041035,4710714,ca6fa516-adeb-4fd2-9408-17c9c2e38798,,19330,146508,StriDe01,28053,13417,0,"https://static.www.nfl.com/image/upload/f_auto,q_auto/league/eu1nxtlztiwr5ko48iwz",,1,REG,A01,De'Zhaun,STR336088,62655,32005354-5233-6088-e514-5b10403eaf1e,2026,2026,SF,33.0,23.0
2026,SF,WR,WR,19.0,ACT,Deebo Samuel Sr.,Tyshun,Samuel,1996-01-15,72.0,214,South Carolina,00-0035719,3126486,628a6a0a-4fde-4024-8d7c-28674953d5af,31868,13429,48274,SamuDe00,20932,5872,7,"https://static.www.nfl.com/image/upload/f_auto,q_auto/league/ntgyhqg6hq7fanhhsqiw",,1,REG,A01,Deebo,SAM636097,47819,32005341-4d63-6097-eab1-34810e00be67,2019,2019,SF,36.0,30.0
2026,SF,WR,WR,11.0,ACT,Demarcus Robinson,Demarcus,Robinson,1994-09-21,73.0,203,Florida,00-0032775,3043116,46b16198-116f-4913-85db-2bc21462bd66,29360,11163,10760,RobiDe01,18047,3286,10,"https://static.www.nfl.com/image/upload/f_auto,q_auto/league/cokassoz2z7hb4wk2krh",,1,REG,A01,Demarcus,ROB399065,43415,3200524f-4239-9065-1db8-5ff5da8a3829,2016,2016,KC,126.0,31.0
2026,SF,DB,CB,2.0,ACT,Deommodore Lenoir,Deommodore,Lenoir,1999-10-06,70.0,202,Oregon,00-0036563,4242488,d24bbe70-baba-4337-822e-c166a156f92e,33560,15192,55686,LenoDe00,22899,7819,5,"https://static.www.nfl.com/image/upload/f_auto,q_auto/league/ozfx4033owzfliip24v2",,1,REG,A01,Deommodore,LEN391302,53601,32004c45-4e39-1302-184b-0cbaae3a7007,2021,2021,SF,172.0,26.0
2026,SF,OL,G,77.0,ACT,Dominick Puni,Dominick,Puni,2000-02-24,77.0,313,Kansas; Central Missouri,00-0039351,,,,,,,,,2,"https://static.www.nfl.com/image/upload/f_auto,q_auto/league/xwahfywaifoc9kaez6lk",,1,REG,A01,Dominick,PUN141154,57207,32005055-4e14-1154-d73c-5f4c0140ba47,2024,2024,SF,86.0,26.0
2026,SF,OL,C,66.0,DEV,Drake Nugent,Drake,Nugent,2001-02-09,73.0,301,Michigan; Stanford,00-0039700,,,,,,,,,2,"https://static.www.nfl.com/image/upload/f_auto,q_auto/league/u99x48ow2ilnlmby8tb4",,1,REG,P01,Drake,NUG406244,57863,32004e55-4740-6244-7045-70ff6d489745,2024,2024,,,25.0
2026,SF,LB,ILB,57.0,ACT,Dre Greenlaw,Keaundre,Greenlaw,1997-05-25,72.0,225,Arkansas,00-0034982,3916903,e6eb9d50-9231-44ff-89eb-7f7b996e042f,31980,13804,51503,GreeDr00,20778,6056,7,"https://static.www.nfl.com/image/upload/f_auto,q_auto/league/jtvcc2vtczop90dkl4wd",,1,REG,A01,Dre,GRE557396,47931,32004752-4555-7396-3986-bf0359ce742c,2019,2019,SF,148.0,29.0
2026,SF,K,K,18.0,ACT,Eddy Pineiro,Eddy,Pineiro,1995-09-13,71.0,178,Florida,00-0034173,4034949,1c50997f-c56e-47f9-a750-33ab100ed28b,31482,12582,44140,PineEd00,20149,5189,8,"https://static.www.nfl.com/image/upload/f_auto,q_auto/league/v3vtl2t4dfzkueanjfwc",,1,REG,A01,Eddy,PIN375542,46426,32005049-4e37-5542-2bc1-1264cee3959d,2018,2018,,,30.0
2026,SF,OL,T,69.0,ACT,Enrique Cruz,Enrique,Cruz,2003-08-04,77.0,313,Kansas,00-0041090,,,,,,,,,0,"https://static.www.nfl.com/image/upload/f_auto,q_auto/league/ti1hdlmlireeudbqmhaq",,1,REG,A01,Enrique,CRU840186,62801,32004352-5584-0186-3098-c873145ae2c7,2026,2026,SF,179.0,23.0
2026,SF,DB,CB,28.0,ACT,Ephesians Prysock,Ephesians,Prysock,2003-02-28,76.0,196,Washington; Arizona,00-0041068,4685523,3f2b858d-39bf-490c-84d0-94024ee6a54a,,19588,158740,PrysEp00,26994,13478,0,"https://static.www.nfl.com/image/upload/f_auto,q_auto/league/ywyqg8kadbaxy6fezyvv",,1,REG,A01,Ephesians,PRY485791,62761,32005052-5948-5791-8dca-9b324832f06a,2026,2026,SF,139.0,23.0
2026,SF,DL,DT,90.0,CUT,Evan Anderson,Evan,Anderson,2002-02-14,75.0,326,Florida Atlantic,00-0039696,4612182,3a8c7440-0584-11ef-a728-9b9d81627453,,17875,123590,AndeEv00,25413,11923,2,"https://static.www.nfl.com/image/upload/f_auto,q_auto/league/hldznraji3s9j9hwjn3h",,1,REG,W03,Evan,AND229801,57859,3200414e-4422-9801-dc52-fbe4d773f850,2024,2024,,,24.0
2026,SF,OL,T,70.0,DEV,Foster Sarell,Foster,Sarell,1998-08-28,78.0,315,Stanford,00-0036584,,,,,,,,,5,"https://static.www.nfl.com/image/upload/f_auto,q_auto/league/pspk0gr0uikkrspmdd8f",,1,REG,P07,Foster,SAR340150,53816,32005341-5234-0150-eba7-1e1fe48c39ef,2021,2021,,,28.0
2026,SF,LB,MLB,54.0,ACT,Fred Warner,Federico,Warner,1996-11-19,75.0,230,BYU,00-0034815,3138826,75a74283-5ab6-49d4-bf2f-e6fcaf91ec36,31040,12769,51222,WarnFr00,19891,5041,8,"https://static.www.nfl.com/image/upload/f_auto,q_auto/league/zmse3qgt0x2mqiuiuiu7",,1,REG,A01,Fred,WAR485225,46139,32005741-5248-5225-ce4a-b72862edcf69,2018,2018,SF,70.0,29.0
2026,SF,LB,ILB,49.0,ACT,Garret Wallow,Garret,Wallow,1999-01-25,74.0,230,TCU,00-0036844,4241807,f50c9bb7-2782-4390-a84f-b47e71d6018f,33558,15602,60761,WallGa00,22761,7821,5,"https://static.www.nfl.com/image/upload/f_auto,q_auto/league/swmlsjwctjetibjmhqxs",,1,REG,A01,Garret,WAL527275,53599,32005741-4c52-7275-96e8-979862ce6849,2021,2021,HOU,170.0,27.0
2026,SF,TE,TE,85.0,ACT,George Kittle,George,Kittle,1993-10-09,76.0,250,Iowa,00-0033288,3040151,2ada91b0-036e-454f-83c3-6d939ff584a9,30259,11892,11901,KittGe00,19063,4217,9,"https://static.www.nfl.com/image/upload/f_auto,q_auto/league/vkicdglglkyukgyxtmpx",,1,REG,A01,George,KIT388290,44959,32004b49-5438-8290-eeed-c9c9cca62ec1,2017,2017,SF,146.0,32.0
2026,SF,DL,DT,93.0,ACT,Gracen Halton,Gracen,Halton,2004-01-27,75.0,293,Oklahoma,00-0041557,4685369,589d4616-5218-411b-bf83-4ce0a67325ce,,19506,85774,HaltGr00,27005,13501,0,"https://static.www.nfl.com/image/upload/f_auto,q_auto/league/kgidfvowkezba4g4nig8",,1,REG,A01,Gracen,HAL773343,62729,32004841-4c77-3343-f24c-4b4e67aafae9,2026,2026,SF,107.0,22.0
2026,SF,OL,T,67.0,DEV,Isaac Alarcon,Isaac,Alarcon,1998-07-27,79.0,301,,00-0036448,,,,,,,,,6,"https://static.www.nfl.com/image/upload/f_auto,q_auto/league/tf80dmb1inreek7ijguw",,1,REG,P03,Isaac,ALA456204,53148,3200414c-4145-6204-bef7-5135953bdfff,2020,2020,,,28.0
2026,SF,RB,RB,31.0,RES,Isaac Guerendo,Isaac,Guerendo,2000-06-28,72.0,225,Louisville; Wisconsin,00-0039363,4372561,eac64b21-6e9e-447a-bf18-8a00b5c12871,40998,17947,83806,GuerIs00,25063,11651,2,"https://static.www.nfl.com/image/upload/f_auto,q_auto/league/uy1bdu0dokosyzl4ohmi",,1,REG,R04,Isaac,GUE547677,57250,32004755-4554-7677-8f5d-c4e05fdb16a1,2024,2024,SF,129.0,26.0
2026,SF,DB,CB,25.0,ACT,Jack Jones,Jack,Jones,1997-12-20,71.0,170,Arizona State,00-0038039,4035686,c816f5e3-7abe-4fc5-b6e0-4151017210b0,34077,15809,29050,JoneJa10,23558,8261,4,"https://static.www.nfl.com/image/upload/f_auto,q_auto/v1787861967/league/ah12ltwvgwl9few2ktqj",,1,REG,A01,Jack,JON403934,54586,32004a4f-4e40-3934-31a5-290d0def1a4b,2022,2022,NE,121.0,28.0
2026,SF,WR,WR,4.0,ACT,Jacob Cowing,Jacob,Cowing,2001-02-04,69.0,170,Arizona; Texas-El Paso,00-0039365,4575665,9c145f4f-c9b1-4c2c-b011-8dc40167d0f1,40996,17008,100894,CowiJa00,24981,11616,2,"https://static.www.nfl.com/image/upload/f_auto,q_auto/league/uarciagmnzmyzs102dv6",,1,REG,A01,Jacob,COW532087,57256,3200434f-5753-2087-d639-9da7fffb6b08,2024,2024,SF,135.0,25.0
2026,SF,LB,ILB,53.0,ACT,Jaden Dugger,Jaden,Dugger,2004-02-26,77.0,240,Louisiana; Georgetown,00-0041078,5086161,ac7f2a62-87ce-4975-af32-1e218517bf9a,,19753,162137,DuggJa00,28190,13520,0,"https://static.www.nfl.com/image/upload/f_auto,q_auto/league/qgqcvgbjx1yflrlwfltq",,1,REG,A01,Jaden,DUG617307,62776,32004455-4761-7307-f0d7-9251b783bb59,2026,2026,SF,154.0,22.0
2026,SF,DL,DE,96.0,CUT,Jah Joyner,Jah,Joyner,,,265,,00-0040486,4430111,d3dbba60-2541-11f0-8b1e-6fc9adf63156,,18674,129655,JoynJa00,26196,12993,1,"https://static.www.nfl.com/image/upload/f_auto,q_auto/league/nxkh78ej5pghzfeesfqz",,1,REG,W03,Jah,JOY302635,58931,32004a4f-5930-2635-2a85-97b24279ee36,2025,2025,,,
2026,SF,OL,C,64.0,ACT,Jake Brendel,Jacob,Brendel,1992-09-10,76.0,299,UCLA,00-0032701,,,,,,,,,10,"https://static.www.nfl.com/image/upload/f_auto,q_auto/league/kmzgxqcnngnaoichwdm7",,1,REG,A01,Jake,BRE273025,43821,32004252-4527-3025-f511-d9c5bdf338c5,2016,2016,,,33.0
2026,SF,TE,TE,88.0,ACT,Jake Tonges,Jake,Tonges,1999-07-08,76.0,240,California,00-0037112,4259147,8d9236c0-ce09-11ec-9598-03840dd5f387,34374,16418,60864,TongJa00,23662,8698,4,"https://static.www.nfl.com/image/upload/f_auto,q_auto/league/z6goxhdhfc2m0rmwvtbl",,1,REG,A01,Jake,TON644321,54784,3200544f-4e64-4321-5756-c03d2476b6de,2022,2022,,,27.0
2026,SF,DB,CB,43.0,DEV,Jakob Robinson,Jakob,Robinson,2000-10-04,70.0,170,BYU; Utah State,00-0040559,,,,,,,,,1,"https://static.www.nfl.com/image/upload/f_auto,q_auto/league/qlefsw8fylwrmbgtmez7",,1,REG,P01,Jakob,ROB515442,59005,3200524f-4251-5442-817d-f011c3f7ee09,2025,2025,,,25.0
2026,SF,LB,MLB,41.0,DEV,Jalen Graham,Jalen,Graham,2001-01-11,75.0,220,Purdue,00-0038648,4570410,88f0ff15-15d5-42e7-be1c-f6c254d945e6,40265,17172,98165,GrahJa02,24364,11025,3,"https://static.www.nfl.com/image/upload/f_auto,q_auto/league/yx3s8vah183b6x6jt8z8",,1,REG,P01,Jalen,GRA199869,56120,32004752-4119-9869-ffab-fccc38b6c057,2023,2023,SF,255.0,25.0
2026,SF,DB,SS,38.0,DEV,Jalen Stroman,Jalen,Stroman,2003-05-22,72.0,201,Notre Dame; Virginia Tech,00-0041362,4683155,,,19636,144106,StroJa03,,,0,"https://static.www.nfl.com/image/upload/f_auto,q_auto/league/qtlqtpbd1mmpyvcuoa4k",,1,REG,P01,Jalen,STR596512,63626,32005354-5259-6512-d454-54fc3f489fb0,2026,2026,,,23.0
2026,SF,DL,DT,96.0,ACT,James Thompson Jr.,James,Thompson,2002-08-29,78.0,301,Illinois; Wisconsin,00-0041363,,,,,,,,,0,"https://static.www.nfl.com/image/upload/f_auto,q_auto/league/kaksxzzz2yoykrlsv0hc",,1,REG,A01,James,THO743352,63627,32005448-4f74-3352-a354-29486785c50e,2026,2026,,,24.0
2026,SF,OL,C,58.0,ACT,Jarrett Patterson,Jarrett,Patterson,1999-09-01,76.0,310,Notre Dame,00-0038615,,,,,,,,,3,"https://static.www.nfl.com/image/upload/f_auto,q_auto/league/co5jzan7q6a0ptxkkmcd",,1,REG,A01,Jarrett,PAT457456,56066,32005041-5445-7456-8c72-5fc60a8decb0,2023,2023,HOU,201.0,26.0
2026,SF,DB,SS,27.0,ACT,Ji'Ayir Brown,Ji'Ayir,Brown,2000-01-25,71.0,202,Penn State; Lackawanna JC,00-0038554,4693644,626586f3-5706-443e-a272-c6d9e6239784,40106,17199,129767,BrowJi01,24233,10936,3,"https://static.www.nfl.com/image/upload/f_auto,q_auto/league/gmgewszcsvxdb63dmqby",,1,REG,A01,Ji'Ayir,BRO492777,55952,32004252-4f49-2777-600c-5206658f7fd5,2023,2023,SF,87.0,26.0
2026,SF,LS,LS,46.0,DEV,Jon Weeks,Jonathan,Weeks,1986-02-17,70.0,242,Baylor,00-0027224,,,,,,,,,16,"https://static.www.nfl.com/image/upload/f_auto,q_auto/league/vfrborns4bhlqzcmvwip",,1,REG,P07,Jonathan,WEE504348,35731,32005745-4550-4348-e7fc-6621be523408,2010,2010,,,40.0
2026,SF,RB,RB,29.0,ACT,Jordan James,Jordan,James,2004-03-29,69.0,210,Oregon,00-0040177,4685397,c16040c3-7534-4eeb-956c-8ed3be9972ec,,18485,163295,JameJo01,25903,12467,1,"https://static.www.nfl.com/image/upload/f_auto,q_auto/league/un9cfqnwdzugrcy8caoh",,1,REG,A01,Jordan,JAM271034,58352,32004a41-4d27-1034-c903-85aadc450efd,2025,2025,SF,147.0,22.0
2026,SF,WR,WR,17.0,ACT,Jordan Watkins,Jordan,Watkins,2002-02-15,71.0,196,Mississippi; Louisville,00-0040172,4431466,bd65c350-6044-415a-8749-e70a3b8f86e2,,18647,122730,WatkJo00,26103,12634,1,"https://static.www.nfl.com/image/upload/f_auto,q_auto/league/agcwewjrj4dfssqkzksp",,1,REG,A01,Jordan,WAT234962,58343,32005741-5423-4962-f2e3-76ea93ee38ef,2025,2025,SF,138.0,24.0
2026,SF,RB,RB,26.0,ACT,Kaelon Black,Kaelon,Black,2001-10-17,69.0,208,Indiana; James Madison,00-0041052,4696044,4dea3ae1-8c53-4ef1-bd72-e2d2dfb3fa97,,19607,,BlacKa00,26981,13414,0,"https://static.www.nfl.com/image/upload/f_auto,q_auto/league/nwgkzr1ysr32jc79zfnt",,1,REG,A01,Kaelon,BLA097235,62712,3200424c-4109-7235-2975-c002348bcd9e,2026,2026,SF,90.0,24.0
2026,SF,DL,DE,56.0,ACT,Keion White,Keion,White,1999-01-20,77.0,286,Georgia Tech; Old Dominion,00-0039148,4243493,a93bdfeb-068f-4933-89a2-8071adefd6f9,40080,17109,60998,WhitKe03,24256,10904,3,"https://static.www.nfl.com/image/upload/f_auto,q_auto/league/wkq3kmgtrqxsndffclam",,1,REG,A01,Keion,WHI315646,55911,32005748-4931-5646-3479-7fead8c7f5a8,2023,2023,NE,46.0,27.0
2026,SF,DL,DT,90.0,DEV,Kevin Givens,Kevin,Givens,1997-03-01,73.0,285,Penn State,00-0035026,3929641,2a86a6b4-58ef-42f5-aff9-d5d979bea6c7,32321,13519,28308,GiveKe01,20773,6005,7,"https://static.www.nfl.com/image/upload/f_auto,q_auto/league/dpbmpsyvi88lpb4xebly",,1,REG,P07,Kevin,GIV245959,48123,32004749-5624-5959-14bf-449fc8a378ba,2019,2019,,,29.0
2026,SF,WR,WR,86.0,DEV,KhaDarel Hodge,KhaDarel,Hodge,1994-01-03,74.0,205,Prairie View A&M; Hinds CC; Alcorn State,00-0034854,3047876,6f124753-5c6c-454b-97c7-0f9b4d14e7c2,31769,13418,26104,HodgKh00,20679,5773,8,"https://static.www.nfl.com/image/upload/f_auto,q_auto/league/r6vyxamrbb62lcccap2r",,1,REG,P07,KhaDarel,HOD250493,46992,3200484f-4425-0493-dbfc-02187ee1253d,2018,2018,,,32.0
2026,SF,TE,TE,43.0,DEV,Khalil Dinkins,Khalil,Dinkins,2002-05-29,76.0,251,Penn State,00-0041357,4699678,aade29a0-41d2-11f1-9a05-39136b423f8c,,19449,,,28059,13432,0,"https://static.www.nfl.com/image/upload/f_auto,q_auto/league/txukjdrzl6um3k3t0t31",,1,REG,P01,Khalil,DIN434791,63621,32004449-4e43-4791-2172-1d0ffe6be901,2026,2026,,,24.0
2026,SF,QB,QB,14.0,ACT,Kurtis Rourke,Kurtis,Rourke,2000-10-25,76.0,223,Indiana,00-0040589,4430431,1b412617-dee5-4c07-bdfc-e26eeff7fe80,,18565,97998,RourKu01,26087,12477,1,"https://static.www.nfl.com/image/upload/f_auto,q_auto/league/rq4swf5c2ar45ljuc0w2",,1,REG,A01,Kurtis,ROU266938,58432,3200524f-5526-6938-2bf5-3db923fa6a15,2025,2025,SF,227.0,25.0
2026,SF,RB,FB,44.0,ACT,Kyle Juszczyk,Kyle,Juszczyk,1991-04-23,74.0,235,Harvard,00-0029892,16002,67da5b5c-0db9-4fbc-b98d-7eb8e97b69f6,26753,8930,7912,JuszKy00,14901,1379,13,"https://static.www.nfl.com/image/upload/f_auto,q_auto/league/tsejiiddtouukwyyqr9q",,1,REG,A01,Kyle,JUS812736,40078,32004a55-5381-2736-6940-2f5c2a0823b7,2013,2013,BAL,130.0,35.0
2026,SF,DB,SS,47.0,CUT,Larry Worth,Larry,Worth,,,226,,00-0041406,,,,,,,,,0,"https://static.www.nfl.com/image/upload/f_auto,q_auto/league/dh5rnvlxzwcsxfua2ekp",,1,REG,W03,Larry,WOR688452,63192,3200574f-5268-8452-7f01-a940def35df7,2026,2026,,,
2026,SF,TE,TE,89.0,ACT,Luke Farrell,Luke,Farrell,1997-10-14,77.0,250,Ohio State,00-0036887,4040612,8a1f0e8e-6521-4a94-9934-ad4f76a25fd9,33533,15566,42353,FarrLu00,21795,7842,5,"https://static.www.nfl.com/image/upload/f_auto,q_auto/league/kdq2zratulrdsv4ykugy",,1,REG,A01,Luke,FAR615740,53574,32004641-5261-5740-50b8-305db0b7e238,2021,2021,JAX,145.0,28.0
2026,SF,LB,MLB,51.0,ACT,Luke Gifford,Luke,Gifford,1995-08-28,75.0,245,Nebraska,00-0035413,3116097,bc8260d5-231f-4337-9979-7c1c40bc6cd0,32205,14068,50675,GiffLu00,21449,6612,7,"https://static.www.nfl.com/image/upload/f_auto,q_auto/league/w1bg0aqsnbulotbxfstd",,1,REG,A01,Luke,GIF311467,48555,32004749-4631-1467-4b35-08a11fc9d22a,2019,2019,,,31.0
2026,SF,QB,QB,10.0,ACT,Mac Jones,Michael,Jones,1998-09-05,75.0,220,Alabama,00-0036972,4241464,1fd00ec3-b758-46d2-a2c1-cca521ea8a54,33403,15402,60323,JoneMa05,22496,7527,5,"https://static.www.nfl.com/image/upload/f_auto,q_auto/league/mbdwfwiuhl0ib5ajtmzq",,1,REG,A01,Mac,JON586540,53444,32004a4f-4e58-6540-bb7f-c07b995d57a4,2021,2021,NE,15.0,27.0
2026,SF,DB,FS,6.0,ACT,Malik Mustapha,Malik,Mustapha,2002-06-25,70.0,197,Wake Forest,00-0039360,4696211,b9500cb3-e259-4d5e-a75c-66b2611c0454,,17808,142358,MustMa00,25163,11731,2,"https://static.www.nfl.com/image/upload/f_auto,q_auto/league/pufbixooejmh540h5qhi",,1,REG,A01,Malik,MUS701799,57245,32004d55-5370-1799-842f-a0b30531265e,2024,2024,SF,124.0,24.0
2026,SF,DB,SS,36.0,ACT,Marques Sigle,Marques,Sigle,2002-07-18,71.0,197,Kansas State; North Dakota State,00-0040185,4693337,617c4aee-a205-49de-8a16-655bb6f08143,,18634,125305,SiglMa00,26174,12668,1,"https://static.www.nfl.com/image/upload/f_auto,q_auto/league/cr3ojzklas5uqwc2vbfh",,1,REG,A01,Marques,SIG335607,58365,32005349-4733-5607-14ba-4337f8ab9c02,2025,2025,SF,160.0,24.0
2026,SF,DL,DE,59.0,RES,Mikail Kamara,Mikail,Kamara,2001-10-10,73.0,262,Indiana; James Madison,00-0041360,,,,,,,,,0,"https://static.www.nfl.com/image/upload/f_auto,q_auto/league/drg6jegxm6gywk2sfxhe",,1,REG,R01,Mikail,KAM309957,63624,32004b41-4d30-9957-f557-3ab44a2ebb59,2026,2026,,,24.0
2026,SF,WR,WR,5.0,ACT,Mike Evans,Mike,Evans,1993-08-21,77.0,231,Texas A&M,00-0031408,16737,c48c21d9-0ae5-478c-ad34-30a660cfa9b8,27535,9253,8642,EvanMi00,16597,2216,12,"https://static.www.nfl.com/image/upload/f_auto,q_auto/league/zc4ujpmndyxrbiyyjomz",,1,REG,A01,Mike,EVA534309,41233,32004556-4153-4309-b2ed-6b8233f6fea5,2014,2014,TB,7.0,33.0
2026,SF,DL,DE,98.0,RES,Mykel Williams,Mykel,Williams,2004-06-29,77.0,265,Georgia,00-0040660,4685623,b53b3aa5-5ef4-4d54-a4f1-8be678e980d2,,18584,157061,WillMy00,25996,12602,1,"https://static.www.nfl.com/image/upload/f_auto,q_auto/league/jas5em3i7xswbtoqr6qz",,1,REG,R04,Mykel,WIL454914,58213,32005749-4c45-4914-9119-2392d0f4f0ef,2025,2025,SF,11.0,22.0
2026,SF,DB,CB,22.0,RES,Nate Hobbs,Nate,Hobbs,1999-06-24,73.0,195,Illinois,00-0036871,4240542,b34aa9fb-3f93-481b-8f68-7330c39e6e20,33555,15387,55948,HobbNa00,22921,7823,5,"https://static.www.nfl.com/image/upload/f_auto,q_auto/league/qewuemdrhzwzc9hluywm",,1,REG,R01,Nate,HOB298253,53596,3200484f-4229-8253-a672-c462bcac7773,2021,2021,LV,167.0,27.0
2026,SF,DL,DE,97.0,ACT,Nick Bosa,Nicholas,Bosa,1997-10-23,76.0,266,Ohio State,00-0035717,4040605,987c5e68-21d5-4bcb-a5f3-2e09cc512374,31834,13421,42741,BosaNi00,20713,5816,7,"https://static.www.nfl.com/image/upload/f_auto,q_auto/league/c7grjmvod7lnrfz4ordx",,1,REG,A01,Nick,BOS073285,47785,3200424f-5307-3285-8013-e0658c01933d,2019,2019,SF,2.0,28.0
2026,SF,LB,OLB,45.0,RES,Nick Martin,Nickolas,Martin,2002-10-13,71.0,220,Oklahoma State,00-0040135,4573188,47d7bf64-314d-4f9a-a0b4-d928efc7d0da,,18730,144667,MartNi01,26047,12630,1,"https://static.www.nfl.com/image/upload/f_auto,q_auto/league/znqnmy0xdk331ma8h7xa",,1,REG,R01,Nick,MAR685763,58280,32004d41-5268-5763-ad0b-66ba71852538,2025,2025,SF,75.0,23.0
2026,SF,OL,G,63.0,RES,Nick Zakelj,Nick,Zakelj,1999-06-22,78.0,325,Fordham,00-0037831,,,,,,,,,4,"https://static.www.nfl.com/image/upload/f_auto,q_auto/league/cun4v40dnqifysuu9oxf",,1,REG,R01,Nick,ZAK415291,54652,32005a41-4b41-5291-1379-49d89d7d5d61,2022,2022,SF,187.0,27.0
2026,SF,DL,DE,59.0,DEV,Ogbo Okoronkwo,Ogbonnia,Okoronkwo,1995-04-24,74.0,253,Oklahoma,00-0034807,3052667,eacc232b-701d-4a67-9ce5-61b9b931fd42,31130,12788,50130,OkorOg00,19987,5075,8,"https://static.www.nfl.com/image/upload/f_auto,q_auto/league/qbhwpvb59fmyguz8ttg0",,1,REG,P07,Ogbonnia,OKO385924,46229,32004f4b-4f38-5924-fae5-ebda7579eb7f,2018,2018,LAR,160.0,31.0
2026,SF,DL,DT,92.0,ACT,Osa Odighizuwa,Osa,Odighizuwa,1998-08-13,74.0,280,UCLA,00-0036942,4035840,5bc24739-494e-4d0c-beae-e15231743bcf,33463,15284,42754,OdigOs00,22873,7695,5,"https://static.www.nfl.com/image/upload/f_auto,q_auto/league/qselmahxlopzx8spnchw",,1,REG,A01,Osa,ODI118654,53504,32004f44-4911-8654-a883-7963338320c8,2021,2021,DAL,75.0,28.0
2026,SF,DB,SS,24.0,CUT,Patrick McMorris,Patrick,McMorris,2001-10-18,72.0,210,California; San Diego State,00-0039881,4430158,5137b06d-af47-47d7-8c1b-968fd511ea29,,18001,101309,McMoPa00,25166,11797,2,"https://static.www.nfl.com/image/upload/f_auto,q_auto/league/eu9mwmih3oosm64ainr8",,1,REG,W03,Patrick,MCM691571,57318,32004d43-4d69-1571-88ee-eb223394ff4a,2024,2024,MIA,198.0,24.0
2026,SF,DB,CB,0.0,ACT,Renardo Green,Renardo,Green,2000-11-09,72.0,186,Florida State,00-0039345,4427325,2b93704f-fab1-40b3-b13e-07d85303bb25,,17981,99773,GreeRe00,25192,11697,2,"https://static.www.nfl.com/image/upload/f_auto,q_auto/league/g1au1f2gkeo8wbexmvpk",,1,REG,A01,Renardo,GRE331722,57185,32004752-4533-1722-8b86-264d60ec9241,2024,2024,SF,64.0,25.0
2026,SF,WR,WR,1.0,RES,Ricky Pearsall,Ricky,Pearsall,2000-09-09,73.0,190,Florida; Arizona State,00-0039916,4428209,aca4c1b8-915f-4295-92e4-05b51feee6b1,40892,17761,100660,PearRi00,24982,11638,2,"https://static.www.nfl.com/image/upload/f_auto,q_auto/league/rrv2qhkjqagb8ibzwakv",,1,REG,R01,Ricky,PEA307677,57152,32005045-4130-7677-7b9e-0f0ef8659c89,2024,2024,SF,31.0,25.0
2026,SF,DL,DE,94.0,ACT,Romello Height,Romello,Height,2001-04-13,75.0,239,Texas Tech; Georgia Tech; USC; Auburn,00-0041556,4432244,,,19373,123988,HeigRo00,,,0,"https://static.www.nfl.com/image/upload/f_auto,q_auto/league/l3arvnk3oxjzzglzvnps",,1,REG,A01,Romello,HEI137526,62692,32004845-4913-7526-f4d5-2a07d32f4c27,2026,2026,SF,70.0,25.0
2026,SF,DL,DE,91.0,ACT,Sam Okuayinonu,Sam,Okuayinonu,1998-05-01,73.0,269,Maryland,00-0037602,4569497,59271dc0-c95d-11ec-b1d2-d334745b4f4f,,16581,101425,OkuaSa00,23683,8540,4,"https://static.www.nfl.com/image/upload/f_auto,q_auto/league/nbng6hhjkazvx3four5d",,1,REG,A01,Sam,OKU096406,55190,32004f4b-5509-6406-9914-99a25cfb1ae8,2022,2022,,,28.0
2026,SF,DL,DT,55.0,DEV,Sebastian Valdez,Sebastian,Valdez,2002-08-01,75.0,305,Washington; Montana State,00-0040560,,,,,,,,,1,"https://static.www.nfl.com/image/upload/f_auto,q_auto/league/cnb82o0pkp0k2ng5mrrp",,1,REG,P01,Sebastian,VAL160491,59006,32005641-4c16-0491-2d61-7fb0987da2fc,2025,2025,,,24.0
2026,SF,RB,RB,35.0,DEV,Sincere McCormick,Sincere,McCormick,2000-09-10,69.0,205,Texas-San Antonio,00-0037509,4430104,2e808f70-d3a3-11ec-96a0-c3471a31202c,34551,16107,97119,McCoSi00,23199,8220,4,"https://static.www.nfl.com/image/upload/f_auto,q_auto/league/t2e5ffjyc1iimyxufxjs",,1,REG,P01,Sincere,MCC594638,55097,32004d43-4359-4638-6f2a-4110341e4bba,2022,2022,,,25.0
2026,SF,DB,FS,33.0,ACT,Siran Neal,Siran,Neal,1994-08-04,72.0,205,Jacksonville State,00-0034391,3057524,82100457-f4ee-4f24-8ca2-584bfdc85749,31124,12817,27130,NealSi00,19963,5098,8,"https://static.www.nfl.com/image/upload/f_auto,q_auto/league/bwesbjwrbjpycetidb2q",,1,REG,A01,Siran,NEA475848,46223,32004e45-4147-5848-9337-0d2e60729681,2018,2018,BUF,154.0,32.0
2026,SF,LB,MLB,48.0,ACT,Tatum Bethune,Tatum,Bethune,2001-02-19,72.0,230,Florida State; UCF,00-0039435,4426698,5eb6ff1f-98c2-499b-9d11-37c3d1173993,,17961,98532,BethTa00,25263,11842,2,"https://static.www.nfl.com/image/upload/f_auto,q_auto/league/l2s0tyb8yoet0rohrik5",,1,REG,A01,Tatum,BET334096,57371,32004245-5433-4096-9cd3-8690d0b53217,2024,2024,SF,251.0,25.0
2026,SF,OL,T,71.0,ACT,Trent Williams,Trent,Williams,1988-07-19,77.0,320,Oklahoma,00-0027857,,,,,,,,,16,"https://static.www.nfl.com/image/upload/f_auto,q_auto/league/esqu9k1my3po3yxxkcjs",,1,REG,A01,Trent,WIL547553,35443,32005749-4c54-7553-75b9-3d34c5460f69,2010,2010,WAS,4.0,38.0
2026,SF,DB,CB,20.0,ACT,Upton Stout,Upton,Stout,2002-01-09,69.0,182,Western Kentucky; North Texas,00-0040152,4565200,c2e8a5f9-98db-4f9d-8720-c919db450134,,18605,121906,StouUp00,26194,12631,1,"https://static.www.nfl.com/image/upload/f_auto,q_auto/league/k5fypo0f9ctrs9dfvcyw",,1,REG,A01,Upton,STO728088,58305,32005354-4f72-8088-9be0-a1f143d4fbc7,2025,2025,SF,100.0,24.0
2026,SF,OL,T,76.0,ACT,Vederian Lowe,Vederian,Lowe,1999-04-17,77.0,320,Illinois,00-0037287,,,,,,,,,4,"https://static.www.nfl.com/image/upload/f_auto,q_auto/league/ihqeka8g0xhjacqhkj0i",,1,REG,A01,Vederian,LOW394481,54649,32004c4f-5739-4481-d1d4-6711a6aecbb4,2022,2022,MIN,184.0,27.0
2026,SF,DL,DE,96.0,RES,Victor Dimukeje,Victor,Dimukeje,1999-11-18,74.0,265,Duke,00-0036896,4240464,0e6f6610-0276-4229-9cf1-66f0d011c1a9,33598,15625,56347,DimuVi00,22788,7788,5,"https://static.www.nfl.com/image/upload/f_auto,q_auto/league/timanef1mpwuc1cqmptm",,1,REG,R01,Victor,DIM738004,53639,32004449-4d73-8004-ff0c-7c95536d5f01,2021,2021,AZ,210.0,26.0
2026,SF,DL,DE,61.0,CUT,Viliami Fehoko Jr.,Viliami,Fehoko,1999-12-16,76.0,263,San Jose State,00-0038575,4374148,5ce35506-7d1f-4795-92f5-834a1f5c5fe0,40140,17153,81376,FehoVi00,24370,10942,3,"https://static.www.nfl.com/image/upload/f_auto,q_auto/league/s5ok9ad5e51tqij3vpsp",,1,REG,W03,Viliami,FEH618217,55994,32004645-4861-8217-1d00-cf690e1c911e,2023,2023,DAL,129.0,26.0
2026,SF,DL,DE,98.0,DEV,Vincent Anthony Jr.,Vincent,Anthony,2004-04-26,78.0,258,Duke,00-0040950,,,,,,,,,0,"https://static.www.nfl.com/image/upload/f_auto,q_auto/league/lxdpxwvakeifd0yjoqt9",,1,REG,P01,Vincent,ANT324591,63027,3200414e-5432-4591-f772-30f149e664e4,2026,2026,,,22.0
2026,SF,WR,WR,81.0,DEV,Wesley Grimes,Wesley,Grimes,2004-03-09,74.0,195,N.C. State; Wake Forest,00-0041359,,,,,,,,,0,"https://static.www.nfl.com/image/upload/f_auto,q_auto/league/n5hfuzuaxausgstr3cp8",,1,REG,P01,Wesley,GRI733507,63623,32004752-4973-3507-c10f-e6be2654327d,2026,2026,,,22.0
2026,SF,WR,WR,84.0,DEV,Will Pauling,Will,Pauling,2003-03-04,69.0,190,Notre Dame; Wisconsin; Cincinnati,00-0041361,,,,,,,,,0,"https://static.www.nfl.com/image/upload/f_auto,q_auto/league/hk2txxjkjk1ycmluu2kn",,1,REG,P01,Will,PAU534320,63625,32005041-5553-4320-aec8-5704e267584e,2026,2026,,,23.0
2026,TB,DL,DE,91.0,ACT,A'Shawn Robinson,A'Shawn,Robinson,1995-03-21,75.0,320,Alabama,00-0032889,3054857,3f44e069-a9c7-40dc-bfa9-cd403ee9cdbd,29280,11162,10680,RobiAS00,17979,3218,10,"https://static.www.nfl.com/image/upload/f_auto,q_auto/league/xmh5jhuoelkynsubtjrz",,1,REG,A01,A'Shawn,ROB367960,43335,3200524f-4236-7960-bf20-bc060ac0f49c,2016,2016,DET,46.0,31.0
2026,TB,LB,OLB,97.0,ACT,Al-Quadin Muhammad,Al-Quadin,Muhammad,1995-03-28,76.0,250,Miami,00-0033964,3051942,08875a0a-0a3c-4fc1-b5f7-41d510503628,30309,11930,11951,MuhaAl00,19105,4259,9,"https://static.www.nfl.com/image/upload/f_auto,q_auto/league/wlookhzmglrxdjx43l8n",,1,REG,A01,Al-Quadin,MUH405540,45009,32004d55-4840-5540-392b-8eb5c7758a63,2017,2017,NO,196.0,31.0
2026,TB,LB,ILB,34.0,ACT,Alex Anzalone,Alex,Anzalone,1994-09-22,75.0,234,Florida,00-0033914,3043107,8bb2d40a-6dd2-4108-9810-5def1b45f192,30189,11957,11831,AnzaAl00,18964,4118,9,"https://static.www.nfl.com/image/upload/f_auto,q_auto/league/ltqvhzvqdxxtl1phtrgi",,1,REG,A01,Alex,ANZ059326,44888,3200414e-5a05-9326-7226-57708da620ee,2017,2017,NO,76.0,31.0
2026,TB,LB,OLB,98.0,ACT,Anthony Nelson,Anthony,Nelson,1997-03-04,79.0,272,Iowa,00-0035254,3894856,8bc51884-c9db-4745-8731-20eff25f41b0,31939,13562,48405,NelsAn01,20894,6003,7,"https://static.www.nfl.com/image/upload/f_auto,q_auto/league/b6hjuuemwgsh8q7lmadz",,1,REG,A01,Anthony,NEL115040,47890,32004e45-4c11-5040-c7a6-234521681d54,2019,2019,TB,107.0,29.0
2026,TB,DB,FS,31.0,ACT,Antoine Winfield Jr.,Antoine,Winfield,1998-08-16,69.0,205,Minnesota,00-0036411,4034790,27732f2b-2009-4954-a0a0-d29f5ce1abdf,32715,14484,42475,WinfAn00,21940,6888,6,"https://static.www.nfl.com/image/upload/f_auto,q_auto/league/wn2vlv6eyc9str0ak0fx",,1,REG,A01,Antoine,WIN159348,52453,32005749-4e15-9348-98c8-23be07463b71,2020,2020,TB,45.0,28.0
2026,TB,DB,CB,24.0,ACT,Ayden Garnes,Ayden,Garnes,2003-03-20,72.0,183,Arizona; West Virginia,00-0041253,4890885,,,19793,148570,,,,0,"https://static.www.nfl.com/image/upload/f_auto,q_auto/league/qlpjgp4neoxtnxkkaxek",,1,REG,A01,Ayden,GAR331538,63321,32004741-5233-1538-bab5-5df54f9cc802,2026,2026,,,23.0
2026,TB,K,K,33.0,CUT,B.T. Potter,Benjamin,Potter,,,200,,00-0038748,,,,,,,,,3,"https://static.www.nfl.com/image/upload/f_auto,q_auto/league/gmtlr2dtch6dbfxj7vdt",,1,REG,W03,B.T.,POT285078,56467,3200504f-5428-5078-f31e-ed4a9eef1ad3,2023,2023,,,
2026,TB,QB,QB,6.0,ACT,Baker Mayfield,Baker,Mayfield,1995-04-14,73.0,215,Oklahoma; Texas Tech,00-0034855,3052587,30198d30-9769-4e10-ac86-b4c91d940802,30971,12619,46518,MayfBa00,19790,4892,8,"https://static.www.nfl.com/image/upload/f_auto,q_auto/league/gjb8e69jtt1ffqf1afue",,1,REG,A01,Baker,MAY483453,46070,32004d41-5948-3453-e6ac-1ecff99fdcf6,2018,2018,CLE,1.0,31.0
2026,TB,RB,RB,49.0,CUT,Barika Kpeenu,Barika,Kpeenu,,,213,,00-0041595,,,,,,,,,0,,,1,REG,W03,Barika,KPE415291,63659,32004b50-4541-5291-a69e-cbc4aa9c01d7,2026,2026,,,
2026,TB,TE,TE,84.0,ACT,Bauer Sharp,Bauer,Sharp,2003-05-03,77.0,249,LSU; Oklahoma; Southeastern Louisiana,00-0041094,4890373,613e095e-7bd0-4e02-b21d-fc3f846b0937,,19452,150160,SharBa00,26955,13308,0,"https://static.www.nfl.com/image/upload/f_auto,q_auto/league/xqj8rk6okp7eobbv5hps",,1,REG,A01,Bauer,SHA375359,62807,32005348-4137-5359-e6e7-a204c5ea9274,2026,2026,TB,185.0,23.0
2026,TB,OL,G,68.0,ACT,Ben Bredeson,Ben,Bredeson,1998-02-20,77.0,325,Michigan,00-0036132,,,,,,,,,6,"https://static.www.nfl.com/image/upload/f_auto,q_auto/league/nkygbtdxvxhluyjumvxu",,1,REG,A01,Ben,BRE054642,52551,32004252-4505-4642-6b12-aa127a40c235,2020,2020,BAL,143.0,28.0
2026,TB,OL,C,66.0,DEV,Ben Scott,Ben,Scott,2001-01-09,77.0,305,Nebraska; Arizona State,00-0040427,,,,,,,,,1,"https://static.www.nfl.com/image/upload/f_auto,q_auto/league/lba5w8sd97sjg6hslk5z",,1,REG,P01,Ben,SCO100670,58871,32005343-4f10-0670-fa03-ea498503f3a5,2025,2025,,,25.0
2026,TB,OL,T,70.0,ACT,Benjamin Chukwuma,Benjamin,Chukwuma,2001-05-08,78.0,310,Georgia State,00-0040417,,,,,,,,,1,"https://static.www.nfl.com/image/upload/f_auto,q_auto/league/gudosqnpwknrvvpaqjzg",,1,REG,A01,Ben,CHU094693,58861,32004348-5509-4693-9ed8-800783e5d7d4,2025,2025,,,25.0
2026,TB,DB,CB,21.0,ACT,Benjamin Morrison,Benjamin,Morrison,2004-03-11,72.0,190,Notre Dame,00-0040747,4816107,33859ece-2c7f-4fe2-9c16-aff3c1e0b9e0,,18590,156968,MorrBe00,26025,12576,1,"https://static.www.nfl.com/image/upload/f_auto,q_auto/league/oshm9xdskhlubtb7keyy",,1,REG,A01,Benjamin,MOR566235,58258,32004d4f-5256-6235-fecf-92a5e6497940,2025,2025,TB,53.0,22.0
2026,TB,OL,G,75.0,ACT,Billy Schrauth,William,Schrauth,2003-09-09,76.0,310,Notre Dame,00-0041082,,,,,,,,,0,"https://static.www.nfl.com/image/upload/f_auto,q_auto/league/ngrfyxypmz5p2ta1r3js",,1,REG,A01,Billy,SCH497640,62782,32005343-4849-7640-534b-ccc1c4591f9e,2026,2026,TB,160.0,22.0
2026,TB,RB,RB,7.0,ACT,Bucky Irving,Mar'Keise,Irving,2002-08-19,70.0,195,Oregon; Minnesota,00-0039361,4596448,c5249c6f-bd1b-4352-8228-de2bd499ca0d,40993,17784,144970,IrviBu00,24967,11584,2,"https://static.www.nfl.com/image/upload/f_auto,q_auto/league/vkc00rvnix3f2b96vkwo",,1,REG,A01,Bucky,IRV731762,57246,32004952-5673-1762-cc21-a0207d2553dd,2024,2024,TB,125.0,24.0
2026,TB,TE,TE,82.0,DEV,CJ Dippre,C.J.,Dippre,2002-04-29,77.0,262,Alabama; Maryland,00-0040566,4596545,e98ccf30-2531-11f0-b18c-b9f05412231c,,18474,144888,DippCJ00,25984,12984,1,"https://static.www.nfl.com/image/upload/f_auto,q_auto/league/azvsbbacjbgiyr3hmgdi",,1,REG,P01,C.J.,DIP426541,59026,32004449-5042-6541-4af4-81c86e4bbe43,2025,2025,,,24.0
2026,TB,TE,TE,88.0,ACT,Cade Otton,Cade,Otton,1999-04-15,77.0,250,Washington,00-0038129,4243331,f23517bd-ae85-484a-8ecb-1f7a2d851e48,34062,16032,61071,OttoCa00,23134,8111,4,"https://static.www.nfl.com/image/upload/f_auto,q_auto/league/yanr6h9aplae3jyzimf7",,1,REG,A01,Cade,OTT712400,54571,32004f54-5471-2400-c87d-346814f25b06,2022,2022,TB,106.0,27.0
2026,TB,LB,ILB,46.0,CUT,Caden Fordham,Caden,Fordham,,,238,,00-0041338,4683096,a935e460-4b34-11f1-9373-0748d497523d,,19814,143992,,28494,13971,0,"https://static.www.nfl.com/image/upload/f_auto,q_auto/league/syo5se7gt7lavlfxp3fl",,1,REG,A01,Caden,FOR364950,63588,3200464f-5236-4950-cf1d-7027d6c0c068,2026,2026,,,
2026,TB,DL,DE,94.0,ACT,Calijah Kancey,Calijah,Kancey,2001-03-01,72.0,275,Pittsburgh,00-0039063,4427673,cabe57e5-4675-40cf-9090-58c63f823e70,40049,16768,99822,KancCa00,24209,10879,3,"https://static.www.nfl.com/image/upload/f_auto,q_auto/league/b84aoobgsdbufhfiqgti",,1,REG,A01,Calijah,KAN046143,55883,32004b41-4e04-6143-5a2e-df476a2bfc64,2023,2023,TB,19.0,25.0
2026,TB,K,K,4.0,ACT,Chase McLaughlin,Chase,McLaughlin,1996-04-09,72.0,187,Illinois,00-0035358,3150744,12d28404-63e1-432f-adde-c93631a5c39c,32417,14254,33285,McLaCh00,21542,6650,7,"https://static.www.nfl.com/image/upload/f_auto,q_auto/league/enkzsuyzk232mbq5oe4w",,1,REG,A01,Chase,MCL090068,48488,32004d43-4c09-0068-cde1-c8dac1b4b74a,2019,2019,,,30.0
2026,TB,WR,WR,14.0,ACT,Chris Godwin Jr.,Rod,Godwin,1996-02-27,73.0,209,Penn State,00-0033921,3116165,baa61bb5-f8d0-4f90-bbe2-028576b8d33d,30197,11718,11839,GodwCh00,18880,4037,9,"https://static.www.nfl.com/image/upload/f_auto,q_auto/league/ilkheljdx4hbjpisulke",,1,REG,A01,Chris,GOD549393,44896,3200474f-4454-9393-6eec-24189dd66641,2017,2017,TB,84.0,30.0
2026,TB,LB,ILB,52.0,ACT,Christian Rozeboom,Christian,Rozeboom,1997-01-30,74.0,230,South Dakota State,00-0035942,3909013,49abd11f-fe2b-4d15-99ed-f316d2ec67e1,33261,15090,49862,RozeCh00,22334,7346,6,"https://static.www.nfl.com/image/upload/f_auto,q_auto/league/zuetviyilmxazi5dhts2",,1,REG,A01,Christian,ROZ049834,52844,3200524f-5a04-9834-196a-747537daff33,2020,2020,,,29.0
2026,TB,OL,G,69.0,ACT,Cody Mauch,Cody,Mauch,1999-01-15,78.0,301,North Dakota State,00-0039157,,,,,,,,,3,"https://static.www.nfl.com/image/upload/f_auto,q_auto/league/iiowsvokfyvctjsarkvl",,1,REG,A01,Cody,MAU088990,55913,32004d41-5508-8990-a189-9a0d7947a282,2023,2023,TB,48.0,27.0
2026,TB,QB,QB,16.0,CUT,Connor Bazelak,Connor,Bazelak,2000-09-22,75.0,225,Bowling Green; Indiana; Missouri,00-0040415,,,,,,,,,1,"https://static.www.nfl.com/image/upload/f_auto,q_auto/league/q3vgg2tiyhwnbnwpuc7o",,1,REG,W03,Connor,BAZ447419,58859,32004241-5a44-7419-ee4b-ea21e0cb3a8f,2025,2025,,,25.0
2026,TB,OL,C,65.0,ACT,Dan Feeney,Daniel,Feeney,1994-05-29,76.0,310,Indiana,00-0033910,,,,,,,,,9,"https://static.www.nfl.com/image/upload/f_auto,q_auto/league/f1hepbs2wd5rmak9sox0",,1,REG,A01,Dan,FEE559347,44883,32004645-4555-9347-23b7-c1724aa25fe0,2017,2017,LAC,71.0,32.0
2026,TB,WR,WR,80.0,RES,David Sills,David,Sills,1995-05-29,75.0,210,West Virginia,00-0035359,3871102,97f6c20c-1110-4551-82c1-41d3247397a2,32418,13634,34579,SillDa01,20939,6154,7,"https://static.www.nfl.com/image/upload/f_auto,q_auto/league/g0jd9yaq2yhw05ktamlh",,1,REG,R48,David,SIL605330,48489,32005349-4c60-5330-c2c5-9ad2afcb2da9,2019,2019,,,31.0
2026,TB,LB,OLB,51.0,ACT,David Walker,David,Walker,2000-06-03,74.0,263,Central Arkansas; Southern Arkansas,00-0040158,5085355,d5b3eaa3-b6ad-4794-ad61-6a9293a71738,,18670,164231,WalkDa03,26132,12645,1,"https://static.www.nfl.com/image/upload/f_auto,q_auto/league/g5t4jmcamq69jxzgywc4",,1,REG,A01,David,WAL115590,58326,32005741-4c11-5590-6885-0eeaeaf4f879,2025,2025,TB,121.0,26.0
2026,TB,DL,DT,90.0,ACT,DeMonte Capehart,Demonte,Capehart,2002-07-19,77.0,313,Clemson,00-0041079,4429007,428d1b1f-2ed9-44d3-a73d-fa531e5099a6,,19495,122144,CapeDe00,28061,13519,0,"https://static.www.nfl.com/image/upload/f_auto,q_auto/league/vkgp4mn510m1dgx34zfx",,1,REG,A01,DeMonte,CAP070789,62777,32004341-5007-0789-dd69-05cdebd601bb,2026,2026,TB,155.0,24.0
2026,TB,WR,WR,81.0,DEV,Dean Patterson IV,Dean,Patterson,2002-05-20,74.0,200,Georgia Tech; Florida International; Findlay,00-0041435,,,,,,,,,0,"https://static.www.nfl.com/image/upload/f_auto,q_auto/league/kgjiwlmhmxnygppjzmph",,1,REG,P01,Dean,PAT403936,63696,32005041-5440-3936-8fd7-3b02c66c840c,2026,2026,,,24.0
2026,TB,WR,WR,89.0,CUT,Dennis Houston,Dennis,Houston,1999-04-24,73.0,205,Western Illinois,00-0037570,4572786,2fb00370-d30e-11ec-8b77-45b1765fd110,34592,16356,61295,HousDe01,23725,8801,4,"https://static.www.nfl.com/image/upload/f_auto,q_auto/league/mrysbvm2hmsouvdwti9w",,1,REG,W03,Dennis,HOU444022,55158,3200484f-5544-4022-c14e-f5c0289837cf,2022,2022,,,27.0
2026,TB,DL,DE,73.0,RES,Deshawn McKnight,DeShawn,McKnight,2003-08-07,73.0,288,Arizona; Tennessee-Martin,00-0041339,,,,,,,,,0,"https://static.www.nfl.com/image/upload/f_auto,q_auto/league/wwxzxeb9vkkks5gehjiv",,1,REG,R01,DeShawn,MCK714692,63589,32004d43-4b71-4692-577a-2df7dd7763b8,2026,2026,,,23.0
2026,TB,TE,TE,82.0,CUT,Devin Culp,Devin,Culp,2000-02-02,76.0,237,Washington,00-0039754,4361112,c62dcaf1-79e3-4e15-8fb0-e7cb30a18fe4,41120,17965,84080,CulpDe00,25144,11820,2,"https://static.www.nfl.com/image/upload/f_auto,q_auto/league/e32gorf12yuyy6iyijt9",,1,REG,P06,Devin,CUL534924,57366,32004355-4c53-4924-6111-acbfbc1f6900,2024,2024,TB,246.0,26.0
2026,TB,QB,QB,16.0,DEV,Easton Stick,Easton,Stick,1995-09-09,73.0,224,North Dakota State,00-0035282,3120590,af291d43-a51f-44ce-b8ac-430ec68c78c8,31998,13627,29466,SticEa00,20953,6185,7,"https://static.www.nfl.com/image/upload/f_auto,q_auto/league/rspxeh6kxzfr7ftkcywh",,1,REG,P07,Easton,STI420937,47949,32005354-4942-0937-5f54-4fc08152f18e,2019,2019,LAC,166.0,30.0
2026,TB,DL,DE,95.0,ACT,Elijah Roberts,Elijah,Roberts,2001-12-24,76.0,295,SMU; Miami,00-0040183,4690795,5ab83529-db28-47c6-80a7-6d42401ddb51,,18675,122222,RobeEl01,26178,12671,1,"https://static.www.nfl.com/image/upload/f_auto,q_auto/league/konvzhfxyunroyoihh4m",,1,REG,A01,Elijah,ROB134912,58362,3200524f-4213-4912-d3df-666b69add8d7,2025,2025,TB,157.0,24.0
2026,TB,DL,NT,92.0,ACT,Elijah Simmons,Elijah,Simmons,2001-07-26,73.0,313,Tennessee,00-0040384,4430478,,,18701,98915,SimmEl00,,,1,"https://static.www.nfl.com/image/upload/f_auto,q_auto/league/dnimueujvnjhpcj7xpti",,1,REG,A01,Elijah,SIM172038,58825,32005349-4d17-2038-6440-8b89afa0a765,2025,2025,,,25.0
2026,TB,WR,WR,2.0,ACT,Emeka Egbuka,Emeka,Egbuka,2002-10-14,73.0,205,Ohio State,00-0040129,4567750,00cea287-1fa0-4584-803f-59f546ef8722,,18549,145055,EgbuEm01,26092,12514,1,"https://static.www.nfl.com/image/upload/f_auto,q_auto/league/z224kbzs62rjuykc0vha",,1,REG,A01,Emeka,EGB519113,58221,32004547-4251-9113-2459-a72f5ed777af,2025,2025,TB,19.0,23.0
2026,TB,WR,WR,83.0,DEV,Eric Rivers Jr.,Eric,Rivers,2002-09-17,70.0,176,Georgia Tech; Florida International; Memphis,00-0041257,4713277,b76fe5d0-4265-11f1-968b-73d52a22bbb8,,19323,144279,RiveEr00,26846,13316,0,"https://static.www.nfl.com/image/upload/f_auto,q_auto/league/goritmogduir5z46j8v1",,1,REG,P01,Eric,RIV458622,63325,32005249-5645-8622-3bd9-824406e19439,2026,2026,,,23.0
2026,TB,LS,LS,86.0,ACT,Evan Deckers,Evan,Deckers,1999-02-23,75.0,244,Duke,00-0038817,,,,,,,,,3,"https://static.www.nfl.com/image/upload/f_auto,q_auto/league/ktw6cswbixds9apgamdw",,1,REG,A01,Evan,DEC497404,56537,32004445-4349-7404-de13-761d2789118a,2023,2023,,,27.0
2026,TB,WR,WR,85.0,DEV,Garrett Greene,Garrett,Greene,2001-10-12,71.0,201,West Virginia,00-0040419,,,,,,,,,1,"https://static.www.nfl.com/image/upload/f_auto,q_auto/league/ryxqb4ioarar7jduttfu",,1,REG,P01,Garrett,GRE453435,58863,32004752-4545-3435-64c8-a89965741ce0,2025,2025,,,24.0
2026,TB,OL,C,62.0,ACT,Graham Barton,Graham,Barton,2002-06-01,77.0,311,Duke,00-0039905,,,,,,,,,2,"https://static.www.nfl.com/image/upload/f_auto,q_auto/league/jbvrm3jvgbcjjc1yd5qx",,1,REG,A01,Graham,BAR768688,57147,32004241-5276-8688-5a6e-aadc714bdd3c,2024,2024,TB,26.0,24.0
2026,TB,OL,G,61.0,DEV,Henry Lutovsky,Henry,Lutovsky,2003-01-22,78.0,320,Nebraska,00-0041255,,,,,,,,,0,"https://static.www.nfl.com/image/upload/f_auto,q_auto/league/cctn8p66br2fainucxk3",,1,REG,P01,Henry,LUT403555,63323,32004c55-5440-3555-a37e-1f4e21b247df,2026,2026,,,23.0
2026,TB,DB,FS,35.0,DEV,Ifeatu Melifonwu,Ifeatu,Melifonwu,1999-05-02,75.0,213,Syracuse,00-0036993,4240401,8c348caf-34d8-44a8-a781-fee8064ae258,33489,15261,56203,MeliIf00,22910,7680,5,"https://static.www.nfl.com/image/upload/f_auto,q_auto/league/ftt7jc1nr0hmf1xmzyh2",,1,REG,P07,Ifeatu,MEL074151,53530,32004d45-4c07-4151-7404-66cf8eab0e1f,2021,2021,DET,101.0,27.0
2026,TB,DB,FS,36.0,DEV,JJ Roberts,Josiah,Roberts,2001-09-22,72.0,184,Marshall,00-0040425,,,,,,,,,1,"https://static.www.nfl.com/image/upload/f_auto,q_auto/league/bgwp7cyxeadn8uzkyitj",,1,REG,P01,J.J.,ROB217552,58869,3200524f-4221-7552-9bef-0417916b5dc3,2025,2025,,,24.0
2026,TB,DB,CB,25.0,ACT,Jacob Parrish,Jacob,Parrish,2004-02-29,70.0,198,Kansas State,00-0040143,4912847,5c292ee4-9ffa-4ee3-afe6-d7ce5001b003,,18591,157777,ParrJa01,26035,12605,1,"https://static.www.nfl.com/image/upload/f_auto,q_auto/league/xspc6ojezhpflx0jorx4",,1,REG,A01,Jacob,PAR674843,58289,32005041-5267-4843-a152-d47e7453a745,2025,2025,TB,84.0,22.0
2026,TB,WR,WR,11.0,ACT,Jalen McMillan,Jalen,McMillan,2001-12-07,73.0,186,Washington,00-0039855,4430834,c2b25795-8c63-425a-8790-f6d626dbf0d3,40954,17763,131905,McMiJa01,25098,11618,2,"https://static.www.nfl.com/image/upload/f_auto,q_auto/league/s8tlj5wsi6cq8kjhp06v",,1,REG,A01,Jalen,MCM472299,57213,32004d43-4d47-2299-41b9-9748c436ab7f,2024,2024,TB,92.0,24.0
2026,TB,QB,QB,10.0,ACT,Jalon Daniels,Jalon,Daniels,2002-10-29,72.0,219,Kansas,00-0041251,4596472,3d900120-419b-11f1-ab8f-75a26d456118,,19292,122555,DaniJa03,25877,13425,0,"https://static.www.nfl.com/image/upload/f_auto,q_auto/league/hwhfl6i5drktwjvslfpn",,1,REG,A01,Jalon,DAN558971,63319,32004441-4e55-8971-8e75-51da45d96e77,2026,2026,,,23.0
2026,TB,LB,ILB,48.0,DEV,Javin Wright,Javin,Wright,2000-03-19,76.0,230,Nebraska,00-0041424,,,,,,,,,0,"https://static.www.nfl.com/image/upload/f_auto,q_auto/league/fh2wh6vdhruwdgevzlbr",,1,REG,P01,Javin,WRI395796,63685,32005752-4939-5796-e9e5-96a2c634ab03,2026,2026,,,26.0
2026,TB,DL,DT,93.0,DEV,Jayson Jones,Jayson,Jones,2001-10-29,78.0,340,Auburn; Oregon,00-0040105,,,,,,,,,1,"https://static.www.nfl.com/image/upload/f_auto,q_auto/league/i5gbqapwffbs1dez8ami",,1,REG,P01,Jayson,JON449923,58539,32004a4f-4e44-9923-23d0-02ef131812e5,2025,2025,,,24.0
2026,TB,WR,WR,39.0,CUT,Jha'Quan Jackson,Jha'quan,Jackson,2000-05-15,69.0,185,Tulane,00-0039392,4427575,bcb054df-47e9-411c-8c9d-eef1a9a25487,41065,17972,101135,JackJh00,25132,11808,2,"https://static.www.nfl.com/image/upload/f_auto,q_auto/league/xzqucxk9wawtcmyocqr9",,1,REG,W03,Jha'Quan,JAC241006,57302,32004a41-4324-1006-280b-0745621b4191,2024,2024,TEN,182.0,26.0
2026,TB,LB,ILB,30.0,CUT,John Bullock,John,Bullock,2001-04-22,72.0,230,Nebraska,00-0040416,4569563,574e4ef0-2324-11f0-b336-c9f528e63216,,19056,101601,BullJo01,26360,12790,1,"https://static.www.nfl.com/image/upload/f_auto,q_auto/league/s1k4zct0clpt2rup9s0r",,1,REG,W03,John,BUL520976,58860,32004255-4c52-0976-ee11-88581efe02e1,2025,2025,,,25.0
2026,TB,DB,CB,32.0,RES,Josh Hayes,Josh,Hayes,1999-04-24,72.0,189,Kansas State; Virginia; North Dakota State,00-0039051,4248533,95242131-623b-41d0-8898-9d6f71da56f7,,17409,66798,HayeJo01,24480,10999,3,"https://static.www.nfl.com/image/upload/f_auto,q_auto/league/qytktb1ertsh8rzwq08k",,1,REG,R48,Josh,HAY248997,56046,32004841-5924-8997-25df-72c0bfa2cc7c,2023,2023,TB,181.0,27.0
2026,TB,RB,RB,18.0,DEV,Josh Williams,Joshua,Williams,2000-06-09,68.0,210,LSU,00-0040429,4568024,bfb346f0-2318-11f0-81b8-b7cb2fd8d89b,,17919,99171,WillJo011,25302,12787,1,"https://static.www.nfl.com/image/upload/f_auto,q_auto/league/c2zxbiz8153usfggosvv",,1,REG,P01,Josh,WIL388436,58874,32005749-4c38-8436-49dc-8fa81a0fbe59,2025,2025,,,26.0
2026,TB,DL,DT,96.0,CUT,Josiah Green,Josiah,Green,,,285,,00-0041254,,,,,,,,,0,"https://static.www.nfl.com/image/upload/f_auto,q_auto/league/iwx5ia2fgf7fafimf4ls",,1,REG,W03,Josiah,GRE296266,63322,32004752-4529-6266-9f09-9d3ae6265243,2026,2026,,,
2026,TB,LB,ILB,45.0,ACT,Josiah Trotter,Josiah,Trotter,2005-04-15,74.0,237,Missouri,00-0041502,4870998,58320436-f09f-41b8-9179-4076cd3e136b,,19256,173191,TrotJo00,26921,13379,0,"https://static.www.nfl.com/image/upload/f_auto,q_auto/league/sqikte2lgczxdun64akq",,1,REG,A01,Josiah,TRO474324,62668,32005452-4f47-4324-c143-3e3f9ccc0c32,2026,2026,TB,46.0,21.0
2026,TB,OL,T,77.0,ACT,Justin Skule,Justin,Skule,1996-11-23,78.0,318,Vanderbilt,00-0034989,,,,,,,,,7,"https://static.www.nfl.com/image/upload/f_auto,q_auto/league/kij3ym32lb7c7utwrs4j",,1,REG,A01,Justin,SKU559740,47966,3200534b-5555-9740-62a2-639344521e0a,2019,2019,SF,183.0,29.0
2026,TB,WR,WR,19.0,ACT,Kameron Johnson,Kameron,Johnson,2002-03-17,70.0,170,Barton College,00-0039589,5097554,94c41960-0712-11ef-b01e-875e1e5d6ffb,,18307,165866,JohnKa01,25642,11994,2,"https://static.www.nfl.com/image/upload/f_auto,q_auto/league/ms7auybbkq1nwbd2ev0d",,1,REG,A01,Kameron,JOH398825,57709,32004a4f-4839-8825-b3b0-38d1e8a7a49c,2024,2024,,,24.0
2026,TB,DB,CB,22.0,ACT,Keionte Scott,Keionte,Scott,2001-08-11,72.0,193,Miami; Auburn; Snow,00-0041057,5093694,,,19591,163644,ScotKe01,,,0,"https://static.www.nfl.com/image/upload/f_auto,q_auto/league/vysxl6mkg0xgfjdgscj1",,1,REG,A01,Keionte,SCO432585,62738,32005343-4f43-2585-f692-5683bc517865,2026,2026,TB,116.0,25.0
2026,TB,TE,TE,81.0,CUT,Kenny Fletcher Jr.,Kenny,Fletcher,,,252,,00-0041252,,,,,,,,,0,"https://static.www.nfl.com/image/upload/f_auto,q_auto/league/bkvuyl1uu3e21tet01iz",,1,REG,W03,Kenny,FLE751582,63320,3200464c-4575-1582-2678-32e97e919682,2026,2026,,,
2026,TB,RB,RB,1.0,ACT,Kenny Gainwell,Kenneth,Gainwell,1999-03-14,69.0,191,Memphis,00-0036919,4371733,e2a5882a-dcc1-4800-889f-3b957b21834f,33538,15222,77737,GainKe00,22562,7567,5,"https://static.www.nfl.com/image/upload/f_auto,q_auto/league/eo62l8ec8e3lzt86ihth",,1,REG,A01,Kenneth,GAI606964,53579,32004741-4960-6964-7702-692656fad861,2021,2021,PHI,150.0,27.0
2026,TB,DB,SS,38.0,ACT,Kevin Knowles,Kevin,Knowles,2003-04-09,71.0,190,Florida State,00-0040089,4602648,,,19003,143885,KnowKe00,,,1,"https://static.www.nfl.com/image/upload/f_auto,q_auto/league/xkgx12iv1iqeygpifh9l",,1,REG,A01,Kevin,KNO366523,58523,32004b4e-4f36-6523-3e23-693fd9929178,2025,2025,,,23.0
2026,TB,TE,TE,41.0,ACT,Ko Kieft,Ko,Kieft,1998-01-20,77.0,265,Minnesota,00-0037311,4034779,f96b8338-4ffb-4612-8c29-58dc3b12db69,34174,16282,41372,KiefKo00,23618,8484,4,"https://static.www.nfl.com/image/upload/f_auto,q_auto/league/whd4f9mav6qqckqltqwu",,1,REG,A01,Ko,KIE106484,54683,32004b49-4510-6484-951d-66586a88866f,2022,2022,TB,218.0,28.0
2026,TB,OL,T,67.0,ACT,Luke Goedeke,Luke,Goedeke,1998-11-21,77.0,310,Central Michigan,00-0037835,,,,,,,,,4,"https://static.www.nfl.com/image/upload/f_auto,q_auto/league/sqxcnkcippzfz3mx2thm",,1,REG,A01,Luke,GOE594395,54522,3200474f-4559-4395-107c-2bd9a4a78094,2022,2022,TB,57.0,27.0
2026,TB,OL,G,72.0,ACT,Luke Haggard,Luke,Haggard,2000-01-03,79.0,305,Indiana,00-0038818,,,,,,,,,3,"https://static.www.nfl.com/image/upload/f_auto,q_auto/league/qgucw8h7i34exiqtqunr",,1,REG,A01,Luke,HAG478445,56538,32004841-4747-8445-b6b7-7ecc9482bd96,2023,2023,,,26.0
2026,TB,OL,T,74.0,CUT,Marshall Foerner,Marshall,Foerner,,,299,,00-0040349,,,,,,,,,1,"https://static.www.nfl.com/image/upload/f_auto,q_auto/league/nkpnrika58h6vpwj9fi7",,1,REG,W03,Marshall,FOE489450,58785,3200464f-4548-9450-b3af-da96b2b9d3d5,2025,2025,,,
2026,TB,WR,WR,26.0,CUT,Matthew Henry,Matthew,Henry,,,183,,00-0041599,,,,,,,,,0,,,1,REG,W03,Matthew,HEN626514,63735,32004845-4e62-6514-7d01-a76395cd3efa,2026,2026,,,
2026,TB,DB,SS,29.0,ACT,Miles Killebrew,Miles,Killebrew,1993-05-10,74.0,222,Southern Utah State,00-0032399,2575164,4419b655-867f-436b-8233-6d45f4dfef77,29345,11091,10745,KillMi00,18033,3272,10,"https://static.www.nfl.com/image/upload/f_auto,q_auto/league/mhgwr5y6ibs53msnm2gt",,1,REG,A01,Miles,KIL283492,43400,32004b49-4c28-3492-57d3-042b96cef5b8,2016,2016,DET,111.0,33.0
2026,TB,LB,OLB,59.0,RES,Mohamed Kamara,Mohamed,Kamara,2000-06-09,73.0,250,Colorado State,00-0039877,4427677,7bd0810c-c806-43b1-a793-9cd9cb33c546,,17812,97731,KamaMo00,25178,11754,2,"https://static.www.nfl.com/image/upload/f_auto,q_auto/league/eejqngskhpqk7dalz9cq",,1,REG,R01,Mohamed,KAM316529,57279,32004b41-4d31-6529-d10b-c40ece704f5c,2024,2024,MIA,158.0,26.0
2026,TB,OL,G,64.0,CUT,Nash Hutmacher,Nash,Hutmacher,2001-05-15,76.0,310,Nebraska,00-0040420,,,,,,,,,1,"https://static.www.nfl.com/image/upload/f_auto,q_auto/league/c86vhmlp4y152bbgy8jw",,1,REG,W03,Nash,HUT575781,58864,32004855-5457-5781-ea66-a782041748d6,2025,2025,,,25.0
2026,TB,LB,ILB,53.0,CUT,Nick Jackson,Nick,Jackson,2001-01-05,72.0,237,Iowa; Virginia,00-0040625,4568492,6a44a840-2e93-11f0-a004-9b104c40906f,,19110,98640,JackNi00,26669,13187,1,"https://static.www.nfl.com/image/upload/f_auto,q_auto/league/v70vlurxo9qr6hv1ehsy",,1,REG,W03,Nick,JAC432215,59080,32004a41-4343-2215-6333-af34797000f5,2025,2025,,,25.0
2026,TB,OL,T,76.0,DEV,Paul Rubelt,Paul,Rubelt,2000-07-17,82.0,310,UCF,00-0041583,,,,,,,,,0,"https://static.www.nfl.com/image/upload/f_auto,q_auto/league/nhfkvrykdx4zk8wkek5b",,1,REG,P03,Paul,RUB171606,63326,32005255-4217-1606-3332-a754477c5ff7,2026,2026,,,26.0
2026,TB,TE,TE,87.0,ACT,Payne Durham,Payne,Durham,2000-06-15,77.0,255,Purdue,00-0039050,4372505,c4a8b4c9-5db8-4187-852b-9557bef8724e,40193,16720,84037,DurhPa00,24151,10227,3,"https://static.www.nfl.com/image/upload/f_auto,q_auto/league/emibbexzjbzvopbvo1at",,1,REG,A01,Payne,DUR344537,56036,32004455-5234-4537-ada8-3aff70e4440c,2023,2023,TB,171.0,26.0
2026,TB,DB,CB,28.0,CUT,Pepe Williams,Damarion,Williams,1998-07-15,70.0,180,Houston,00-0037984,4567480,0fbbe897-2980-4c6e-b8a4-59b43f81f605,34097,16160,100904,WillDa15,23564,8361,4,"https://static.www.nfl.com/image/upload/f_auto,q_auto/league/vmakhsdcrjdtw0psgslj",,1,REG,W03,Damarion,WIL464456,54606,32005749-4c46-4456-6514-9bad7b078f8d,2022,2022,BAL,141.0,28.0
2026,TB,DL,NT,56.0,ACT,Rakeem Nunez-Roches,Rakeem,Nunez-Roches,1993-07-03,74.0,307,Southern Mississippi,00-0031957,2575453,d6ce0b64-9526-4983-8c3c-7f14f2918f8e,28605,10339,9650,NuneRa00,17512,2993,11,"https://static.www.nfl.com/image/upload/f_auto,q_auto/league/udm7hafj1u08xj2blkta",,1,REG,A01,Rakeem,NUN250521,42560,32004e55-4e25-0521-92d6-3fde26feb3fc,2015,2015,KC,217.0,33.0
2026,TB,DB,SS,38.0,CUT,Rashad Wisdom,Rashad,Wisdom,2001-06-06,69.0,210,Texas-San Antonio,00-0039596,4428917,,,18402,97249,WisdRa00,,,2,"https://static.www.nfl.com/image/upload/f_auto,q_auto/league/zqseximyfbxl2h4bqxyw",,1,REG,P01,Rashad,WIS034607,57716,32005749-5303-4607-30dc-826a3a172d0f,2024,2024,,,25.0
2026,TB,P,P,9.0,ACT,Riley Dixon,Riley,Dixon,1993-08-24,76.0,221,Syracuse,00-0032943,2577619,f45835c5-aa9e-4e32-b545-20d1e322fe8f,29462,11022,10862,DixoRi00,18144,3383,10,"https://static.www.nfl.com/image/upload/f_auto,q_auto/league/wcwfdojcfj0i6y1rb5jn",,1,REG,A01,Riley,DIX641722,43517,32004449-5864-1722-3434-6401bfab8afa,2016,2016,DEN,228.0,33.0
2026,TB,DB,FS,39.0,CUT,Robert McDaniel,Robert,McDaniel,2000-10-18,74.0,207,Jackson State University; Alcorn State,00-0040319,,,,,,,,,1,"https://static.www.nfl.com/image/upload/f_auto,q_auto/league/wcffl9rrsuj9xvhiqr8f",,1,REG,W03,Robert,MCD123593,58755,32004d43-4412-3593-bd5a-f26a7aee34b0,2025,2025,,,25.0
2026,TB,DB,CB,37.0,CUT,Roman Parodie,Roman,Parodie,,,204,,00-0040423,,,,,,,,,1,"https://static.www.nfl.com/image/upload/f_auto,q_auto/league/h2y6lewccwsex4pqvx6s",,1,REG,P01,Roman,PAR617612,58867,32005041-5261-7612-ced7-0784d9fe2b55,2025,2025,,,
2026,TB,LB,OLB,3.0,ACT,Rueben Bain Jr.,Rueben,Bain,2004-09-08,75.0,263,Miami,00-0041031,4870617,,,19395,,BainRu00,,,0,"https://static.www.nfl.com/image/upload/f_auto,q_auto/league/iim0v0qnfmkeonr7qkjr",,1,REG,A01,Rueben,BAI741257,62637,32004241-4974-1257-a68b-d61ea956d6c5,2026,2026,TB,15.0,21.0
2026,TB,DB,CB,26.0,DEV,Sean Murphy-Bunting,Sean,Murphy-Bunting,1997-06-19,72.0,195,Central Michigan,00-0035239,3932886,f84bf885-d6ff-4fc8-8b6e-64bb3bceb17d,31871,13648,25891,BuntSe00,21050,6060,7,"https://static.www.nfl.com/image/upload/f_auto,q_auto/league/gzvlxusjbfstklwec0ti",,1,REG,P07,Sean,BUN571021,47822,32004255-4e57-1021-66ef-1efc8a34ff51,2019,2019,TB,39.0,29.0
2026,TB,RB,RB,44.0,ACT,Sean Tucker,Sean,Tucker,2001-10-25,70.0,210,Syracuse,00-0038951,4430871,6d616c10-f35e-11ed-b721-9b68b08a2e09,40742,16728,123056,TuckSe00,24194,9506,3,"https://static.www.nfl.com/image/upload/f_auto,q_auto/league/wiarwjvy8p6bojlratp4",,1,REG,A01,Sean,TUC299932,56663,32005455-4329-9932-5316-9ae83817e6e1,2023,2023,,,24.0
2026,TB,DB,FS,33.0,DEV,Silas Walters,Silas,Walters,2002-07-20,73.0,194,Miami (Ohio),00-0040992,,,,,,,,,0,"https://static.www.nfl.com/image/upload/f_auto,q_auto/league/z1jpdueha9gojh6czrzo",,1,REG,P01,Silas,WAL708757,63069,32005741-4c70-8757-fd87-b8a6559eb411,2026,2026,,,24.0
2026,TB,LB,ILB,8.0,ACT,SirVocea Dennis,SirVocea,Dennis,2000-03-09,72.0,230,Pittsburgh,00-0039049,4429511,c5a8f0e1-b5ff-4018-b4da-3676ac12207e,40194,16737,99767,DennSi00,24268,10980,3,"https://static.www.nfl.com/image/upload/f_auto,q_auto/league/jcqpqpizmzp5fotauj38",,1,REG,A01,SirVocea,DEN402506,56018,32004445-4e40-2506-bf9a-7ab7dce4da04,2023,2023,TB,153.0,26.0
2026,TB,WR,WR,17.0,ACT,Ted Hurst III,Ted,Hurst,2004-07-02,75.0,206,Georgia State; Valdosta State,00-0041048,5220680,8e9964c2-b74c-4eb1-967b-2f82cc8f9767,,19320,187922,HursTe00,26807,13317,0,"https://static.www.nfl.com/image/upload/f_auto,q_auto/league/mmf6qmo6a2evw4feupcm",,1,REG,A01,Ted,HUR541377,62706,32004855-5254-1377-87ab-d73bb0028375,2026,2026,TB,84.0,22.0
2026,TB,WR,WR,15.0,ACT,Tez Johnson,Tez,Johnson,2002-05-18,70.0,165,Oregon; Troy,00-0040237,4608810,ad756d40-39a0-4f5c-bbf5-f31f4c3ee0a6,,18484,123709,JohnTe03,25934,12485,1,"https://static.www.nfl.com/image/upload/f_auto,q_auto/league/ajbnpagviw0glrhf5a2e",,1,REG,A01,Tez,JOH679448,58440,32004a4f-4867-9448-4f25-4821b872e83b,2025,2025,TB,235.0,24.0
2026,TB,DL,NT,71.0,CUT,Travis Shaw,Travis,Shaw,,,342,,00-0041500,,,,,,,,,0,"https://static.www.nfl.com/image/upload/f_auto,q_auto/league/af1z7kzxhrg5vlmz3ic7",,1,REG,W03,Travis,SHA786436,63879,32005348-4178-6436-7b9e-a89f889bd5c9,2026,2026,,,
2026,TB,OL,T,78.0,ACT,Tristan Wirfs,Tristan,Wirfs,1999-01-24,77.0,322,Iowa,00-0036406,,,,,,,,,6,"https://static.www.nfl.com/image/upload/f_auto,q_auto/league/j1gwbrodzkkdaqlpyqml",,1,REG,A01,Tristan,WIR370129,52421,32005749-5237-0129-a756-9a5ceb881ea0,2020,2020,TB,13.0,27.0
2026,TB,DB,SS,23.0,ACT,Tykee Smith,Tykee,Smith,2001-02-18,70.0,205,Georgia; West Virginia,00-0039846,4428522,1ebc26a2-8705-4db2-b177-1b5acc21b5fa,,17770,99500,SmitTy05,25143,11705,2,"https://static.www.nfl.com/image/upload/f_auto,q_auto/league/thib1riuixa3whhe6ohv",,1,REG,A01,Tykee,SMI765745,57210,3200534d-4976-5745-c6d9-98123ebbe683,2024,2024,TB,89.0,25.0
2026,TB,DL,NT,50.0,ACT,Vita Vea,Tevita,Vea,1995-02-05,76.0,347,Washington,00-0034773,3134362,503eb9a7-83ed-4b96-b0f2-7afe4920bde9,30982,12500,48956,VeaxVi00,19834,4969,8,"https://static.www.nfl.com/image/upload/f_auto,q_auto/league/dbumwcqqltdqv9pxkno0",,1,REG,A01,Vita,VEA065410,46081,32005645-4106-5410-5ca3-d47503c045e3,2018,2018,TB,12.0,31.0
2026,TB,DB,SS,26.0,RES,Xavier Williams,Xavier,Williams,2002-10-07,74.0,214,Cincinnati; Middle Tennessee State; UCF; Charlotte,00-0041592,,,,,,,,,0,,,1,REG,R01,Xavier,WIL577641,63888,32005749-4c57-7641-28c1-a1c8207a62d8,2026,2026,,,23.0
2026,TB,LB,OLB,57.0,DEV,Yasir Holmes,Yasir,Holmes,2002-05-06,76.0,240,Tarleton State; Frostburg State,00-0041434,,,,,,,,,0,"https://static.www.nfl.com/image/upload/f_auto,q_auto/league/ixyolsbhodr71dqhnacb",,1,REG,P01,Yasir,HOL658188,63695,3200484f-4c65-8188-a7da-b3e67e8cda6d,2026,2026,,,24.0
2026,TB,LB,OLB,0.0,ACT,Yaya Diaby,Yaya,Diaby,1999-05-30,75.0,270,Louisville,00-0039068,4686334,62a727ba-8ffd-40bd-bad7-f49bf6a2edf7,40107,17098,122705,DiabYa00,24277,10921,3,"https://static.www.nfl.com/image/upload/f_auto,q_auto/league/bwd4lm9x9djpggqdyyhr",,1,REG,A01,YaYa,DIA051911,55947,32004449-4105-1911-562c-7d76f4e49b99,2023,2023,TB,82.0,27.0
2026,TB,DB,CB,27.0,ACT,Zyon McCollum,Zyon,McCollum,1999-05-03,74.0,200,Sam Houston State,00-0037268,4250392,76d1f310-5877-42d1-99b2-b9ab4b8d826b,34113,15943,66769,McCoZy02,23432,8384,4,"https://static.www.nfl.com/image/upload/f_auto,q_auto/league/tx9thnuxhb2uqzbl0dgb",,1,REG,A01,Zyon,MCC496223,54622,32004d43-4349-6223-dfc9-cd33beb7fa6f,2022,2022,TB,157.0,27.0
2026,WAS,DB,CB,24.0,RET,Ahkello Witherspoon,James,Witherspoon,1995-03-21,74.0,195,Colorado; Sacramento City,00-0033783,3122630,a80f1b08-3977-48b6-97e0-5991ca26bfae,30179,12038,11821,WithAh00,18970,4124,9,"https://static.www.nfl.com/image/upload/f_auto,q_auto/league/ub7code8rbhomboifmob",,1,REG,R02,Ahkello,WIT145608,44878,32005749-5414-5608-c892-62ffde1da4f1,2017,2017,SF,66.0,31.0
2026,WAS,LB,MLB,51.0,DEV,Ale Kaho,Ale,Kaho,2000-04-07,74.0,230,UCLA; Alabama,00-0040318,4361090,,,19180,82646,KahoAl00,,,1,"https://static.www.nfl.com/image/upload/f_auto,q_auto/league/xtiv998kd4048degy4xl",,1,REG,P01,Ale,KAH674047,58754,32004b41-4867-4047-35ab-aec0b0592577,2025,2025,,,26.0
2026,WAS,DB,CB,2.0,ACT,Amik Robertson,Amik,Robertson,1998-07-06,69.0,183,Louisiana Tech,00-0036375,4239694,23525664-b547-413b-9221-b09091b90edf,32809,14709,55619,RobeAm00,22089,6896,6,"https://static.www.nfl.com/image/upload/f_auto,q_auto/league/giptmuhxwq2ugaaettbg",,1,REG,A01,Amik,ROB303302,52547,3200524f-4230-3302-958f-f13960f24fcd,2020,2020,LV,139.0,28.0
2026,WAS,OL,T,71.0,ACT,Andrew Wylie,Andrew,Wylie,1994-08-19,77.0,309,Eastern Michigan,00-0033831,,,,,,,,,9,"https://static.www.nfl.com/image/upload/f_auto,q_auto/league/nt0zor6okfjksel1jim2",,1,REG,A01,Andrew,WYL509323,45695,32005759-4c50-9323-5039-dff2db753254,2017,2017,,,32.0
2026,WAS,WR,WR,14.0,ACT,Antonio Williams,Antonio,Williams,2004-07-14,71.0,187,Clemson,00-0041040,5081432,d80b6d95-5b56-4e52-9a19-05957961f506,,19237,156241,WillAn04,26859,13301,0,"https://static.www.nfl.com/image/upload/f_auto,q_auto/league/noywrsgaqoqlv64c12yw",,1,REG,A01,Antonio,WIL143106,62693,32005749-4c14-3106-6d4c-8265048e714b,2026,2026,WAS,71.0,22.0
2026,WAS,QB,QB,16.0,ACT,Athan Kaliakmanis,Athan,Kaliakmanis,2003-08-20,74.0,212,Rutgers; Minnesota,00-0041117,4432722,c2490c0e-35c5-4c61-abb8-ac003a6eebac,,19368,144971,KaliAt00,26931,13557,0,"https://static.www.nfl.com/image/upload/f_auto,q_auto/league/ahtbv63jyg8ampmyrxn9",,1,REG,A01,Athan,KAL252591,62845,32004b41-4c25-2591-d020-48f3c16b3f38,2026,2026,WAS,223.0,23.0
2026,WAS,TE,TE,82.0,ACT,Ben Sinnott,Ben,Sinnott,2002-06-14,76.0,245,Kansas State,00-0039912,4690923,b5c717af-9116-483c-9ab3-c9db0a988ab8,40931,17833,122616,SinnBe00,24985,11596,2,"https://static.www.nfl.com/image/upload/f_auto,q_auto/league/ilkrv6dqajndnlsbmv8f",,1,REG,A01,Ben,SIN713776,57174,32005349-4e71-3776-3bdc-4e1c4b9de595,2024,2024,WAS,53.0,24.0
2026,WAS,OL,T,74.0,ACT,Brandon Coleman,Brandon,Coleman,2000-10-12,78.0,325,TCU; Trinity Valley CC,00-0039913,,,,,,,,,2,"https://static.www.nfl.com/image/upload/f_auto,q_auto/league/knxy90rm9gohdrwufodf",,1,REG,A01,Brandon,COL221902,57188,3200434f-4c22-1902-c2a9-024e4ce6fb72,2024,2024,WAS,67.0,25.0
2026,WAS,DL,DT,55.0,DEV,Byron Cowart,Byron,Cowart,1996-05-20,75.0,300,Maryland; Auburn,00-0035278,3916922,3fa97e08-13d9-47a8-b155-39f975964d47,31991,13753,50588,CowaBy00,21013,6006,7,"https://static.www.nfl.com/image/upload/f_auto,q_auto/league/ai1vyv5bf08robtaxwet",,1,REG,P07,Byron,COW324122,47942,3200434f-5732-4122-3511-2c7451a7a586,2019,2019,NE,159.0,30.0
2026,WAS,DL,DE,90.0,ACT,Charles Omenihu,Charles,Omenihu,1997-08-20,77.0,280,Texas,00-0035279,3929865,eff1c40e-715c-49c4-93d8-6155322c1205,31993,13791,50612,OmenCh00,20901,5934,7,"https://static.www.nfl.com/image/upload/f_auto,q_auto/league/epsvk3cdkn7m24ak0wsy",,1,REG,A01,Charles,OME565785,47944,32004f4d-4556-5785-8e80-6ad02cc085e2,2019,2019,HOU,161.0,29.0
2026,WAS,TE,TE,85.0,ACT,Chig Okonkwo,Chigoziem,Okonkwo,1999-09-08,75.0,250,Maryland,00-0037809,4360635,14e11f9b-58c8-437f-abc0-a4e4df9a7c47,34099,16042,84000,OkonCh00,23489,8210,4,"https://static.www.nfl.com/image/upload/f_auto,q_auto/league/pzcez6pi9tpdqkmjjnzk",,1,REG,A01,Chigoziem,OKO283611,54608,32004f4b-4f28-3611-fc64-d952b8d6cb17,2022,2022,TEN,143.0,26.0
2026,WAS,OL,G,75.0,ACT,Chris Paul,Chris,Paul,1998-11-19,76.0,324,Tulsa,00-0037092,,,,,,,,,4,"https://static.www.nfl.com/image/upload/f_auto,q_auto/league/s0zj4njn5ydrgk8z7mbw",,1,REG,A01,Chris,PAU076683,54695,32005041-5507-6683-511f-990ce345703c,2022,2022,WAS,230.0,27.0
2026,WAS,TE,TE,80.0,ACT,Colson Yankoff,Colson,Yankoff,2000-03-01,76.0,225,UCLA; Washington,00-0039686,4361088,8344b150-0667-11ef-8407-311b2612bbe3,,18160,83589,YankCo00,25674,11942,2,"https://static.www.nfl.com/image/upload/f_auto,q_auto/league/cgsxdjqy6l2zuqaftbd6",,1,REG,A01,Colson,YAN546972,57827,32005941-4e54-6972-c7b0-535efac0de29,2024,2024,,,26.0
2026,WAS,RB,RB,24.0,DEV,Craig Reynolds,Craig,Reynolds,1996-06-15,71.0,215,Kutztown,00-0035567,4421446,0deb1dc9-0945-470d-8352-220d26d03d7d,32596,13960,94383,ReynCr00,21564,6659,7,"https://static.www.nfl.com/image/upload/f_auto,q_auto/league/f5zuttg3hinfqgronrsg",,1,REG,P07,Craig,REY121392,48707,32005245-5912-1392-3ec5-67a384849051,2019,2019,,,30.0
2026,WAS,LB,ILB,57.0,RES,Curtis Jacobs,Curtis,Jacobs,2002-02-18,73.0,235,Penn State,00-0039318,4429097,687dea60-07cc-11ef-ad8e-ffa665412428,,17896,129785,JacoCu00,25247,12164,2,"https://static.www.nfl.com/image/upload/f_auto,q_auto/league/kubnwn91qwxejugppvee",,1,REG,R01,Curtis,JAC707569,57472,32004a41-4370-7569-1853-1469819a251e,2024,2024,,,24.0
2026,WAS,DL,DT,77.0,RET,D.J. Davidson,D.J.,Davidson,1999-09-19,77.0,325,Arizona State,00-0037260,4242899,f2829cb9-5719-447c-848a-db04af5cee02,34103,15937,56523,DaviDJ00,23514,8262,4,"https://static.www.nfl.com/image/upload/f_auto,q_auto/league/l3ls8hdnfxfsdp9tmeqi",,1,REG,R02,D.J.,DAV056115,54612,32004441-5605-6115-9c7c-7f852f624e18,2022,2022,NYG,147.0,26.0
2026,WAS,OL,T,79.0,ACT,D.J. Humphries,DeMarcus,Humphries,1993-12-28,77.0,307,Florida,00-0032222,,,,,,,,,11,"https://static.www.nfl.com/image/upload/f_auto,q_auto/league/ruiab6fqdaerscb2qnkz",,1,REG,A01,D.J.,HUM728022,42367,32004855-4d72-8022-b4bf-94e3429ecec8,2015,2015,AZ,24.0,32.0
2026,WAS,LB,OLB,53.0,DEV,DJ Johnson,D.J.,Johnson,1998-10-29,76.0,270,Oregon; Miami,00-0038535,4240623,11feb266-14e8-488c-9f7e-f221eaa92df8,,16680,56704,JohnDJ00,24272,10938,3,"https://static.www.nfl.com/image/upload/f_auto,q_auto/league/skdbejfdghlnyipusgll",,1,REG,P06,D.J.,JOH204752,55945,32004a4f-4820-4752-6ea6-b2eea911de03,2023,2023,CAR,80.0,27.0
2026,WAS,DB,CB,29.0,DEV,Darius Rush,Darius,Rush,2000-02-22,74.0,200,South Carolina,00-0038388,4362858,254842eb-c5ad-4e57-8679-3df5a674a14e,40170,16960,84416,RushDa00,24246,10990,3,"https://static.www.nfl.com/image/upload/f_auto,q_auto/league/a8wtpczcqafcan19xmfm",,1,REG,P01,Darius,RUS057910,56003,32005255-5305-7910-a1a9-d9de1ee2cde8,2023,2023,IND,138.0,26.0
2026,WAS,DL,DT,94.0,ACT,Daron Payne,Daron,Payne,1997-05-27,75.0,320,Alabama,00-0034333,3925354,0a1be8da-5839-4768-bfe5-9fec74908268,30983,12618,48698,PaynDa00,19841,4976,8,"https://static.www.nfl.com/image/upload/f_auto,q_auto/league/fyaqgxzjicgbmrethav3",,1,REG,A01,Daron,PAY281222,46082,32005041-5928-1222-6afa-41ec925627a4,2018,2018,WAS,13.0,29.0
2026,WAS,DL,DE,91.0,RES,Deatrich Wise,Deatrich,Wise,1994-07-26,77.0,275,Arkansas,00-0033947,2980080,2516f9e7-9927-409d-adbe-b32d680ae71d,30244,11954,11886,WiseDe00,19020,4174,9,"https://static.www.nfl.com/image/upload/f_auto,q_auto/league/kmshfa3dfehklgdh1lrk",,1,REG,R04,Deatrich,WIS078731,44944,32005749-5307-8731-a79e-5eb302a7bb7b,2017,2017,NE,131.0,32.0
2026,WAS,LB,OLB,92.0,RES,Dorance Armstrong,Dorance,Armstrong,1997-06-10,76.0,255,Kansas,00-0034373,3928979,a28daf84-6354-49e6-a047-1bc549997f29,31086,12548,48557,ArmsDo00,19932,5330,8,"https://static.www.nfl.com/image/upload/f_auto,q_auto/league/iccauovlxlztcx36jitr",,1,REG,R40,Dorance,ARM218905,46185,32004152-4d21-8905-faaa-3f4d94307d60,2018,2018,DAL,116.0,29.0
2026,WAS,LB,OLB,93.0,RES,Drake Jackson,Drake,Jackson,2001-04-12,76.0,250,USC,00-0037826,4569511,a134b125-37fb-4192-9ee2-f8a6f4da48bb,34017,15820,70839,JackDr01,23258,8351,4,"https://static.www.nfl.com/image/upload/f_auto,q_auto/league/x8ndvrqtk5q076kwedxg",,1,REG,R01,Drake,JAC142755,54526,32004a41-4314-2755-8963-72263ab16ddf,2022,2022,SF,61.0,25.0
2026,WAS,K,K,19.0,ACT,Drew Stevens,Drew,Stevens,2003-12-09,73.0,213,Iowa,00-0041182,5081335,,,18511,,StevDr00,,,0,"https://static.www.nfl.com/image/upload/f_auto,q_auto/league/dzlynw7seoaqck1r2il3",,1,REG,A01,Drew,STE605211,63249,32005354-4560-5211-4476-dfc37c2f0dc9,2026,2026,,,22.0
2026,WAS,WR,WR,6.0,ACT,Dyami Brown,Dyami,Brown,1999-11-01,72.0,185,North Carolina,00-0036626,4361577,0fb60ada-bdd3-4d74-8c98-058303a1649a,33470,15274,77986,BrowDy00,22686,7587,5,"https://static.www.nfl.com/image/upload/f_auto,q_auto/league/addv9eheok1jj7amfkpb",,1,REG,A01,Dyami,BRO408220,53511,32004252-4f40-8220-1974-8f5000372de2,2021,2021,WAS,82.0,26.0
2026,WAS,OL,T,79.0,DEV,Esa Pole,Christopher,Pole,2001-07-04,79.0,319,Washington State; Chabot College,00-0040092,,,,,,,,,1,"https://static.www.nfl.com/image/upload/f_auto,q_auto/league/yn1ylypuzoeo3scc4n5o",,1,REG,P01,Esa,POL060273,58526,3200504f-4c06-0273-8c3e-f3d8caf21811,2025,2025,,,25.0
2026,WAS,DB,CB,30.0,ACT,Fabian Moreau,Fabian,Moreau,1994-04-09,72.0,204,UCLA,00-0033918,2971586,5ff63fe6-3b33-4f0d-bc51-d5e84d862b08,30194,11970,11836,MoreFa00,18972,4126,9,"https://static.www.nfl.com/image/upload/f_auto,q_auto/league/osj1pbe8mj5f7h47l2op",,1,REG,A01,Fabian,MOR095343,44893,32004d4f-5209-5343-5b58-7df71cf62da8,2017,2017,WAS,81.0,32.0
2026,WAS,LB,ILB,4.0,ACT,Frankie Luvu,Frankie,Luvu,1996-09-19,75.0,235,Washington State,00-0034302,3127273,717ebb17-f54f-4052-b9fb-af641a25ebe2,31503,13159,51028,LuvuFr00,20411,5580,8,"https://static.www.nfl.com/image/upload/f_auto,q_auto/league/a42s7i0njohztuhxz13p",,1,REG,A01,Frankie,LUV652601,46527,32004c55-5665-2601-f81e-ce1ca7ecd501,2018,2018,,,29.0
2026,WAS,DB,CB,38.0,DEV,Fred Davis,Fred,Davis,2002-02-12,73.0,200,Northwestern; Jacksonville State; UCF; Clemson,00-0041177,,,,,,,,,0,"https://static.www.nfl.com/image/upload/f_auto,q_auto/league/cggb4uh3hy1gzmyuqk4v",,1,REG,P01,Fred,DAV320323,63244,32004441-5632-0323-cb40-ca70690601a1,2026,2026,,,24.0
2026,WAS,DB,CB,27.0,DEV,Isaac Yiadom,Isaac,Yiadom,1996-02-20,73.0,190,Boston College,00-0034780,3122797,5bde0a71-c7ec-465f-ad35-c195e1d10b29,31069,12778,49355,YiadIs00,19901,5048,8,"https://static.www.nfl.com/image/upload/f_auto,q_auto/league/yshnc3lfpcams5ropegx",,1,REG,P07,Isaac,YIA148317,46168,32005949-4114-8317-740c-8c8585755677,2018,2018,DEN,99.0,30.0
2026,WAS,TE,TE,37.0,DEV,Jack Westover,Jack,Westover,1999-06-09,75.0,248,Washington,00-0039305,4361100,22926aa0-0725-11ef-bcfc-752f39cb55fa,41352,18083,84079,WestJa01,25123,12045,2,"https://static.www.nfl.com/image/upload/f_auto,q_auto/league/zpo5vbntn8b9hih2fi66",,1,REG,P06,Jack,WES804833,57454,32005745-5380-4833-34ca-f963f4080569,2024,2024,,,27.0
2026,WAS,WR,WR,84.0,RES,Jacoby Jones,Jacoby,Jones,2001-07-18,75.0,228,UCF; Ohio,00-0040317,5083297,8f191b60-2628-11f0-a704-37f5177ae09e,,19094,157518,JoneJa16,26620,13120,1,"https://static.www.nfl.com/image/upload/f_auto,q_auto/league/bc74vque05mi8tg5xzxu",,1,REG,R01,Jacoby,JON403986,58753,32004a4f-4e40-3986-293f-a86a1e58355c,2025,2025,,,25.0
2026,WAS,RB,RB,22.0,ACT,Jacory Croskey-Merritt,Jacory,Croskey-Merritt,2001-04-12,71.0,208,Arizona; New Mexico; Alabama State,00-0040242,4575131,202b8be6-40d2-49ed-b256-312ac45ec70f,,18811,102382,CrosJa00,26259,12533,1,"https://static.www.nfl.com/image/upload/f_auto,q_auto/league/qew4qhlj4yuf50voko61",,1,REG,A01,Jacory,CRO390640,58450,32004352-4f39-0640-549c-50768e5c1613,2025,2025,WAS,245.0,25.0
2026,WAS,WR,WR,86.0,DEV,Jaden Bradley,Jaden,Bradley,2003-03-25,76.0,195,UNLV; Charlotte; Pittsburgh,00-0041176,,,,,,,,,0,"https://static.www.nfl.com/image/upload/f_auto,q_auto/league/kr2pi6xguzj2ejtpvsnm",,1,REG,P01,Jaden,BRA208612,63243,32004252-4120-8612-9959-62c9437cf030,2026,2026,,,23.0
2026,WAS,DL,DT,99.0,ACT,Javon Kinlaw,Javon,Kinlaw,1997-10-03,77.0,310,South Carolina; Jones County JC,00-0036260,4259491,1a8eff7a-1057-47c9-aa82-3dbf3f47a76c,32684,14444,56834,KinlJa00,21867,6792,6,"https://static.www.nfl.com/image/upload/f_auto,q_auto/league/jxqkukux4rgfpp5eekyo",,1,REG,A01,Javon,KIN708236,52422,32004b49-4e70-8236-d068-74d6202e4019,2020,2020,SF,14.0,28.0
2026,WAS,LB,OLB,41.0,ACT,Javontae Jean-Baptiste,Javontae,Jean-Baptiste,2000-05-16,76.0,255,Notre Dame; Ohio State,00-0039412,4361357,5e6813f4-d436-45d2-a30e-f32a1e1b989c,,17953,83514,JeanJa00,25169,11816,2,"https://static.www.nfl.com/image/upload/f_auto,q_auto/league/bmal2stgfn8j8hdlrhe4",,1,REG,A01,Javontae,JEA410228,57342,32004a45-4141-0228-15c7-489c4c7a1eeb,2024,2024,WAS,222.0,26.0
2026,WAS,QB,QB,5.0,ACT,Jayden Daniels,Jayden,Daniels,2000-12-18,76.0,210,LSU; Arizona State,00-0039910,4426348,bab8c65a-9fff-410d-8e34-dc2f636d890e,40896,17692,97993,DaniJa02,23235,11566,2,"https://static.www.nfl.com/image/upload/f_auto,q_auto/league/gfz8k5onuqjrche9ogqc",,1,REG,A01,Jayden,DAN567618,57123,32004441-4e56-7618-ab61-f08cbf558acd,2024,2024,WAS,2.0,25.0
2026,WAS,WR,WR,83.0,ACT,Jaylin Lane,Jaylin,Lane,2002-05-01,70.0,192,Virginia Tech; Middle Tennessee State,00-0040164,4602667,2ec24c7a-8d5d-453a-b45d-03eb27c645d0,,18643,121811,LaneJa00,25976,12641,1,"https://static.www.nfl.com/image/upload/f_auto,q_auto/league/fa5ufxqxs3hzioih3cfb",,1,REG,A01,Jaylin,LAN312554,58333,32004c41-4e31-2554-c6a4-fc92e7409218,2025,2025,WAS,128.0,24.0
2026,WAS,DL,DT,60.0,DEV,Jeffrey M'ba,Jeffrey,M'ba,1999-09-14,78.0,312,SMU; Purdue; Auburn; Independence Comm. College,00-0040864,,,,,,,,,0,"https://static.www.nfl.com/image/upload/f_auto,q_auto/league/bgmpvzjizswc85pm5ykr",,1,REG,P03,Jeffrey,MBA207645,62902,32004d42-4120-7645-837f-d1a035240bc6,2026,2026,,,26.0
2026,WAS,DL,DT,95.0,RES,Jer'Zhan Newton,Jer'Zhan,Newton,2002-08-31,74.0,295,Illinois,00-0039906,4430560,9d373d6d-66f7-4ba9-9226-5d5e89a23a5e,,17707,129420,NewtJe00,25041,11699,2,"https://static.www.nfl.com/image/upload/f_auto,q_auto/league/hgrxkwfkaiozsegi9sbp",,1,REG,R01,Jer'Zhan,NEW714885,57157,32004e45-5771-4885-82c7-4990610c7ce7,2024,2024,WAS,36.0,24.0
2026,WAS,RB,RB,26.0,RES,Jeremy McNichols,Jeremy,McNichols,1995-12-26,69.0,205,Boise State,00-0033955,3127586,25cc3585-6194-4786-968a-2600db46b6c6,30275,11767,11917,McNiJe00,19065,4219,9,"https://static.www.nfl.com/image/upload/f_auto,q_auto/league/xcrgrtlk6ukrshtlnr5e",,1,REG,R48,Jeremy,MCN750971,44975,32004d43-4e75-0971-c818-00cfc1798991,2017,2017,TB,162.0,30.0
2026,WAS,DB,FS,39.0,ACT,Jeremy Reaves,Jeremy,Reaves,1996-08-29,71.0,205,South Alabama,00-0034465,3125248,186a4bda-d3b3-48c1-8ed7-cb4ad1014062,31582,12827,50406,ReavJe00,16072,5792,8,"https://static.www.nfl.com/image/upload/f_auto,q_auto/league/kwmtxcogvel516q4ws86",,1,REG,A01,Jeremy,REA664151,46649,32005245-4166-4151-b77d-42f96e3f4c17,2018,2018,,,30.0
2026,WAS,TE,TE,87.0,ACT,John Bates,John,Bates,1997-11-06,78.0,256,Boise State,00-0036628,4048228,3208880b-949f-4926-85eb-1940770550ea,33512,15289,42275,BateJo00,22657,7716,5,"https://static.www.nfl.com/image/upload/f_auto,q_auto/league/sqaiwpind6kk4ns4acql",,1,REG,A01,John,BAT109191,53553,32004241-5410-9191-4912-a52aed715316,2021,2021,WAS,124.0,28.0
2026,WAS,LB,MLB,58.0,ACT,Jordan Magee,Jordan,Magee,2001-03-24,75.0,225,Temple,00-0039368,4568617,0df0a32a-00df-40be-b8c8-774d923957c0,,17882,98155,MageJo00,25244,11778,2,"https://static.www.nfl.com/image/upload/f_auto,q_auto/league/smdokbnjckcbpc9yfxwt",,1,REG,A01,Jordan,MAG257251,57260,32004d41-4725-7251-3489-58ff471fb4f6,2024,2024,WAS,139.0,25.0
2026,WAS,OL,T,72.0,ACT,Josh Conerly Jr.,Joshua,Conerly,2003-11-05,76.0,315,Oregon,00-0040686,,,,,,,,,1,"https://static.www.nfl.com/image/upload/f_auto,q_auto/league/q9vrq43u3qh6nw3rcajo",,1,REG,A01,Josh,CON147943,58231,3200434f-4e14-7943-58d0-3088e0370977,2025,2025,WAS,29.0,22.0
2026,WAS,LB,OLB,48.0,ACT,Joshua Josephs,Joshua,Josephs,2003-12-08,75.0,242,Tennessee,00-0041074,5081392,,,19517,163768,JoseJo00,,,0,"https://static.www.nfl.com/image/upload/f_auto,q_auto/league/l9c6njm2uvmgcshmfeiq",,1,REG,A01,Joshua,JOS432775,62769,32004a4f-5343-2775-32fa-2c06fa08c421,2026,2026,WAS,147.0,22.0
2026,WAS,TE,TE,47.0,DEV,Joshua Simon,Joshua,Simon,2000-11-27,76.0,240,South Carolina; Western Kentucky,00-0040552,4430482,45892890-246c-11f0-9194-77c874aa65db,,18621,98358,SimoJo03,26117,12883,1,"https://static.www.nfl.com/image/upload/f_auto,q_auto/league/odhcpm4qqmp9nn7b8j7v",,1,REG,P01,Joshua,SIM372625,58998,32005349-4d37-2625-33e7-84011da06afa,2025,2025,,,25.0
2026,WAS,DB,FS,46.0,CUT,Joshuah Bledsoe,Joshuah,Bledsoe,1998-12-30,71.0,198,Missouri,00-0036872,4241199,8a6825e8-2657-487b-ac69-620a89d7a0cd,33576,15471,60691,BledJo00,22712,7805,5,"https://static.www.nfl.com/image/private/f_auto,q_auto/league/axqzdifzsqejp1qzfmhw",,1,REG,W03,Joshuah,BLE246092,53617,3200424c-4524-6092-cb3b-25750a4fbaa0,2021,2021,NE,188.0,27.0
2026,WAS,OL,G,61.0,DEV,Julian Good-Jones,Julian,Good-Jones,1997-03-02,77.0,308,Iowa State,00-0035997,,,,,,,,,6,"https://static.www.nfl.com/image/upload/f_auto,q_auto/league/cqjdjlrofv0yr0azp0to",,1,REG,P01,Julian,GOO274998,52899,3200474f-4f27-4998-29ea-98f8250307c9,2020,2020,,,29.0
2026,WAS,LB,OLB,45.0,ACT,K'Lavon Chaisson,K'Lavon,Chaisson,1999-07-25,75.0,250,LSU,00-0036286,4242205,74439c42-a6db-4a9a-be25-559f3e03ef59,32690,14523,57945,ChaiKL00,21888,6800,6,"https://static.www.nfl.com/image/upload/f_auto,q_auto/league/gc9qqj4piwlwse4spobk",,1,REG,A01,K'Lavon,CHA031652,52428,32004348-4103-1652-cb42-0c501912b1a9,2020,2020,JAX,20.0,27.0
2026,WAS,LB,MLB,56.0,ACT,Kain Medrano,Kain,Medrano,2001-02-16,75.0,230,UCLA,00-0040216,4427984,951a4569-432c-4f85-8623-5d6c06e4e1df,,18740,100655,MedrKa00,26156,12684,1,"https://static.www.nfl.com/image/upload/f_auto,q_auto/league/xdizkco6f8wg8jxsgy9j",,1,REG,A01,Kain,MED416416,58410,32004d45-4441-6416-6e8b-a8d19c8df397,2025,2025,WAS,205.0,25.0
2026,WAS,RB,RB,31.0,ACT,Kaytron Allen,Kaytron,Allen,2003-01-08,71.0,216,Penn State,00-0041096,4685246,7980dd2b-0ce0-4936-aaff-536c09608429,,18533,164158,AlleKa01,25939,13405,0,"https://static.www.nfl.com/image/upload/f_auto,q_auto/league/vbhwkqty94alwjyz8cin",,1,REG,A01,Kaytron,ALL532376,62809,3200414c-4c53-2376-f94b-428742171eba,2026,2026,WAS,187.0,23.0
2026,WAS,OL,T,78.0,RES,Laremy Tunsil,Laremy,Tunsil,1994-08-02,77.0,313,Mississippi,00-0032380,,,,,,,,,10,"https://static.www.nfl.com/image/upload/f_auto,q_auto/league/gxoga8rszlaaewu5hh0x",,1,REG,R01,Laremy,TUN565442,43302,32005455-4e56-5442-704e-acb84ae7be26,2016,2016,MIA,13.0,32.0
2026,WAS,LB,ILB,54.0,ACT,Leo Chenal,Leo,Chenal,2000-10-26,75.0,261,Wisconsin,00-0037819,4426901,c7929fb3-5437-42cc-a3c2-10b73ebb1fa0,34059,15913,101463,ChenLe00,23296,8362,4,"https://static.www.nfl.com/image/upload/f_auto,q_auto/league/vjl1lsaotcqcxkhm2std",,1,REG,A01,Leo,CHE215722,54568,32004348-4521-5722-54f9-454a4bab0b83,2022,2022,KC,103.0,25.0
2026,WAS,WR,WR,11.0,ACT,Luke McCaffrey,Luke,McCaffrey,2001-04-02,74.0,195,Rice; Nebraska,00-0039355,4426948,5cfd82f8-9e73-48d7-914e-9051ff52d67d,40964,17820,101634,McCaLu00,24987,11650,2,"https://static.www.nfl.com/image/upload/f_auto,q_auto/league/xtxiwlkniuldrqg65n3q",,1,REG,A01,Luke,MCC038410,57221,32004d43-4303-8410-9d97-2a58353f495e,2024,2024,WAS,100.0,25.0
2026,WAS,DB,FS,36.0,RES,Malik Spencer,Malik,Spencer,,,191,,00-0041181,,,,,,,,,0,"https://static.www.nfl.com/image/upload/f_auto,q_auto/league/wiopxrhywlhy4lsjvkod",,1,REG,R01,Malik,SPE559735,63248,32005350-4555-9735-5705-a41a9c36fc4a,2026,2026,,,
2026,WAS,QB,QB,8.0,ACT,Marcus Mariota,Marcus,Mariota,1993-10-30,76.0,222,Oregon,00-0032268,2576980,7c16c04c-04de-41f3-ac16-ad6a9435e3f7,28390,10074,9435,MariMa01,16763,2307,11,"https://static.www.nfl.com/image/upload/f_auto,q_auto/league/grx6m1fmu1odltjo3y31",,1,REG,A01,Marcus,MAR186347,42345,32004d41-5218-6347-2b09-64276fa61f68,2015,2015,TEN,2.0,32.0
2026,WAS,OL,C,66.0,ACT,Matt Gulbin,Matt,Gulbin,2002-10-27,76.0,305,Michigan State; Wake Forest,00-0041108,,,,,,,,,0,"https://static.www.nfl.com/image/upload/f_auto,q_auto/league/g7geoaea7asrtvfvni9r",,1,REG,A01,Matt,GUL103822,62831,32004755-4c10-3822-5bc7-d80cb80ecd18,2026,2026,WAS,209.0,23.0
2026,WAS,DB,CB,0.0,ACT,Mike Sainristil,Mike,Sainristil,2000-10-03,70.0,182,Michigan,00-0039898,4428414,f20bc1dc-7243-4c87-8274-a6e311c21ef9,,17768,97180,SainMi00,25147,11676,2,"https://static.www.nfl.com/image/upload/f_auto,q_auto/league/eftoaweovfwayhiyjg6q",,1,REG,A01,Mike,SAI624938,57171,32005341-4962-4938-6c41-d09bb59ca3c5,2024,2024,WAS,50.0,25.0
2026,WAS,OL,T,77.0,CUT,Nicholas Petit-Frere,Nicholas,Petit-Frere,1999-09-15,77.0,310,Ohio State,00-0037754,,,,,,,,,4,"https://static.www.nfl.com/image/upload/f_auto,q_auto/league/pbfr1pfxbihhuarcuqjz",,1,REG,W03,Nicholas,PET517308,54534,32005045-5451-7308-20b9-a04a397749a8,2022,2022,TEN,69.0,26.0
2026,WAS,OL,G,67.0,ACT,Nick Allegretti,Nicholas,Allegretti,1996-04-21,76.0,320,Illinois,00-0035149,,,,,,,,,7,"https://static.www.nfl.com/image/upload/f_auto,q_auto/league/vblrphfqfohxa2hycuue",,1,REG,A01,Nick,ALL041653,47999,3200414c-4c04-1653-c094-bf3297ea6407,2019,2019,KC,216.0,30.0
2026,WAS,LB,OLB,57.0,RET,Nick Bellore,Nick,Bellore,1989-05-12,73.0,250,Central Michigan,00-0028292,14471,eeb9e3f4-e378-44ca-94b6-a724011ad710,25295,7504,6515,BellNi01,12787,815,15,"https://static.www.nfl.com/image/upload/f_auto,q_auto/league/wlj7zdf6h9p9dnhdtmih",,1,REG,R02,Nick,BEL740458,37792,32004245-4c74-0458-f160-9cf6a1a7b60c,2011,2011,,,37.0
2026,WAS,DB,SS,25.0,ACT,Nick Cross,Nicolas,Cross,2001-09-10,72.0,215,Maryland,00-0037616,4426403,2804d41d-19c7-41ff-a1ea-a208fc0fad35,34052,16139,97514,CrosNi00,23305,8392,4,"https://static.www.nfl.com/image/upload/f_auto,q_auto/league/kk6rwopeqnomepo0lc9f",,1,REG,A01,Nick,CRO453765,54561,32004352-4f45-3765-23e6-2cd9c4c4be6b,2022,2022,IND,96.0,24.0
2026,WAS,WR,WR,19.0,CUT,Nick Nash,Nick,Nash,1999-07-08,75.0,195,San Jose State,00-0040551,4570242,e3e4c450-2466-11f0-aa27-6de335b6b2a0,,18455,98679,NashNi00,25937,12478,1,"https://static.www.nfl.com/image/upload/f_auto,q_auto/league/skgrkbcrfxdtraru3l6d",,1,REG,W03,Nick,NAS384527,58997,32004e41-5338-4527-25f6-56e5009325dd,2025,2025,,,27.0
2026,WAS,LB,OLB,98.0,ACT,Odafe Oweh,Odafe,Oweh,1998-12-15,77.0,265,Penn State,00-0036940,4361422,232b1ab6-7a50-48a3-b213-681e782d6daa,33419,15305,82161,OwehJa00,22867,7626,5,"https://static.www.nfl.com/image/upload/f_auto,q_auto/league/lxeaoe3u7srngnwlyyon",,1,REG,A01,Odafe,OWE012098,53460,32004f57-4501-2098-d88c-b6118c47c2f5,2021,2021,BAL,31.0,27.0
2026,WAS,DB,FS,35.0,ACT,Percy Butler,Percy,Butler,2000-05-29,72.0,191,Louisiana-Lafayette,00-0038100,4363097,5f70ae1d-2014-4f95-b0f5-26c9d4920ccc,34069,16140,83271,ButlPe00,23549,8394,4,"https://static.www.nfl.com/image/upload/f_auto,q_auto/league/uqx9zb1asrcvsenbus1p",,1,REG,A01,Percy,BUT505144,54578,32004255-5450-5144-be69-4944f2b68871,2022,2022,WAS,113.0,26.0
2026,WAS,DB,FS,20.0,ACT,Quan Martin,Jartavius,Martin,2000-04-17,72.0,195,Illinois,00-0039149,4360378,e52e1ff1-7a48-4b89-84c1-35841460ab0d,40087,16817,83236,MartJa04,24247,10903,3,"https://static.www.nfl.com/image/upload/f_auto,q_auto/league/mqvepjtbymevlwn2c7qj",,1,REG,A01,Quan,MAR645121,55912,32004d41-5264-5121-58ce-d7c1593339a8,2023,2023,WAS,47.0,26.0
2026,WAS,TE,TE,40.0,RES,Quentin Moore,Quentin,Moore,2000-08-26,77.0,260,Washington; Independence Comm. College,00-0041180,,,,,,,,,0,"https://static.www.nfl.com/image/upload/f_auto,q_auto/league/uavxcxg6tgw0pchu2osh",,1,REG,R01,Quentin,MOO583959,63247,32004d4f-4f58-3959-6bd3-959d11308af6,2026,2026,,,26.0
2026,WAS,DB,SS,40.0,CUT,Quindell Johnson,Quindell,Johnson,1999-11-05,73.0,205,Memphis,00-0038368,4371731,73a48430-e851-11ed-ae67-87c213631bb9,,17344,76689,JohnQu01,24470,11150,3,"https://static.www.nfl.com/image/upload/f_auto,q_auto/league/uga90lawcfxjcqna7opb",,1,REG,W03,Quindell,JOH584054,56141,32004a4f-4858-4054-c576-e248e44ff181,2023,2023,,,26.0
2026,WAS,DB,SS,32.0,CUT,Qwuantrezz Knight,Qwuantrezz,Knight,1997-10-10,72.0,199,UCLA; Kent State; Maryland,00-0037522,,,,,,,,,4,"https://static.www.nfl.com/image/upload/f_auto,q_auto/league/ebcmhvdawy6mnljilrxz",,1,REG,W03,Qwuantrezz,KNI617685,55110,32004b4e-4961-7685-598b-fd1f6e0fb28b,2022,2022,,,28.0
2026,WAS,RB,RB,1.0,ACT,Rachaad White,Rachaad,White,1999-01-12,72.0,210,Arizona State; Mt. San Antonio; Kearney State,00-0037256,4697815,4d3f2f57-215c-4cb4-bf75-a7ecdcdded70,34047,15802,131633,WhitRa01,23217,8136,4,"https://static.www.nfl.com/image/upload/f_auto,q_auto/league/wtdhs50gcl2p6vngsnre",,1,REG,A01,Rachaad,WHI393110,54556,32005748-4939-3110-903e-6b6c868dd3ab,2022,2022,TB,91.0,27.0
2026,WAS,DB,CB,31.0,ACT,Rasul Douglas,Rasul,Douglas,1994-08-29,74.0,209,West Virginia; Nassau CC,00-0033551,3943270,ff89ab1d-4c9c-4e8b-943d-6a9305c5793e,30212,12013,11854,DougRa00,18982,4136,9,"https://static.www.nfl.com/image/upload/f_auto,q_auto/league/f2ac9dmdbhc6rvgllcbt",,1,REG,A01,Rasul,DOU604176,44911,3200444f-5560-4176-bafa-285edcbca1af,2017,2017,PHI,99.0,32.0
2026,WAS,DL,DT,50.0,ACT,Ricky Barber,Ricky,Barber,2001-01-31,75.0,295,UCF; Western Kentucky,00-0040314,4428343,,,19181,98154,BarbRi00,,,1,"https://static.www.nfl.com/image/upload/f_auto,q_auto/league/updqursgjxdp8zsjelp2",,1,REG,A01,Ricky,BAR076775,58750,32004241-5207-6775-555f-af91a8a2c22b,2025,2025,,,25.0
2026,WAS,RB,RB,30.0,DEV,Robert Henry Jr.,Robert,Henry,2001-12-31,69.0,196,Texas-San Antonio,00-0041178,5151317,75063230-4260-11f1-a80d-bff068733e76,,18451,174094,HenrRo00,26770,13418,0,"https://static.www.nfl.com/image/upload/f_auto,q_auto/league/aehybugrdkpwoegwc10v",,1,REG,P01,Robert,HEN713719,63245,32004845-4e71-3719-23cf-467fb9b086e7,2026,2026,,,24.0
2026,WAS,OL,G,76.0,ACT,Sam Cosmi,Samuel,Cosmi,1999-02-16,78.0,295,Texas,00-0036618,,,,,,,,,5,"https://static.www.nfl.com/image/upload/f_auto,q_auto/league/hje3hb60snyi7oworbbi",,1,REG,A01,Samuel,COS196802,53480,3200434f-5319-6802-cc94-36bf0ee8edce,2021,2021,WAS,51.0,27.0
2026,WAS,QB,QB,15.0,DEV,Sam Hartman,Sam,Hartman,1999-07-29,73.0,210,Notre Dame; Wake Forest,00-0039677,4361994,007971f0-f012-11ed-833c-ebfbb713adc7,,17664,77618,HartSa00,24154,11376,2,"https://static.www.nfl.com/image/upload/f_auto,q_auto/league/mvpbrqp3o04zla5lzf7u",,1,REG,P01,Sam,HAR733165,57818,32004841-5273-3165-18c9-dd03a4f138e2,2024,2024,,,27.0
2026,WAS,DL,DT,96.0,ACT,Shy Tuttle,Shyheim,Tuttle,1995-10-20,75.0,300,Tennessee,00-0035409,3886601,c8fb3887-c2bb-4038-af6f-f9b81aeee0ac,32497,14286,37279,TuttSh00,21422,6627,7,"https://static.www.nfl.com/image/upload/f_auto,q_auto/league/lcio402os2qzxmchbvvw",,1,REG,A01,Shy,TUT703400,48544,32005455-5470-3400-6d15-44afb84d58b9,2019,2019,,,30.0
2026,WAS,LB,ILB,52.0,ACT,Sonny Styles,Sonny,Styles,2004-11-24,77.0,244,Ohio State,00-0041028,5081807,dae1087c-1a37-4ca9-bc9f-a35c212ffd21,,19394,162876,StylSo01,26785,13375,0,"https://static.www.nfl.com/image/upload/f_auto,q_auto/league/wxufyrsnbie0gyq9piyf",,1,REG,A01,Sonny,STY526035,62629,32005354-5952-6035-2123-fe49ff747b1d,2026,2026,WAS,7.0,21.0
2026,WAS,WR,WR,3.0,ACT,Stefon Diggs,Stefon,Diggs,1993-11-29,72.0,191,Maryland,00-0031588,2976212,a1c40664-b265-4083-aad2-54b4c734f2c5,28534,10133,9579,DiggSt00,16906,2449,11,"https://static.www.nfl.com/image/upload/f_auto,q_auto/league/cemcexmscsarpvwhafln",,1,REG,A01,Stefon,DIG218895,42489,32004449-4721-8895-fc23-d2bf4c921bd4,2015,2015,MIN,146.0,32.0
2026,WAS,LB,OLB,59.0,RES,T.J. Maguranyanga,Thabani,Maguranyanga,2002-12-22,76.0,234,,00-0040004,5278092,,,18775,197942,MaguTJ00,,,1,"https://static.www.nfl.com/image/upload/f_auto,q_auto/league/gzwkqtfyk6wukjkpil64",,1,REG,R01,T.J.,MAG777340,58183,32004d41-4777-7340-8a47-dc22097fe7dc,2025,2025,,,23.0
2026,WAS,OL,G,62.0,ACT,Tanoa Togiai,Tanoa,Togiai,2001-08-25,78.0,321,Utah,00-0041183,,,,,,,,,0,"https://static.www.nfl.com/image/upload/f_auto,q_auto/league/fpqkhar4pwwp8wc6hrcb",,1,REG,A01,Tanoa,TOG313511,63250,3200544f-4731-3511-da21-e0271b7690e3,2026,2026,,,25.0
2026,WAS,DB,CB,32.0,DEV,Terell Smith,Terell,Smith,1999-07-27,72.0,215,Minnesota,00-0038395,4360935,3c6085b1-7c02-498e-b587-1ff13c0ac27b,40175,17341,83302,SmitTe05,24439,10972,3,"https://static.www.nfl.com/image/upload/f_auto,q_auto/league/azhrgsawgwgxed3z2dke",,1,REG,P07,Terell,SMI739042,56030,3200534d-4973-9042-a2e5-7a611c3c3214,2023,2023,CHI,165.0,27.0
2026,WAS,WR,WR,17.0,ACT,Terry McLaurin,Terry,McLaurin,1995-09-15,72.0,210,Ohio State,00-0035659,3121422,7e8c4641-2beb-4213-ba22-69fe0307005f,31908,13536,48229,McLaTe00,20873,5927,7,"https://static.www.nfl.com/image/upload/f_auto,q_auto/league/tmfl2zruajmkrtcg4zxp",,1,REG,A01,Terry,MCL278328,47859,32004d43-4c27-8328-8097-b130ba0e8060,2019,2019,WAS,76.0,30.0
2026,WAS,DL,DT,97.0,ACT,Tim Settle,Timothy,Settle,1997-07-11,75.0,308,Virginia Tech,00-0034397,3929956,8442c8f8-7fbb-4a0b-8407-355c2dfdf72c,31133,12544,48966,SettTi00,20002,5366,8,"https://static.www.nfl.com/image/upload/f_auto,q_auto/league/pfxye4tf9lojvyeud1d9",,1,REG,A01,Tim,SET509598,46232,32005345-5450-9598-7639-a7d691023bd2,2018,2018,WAS,163.0,29.0
2026,WAS,TE,TE,46.0,CUT,Tre' McKitty,Tre',McKitty,1999-01-12,76.0,245,Georgia; Florida State,00-0037011,4240023,2ac90a86-c585-4c12-894d-a805a0c94cc3,33485,15252,60896,McKiTr00,22512,7554,5,"https://static.www.nfl.com/image/upload/f_auto,q_auto/league/hcsuglnch88wtxp9emcv",,1,REG,W03,Tre',MCK695163,53526,32004d43-4b69-5163-39c5-fe0c0b2d93d8,2021,2021,LAC,97.0,27.0
2026,WAS,OL,T,73.0,DEV,Trent Scott,Trenton,Scott,1994-01-25,77.0,320,Grambling State,00-0034571,,,,,,,,,8,"https://static.www.nfl.com/image/upload/f_auto,q_auto/league/lezvaysssxuvaprswxyk",,1,REG,P07,Trenton,SCO718957,46755,32005343-4f71-8957-ee1a-311a16c8d5d0,2018,2018,,,32.0
2026,WAS,P,P,10.0,ACT,Tress Way,Tress,Way,1990-04-18,73.0,220,Oklahoma,00-0030140,16166,55e1ecbd-96c5-456e-833b-9cd3f046f3fc,26945,9832,8358,WayxTr00,15112,1506,13,"https://static.www.nfl.com/image/upload/f_auto,q_auto/league/u61eijcazx9o4lb0lwp3",,1,REG,A01,Tress,WAY228645,40600,32005741-5922-8645-73f7-640013d2a29d,2013,2013,,,36.0
2026,WAS,DB,CB,23.0,RES,Trey Amos,Trey,Amos,2002-03-03,73.0,197,Mississippi; Alabama; Louisiana,00-0040731,4574689,84d2fb0a-3277-49e4-8625-9640923f33ea,,18588,122628,AmosTr00,26021,12595,1,"https://static.www.nfl.com/image/upload/f_auto,q_auto/league/cxabcu8nz9p6k6sqsw4t",,1,REG,R48,Trey,AMO590520,58266,3200414d-4f59-0520-2cbf-fbeeaf953f57,2025,2025,WAS,61.0,24.0
2026,WAS,WR,WR,13.0,ACT,Treylon Burks,Treylon,Burks,2000-03-23,74.0,225,Arkansas,00-0037742,4567156,45763342-0208-46ab-a5d2-6c6e4ff66b66,33973,15896,99218,BurkTr00,23119,8135,4,"https://static.www.nfl.com/image/upload/f_auto,q_auto/league/bmozbzdxgnnwdniuvgnn",,1,REG,A01,Treylon,BUR321327,54483,32004255-5232-1327-f36e-987913d19348,2022,2022,TEN,18.0,26.0
2026,WAS,LS,LS,69.0,ACT,Tyler Ott,Tyler,Ott,1992-02-28,75.0,253,Harvard,00-0031156,,,,,,,,,12,"https://static.www.nfl.com/image/upload/f_auto,q_auto/league/qlrzepni32ykh7rjkdcy",,1,REG,A01,Tyler,OTT034606,41973,32004f54-5403-4606-91c0-927940580e7f,2014,2014,,,34.0
2026,WAS,DB,SS,18.0,ACT,Tyler Owens,Tyler,Owens,2001-05-12,74.0,200,Texas Tech; Texas,00-0039681,4572460,782d0d60-0655-11ef-bea4-a5fd3793027b,,17999,99271,OwenTy00,25159,11934,2,"https://static.www.nfl.com/image/upload/f_auto,q_auto/league/rxf3jhkiysfn1vi91kvv",,1,REG,A01,Tyler,OWE797879,57822,32004f57-4579-7879-26cf-dd82806a6392,2024,2024,,,25.0
