Team,Season,week,completions,attempts,passing_yards,passing_tds,interceptions,sacks,sack_yards,sack_fumbles,sack_fumbles_lost,passing_air_yards,passing_yards_after_catch,passing_first_downs,passing_epa,passing_2pt_conversions,pacr,dakota,carries,rushing_yards,rushing_tds,rushing_fumbles,rushing_fumbles_lost,rushing_first_downs,rushing_epa,rushing_2pt_conversions,receptions,targets,receiving_yards,receiving_tds,receiving_fumbles,receiving_fumbles_lost,receiving_air_yards,receiving_yards_after_catch,receiving_first_downs,receiving_epa,receiving_2pt_conversions,racr,target_share,air_yards_share,wopr,special_teams_tds,fantasy_points,fantasy_points_ppr,passing_interceptions,sacks_suffered,sack_yards_lost,passing_cpoe,passing_10,passing_16,passing_20,passing_40,rushing_10,rushing_12,rushing_20,rushing_40,receiving_10,receiving_16,receiving_20,receiving_40,def_tackles_solo,def_tackles_with_assist,def_tackle_assists,def_tackles_for_loss,def_tackles_for_loss_yards,def_fumbles_forced,def_sacks,def_sack_yards,def_qb_hits,def_interceptions,def_interception_yards,def_pass_defended,def_tds,def_fumbles,def_safeties,misc_yards,fumble_recovery_own,fumble_recovery_yards_own,fumble_recovery_opp,fumble_recovery_yards_opp,fumble_recovery_tds,penalties,penalty_yards,fumbles_forced_by_opp,fumbles_not_forced,fumbles_out_of_bounds,fumbles_total,fumbles_lost_total,punt_returns,punt_return_yards,kickoff_returns,kickoff_return_yards,fg_made,fg_att,fg_missed,fg_blocked,fg_long,fg_pct,fg_made_0_19,fg_made_20_29,fg_made_30_39,fg_made_40_49,fg_made_50_59,fg_made_60_,fg_missed_0_19,fg_missed_20_29,fg_missed_30_39,fg_missed_40_49,fg_missed_50_59,fg_missed_60_,fg_made_distance,fg_missed_distance,fg_blocked_distance,pat_made,pat_att,pat_missed,pat_blocked,pat_pct,gwfg_made,gwfg_att,gwfg_missed,gwfg_blocked,gwfg_distance,pt_att,pt_blocked,pt_long,pt_yards,pt_inside_20,pt_out_of_bounds,pt_downed,pt_touchback,pt_fair_caught,pt_returned,pt_return_yards,pt_return_tds,pt_net_yards
ARI,2006,1334,321,544,3919.0,17,17.0,34.0,257.0,10,3,4284.0,1582.0,187.0,14.072957288532795,0,17.300261902332352,1.455957820692329,421,1338.0,12,11.0,5.0,84.0,-62.5752625000947,0,321,321,3919.0,17,3.0,2.0,2316.0,1582.0,187.0,295.3617395442498,0,249.29694576992193,16.0,16.0,35.199999999999996,1.0,876.46,1197.46,0.0,0.0,0.0,0.0,0.0,0.0,0.0,0.0,0.0,0.0,0.0,0.0,0.0,0.0,0.0,0.0,0.0,0.0,0.0,0.0,0.0,0.0,0.0,0.0,0.0,0.0,0.0,0.0,0.0,0.0,0.0,0.0,0.0,0.0,0.0,0.0,0.0,0.0,0.0,0.0,0.0,0.0,0.0,0.0,0.0,0.0,0.0,0.0,0.0,0.0,0.0,0.0,0.0,0.0,0.0,0.0,0.0,0.0,0.0,0.0,0.0,0.0,0.0,0.0,0.0,0.0,0.0,0.0,0.0,0.0,0.0,0.0,0.0,0.0,0.0,0.0,0.0,0.0,0.0,0.0,0.0,0.0,0.0,0.0,0.0,0.0,0.0,0.0,0.0,0.0,0.0,0.0
ARI,2007,1412,357,591,4220.0,32,24.0,24.0,163.0,5,4,5048.0,1593.0,210.0,33.01567614191214,0,19.805416077184624,1.4820858419645044,402,1450.0,9,14.0,2.0,70.0,-46.26599723060594,0,357,357,4220.0,32,7.0,5.0,2627.0,1588.0,210.0,314.72200853726065,0,177.0517558912583,16.0,16.0,35.199999999999996,1.0,1045.8,1402.8,0.0,0.0,0.0,0.0,0.0,0.0,0.0,0.0,0.0,0.0,0.0,0.0,0.0,0.0,0.0,0.0,0.0,0.0,0.0,0.0,0.0,0.0,0.0,0.0,0.0,0.0,0.0,0.0,0.0,0.0,0.0,0.0,0.0,0.0,0.0,0.0,0.0,0.0,0.0,0.0,0.0,0.0,0.0,0.0,0.0,0.0,0.0,0.0,0.0,0.0,0.0,0.0,0.0,0.0,0.0,0.0,0.0,0.0,0.0,0.0,0.0,0.0,0.0,0.0,0.0,0.0,0.0,0.0,0.0,0.0,0.0,0.0,0.0,0.0,0.0,0.0,0.0,0.0,0.0,0.0,0.0,0.0,0.0,0.0,0.0,0.0,0.0,0.0,0.0,0.0,0.0,0.0
ARI,2008,2156,511,766,6021.0,42,18.0,33.0,221.0,12,8,5379.0,2846.0,283.0,144.21514283017484,1,28.987632055188833,3.09286923062243,451,1545.0,16,6.0,2.0,93.0,-59.53437777257672,1,511,512,6021.0,42,6.0,4.0,3170.0,2846.0,283.0,459.7554964183061,1,174.03922264513704,20.0,20.0,44.0,3.0,1473.44,1984.44,0.0,0.0,0.0,0.0,0.0,0.0,0.0,0.0,0.0,0.0,0.0,0.0,0.0,0.0,0.0,0.0,0.0,0.0,0.0,0.0,0.0,0.0,0.0,0.0,0.0,0.0,0.0,0.0,0.0,0.0,0.0,0.0,0.0,0.0,0.0,0.0,0.0,0.0,0.0,0.0,0.0,0.0,0.0,0.0,0.0,0.0,0.0,0.0,0.0,0.0,0.0,0.0,0.0,0.0,0.0,0.0,0.0,0.0,0.0,0.0,0.0,0.0,0.0,0.0,0.0,0.0,0.0,0.0,0.0,0.0,0.0,0.0,0.0,0.0,0.0,0.0,0.0,0.0,0.0,0.0,0.0,0.0,0.0,0.0,0.0,0.0,0.0,0.0,0.0,0.0,0.0,0.0
ARI,2009,2000,446,664,4850.0,33,19.0,28.0,196.0,11,5,5063.0,2067.0,249.0,62.189655163452386,0,27.079351548375367,2.789212618296147,402,1746.0,18,14.0,7.0,85.0,-39.16348077682778,0,446,654,4850.0,33,7.0,6.0,5063.0,2067.0,249.0,93.50171101233344,0,115.71091997796381,18.0,18.0,39.6,2.0,1229.6000000000001,1675.6,0.0,0.0,0.0,0.0,0.0,0.0,0.0,0.0,0.0,0.0,0.0,0.0,0.0,0.0,0.0,0.0,0.0,0.0,0.0,0.0,0.0,0.0,0.0,0.0,0.0,0.0,0.0,0.0,0.0,0.0,0.0,0.0,0.0,0.0,0.0,0.0,0.0,0.0,0.0,0.0,0.0,0.0,0.0,0.0,0.0,0.0,0.0,0.0,0.0,0.0,0.0,0.0,0.0,0.0,0.0,0.0,0.0,0.0,0.0,0.0,0.0,0.0,0.0,0.0,0.0,0.0,0.0,0.0,0.0,0.0,0.0,0.0,0.0,0.0,0.0,0.0,0.0,0.0,0.0,0.0,0.0,0.0,0.0,0.0,0.0,0.0,0.0,0.0,0.0,0.0,0.0,0.0
ARI,2010,1604,285,561,3264.0,11,19.0,50.0,353.0,12,5,5234.0,1080.0,154.0,-167.6749119015949,1,16.027421081076902,-0.3351530742563668,320,1388.0,9,7.0,5.0,65.0,-39.17229590492562,0,285,553,3264.0,10,4.0,1.0,5181.0,1080.0,154.0,-86.24228602623049,1,128.4146101407417,16.0,16.0,35.2,3.0,715.76,1000.76,0.0,0.0,0.0,0.0,0.0,0.0,0.0,0.0,0.0,0.0,0.0,0.0,0.0,0.0,0.0,0.0,0.0,0.0,0.0,0.0,0.0,0.0,0.0,0.0,0.0,0.0,0.0,0.0,0.0,0.0,0.0,0.0,0.0,0.0,0.0,0.0,0.0,0.0,0.0,0.0,0.0,0.0,0.0,0.0,0.0,0.0,0.0,0.0,0.0,0.0,0.0,0.0,0.0,0.0,0.0,0.0,0.0,0.0,0.0,0.0,0.0,0.0,0.0,0.0,0.0,0.0,0.0,0.0,0.0,0.0,0.0,0.0,0.0,0.0,0.0,0.0,0.0,0.0,0.0,0.0,0.0,0.0,0.0,0.0,0.0,0.0,0.0,0.0,0.0,0.0,0.0,0.0
ARI,2011,1542,307,550,3954.0,21,23.0,54.0,387.0,9,2,4876.0,1730.0,175.0,-67.03418410171392,0,14.923428712963766,0.37742039099229713,389,1625.0,12,8.0,4.0,83.0,-13.793825557895227,0,307,541,3954.0,21,4.0,2.0,4859.0,1730.0,175.0,13.766638851276026,0,247.60120565985343,16.0,16.0,35.199999999999996,4.0,960.0600000000001,1267.06,0.0,0.0,0.0,0.0,0.0,0.0,0.0,0.0,0.0,0.0,0.0,0.0,0.0,0.0,0.0,0.0,0.0,0.0,0.0,0.0,0.0,0.0,0.0,0.0,0.0,0.0,0.0,0.0,0.0,0.0,0.0,0.0,0.0,0.0,0.0,0.0,0.0,0.0,0.0,0.0,0.0,0.0,0.0,0.0,0.0,0.0,0.0,0.0,0.0,0.0,0.0,0.0,0.0,0.0,0.0,0.0,0.0,0.0,0.0,0.0,0.0,0.0,0.0,0.0,0.0,0.0,0.0,0.0,0.0,0.0,0.0,0.0,0.0,0.0,0.0,0.0,0.0,0.0,0.0,0.0,0.0,0.0,0.0,0.0,0.0,0.0,0.0,0.0,0.0,0.0,0.0,0.0
ARI,2012,1493,337,608,3383.0,11,21.0,58.0,378.0,8,6,4862.0,1363.0,168.0,-187.42837781959682,0,15.208799505873465,-0.19635981942808511,352,1204.0,10,6.0,3.0,58.0,-75.3151613585965,0,337,605,3383.0,11,2.0,1.0,4837.0,1363.0,168.0,-81.37890261318894,0,96.73392418845326,16.0,16.0,35.199999999999996,1.0,708.02,1045.02,0.0,0.0,0.0,0.0,0.0,0.0,0.0,0.0,0.0,0.0,0.0,0.0,0.0,0.0,0.0,0.0,0.0,0.0,0.0,0.0,0.0,0.0,0.0,0.0,0.0,0.0,0.0,0.0,0.0,0.0,0.0,0.0,0.0,0.0,0.0,0.0,0.0,0.0,0.0,0.0,0.0,0.0,0.0,0.0,0.0,0.0,0.0,0.0,0.0,0.0,0.0,0.0,0.0,0.0,0.0,0.0,0.0,0.0,0.0,0.0,0.0,0.0,0.0,0.0,0.0,0.0,0.0,0.0,0.0,0.0,0.0,0.0,0.0,0.0,0.0,0.0,0.0,0.0,0.0,0.0,0.0,0.0,0.0,0.0,0.0,0.0,0.0,0.0,0.0,0.0,0.0,0.0
ARI,2013,1562,363,574,4291.0,24,22.0,41.0,289.0,6,3,5284.0,1756.0,205.0,13.658030994019263,0,14.539378591034886,1.7810471489029722,422,1540.0,12,7.0,4.0,84.0,-49.34914612368729,1,363,562,4291.0,24,3.0,2.0,5270.0,1756.0,205.0,77.55227118970292,0,117.37785871265072,16.0,16.0,35.199999999999996,0.0,1006.74,1369.74,0.0,0.0,0.0,0.0,0.0,0.0,0.0,0.0,0.0,0.0,0.0,0.0,0.0,0.0,0.0,0.0,0.0,0.0,0.0,0.0,0.0,0.0,0.0,0.0,0.0,0.0,0.0,0.0,0.0,0.0,0.0,0.0,0.0,0.0,0.0,0.0,0.0,0.0,0.0,0.0,0.0,0.0,0.0,0.0,0.0,0.0,0.0,0.0,0.0,0.0,0.0,0.0,0.0,0.0,0.0,0.0,0.0,0.0,0.0,0.0,0.0,0.0,0.0,0.0,0.0,0.0,0.0,0.0,0.0,0.0,0.0,0.0,0.0,0.0,0.0,0.0,0.0,0.0,0.0,0.0,0.0,0.0,0.0,0.0,0.0,0.0,0.0,0.0,0.0,0.0,0.0,0.0
ARI,2014,1893,336,596,4072.0,22,14.0,32.0,213.0,5,1,6277.0,1623.0,196.0,1.7933567532532422,1,14.38073230558016,1.117784466028417,412,1335.0,7,4.0,2.0,69.0,-68.14968055883783,1,336,589,4075.0,22,6.0,2.0,6161.0,1626.0,196.0,47.77438817729332,1,76.0105969036546,17.0,17.0,37.4,1.0,939.88,1275.88,0.0,0.0,0.0,0.0,0.0,0.0,0.0,0.0,0.0,0.0,0.0,0.0,0.0,0.0,0.0,0.0,0.0,0.0,0.0,0.0,0.0,0.0,0.0,0.0,0.0,0.0,0.0,0.0,0.0,0.0,0.0,0.0,0.0,0.0,0.0,0.0,0.0,0.0,0.0,0.0,0.0,0.0,0.0,0.0,0.0,0.0,0.0,0.0,0.0,0.0,0.0,0.0,0.0,0.0,0.0,0.0,0.0,0.0,0.0,0.0,0.0,0.0,0.0,0.0,0.0,0.0,0.0,0.0,0.0,0.0,0.0,0.0,0.0,0.0,0.0,0.0,0.0,0.0,0.0,0.0,0.0,0.0,0.0,0.0,0.0,0.0,0.0,0.0,0.0,0.0,0.0,0.0
ARI,2015,1828,401,644,5359.0,39,19.0,33.0,188.0,7,4,6955.0,2057.0,267.0,128.29267321174052,0,16.421122910381527,3.2140410727783957,487,2017.0,17,8.0,4.0,99.0,-31.50179961907596,1,401,632,5359.0,39,4.0,3.0,6891.0,2057.0,267.0,185.9260714637027,0,141.7626597412925,18.0,18.0,39.6,1.0,1391.96,1792.96,0.0,0.0,0.0,0.0,0.0,0.0,0.0,0.0,0.0,0.0,0.0,0.0,0.0,0.0,0.0,0.0,0.0,0.0,0.0,0.0,0.0,0.0,0.0,0.0,0.0,0.0,0.0,0.0,0.0,0.0,0.0,0.0,0.0,0.0,0.0,0.0,0.0,0.0,0.0,0.0,0.0,0.0,0.0,0.0,0.0,0.0,0.0,0.0,0.0,0.0,0.0,0.0,0.0,0.0,0.0,0.0,0.0,0.0,0.0,0.0,0.0,0.0,0.0,0.0,0.0,0.0,0.0,0.0,0.0,0.0,0.0,0.0,0.0,0.0,0.0,0.0,0.0,0.0,0.0,0.0,0.0,0.0,0.0,0.0,0.0,0.0,0.0,0.0,0.0,0.0,0.0,0.0
ARI,2016,1405,383,646,4425.0,28,17.0,41.0,289.0,9,3,6204.0,1747.0,229.0,21.115089693249395,1,13.727501809953688,1.3589045441940242,399,1732.0,20,11.0,5.0,97.0,-33.14029407170747,0,383,636,4425.0,28,5.0,3.0,6155.0,1747.0,229.0,89.98201110443648,1,19.968561412156483,16.0,16.0,35.199999999999996,0.0,1140.7,1523.7,0.0,0.0,0.0,0.0,0.0,0.0,0.0,0.0,0.0,0.0,0.0,0.0,0.0,0.0,0.0,0.0,0.0,0.0,0.0,0.0,0.0,0.0,0.0,0.0,0.0,0.0,0.0,0.0,0.0,0.0,0.0,0.0,0.0,0.0,0.0,0.0,0.0,0.0,0.0,0.0,0.0,0.0,0.0,0.0,0.0,0.0,0.0,0.0,0.0,0.0,0.0,0.0,0.0,0.0,0.0,0.0,0.0,0.0,0.0,0.0,0.0,0.0,0.0,0.0,0.0,0.0,0.0,0.0,0.0,0.0,0.0,0.0,0.0,0.0,0.0,0.0,0.0,0.0,0.0,0.0,0.0,0.0,0.0,0.0,0.0,0.0,0.0,0.0,0.0,0.0,0.0,0.0
ARI,2017,1513,339,598,3979.0,21,18.0,52.0,339.0,7,2,5807.0,1457.0,200.0,-79.18764990382775,1,13.004728235978373,0.5274071631597655,409,1386.0,6,9.0,3.0,66.0,-81.77302357564938,0,339,592,3979.0,21,3.0,1.0,5730.0,1457.0,200.0,-7.722946862073659,1,134.90354030276185,16.0,16.0,35.2,0.0,897.66,1236.66,0.0,0.0,0.0,0.0,0.0,0.0,0.0,0.0,0.0,0.0,0.0,0.0,0.0,0.0,0.0,0.0,0.0,0.0,0.0,0.0,0.0,0.0,0.0,0.0,0.0,0.0,0.0,0.0,0.0,0.0,0.0,0.0,0.0,0.0,0.0,0.0,0.0,0.0,0.0,0.0,0.0,0.0,0.0,0.0,0.0,0.0,0.0,0.0,0.0,0.0,0.0,0.0,0.0,0.0,0.0,0.0,0.0,0.0,0.0,0.0,0.0,0.0,0.0,0.0,0.0,0.0,0.0,0.0,0.0,0.0,0.0,0.0,0.0,0.0,0.0,0.0,0.0,0.0,0.0,0.0,0.0,0.0,0.0,0.0,0.0,0.0,0.0,0.0,0.0,0.0,0.0,0.0
ARI,2018,1314,283,495,2884.0,15,18.0,52.0,361.0,10,7,3979.0,1257.0,137.0,-170.93254263643533,1,16.0148742849995,0.4067062197438337,355,1342.0,9,6.0,2.0,76.0,-56.66819779707751,1,283,473,2884.0,15,2.0,1.0,3876.0,1254.0,137.0,-58.26508024894094,1,49.87706666271807,16.0,16.0,35.199999999999996,1.0,697.96,980.96,0.0,0.0,0.0,0.0,0.0,0.0,0.0,0.0,0.0,0.0,0.0,0.0,0.0,0.0,0.0,0.0,0.0,0.0,0.0,0.0,0.0,0.0,0.0,0.0,0.0,0.0,0.0,0.0,0.0,0.0,0.0,0.0,0.0,0.0,0.0,0.0,0.0,0.0,0.0,0.0,0.0,0.0,0.0,0.0,0.0,0.0,0.0,0.0,0.0,0.0,0.0,0.0,0.0,0.0,0.0,0.0,0.0,0.0,0.0,0.0,0.0,0.0,0.0,0.0,0.0,0.0,0.0,0.0,0.0,0.0,0.0,0.0,0.0,0.0,0.0,0.0,0.0,0.0,0.0,0.0,0.0,0.0,0.0,0.0,0.0,0.0,0.0,0.0,0.0,0.0,0.0,0.0
ARI,2019,1490,352,551,3827.0,20,12.0,50.0,320.0,2,0,4177.0,1928.0,174.0,1.488319019183952,3,18.80078510883889,1.3360430747147833,392,1954.0,18,3.0,2.0,107.0,2.164206326597091,0,352,526,3827.0,20,4.0,4.0,3955.0,1928.0,174.0,77.97452202563316,3,39.837058355755936,16.0,16.0,35.199999999999996,1.0,1021.1800000000001,1373.18,0.0,0.0,0.0,0.0,0.0,0.0,0.0,0.0,0.0,0.0,0.0,0.0,0.0,0.0,0.0,0.0,0.0,0.0,0.0,0.0,0.0,0.0,0.0,0.0,0.0,0.0,0.0,0.0,0.0,0.0,0.0,0.0,0.0,0.0,0.0,0.0,0.0,0.0,0.0,0.0,0.0,0.0,0.0,0.0,0.0,0.0,0.0,0.0,0.0,0.0,0.0,0.0,0.0,0.0,0.0,0.0,0.0,0.0,0.0,0.0,0.0,0.0,0.0,0.0,0.0,0.0,0.0,0.0,0.0,0.0,0.0,0.0,0.0,0.0,0.0,0.0,0.0,0.0,0.0,0.0,0.0,0.0,0.0,0.0,0.0,0.0,0.0,0.0,0.0,0.0,0.0,0.0
ARI,2020,1367,387,575,4102.0,27,13.0,29.0,186.0,5,4,4475.0,1853.0,211.0,24.39969958927206,0,17.553904671741737,1.8591122538908278,479,2237.0,22,9.0,1.0,136.0,29.88074210420849,0,387,545,4102.0,27,6.0,3.0,4352.0,1855.0,211.0,89.70420634280825,0,141.06268646783423,16.0,16.0,35.2,0.0,1157.98,1544.98,0.0,0.0,0.0,0.0,0.0,0.0,0.0,0.0,0.0,0.0,0.0,0.0,0.0,0.0,0.0,0.0,0.0,0.0,0.0,0.0,0.0,0.0,0.0,0.0,0.0,0.0,0.0,0.0,0.0,0.0,0.0,0.0,0.0,0.0,0.0,0.0,0.0,0.0,0.0,0.0,0.0,0.0,0.0,0.0,0.0,0.0,0.0,0.0,0.0,0.0,0.0,0.0,0.0,0.0,0.0,0.0,0.0,0.0,0.0,0.0,0.0,0.0,0.0,0.0,0.0,0.0,0.0,0.0,0.0,0.0,0.0,0.0,0.0,0.0,0.0,0.0,0.0,0.0,0.0,0.0,0.0,0.0,0.0,0.0,0.0,0.0,0.0,0.0,0.0,0.0,0.0,0.0
ARI,2021,1661,434,625,4756.0,27,13.0,41.0,358.0,6,1,4704.0,2361.0,221.0,61.17778896652358,1,25.19861600315573,2.3700201675884083,514,2137.0,24,15.0,0.0,133.0,-8.402779569208894,0,434,604,4749.0,27,2.0,1.0,4551.0,2349.0,221.0,144.99582677732613,1,30.870514237794072,18.0,18.0,39.6,0.0,1266.8400000000001,1700.8400000000001,0.0,0.0,0.0,0.0,0.0,0.0,0.0,0.0,0.0,0.0,0.0,0.0,0.0,0.0,0.0,0.0,0.0,0.0,0.0,0.0,0.0,0.0,0.0,0.0,0.0,0.0,0.0,0.0,0.0,0.0,0.0,0.0,0.0,0.0,0.0,0.0,0.0,0.0,0.0,0.0,0.0,0.0,0.0,0.0,0.0,0.0,0.0,0.0,0.0,0.0,0.0,0.0,0.0,0.0,0.0,0.0,0.0,0.0,0.0,0.0,0.0,0.0,0.0,0.0,0.0,0.0,0.0,0.0,0.0,0.0,0.0,0.0,0.0,0.0,0.0,0.0,0.0,0.0,0.0,0.0,0.0,0.0,0.0,0.0,0.0,0.0,0.0,0.0,0.0,0.0,0.0,0.0
ARI,2022,1549,433,664,3966.0,17,17.0,46.0,340.0,5,2,4604.0,2058.0,189.0,-86.68155590684454,3,22.948893680393137,0.9710536613288607,434,1873.0,15,10.0,4.0,115.0,-12.491701513462914,2,433,635,3966.0,17,4.0,1.0,4487.0,2058.0,189.0,11.566967730766587,3,43.50166788304588,17.0,17.0,37.4,0.0,970.5400000000001,1403.54,0.0,0.0,0.0,0.0,0.0,0.0,0.0,0.0,0.0,0.0,0.0,0.0,0.0,0.0,0.0,0.0,0.0,0.0,0.0,0.0,0.0,0.0,0.0,0.0,0.0,0.0,0.0,0.0,0.0,0.0,0.0,0.0,0.0,0.0,0.0,0.0,0.0,0.0,0.0,0.0,0.0,0.0,0.0,0.0,0.0,0.0,0.0,0.0,0.0,0.0,0.0,0.0,0.0,0.0,0.0,0.0,0.0,0.0,0.0,0.0,0.0,0.0,0.0,0.0,0.0,0.0,0.0,0.0,0.0,0.0,0.0,0.0,0.0,0.0,0.0,0.0,0.0,0.0,0.0,0.0,0.0,0.0,0.0,0.0,0.0,0.0,0.0,0.0,0.0,0.0,0.0,0.0
ARI,2023,1544,355,555,3430.0,18,12.0,42.0,286.0,8,4,4186.0,1669.0,173.0,-95.1944195171071,1,16.51106318559805,1.0565247236983388,471,2365.0,17,8.0,0.0,127.0,18.34445397482521,3,355,540,3430.0,18,2.0,0.0,3943.0,1669.0,173.0,-5.0043964818783415,1,173.50673854184555,17.0,17.0,37.4,0.0,976.7,1331.7,0.0,0.0,0.0,0.0,0.0,0.0,0.0,0.0,0.0,0.0,0.0,0.0,0.0,0.0,0.0,0.0,0.0,0.0,0.0,0.0,0.0,0.0,0.0,0.0,0.0,0.0,0.0,0.0,0.0,0.0,0.0,0.0,0.0,0.0,0.0,0.0,0.0,0.0,0.0,0.0,0.0,0.0,0.0,0.0,0.0,0.0,0.0,0.0,0.0,0.0,0.0,0.0,0.0,0.0,0.0,0.0,0.0,0.0,0.0,0.0,0.0,0.0,0.0,0.0,0.0,0.0,0.0,0.0,0.0,0.0,0.0,0.0,0.0,0.0,0.0,0.0,0.0,0.0,0.0,0.0,0.0,0.0,0.0,0.0,0.0,0.0,0.0,0.0,0.0,0.0,0.0,0.0
ARI,2024,1597,374,543,3859.0,21,11.0,30.0,220.0,4,1,3697.0,1974.0,191.0,64.52634920272747,0,21.21598515638457,2.1361088666769192,463,2451.0,18,9.0,4.0,136.0,20.448928027453483,3,374,523,3859.0,21,5.0,4.0,3637.0,1972.0,191.0,109.59605451532238,0,52.62592061549135,17.0,17.0,37.4,1.0,1075.3600000000001,1449.3600000000001,0.0,0.0,0.0,0.0,0.0,0.0,0.0,0.0,0.0,0.0,0.0,0.0,0.0,0.0,0.0,0.0,0.0,0.0,0.0,0.0,0.0,0.0,0.0,0.0,0.0,0.0,0.0,0.0,0.0,0.0,0.0,0.0,0.0,0.0,0.0,0.0,0.0,0.0,0.0,0.0,0.0,0.0,0.0,0.0,0.0,0.0,0.0,0.0,0.0,0.0,0.0,0.0,0.0,0.0,0.0,0.0,0.0,0.0,0.0,0.0,0.0,0.0,0.0,0.0,0.0,0.0,0.0,0.0,0.0,0.0,0.0,0.0,0.0,0.0,0.0,0.0,0.0,0.0,0.0,0.0,0.0,0.0,0.0,0.0,0.0,0.0,0.0,0.0,0.0,0.0,0.0,0.0
ARI,2025,5678,427,649,4354.0,29,0.0,0.0,0.0,4,4,4660.0,2111.0,216.0,4.7595797736981815,1,17.688928001407856,0.0,366,1583.0,9,5.0,3.0,91.0,-21.504854023401514,0,427,617,4354.0,29,1.0,1.0,4450.0,2111.0,216.0,136.9355351435437,1,107.7588218930524,17.0,16.395705056394213,36.97699353947595,0.0,1077.8600000000001,1504.8600000000001,11.0,59.0,-399.0,-73.71667822721197,183.0,90.0,49.0,5.0,35.0,22.0,8.0,3.0,183.0,90.0,49.0,5.0,593.0,23.0,579.0,70.0,294.0,13.0,30.0,205.0,71.0,10.0,51.0,81.0,0.0,1.0,0.0,0.0,3.0,-6.0,9.0,13.0,2.0,127.0,900.0,9.0,4.0,1.0,13.0,10.0,19.0,217.0,79.0,1979.0,25.0,33.0,7.0,1.0,572.0,10.0,0.0,5.0,7.0,7.0,6.0,0.0,0.0,0.0,1.0,2.0,3.0,1.0,1003.0,348.0,46.0,36.0,36.0,0.0,0.0,17.0,0.0,0.0,0.0,0.0,0.0,59.0,1.0,929.0,2927.0,21.0,4.0,6.0,3.0,17.0,29.0,312.0,0.0,2555.0
ATL,2006,1237,223,417,2682.0,21,15.0,47.0,311.0,5,1,4698.0,945.0,133.0,-71.29457579978657,0,10.307061027196783,1.2661730695592892,537,2939.0,9,8.0,3.0,134.0,23.56241181819823,0,223,223,2682.0,21,3.0,1.0,1737.0,945.0,133.0,211.18093650603444,0,105.46234282254426,16.0,16.0,35.199999999999996,0.0,893.38,1116.38,0.0,0.0,0.0,0.0,0.0,0.0,0.0,0.0,0.0,0.0,0.0,0.0,0.0,0.0,0.0,0.0,0.0,0.0,0.0,0.0,0.0,0.0,0.0,0.0,0.0,0.0,0.0,0.0,0.0,0.0,0.0,0.0,0.0,0.0,0.0,0.0,0.0,0.0,0.0,0.0,0.0,0.0,0.0,0.0,0.0,0.0,0.0,0.0,0.0,0.0,0.0,0.0,0.0,0.0,0.0,0.0,0.0,0.0,0.0,0.0,0.0,0.0,0.0,0.0,0.0,0.0,0.0,0.0,0.0,0.0,0.0,0.0,0.0,0.0,0.0,0.0,0.0,0.0,0.0,0.0,0.0,0.0,0.0,0.0,0.0,0.0,0.0,0.0,0.0,0.0,0.0,0.0
ATL,2007,1401,336,556,3573.0,18,16.0,46.0,270.0,5,2,3849.0,1740.0,161.0,-82.32721723854166,0,21.329860692412662,1.020854795261486,385,1520.0,7,5.0,3.0,73.0,-62.71548416630007,0,336,337,3573.0,18,4.0,3.0,1842.0,1740.0,161.0,240.04212188261167,0,144.3555596479232,16.0,16.0,35.199999999999996,0.0,826.22,1162.22,0.0,0.0,0.0,0.0,0.0,0.0,0.0,0.0,0.0,0.0,0.0,0.0,0.0,0.0,0.0,0.0,0.0,0.0,0.0,0.0,0.0,0.0,0.0,0.0,0.0,0.0,0.0,0.0,0.0,0.0,0.0,0.0,0.0,0.0,0.0,0.0,0.0,0.0,0.0,0.0,0.0,0.0,0.0,0.0,0.0,0.0,0.0,0.0,0.0,0.0,0.0,0.0,0.0,0.0,0.0,0.0,0.0,0.0,0.0,0.0,0.0,0.0,0.0,0.0,0.0,0.0,0.0,0.0,0.0,0.0,0.0,0.0,0.0,0.0,0.0,0.0,0.0,0.0,0.0,0.0,0.0,0.0,0.0,0.0,0.0,0.0,0.0,0.0,0.0,0.0,0.0,0.0
ATL,2008,1446,291,474,3639.0,18,13.0,20.0,113.0,2,1,4310.0,1409.0,171.0,81.92454555618427,1,15.312678713393682,2.49801212688971,584,2503.0,24,8.0,4.0,137.0,-22.56114311663701,0,291,291,3639.0,18,4.0,3.0,2230.0,1409.0,171.0,286.3198394753211,1,167.01911471189845,17.0,17.0,37.4,1.0,1051.76,1342.76,0.0,0.0,0.0,0.0,0.0,0.0,0.0,0.0,0.0,0.0,0.0,0.0,0.0,0.0,0.0,0.0,0.0,0.0,0.0,0.0,0.0,0.0,0.0,0.0,0.0,0.0,0.0,0.0,0.0,0.0,0.0,0.0,0.0,0.0,0.0,0.0,0.0,0.0,0.0,0.0,0.0,0.0,0.0,0.0,0.0,0.0,0.0,0.0,0.0,0.0,0.0,0.0,0.0,0.0,0.0,0.0,0.0,0.0,0.0,0.0,0.0,0.0,0.0,0.0,0.0,0.0,0.0,0.0,0.0,0.0,0.0,0.0,0.0,0.0,0.0,0.0,0.0,0.0,0.0,0.0,0.0,0.0,0.0,0.0,0.0,0.0,0.0,0.0,0.0,0.0,0.0,0.0
ATL,2009,1427,332,570,3697.0,26,17.0,27.0,126.0,6,2,4732.0,1520.0,192.0,48.42661566314853,0,13.867068085005156,1.396312759207437,451,1876.0,15,5.0,3.0,105.0,-21.815215857443224,0,332,548,3697.0,26,3.0,1.0,4652.0,1520.0,192.0,102.37837712029521,0,155.58765635432079,16.0,16.0,35.199999999999996,0.0,1009.1800000000001,1341.18,0.0,0.0,0.0,0.0,0.0,0.0,0.0,0.0,0.0,0.0,0.0,0.0,0.0,0.0,0.0,0.0,0.0,0.0,0.0,0.0,0.0,0.0,0.0,0.0,0.0,0.0,0.0,0.0,0.0,0.0,0.0,0.0,0.0,0.0,0.0,0.0,0.0,0.0,0.0,0.0,0.0,0.0,0.0,0.0,0.0,0.0,0.0,0.0,0.0,0.0,0.0,0.0,0.0,0.0,0.0,0.0,0.0,0.0,0.0,0.0,0.0,0.0,0.0,0.0,0.0,0.0,0.0,0.0,0.0,0.0,0.0,0.0,0.0,0.0,0.0,0.0,0.0,0.0,0.0,0.0,0.0,0.0,0.0,0.0,0.0,0.0,0.0,0.0,0.0,0.0,0.0,0.0
ATL,2010,1725,381,606,3911.0,29,11.0,28.0,195.0,3,2,5061.0,1408.0,209.0,88.66546663178629,2,15.837155741185398,2.242350283927024,511,1936.0,15,5.0,4.0,113.0,-47.05259908158399,0,381,602,3911.0,29,4.0,2.0,5061.0,1408.0,209.0,124.61431129617554,2,202.94154388624597,17.0,17.0,37.4,3.0,1109.14,1490.14,0.0,0.0,0.0,0.0,0.0,0.0,0.0,0.0,0.0,0.0,0.0,0.0,0.0,0.0,0.0,0.0,0.0,0.0,0.0,0.0,0.0,0.0,0.0,0.0,0.0,0.0,0.0,0.0,0.0,0.0,0.0,0.0,0.0,0.0,0.0,0.0,0.0,0.0,0.0,0.0,0.0,0.0,0.0,0.0,0.0,0.0,0.0,0.0,0.0,0.0,0.0,0.0,0.0,0.0,0.0,0.0,0.0,0.0,0.0,0.0,0.0,0.0,0.0,0.0,0.0,0.0,0.0,0.0,0.0,0.0,0.0,0.0,0.0,0.0,0.0,0.0,0.0,0.0,0.0,0.0,0.0,0.0,0.0,0.0,0.0,0.0,0.0,0.0,0.0,0.0,0.0,0.0
ATL,2011,1544,389,635,4564.0,29,13.0,28.0,189.0,5,3,5658.0,1837.0,224.0,75.46582817659322,0,18.0018721415961,2.8262588113953786,474,1898.0,14,4.0,3.0,104.0,-47.48976663305032,0,389,621,4564.0,29,2.0,1.0,5608.0,1837.0,224.0,129.9159840254877,0,167.75435447404203,17.0,17.0,37.4,0.0,1162.76,1551.76,0.0,0.0,0.0,0.0,0.0,0.0,0.0,0.0,0.0,0.0,0.0,0.0,0.0,0.0,0.0,0.0,0.0,0.0,0.0,0.0,0.0,0.0,0.0,0.0,0.0,0.0,0.0,0.0,0.0,0.0,0.0,0.0,0.0,0.0,0.0,0.0,0.0,0.0,0.0,0.0,0.0,0.0,0.0,0.0,0.0,0.0,0.0,0.0,0.0,0.0,0.0,0.0,0.0,0.0,0.0,0.0,0.0,0.0,0.0,0.0,0.0,0.0,0.0,0.0,0.0,0.0,0.0,0.0,0.0,0.0,0.0,0.0,0.0,0.0,0.0,0.0,0.0,0.0,0.0,0.0,0.0,0.0,0.0,0.0,0.0,0.0,0.0,0.0,0.0,0.0,0.0,0.0
ATL,2012,1783,476,692,5365.0,38,17.0,29.0,210.0,2,1,5924.0,2182.0,283.0,165.73620308470632,0,18.02956502596374,3.236761538716718,427,1645.0,12,5.0,3.0,81.0,-61.10695412771865,0,476,688,5365.0,38,3.0,1.0,5866.0,2182.0,283.0,206.87755324095556,0,171.9732781091699,18.0,18.0,39.6,0.0,1323.6000000000001,1799.6000000000001,0.0,0.0,0.0,0.0,0.0,0.0,0.0,0.0,0.0,0.0,0.0,0.0,0.0,0.0,0.0,0.0,0.0,0.0,0.0,0.0,0.0,0.0,0.0,0.0,0.0,0.0,0.0,0.0,0.0,0.0,0.0,0.0,0.0,0.0,0.0,0.0,0.0,0.0,0.0,0.0,0.0,0.0,0.0,0.0,0.0,0.0,0.0,0.0,0.0,0.0,0.0,0.0,0.0,0.0,0.0,0.0,0.0,0.0,0.0,0.0,0.0,0.0,0.0,0.0,0.0,0.0,0.0,0.0,0.0,0.0,0.0,0.0,0.0,0.0,0.0,0.0,0.0,0.0,0.0,0.0,0.0,0.0,0.0,0.0,0.0,0.0,0.0,0.0,0.0,0.0,0.0,0.0
ATL,2013,1418,444,658,4549.0,26,17.0,44.0,298.0,4,3,4482.0,2132.0,227.0,37.23115113903888,1,18.240891375194344,1.930541986298601,321,1247.0,11,1.0,1.0,64.0,-23.908715022571908,0,444,648,4549.0,26,8.0,5.0,4418.0,2133.0,227.0,105.07804607567233,1,214.89430265642483,16.0,16.0,35.199999999999996,0.0,1039.56,1483.56,0.0,0.0,0.0,0.0,0.0,0.0,0.0,0.0,0.0,0.0,0.0,0.0,0.0,0.0,0.0,0.0,0.0,0.0,0.0,0.0,0.0,0.0,0.0,0.0,0.0,0.0,0.0,0.0,0.0,0.0,0.0,0.0,0.0,0.0,0.0,0.0,0.0,0.0,0.0,0.0,0.0,0.0,0.0,0.0,0.0,0.0,0.0,0.0,0.0,0.0,0.0,0.0,0.0,0.0,0.0,0.0,0.0,0.0,0.0,0.0,0.0,0.0,0.0,0.0,0.0,0.0,0.0,0.0,0.0,0.0,0.0,0.0,0.0,0.0,0.0,0.0,0.0,0.0,0.0,0.0,0.0,0.0,0.0,0.0,0.0,0.0,0.0,0.0,0.0,0.0,0.0,0.0
ATL,2014,1458,418,632,4758.0,28,15.0,31.0,205.0,4,2,4896.0,2099.0,233.0,72.06275078734308,1,17.744836222788134,2.135818012480791,372,1498.0,11,4.0,2.0,75.0,-44.99699624130458,0,418,623,4758.0,28,7.0,4.0,4873.0,2099.0,233.0,123.35777783490624,1,209.88873724017262,16.0,16.0,35.199999999999996,1.0,1125.92,1543.92,0.0,0.0,0.0,0.0,0.0,0.0,0.0,0.0,0.0,0.0,0.0,0.0,0.0,0.0,0.0,0.0,0.0,0.0,0.0,0.0,0.0,0.0,0.0,0.0,0.0,0.0,0.0,0.0,0.0,0.0,0.0,0.0,0.0,0.0,0.0,0.0,0.0,0.0,0.0,0.0,0.0,0.0,0.0,0.0,0.0,0.0,0.0,0.0,0.0,0.0,0.0,0.0,0.0,0.0,0.0,0.0,0.0,0.0,0.0,0.0,0.0,0.0,0.0,0.0,0.0,0.0,0.0,0.0,0.0,0.0,0.0,0.0,0.0,0.0,0.0,0.0,0.0,0.0,0.0,0.0,0.0,0.0,0.0,0.0,0.0,0.0,0.0,0.0,0.0,0.0,0.0,0.0
ATL,2015,1350,410,621,4602.0,21,17.0,32.0,223.0,8,3,4788.0,1856.0,230.0,72.2424425202189,1,16.833142297209346,1.6049756963013495,420,1606.0,13,8.0,6.0,95.0,-72.09781076041116,0,410,617,4602.0,21,4.0,2.0,4780.0,1856.0,230.0,129.5865114210605,1,120.72586051926467,16.0,16.0,35.199999999999996,0.0,1040.88,1450.88,0.0,0.0,0.0,0.0,0.0,0.0,0.0,0.0,0.0,0.0,0.0,0.0,0.0,0.0,0.0,0.0,0.0,0.0,0.0,0.0,0.0,0.0,0.0,0.0,0.0,0.0,0.0,0.0,0.0,0.0,0.0,0.0,0.0,0.0,0.0,0.0,0.0,0.0,0.0,0.0,0.0,0.0,0.0,0.0,0.0,0.0,0.0,0.0,0.0,0.0,0.0,0.0,0.0,0.0,0.0,0.0,0.0,0.0,0.0,0.0,0.0,0.0,0.0,0.0,0.0,0.0,0.0,0.0,0.0,0.0,0.0,0.0,0.0,0.0,0.0,0.0,0.0,0.0,0.0,0.0,0.0,0.0,0.0,0.0,0.0,0.0,0.0,0.0,0.0,0.0,0.0,0.0
ATL,2016,2068,444,635,5974.0,47,7.0,45.0,294.0,5,3,5575.0,2719.0,293.0,227.25913088253859,1,22.80328741871604,4.05382027268373,498,2232.0,24,5.0,1.0,124.0,-8.239137659676539,1,444,627,5974.0,47,1.0,1.0,5523.0,2719.0,293.0,307.60992372794124,1,70.14623474048048,19.0,19.0,41.8,0.0,1655.56,2099.56,0.0,0.0,0.0,0.0,0.0,0.0,0.0,0.0,0.0,0.0,0.0,0.0,0.0,0.0,0.0,0.0,0.0,0.0,0.0,0.0,0.0,0.0,0.0,0.0,0.0,0.0,0.0,0.0,0.0,0.0,0.0,0.0,0.0,0.0,0.0,0.0,0.0,0.0,0.0,0.0,0.0,0.0,0.0,0.0,0.0,0.0,0.0,0.0,0.0,0.0,0.0,0.0,0.0,0.0,0.0,0.0,0.0,0.0,0.0,0.0,0.0,0.0,0.0,0.0,0.0,0.0,0.0,0.0,0.0,0.0,0.0,0.0,0.0,0.0,0.0,0.0,0.0,0.0,0.0,0.0,0.0,0.0,0.0,0.0,0.0,0.0,0.0,0.0,0.0,0.0,0.0,0.0
ATL,2017,1724,386,596,4574.0,23,12.0,30.0,191.0,1,1,5201.0,2108.0,224.0,79.5186153642347,0,17.5732999934707,2.3049466917707138,489,2057.0,13,9.0,4.0,114.0,-43.41043573465324,0,386,582,4574.0,23,1.0,0.0,5044.0,2108.0,224.0,138.4358890045154,0,129.71878670012373,18.0,18.0,39.6,0.0,1120.06,1506.06,0.0,0.0,0.0,0.0,0.0,0.0,0.0,0.0,0.0,0.0,0.0,0.0,0.0,0.0,0.0,0.0,0.0,0.0,0.0,0.0,0.0,0.0,0.0,0.0,0.0,0.0,0.0,0.0,0.0,0.0,0.0,0.0,0.0,0.0,0.0,0.0,0.0,0.0,0.0,0.0,0.0,0.0,0.0,0.0,0.0,0.0,0.0,0.0,0.0,0.0,0.0,0.0,0.0,0.0,0.0,0.0,0.0,0.0,0.0,0.0,0.0,0.0,0.0,0.0,0.0,0.0,0.0,0.0,0.0,0.0,0.0,0.0,0.0,0.0,0.0,0.0,0.0,0.0,0.0,0.0,0.0,0.0,0.0,0.0,0.0,0.0,0.0,0.0,0.0,0.0,0.0,0.0
ATL,2018,1474,428,617,4949.0,36,7.0,42.0,296.0,9,5,5270.0,2145.0,238.0,120.96182811379003,2,21.01899463072155,2.6447470681968674,351,1573.0,11,4.0,1.0,84.0,-32.98608856333905,0,428,604,4949.0,36,7.0,4.0,5205.0,2145.0,238.0,201.29784835739434,2,132.1187806017691,16.0,16.0,35.199999999999996,0.0,1250.16,1678.16,0.0,0.0,0.0,0.0,0.0,0.0,0.0,0.0,0.0,0.0,0.0,0.0,0.0,0.0,0.0,0.0,0.0,0.0,0.0,0.0,0.0,0.0,0.0,0.0,0.0,0.0,0.0,0.0,0.0,0.0,0.0,0.0,0.0,0.0,0.0,0.0,0.0,0.0,0.0,0.0,0.0,0.0,0.0,0.0,0.0,0.0,0.0,0.0,0.0,0.0,0.0,0.0,0.0,0.0,0.0,0.0,0.0,0.0,0.0,0.0,0.0,0.0,0.0,0.0,0.0,0.0,0.0,0.0,0.0,0.0,0.0,0.0,0.0,0.0,0.0,0.0,0.0,0.0,0.0,0.0,0.0,0.0,0.0,0.0,0.0,0.0,0.0,0.0,0.0,0.0,0.0,0.0
ATL,2019,1599,459,684,5049.0,29,15.0,50.0,335.0,9,5,5535.0,1899.0,258.0,46.09943419715118,2,16.477383429300495,2.5662372243441864,362,1361.0,10,4.0,2.0,84.0,-38.843142470409596,0,459,655,5049.0,29,3.0,1.0,5400.0,1899.0,258.0,160.63380391675756,2,173.59208118759497,16.0,16.0,35.199999999999996,2.0,1166.96,1625.96,0.0,0.0,0.0,0.0,0.0,0.0,0.0,0.0,0.0,0.0,0.0,0.0,0.0,0.0,0.0,0.0,0.0,0.0,0.0,0.0,0.0,0.0,0.0,0.0,0.0,0.0,0.0,0.0,0.0,0.0,0.0,0.0,0.0,0.0,0.0,0.0,0.0,0.0,0.0,0.0,0.0,0.0,0.0,0.0,0.0,0.0,0.0,0.0,0.0,0.0,0.0,0.0,0.0,0.0,0.0,0.0,0.0,0.0,0.0,0.0,0.0,0.0,0.0,0.0,0.0,0.0,0.0,0.0,0.0,0.0,0.0,0.0,0.0,0.0,0.0,0.0,0.0,0.0,0.0,0.0,0.0,0.0,0.0,0.0,0.0,0.0,0.0,0.0,0.0,0.0,0.0,0.0
ATL,2020,1581,408,628,4620.0,27,11.0,41.0,257.0,4,2,5417.0,1644.0,243.0,70.54719305056904,1,15.423389382106231,1.8408972840899616,409,1532.0,13,5.0,3.0,86.0,-42.03289555989449,0,408,605,4620.0,27,5.0,2.0,5229.0,1644.0,243.0,154.23204475951243,1,191.98569184534878,16.0,16.0,35.199999999999996,0.0,1116.0,1524.0,0.0,0.0,0.0,0.0,0.0,0.0,0.0,0.0,0.0,0.0,0.0,0.0,0.0,0.0,0.0,0.0,0.0,0.0,0.0,0.0,0.0,0.0,0.0,0.0,0.0,0.0,0.0,0.0,0.0,0.0,0.0,0.0,0.0,0.0,0.0,0.0,0.0,0.0,0.0,0.0,0.0,0.0,0.0,0.0,0.0,0.0,0.0,0.0,0.0,0.0,0.0,0.0,0.0,0.0,0.0,0.0,0.0,0.0,0.0,0.0,0.0,0.0,0.0,0.0,0.0,0.0,0.0,0.0,0.0,0.0,0.0,0.0,0.0,0.0,0.0,0.0,0.0,0.0,0.0,0.0,0.0,0.0,0.0,0.0,0.0,0.0,0.0,0.0,0.0,0.0,0.0,0.0
ATL,2021,1653,377,573,3987.0,20,15.0,40.0,274.0,5,3,4143.0,1732.0,196.0,-14.920218519930554,0,18.254394207409984,1.48900786228821,393,1451.0,11,9.0,3.0,75.0,-66.07602008257267,1,377,554,3987.0,20,7.0,5.0,4019.0,1732.0,196.0,56.4789448593675,0,128.02345526344328,17.0,17.0,37.4,0.0,919.28,1296.28,0.0,0.0,0.0,0.0,0.0,0.0,0.0,0.0,0.0,0.0,0.0,0.0,0.0,0.0,0.0,0.0,0.0,0.0,0.0,0.0,0.0,0.0,0.0,0.0,0.0,0.0,0.0,0.0,0.0,0.0,0.0,0.0,0.0,0.0,0.0,0.0,0.0,0.0,0.0,0.0,0.0,0.0,0.0,0.0,0.0,0.0,0.0,0.0,0.0,0.0,0.0,0.0,0.0,0.0,0.0,0.0,0.0,0.0,0.0,0.0,0.0,0.0,0.0,0.0,0.0,0.0,0.0,0.0,0.0,0.0,0.0,0.0,0.0,0.0,0.0,0.0,0.0,0.0,0.0,0.0,0.0,0.0,0.0,0.0,0.0,0.0,0.0,0.0,0.0,0.0,0.0,0.0
ATL,2022,1604,257,415,2927.0,17,9.0,37.0,228.0,5,2,4033.0,1240.0,148.0,10.590833167405428,2,14.34327560941279,1.2234052353701208,559,2718.0,17,8.0,4.0,152.0,9.610464650738916,1,257,400,2927.0,17,4.0,4.0,3942.0,1240.0,148.0,57.3266434290353,2,62.73522978753171,17.0,17.0,37.4,2.0,937.58,1194.58,0.0,0.0,0.0,0.0,0.0,0.0,0.0,0.0,0.0,0.0,0.0,0.0,0.0,0.0,0.0,0.0,0.0,0.0,0.0,0.0,0.0,0.0,0.0,0.0,0.0,0.0,0.0,0.0,0.0,0.0,0.0,0.0,0.0,0.0,0.0,0.0,0.0,0.0,0.0,0.0,0.0,0.0,0.0,0.0,0.0,0.0,0.0,0.0,0.0,0.0,0.0,0.0,0.0,0.0,0.0,0.0,0.0,0.0,0.0,0.0,0.0,0.0,0.0,0.0,0.0,0.0,0.0,0.0,0.0,0.0,0.0,0.0,0.0,0.0,0.0,0.0,0.0,0.0,0.0,0.0,0.0,0.0,0.0,0.0,0.0,0.0,0.0,0.0,0.0,0.0,0.0,0.0
ATL,2023,1679,327,530,3775.0,17,17.0,40.0,251.0,6,4,4345.0,1769.0,181.0,-44.140411141401,2,24.43811590330749,1.1059708768890337,522,2159.0,14,13.0,4.0,121.0,-63.35303380636712,0,327,508,3775.0,17,2.0,1.0,4208.0,1769.0,181.0,32.80564728751216,2,110.07877339855528,17.0,17.0,37.4,0.0,954.4000000000001,1281.4,0.0,0.0,0.0,0.0,0.0,0.0,0.0,0.0,0.0,0.0,0.0,0.0,0.0,0.0,0.0,0.0,0.0,0.0,0.0,0.0,0.0,0.0,0.0,0.0,0.0,0.0,0.0,0.0,0.0,0.0,0.0,0.0,0.0,0.0,0.0,0.0,0.0,0.0,0.0,0.0,0.0,0.0,0.0,0.0,0.0,0.0,0.0,0.0,0.0,0.0,0.0,0.0,0.0,0.0,0.0,0.0,0.0,0.0,0.0,0.0,0.0,0.0,0.0,0.0,0.0,0.0,0.0,0.0,0.0,0.0,0.0,0.0,0.0,0.0,0.0,0.0,0.0,0.0,0.0,0.0,0.0,0.0,0.0,0.0,0.0,0.0,0.0,0.0,0.0,0.0,0.0,0.0
ATL,2024,1351,364,559,4283.0,21,19.0,32.0,215.0,9,2,4466.0,1958.0,198.0,36.210686777479275,0,23.08843964783203,1.5969786180599275,495,2219.0,18,6.0,0.0,133.0,-1.9775853113813966,2,364,539,4283.0,21,3.0,1.0,4438.0,1958.0,198.0,105.09179116310548,0,59.67190781432508,17.0,17.0,37.4,1.0,1105.52,1469.52,0.0,0.0,0.0,0.0,0.0,0.0,0.0,0.0,0.0,0.0,0.0,0.0,0.0,0.0,0.0,0.0,0.0,0.0,0.0,0.0,0.0,0.0,0.0,0.0,0.0,0.0,0.0,0.0,0.0,0.0,0.0,0.0,0.0,0.0,0.0,0.0,0.0,0.0,0.0,0.0,0.0,0.0,0.0,0.0,0.0,0.0,0.0,0.0,0.0,0.0,0.0,0.0,0.0,0.0,0.0,0.0,0.0,0.0,0.0,0.0,0.0,0.0,0.0,0.0,0.0,0.0,0.0,0.0,0.0,0.0,0.0,0.0,0.0,0.0,0.0,0.0,0.0,0.0,0.0,0.0,0.0,0.0,0.0,0.0,0.0,0.0,0.0,0.0,0.0,0.0,0.0,0.0
ATL,2025,5556,332,545,3703.0,19,0.0,0.0,0.0,5,2,4170.0,1871.0,185.0,4.209096397094655,1,19.2865472082323,0.0,477,2138.0,17,6.0,4.0,113.0,-19.203365768931064,1,332,519,3703.0,19,4.0,2.0,4184.0,1871.0,185.0,65.36143829808668,1,159.5262802099821,17.0,17.053099107212603,37.43716937504882,0.0,998.22,1330.22,8.0,26.0,-180.0,-67.65811164439005,156.0,75.0,47.0,8.0,54.0,37.0,9.0,2.0,156.0,75.0,47.0,8.0,642.0,17.0,471.0,95.0,429.0,12.0,57.0,366.0,97.0,16.0,173.0,87.0,1.0,2.0,0.0,3.0,8.0,-5.0,7.0,34.0,0.0,95.0,747.0,14.0,5.0,1.0,19.0,10.0,24.0,168.0,67.0,1531.0,32.0,39.0,4.0,3.0,732.0,14.083333333333334,0.0,3.0,11.0,10.0,8.0,0.0,0.0,0.0,0.0,2.0,2.0,0.0,1336.0,198.0,124.0,31.0,33.0,1.0,1.0,14.333333333333334,1.0,1.0,0.0,0.0,43.0,64.0,0.0,840.0,2889.0,34.0,8.0,6.0,3.0,17.0,30.0,231.0,0.0,2598.0
BAL,2006,1520,346,553,3708.0,21,16.0,19.0,112.0,4,1,4308.0,1445.0,185.0,42.50861342221363,0,18.996617689370677,2.1684994135522597,496,1720.0,11,12.0,5.0,91.0,-80.74113691473305,0,346,346,3708.0,21,4.0,4.0,2263.0,1445.0,185.0,263.22405369230427,0,214.15353196249131,17.0,17.0,37.4,0.0,915.12,1261.1200000000001,0.0,0.0,0.0,0.0,0.0,0.0,0.0,0.0,0.0,0.0,0.0,0.0,0.0,0.0,0.0,0.0,0.0,0.0,0.0,0.0,0.0,0.0,0.0,0.0,0.0,0.0,0.0,0.0,0.0,0.0,0.0,0.0,0.0,0.0,0.0,0.0,0.0,0.0,0.0,0.0,0.0,0.0,0.0,0.0,0.0,0.0,0.0,0.0,0.0,0.0,0.0,0.0,0.0,0.0,0.0,0.0,0.0,0.0,0.0,0.0,0.0,0.0,0.0,0.0,0.0,0.0,0.0,0.0,0.0,0.0,0.0,0.0,0.0,0.0,0.0,0.0,0.0,0.0,0.0,0.0,0.0,0.0,0.0,0.0,0.0,0.0,0.0,0.0,0.0,0.0,0.0,0.0
BAL,2007,1366,341,557,3308.0,13,14.0,39.0,273.0,12,10,4444.0,1292.0,175.0,-63.63603381421868,0,17.589760501518153,1.9405501543738903,446,1797.0,11,10.0,7.0,96.0,-50.89188799718693,0,341,341,3308.0,13,3.0,3.0,2016.0,1292.0,175.0,238.17664033820787,0,78.00852298949944,16.0,16.0,35.199999999999996,3.0,788.82,1129.82,0.0,0.0,0.0,0.0,0.0,0.0,0.0,0.0,0.0,0.0,0.0,0.0,0.0,0.0,0.0,0.0,0.0,0.0,0.0,0.0,0.0,0.0,0.0,0.0,0.0,0.0,0.0,0.0,0.0,0.0,0.0,0.0,0.0,0.0,0.0,0.0,0.0,0.0,0.0,0.0,0.0,0.0,0.0,0.0,0.0,0.0,0.0,0.0,0.0,0.0,0.0,0.0,0.0,0.0,0.0,0.0,0.0,0.0,0.0,0.0,0.0,0.0,0.0,0.0,0.0,0.0,0.0,0.0,0.0,0.0,0.0,0.0,0.0,0.0,0.0,0.0,0.0,0.0,0.0,0.0,0.0,0.0,0.0,0.0,0.0,0.0,0.0,0.0,0.0,0.0,0.0,0.0
BAL,2008,1675,294,508,3522.0,17,15.0,37.0,294.0,6,2,4735.0,1526.0,165.0,-13.616309569276348,1,19.434845319239184,1.292658948195055,679,2656.0,24,12.0,4.0,148.0,-41.22233091647615,0,294,295,3522.0,17,6.0,5.0,1989.0,1526.0,165.0,262.8809976334383,1,53.89726793265018,19.0,19.0,41.8,0.0,1024.68,1318.68,0.0,0.0,0.0,0.0,0.0,0.0,0.0,0.0,0.0,0.0,0.0,0.0,0.0,0.0,0.0,0.0,0.0,0.0,0.0,0.0,0.0,0.0,0.0,0.0,0.0,0.0,0.0,0.0,0.0,0.0,0.0,0.0,0.0,0.0,0.0,0.0,0.0,0.0,0.0,0.0,0.0,0.0,0.0,0.0,0.0,0.0,0.0,0.0,0.0,0.0,0.0,0.0,0.0,0.0,0.0,0.0,0.0,0.0,0.0,0.0,0.0,0.0,0.0,0.0,0.0,0.0,0.0,0.0,0.0,0.0,0.0,0.0,0.0,0.0,0.0,0.0,0.0,0.0,0.0,0.0,0.0,0.0,0.0,0.0,0.0,0.0,0.0,0.0,0.0,0.0,0.0,0.0
BAL,2009,1603,345,555,3860.0,21,16.0,38.0,230.0,6,2,4723.0,1820.0,200.0,29.587927304658365,0,18.761963300437895,1.748591271434148,538,2527.0,26,7.0,4.0,130.0,13.64460666468196,0,345,551,3860.0,21,3.0,1.0,4728.0,1820.0,200.0,78.39222936800233,0,96.93539891979161,18.0,18.0,39.6,1.0,1119.1000000000001,1464.1000000000001,0.0,0.0,0.0,0.0,0.0,0.0,0.0,0.0,0.0,0.0,0.0,0.0,0.0,0.0,0.0,0.0,0.0,0.0,0.0,0.0,0.0,0.0,0.0,0.0,0.0,0.0,0.0,0.0,0.0,0.0,0.0,0.0,0.0,0.0,0.0,0.0,0.0,0.0,0.0,0.0,0.0,0.0,0.0,0.0,0.0,0.0,0.0,0.0,0.0,0.0,0.0,0.0,0.0,0.0,0.0,0.0,0.0,0.0,0.0,0.0,0.0,0.0,0.0,0.0,0.0,0.0,0.0,0.0,0.0,0.0,0.0,0.0,0.0,0.0,0.0,0.0,0.0,0.0,0.0,0.0,0.0,0.0,0.0,0.0,0.0,0.0,0.0,0.0,0.0,0.0,0.0,0.0
BAL,2010,1699,349,555,4019.0,28,11.0,49.0,345.0,8,3,4833.0,1756.0,202.0,50.00555212923615,0,19.086271622741783,2.2084859080767325,545,2008.0,13,8.0,6.0,103.0,-55.95158766323998,0,349,555,4019.0,28,4.0,2.0,4833.0,1756.0,202.0,129.30624817769825,0,148.2844709158046,18.0,18.0,39.6,1.0,1083.46,1432.46,0.0,0.0,0.0,0.0,0.0,0.0,0.0,0.0,0.0,0.0,0.0,0.0,0.0,0.0,0.0,0.0,0.0,0.0,0.0,0.0,0.0,0.0,0.0,0.0,0.0,0.0,0.0,0.0,0.0,0.0,0.0,0.0,0.0,0.0,0.0,0.0,0.0,0.0,0.0,0.0,0.0,0.0,0.0,0.0,0.0,0.0,0.0,0.0,0.0,0.0,0.0,0.0,0.0,0.0,0.0,0.0,0.0,0.0,0.0,0.0,0.0,0.0,0.0,0.0,0.0,0.0,0.0,0.0,0.0,0.0,0.0,0.0,0.0,0.0,0.0,0.0,0.0,0.0,0.0,0.0,0.0,0.0,0.0,0.0,0.0,0.0,0.0,0.0,0.0,0.0,0.0,0.0
BAL,2011,1735,350,607,4111.0,25,13.0,41.0,266.0,10,6,5739.0,1765.0,203.0,32.97636586552813,0,15.993685685721218,1.5921448194931607,521,2199.0,15,7.0,4.0,106.0,-39.06397581187791,1,350,604,4111.0,25,2.0,0.0,5715.0,1765.0,203.0,105.16416318071818,0,193.15176305924325,18.0,18.0,39.6,1.0,1097.44,1447.44,0.0,0.0,0.0,0.0,0.0,0.0,0.0,0.0,0.0,0.0,0.0,0.0,0.0,0.0,0.0,0.0,0.0,0.0,0.0,0.0,0.0,0.0,0.0,0.0,0.0,0.0,0.0,0.0,0.0,0.0,0.0,0.0,0.0,0.0,0.0,0.0,0.0,0.0,0.0,0.0,0.0,0.0,0.0,0.0,0.0,0.0,0.0,0.0,0.0,0.0,0.0,0.0,0.0,0.0,0.0,0.0,0.0,0.0,0.0,0.0,0.0,0.0,0.0,0.0,0.0,0.0,0.0,0.0,0.0,0.0,0.0,0.0,0.0,0.0,0.0,0.0,0.0,0.0,0.0,0.0,0.0,0.0,0.0,0.0,0.0,0.0,0.0,0.0,0.0,0.0,0.0,0.0
BAL,2012,2259,407,686,5136.0,33,11.0,44.0,295.0,6,3,7039.0,1990.0,235.0,59.13991942501559,1,17.39305556845273,2.4496158737213394,583,2440.0,20,7.0,4.0,123.0,-30.289646765980315,0,407,681,5136.0,33,2.0,1.0,7008.0,1990.0,235.0,131.5912556104868,1,63.575656115205476,20.0,20.0,44.0,4.0,1403.04,1810.04,0.0,0.0,0.0,0.0,0.0,0.0,0.0,0.0,0.0,0.0,0.0,0.0,0.0,0.0,0.0,0.0,0.0,0.0,0.0,0.0,0.0,0.0,0.0,0.0,0.0,0.0,0.0,0.0,0.0,0.0,0.0,0.0,0.0,0.0,0.0,0.0,0.0,0.0,0.0,0.0,0.0,0.0,0.0,0.0,0.0,0.0,0.0,0.0,0.0,0.0,0.0,0.0,0.0,0.0,0.0,0.0,0.0,0.0,0.0,0.0,0.0,0.0,0.0,0.0,0.0,0.0,0.0,0.0,0.0,0.0,0.0,0.0,0.0,0.0,0.0,0.0,0.0,0.0,0.0,0.0,0.0,0.0,0.0,0.0,0.0,0.0,0.0,0.0,0.0,0.0,0.0,0.0
BAL,2013,1467,363,619,3914.0,19,23.0,48.0,324.0,8,2,5781.0,1751.0,189.0,-45.88632331970722,2,11.424291838546024,1.1974818178051168,423,1328.0,7,2.0,2.0,68.0,-88.13547727332259,1,363,614,3914.0,19,1.0,0.0,5732.0,1757.0,189.0,27.853996118982415,2,138.51501117629553,16.0,16.0,35.199999999999996,2.0,880.76,1243.76,0.0,0.0,0.0,0.0,0.0,0.0,0.0,0.0,0.0,0.0,0.0,0.0,0.0,0.0,0.0,0.0,0.0,0.0,0.0,0.0,0.0,0.0,0.0,0.0,0.0,0.0,0.0,0.0,0.0,0.0,0.0,0.0,0.0,0.0,0.0,0.0,0.0,0.0,0.0,0.0,0.0,0.0,0.0,0.0,0.0,0.0,0.0,0.0,0.0,0.0,0.0,0.0,0.0,0.0,0.0,0.0,0.0,0.0,0.0,0.0,0.0,0.0,0.0,0.0,0.0,0.0,0.0,0.0,0.0,0.0,0.0,0.0,0.0,0.0,0.0,0.0,0.0,0.0,0.0,0.0,0.0,0.0,0.0,0.0,0.0,0.0,0.0,0.0,0.0,0.0,0.0,0.0
BAL,2014,1967,390,628,4537.0,33,14.0,20.0,180.0,3,0,5367.0,1969.0,221.0,98.36427878534302,0,16.367580210725336,2.7864906323138023,501,2208.0,17,6.0,3.0,128.0,-33.71138000564929,1,390,615,4537.0,33,5.0,3.0,5361.0,1969.0,221.0,127.0657342918112,0,143.59455117656938,18.0,18.0,39.6,2.0,1261.98,1651.98,0.0,0.0,0.0,0.0,0.0,0.0,0.0,0.0,0.0,0.0,0.0,0.0,0.0,0.0,0.0,0.0,0.0,0.0,0.0,0.0,0.0,0.0,0.0,0.0,0.0,0.0,0.0,0.0,0.0,0.0,0.0,0.0,0.0,0.0,0.0,0.0,0.0,0.0,0.0,0.0,0.0,0.0,0.0,0.0,0.0,0.0,0.0,0.0,0.0,0.0,0.0,0.0,0.0,0.0,0.0,0.0,0.0,0.0,0.0,0.0,0.0,0.0,0.0,0.0,0.0,0.0,0.0,0.0,0.0,0.0,0.0,0.0,0.0,0.0,0.0,0.0,0.0,0.0,0.0,0.0,0.0,0.0,0.0,0.0,0.0,0.0,0.0,0.0,0.0,0.0,0.0,0.0
BAL,2015,1495,426,676,4449.0,21,21.0,24.0,178.0,2,2,5083.0,2138.0,211.0,-17.807257388418453,1,14.630074121749765,1.0002162701459871,383,1478.0,8,6.0,2.0,89.0,-53.91554719132223,0,426,668,4449.0,21,3.0,1.0,5084.0,2138.0,211.0,29.22195977212695,1,86.66325049076553,16.0,16.0,35.2,2.0,992.6600000000001,1418.66,0.0,0.0,0.0,0.0,0.0,0.0,0.0,0.0,0.0,0.0,0.0,0.0,0.0,0.0,0.0,0.0,0.0,0.0,0.0,0.0,0.0,0.0,0.0,0.0,0.0,0.0,0.0,0.0,0.0,0.0,0.0,0.0,0.0,0.0,0.0,0.0,0.0,0.0,0.0,0.0,0.0,0.0,0.0,0.0,0.0,0.0,0.0,0.0,0.0,0.0,0.0,0.0,0.0,0.0,0.0,0.0,0.0,0.0,0.0,0.0,0.0,0.0,0.0,0.0,0.0,0.0,0.0,0.0,0.0,0.0,0.0,0.0,0.0,0.0,0.0,0.0,0.0,0.0,0.0,0.0,0.0,0.0,0.0,0.0,0.0,0.0,0.0,0.0,0.0,0.0,0.0,0.0
BAL,2016,1680,439,679,4343.0,20,16.0,33.0,243.0,4,2,5042.0,2090.0,205.0,-33.47773891152833,4,17.532110256546908,0.9145474972617677,367,1463.0,10,4.0,1.0,79.0,-24.79317505731096,0,439,665,4343.0,20,2.0,1.0,5000.0,2090.0,205.0,28.595270797177427,4,186.83567127772343,16.0,16.0,35.2,1.0,996.32,1435.32,0.0,0.0,0.0,0.0,0.0,0.0,0.0,0.0,0.0,0.0,0.0,0.0,0.0,0.0,0.0,0.0,0.0,0.0,0.0,0.0,0.0,0.0,0.0,0.0,0.0,0.0,0.0,0.0,0.0,0.0,0.0,0.0,0.0,0.0,0.0,0.0,0.0,0.0,0.0,0.0,0.0,0.0,0.0,0.0,0.0,0.0,0.0,0.0,0.0,0.0,0.0,0.0,0.0,0.0,0.0,0.0,0.0,0.0,0.0,0.0,0.0,0.0,0.0,0.0,0.0,0.0,0.0,0.0,0.0,0.0,0.0,0.0,0.0,0.0,0.0,0.0,0.0,0.0,0.0,0.0,0.0,0.0,0.0,0.0,0.0,0.0,0.0,0.0,0.0,0.0,0.0,0.0
BAL,2017,1563,363,567,3235.0,20,13.0,27.0,205.0,5,0,3842.0,1506.0,168.0,-43.831443677834656,1,18.26075287562891,1.1879930977760604,460,1856.0,14,5.0,3.0,111.0,-31.367009182162214,0,363,561,3235.0,20,4.0,1.0,3838.0,1506.0,168.0,0.6392604708918146,1,115.82811318292313,16.0,16.0,35.199999999999996,2.0,904.5,1267.5,0.0,0.0,0.0,0.0,0.0,0.0,0.0,0.0,0.0,0.0,0.0,0.0,0.0,0.0,0.0,0.0,0.0,0.0,0.0,0.0,0.0,0.0,0.0,0.0,0.0,0.0,0.0,0.0,0.0,0.0,0.0,0.0,0.0,0.0,0.0,0.0,0.0,0.0,0.0,0.0,0.0,0.0,0.0,0.0,0.0,0.0,0.0,0.0,0.0,0.0,0.0,0.0,0.0,0.0,0.0,0.0,0.0,0.0,0.0,0.0,0.0,0.0,0.0,0.0,0.0,0.0,0.0,0.0,0.0,0.0,0.0,0.0,0.0,0.0,0.0,0.0,0.0,0.0,0.0,0.0,0.0,0.0,0.0,0.0,0.0,0.0,0.0,0.0,0.0,0.0,0.0,0.0
BAL,2018,1768,348,585,3902.0,20,10.0,39.0,205.0,6,4,5053.0,1648.0,191.0,11.158102750310574,0,19.498601969633494,1.2546485974970825,570,2526.0,19,18.0,7.0,156.0,-14.146190315297622,1,348,565,3902.0,20,1.0,1.0,4992.0,1648.0,191.0,86.96560075857718,0,146.53137626341325,17.0,17.0,37.4,1.0,1076.88,1424.88,0.0,0.0,0.0,0.0,0.0,0.0,0.0,0.0,0.0,0.0,0.0,0.0,0.0,0.0,0.0,0.0,0.0,0.0,0.0,0.0,0.0,0.0,0.0,0.0,0.0,0.0,0.0,0.0,0.0,0.0,0.0,0.0,0.0,0.0,0.0,0.0,0.0,0.0,0.0,0.0,0.0,0.0,0.0,0.0,0.0,0.0,0.0,0.0,0.0,0.0,0.0,0.0,0.0,0.0,0.0,0.0,0.0,0.0,0.0,0.0,0.0,0.0,0.0,0.0,0.0,0.0,0.0,0.0,0.0,0.0,0.0,0.0,0.0,0.0,0.0,0.0,0.0,0.0,0.0,0.0,0.0,0.0,0.0,0.0,0.0,0.0,0.0,0.0,0.0,0.0,0.0,0.0
BAL,2019,1920,320,499,3715.0,38,10.0,32.0,145.0,1,1,4485.0,1539.0,189.0,130.4508638799678,0,23.01299478027272,3.7265011627344515,625,3472.0,21,11.0,5.0,197.0,63.77296586794836,2,320,477,3715.0,38,2.0,1.0,4319.0,1539.0,189.0,180.25619570410728,0,116.2078823061218,17.0,17.0,37.4,0.0,1343.3,1663.3,0.0,0.0,0.0,0.0,0.0,0.0,0.0,0.0,0.0,0.0,0.0,0.0,0.0,0.0,0.0,0.0,0.0,0.0,0.0,0.0,0.0,0.0,0.0,0.0,0.0,0.0,0.0,0.0,0.0,0.0,0.0,0.0,0.0,0.0,0.0,0.0,0.0,0.0,0.0,0.0,0.0,0.0,0.0,0.0,0.0,0.0,0.0,0.0,0.0,0.0,0.0,0.0,0.0,0.0,0.0,0.0,0.0,0.0,0.0,0.0,0.0,0.0,0.0,0.0,0.0,0.0,0.0,0.0,0.0,0.0,0.0,0.0,0.0,0.0,0.0,0.0,0.0,0.0,0.0,0.0,0.0,0.0,0.0,0.0,0.0,0.0,0.0,0.0,0.0,0.0,0.0,0.0
BAL,2020,1868,294,467,3320.0,27,13.0,41.0,226.0,6,2,4033.0,1413.0,157.0,20.709451651513525,1,23.525087367494365,2.2282862711680695,622,3457.0,26,14.0,5.0,189.0,74.55739698021247,1,294,451,3320.0,27,3.0,0.0,3934.0,1413.0,157.0,86.62150121792784,1,148.86027256986927,18.0,18.0,39.6,1.0,1208.5,1502.5,0.0,0.0,0.0,0.0,0.0,0.0,0.0,0.0,0.0,0.0,0.0,0.0,0.0,0.0,0.0,0.0,0.0,0.0,0.0,0.0,0.0,0.0,0.0,0.0,0.0,0.0,0.0,0.0,0.0,0.0,0.0,0.0,0.0,0.0,0.0,0.0,0.0,0.0,0.0,0.0,0.0,0.0,0.0,0.0,0.0,0.0,0.0,0.0,0.0,0.0,0.0,0.0,0.0,0.0,0.0,0.0,0.0,0.0,0.0,0.0,0.0,0.0,0.0,0.0,0.0,0.0,0.0,0.0,0.0,0.0,0.0,0.0,0.0,0.0,0.0,0.0,0.0,0.0,0.0,0.0,0.0,0.0,0.0,0.0,0.0,0.0,0.0,0.0,0.0,0.0,0.0,0.0
BAL,2021,1588,396,611,4267.0,21,18.0,57.0,306.0,6,3,5232.0,1717.0,209.0,1.8909943489845116,2,16.549830619825222,1.3678791667280683,517,2479.0,18,6.0,2.0,159.0,11.46526849534252,0,396,591,4267.0,21,6.0,2.0,5165.0,1717.0,209.0,92.9377716391757,2,110.51371847224824,17.0,17.0,37.4,0.0,1121.28,1517.28,0.0,0.0,0.0,0.0,0.0,0.0,0.0,0.0,0.0,0.0,0.0,0.0,0.0,0.0,0.0,0.0,0.0,0.0,0.0,0.0,0.0,0.0,0.0,0.0,0.0,0.0,0.0,0.0,0.0,0.0,0.0,0.0,0.0,0.0,0.0,0.0,0.0,0.0,0.0,0.0,0.0,0.0,0.0,0.0,0.0,0.0,0.0,0.0,0.0,0.0,0.0,0.0,0.0,0.0,0.0,0.0,0.0,0.0,0.0,0.0,0.0,0.0,0.0,0.0,0.0,0.0,0.0,0.0,0.0,0.0,0.0,0.0,0.0,0.0,0.0,0.0,0.0,0.0,0.0,0.0,0.0,0.0,0.0,0.0,0.0,0.0,0.0,0.0,0.0,0.0,0.0,0.0
BAL,2022,1866,317,517,3428.0,21,14.0,40.0,179.0,4,2,4205.0,1492.0,160.0,-14.826102307523408,1,17.086063456357838,1.3260043329586735,561,2875.0,14,10.0,4.0,177.0,22.38029594341502,1,317,493,3428.0,21,6.0,3.0,4028.0,1496.0,160.0,43.32648459787067,1,79.9898795593901,18.0,18.0,39.6,1.0,1027.42,1344.42,0.0,0.0,0.0,0.0,0.0,0.0,0.0,0.0,0.0,0.0,0.0,0.0,0.0,0.0,0.0,0.0,0.0,0.0,0.0,0.0,0.0,0.0,0.0,0.0,0.0,0.0,0.0,0.0,0.0,0.0,0.0,0.0,0.0,0.0,0.0,0.0,0.0,0.0,0.0,0.0,0.0,0.0,0.0,0.0,0.0,0.0,0.0,0.0,0.0,0.0,0.0,0.0,0.0,0.0,0.0,0.0,0.0,0.0,0.0,0.0,0.0,0.0,0.0,0.0,0.0,0.0,0.0,0.0,0.0,0.0,0.0,0.0,0.0,0.0,0.0,0.0,0.0,0.0,0.0,0.0,0.0,0.0,0.0,0.0,0.0,0.0,0.0,0.0,0.0,0.0,0.0,0.0
BAL,2023,2011,364,553,4305.0,30,8.0,48.0,292.0,8,5,4599.0,1998.0,201.0,60.68735820146857,1,21.802187744190316,2.6826857479749955,599,2971.0,28,7.0,5.0,161.0,18.68400879774685,1,364,531,4305.0,30,7.0,4.0,4547.0,1998.0,201.0,152.11888573113964,1,231.84825440330704,19.0,19.0,41.8,1.0,1335.8,1699.8,0.0,0.0,0.0,0.0,0.0,0.0,0.0,0.0,0.0,0.0,0.0,0.0,0.0,0.0,0.0,0.0,0.0,0.0,0.0,0.0,0.0,0.0,0.0,0.0,0.0,0.0,0.0,0.0,0.0,0.0,0.0,0.0,0.0,0.0,0.0,0.0,0.0,0.0,0.0,0.0,0.0,0.0,0.0,0.0,0.0,0.0,0.0,0.0,0.0,0.0,0.0,0.0,0.0,0.0,0.0,0.0,0.0,0.0,0.0,0.0,0.0,0.0,0.0,0.0,0.0,0.0,0.0,0.0,0.0,0.0,0.0,0.0,0.0,0.0,0.0,0.0,0.0,0.0,0.0,0.0,0.0,0.0,0.0,0.0,0.0,0.0,0.0,0.0,0.0,0.0,0.0,0.0
BAL,2024,1936,352,523,4618.0,45,5.0,27.0,178.0,5,2,4540.0,2257.0,219.0,188.26783067428934,0,23.53748110091785,3.9276021565236015,634,3664.0,24,9.0,5.0,193.0,64.84537032874954,1,352,501,4618.0,45,3.0,2.0,4437.0,2257.0,219.0,243.71271751108054,0,241.71136745202702,19.0,19.0,41.8,0.0,1580.92,1932.92,0.0,0.0,0.0,0.0,0.0,0.0,0.0,0.0,0.0,0.0,0.0,0.0,0.0,0.0,0.0,0.0,0.0,0.0,0.0,0.0,0.0,0.0,0.0,0.0,0.0,0.0,0.0,0.0,0.0,0.0,0.0,0.0,0.0,0.0,0.0,0.0,0.0,0.0,0.0,0.0,0.0,0.0,0.0,0.0,0.0,0.0,0.0,0.0,0.0,0.0,0.0,0.0,0.0,0.0,0.0,0.0,0.0,0.0,0.0,0.0,0.0,0.0,0.0,0.0,0.0,0.0,0.0,0.0,0.0,0.0,0.0,0.0,0.0,0.0,0.0,0.0,0.0,0.0,0.0,0.0,0.0,0.0,0.0,0.0,0.0,0.0,0.0,0.0,0.0,0.0,0.0,0.0
BAL,2025,5711,278,422,3278.0,23,0.0,0.0,0.0,5,3,3422.0,1361.0,141.0,4.510214603981404,1,20.480457999965463,0.0,507,2662.0,23,7.0,4.0,146.0,42.21306531138224,0,278,407,3278.0,23,6.0,4.0,3376.0,1361.0,141.0,76.0054389442312,1,131.49708449211334,17.0,16.749207011051606,37.22444490773612,0.0,1053.1200000000001,1331.1200000000001,11.0,45.0,-293.0,58.83487478713206,122.0,65.0,43.0,7.0,71.0,56.0,25.0,6.0,122.0,65.0,43.0,7.0,649.0,21.0,499.0,66.0,250.0,14.0,30.0,189.0,101.0,11.0,242.0,73.0,1.0,1.0,0.0,5.0,7.0,-4.0,9.0,85.0,1.0,90.0,706.0,16.0,6.0,4.0,22.0,12.0,16.0,198.0,74.0,1911.0,30.0,34.0,4.0,0.0,581.0,13.3,0.0,10.0,11.0,8.0,1.0,0.0,0.0,0.0,0.0,1.0,3.0,0.0,1027.0,211.0,0.0,44.0,46.0,2.0,0.0,15.3,0.0,1.0,1.0,0.0,44.0,53.0,0.0,955.0,2657.0,24.0,7.0,11.0,6.0,6.0,23.0,159.0,0.0,2378.0
BUF,2006,1163,269,432,3050.0,19,14.0,47.0,332.0,7,6,3833.0,1246.0,132.0,-28.48288438995995,0,13.26998590038442,1.5370294250062266,420,1552.0,9,12.0,5.0,82.0,-60.58237762765728,0,269,269,3050.0,19,2.0,2.0,1804.0,1246.0,132.0,230.9914008752905,0,-2.5202549198064323,16.0,16.0,35.199999999999996,1.0,778.2,1047.2,0.0,0.0,0.0,0.0,0.0,0.0,0.0,0.0,0.0,0.0,0.0,0.0,0.0,0.0,0.0,0.0,0.0,0.0,0.0,0.0,0.0,0.0,0.0,0.0,0.0,0.0,0.0,0.0,0.0,0.0,0.0,0.0,0.0,0.0,0.0,0.0,0.0,0.0,0.0,0.0,0.0,0.0,0.0,0.0,0.0,0.0,0.0,0.0,0.0,0.0,0.0,0.0,0.0,0.0,0.0,0.0,0.0,0.0,0.0,0.0,0.0,0.0,0.0,0.0,0.0,0.0,0.0,0.0,0.0,0.0,0.0,0.0,0.0,0.0,0.0,0.0,0.0,0.0,0.0,0.0,0.0,0.0,0.0,0.0,0.0,0.0,0.0,0.0,0.0,0.0,0.0,0.0
BUF,2007,1271,263,445,2842.0,12,14.0,26.0,208.0,6,1,3314.0,1414.0,141.0,-64.801868943197,0,16.902174579417103,1.21801713111618,448,1800.0,8,4.0,2.0,91.0,-39.967256583658504,1,263,265,2842.0,12,4.0,3.0,1446.0,1414.0,141.0,174.69945476832132,0,146.59363700631414,16.0,16.0,35.199999999999996,2.0,719.88,982.88,0.0,0.0,0.0,0.0,0.0,0.0,0.0,0.0,0.0,0.0,0.0,0.0,0.0,0.0,0.0,0.0,0.0,0.0,0.0,0.0,0.0,0.0,0.0,0.0,0.0,0.0,0.0,0.0,0.0,0.0,0.0,0.0,0.0,0.0,0.0,0.0,0.0,0.0,0.0,0.0,0.0,0.0,0.0,0.0,0.0,0.0,0.0,0.0,0.0,0.0,0.0,0.0,0.0,0.0,0.0,0.0,0.0,0.0,0.0,0.0,0.0,0.0,0.0,0.0,0.0,0.0,0.0,0.0,0.0,0.0,0.0,0.0,0.0,0.0,0.0,0.0,0.0,0.0,0.0,0.0,0.0,0.0,0.0,0.0,0.0,0.0,0.0,0.0,0.0,0.0,0.0,0.0
BUF,2008,1264,309,479,3302.0,14,15.0,38.0,262.0,13,7,3522.0,1366.0,167.0,-26.29309602095005,1,20.75360884681313,1.3091475403776103,439,1842.0,16,7.0,4.0,107.0,-16.36059378103684,0,309,309,3302.0,14,7.0,3.0,1936.0,1366.0,167.0,230.96881214229452,1,125.29962704995646,16.0,16.0,35.199999999999996,2.0,840.48,1149.48,0.0,0.0,0.0,0.0,0.0,0.0,0.0,0.0,0.0,0.0,0.0,0.0,0.0,0.0,0.0,0.0,0.0,0.0,0.0,0.0,0.0,0.0,0.0,0.0,0.0,0.0,0.0,0.0,0.0,0.0,0.0,0.0,0.0,0.0,0.0,0.0,0.0,0.0,0.0,0.0,0.0,0.0,0.0,0.0,0.0,0.0,0.0,0.0,0.0,0.0,0.0,0.0,0.0,0.0,0.0,0.0,0.0,0.0,0.0,0.0,0.0,0.0,0.0,0.0,0.0,0.0,0.0,0.0,0.0,0.0,0.0,0.0,0.0,0.0,0.0,0.0,0.0,0.0,0.0,0.0,0.0,0.0,0.0,0.0,0.0,0.0,0.0,0.0,0.0,0.0,0.0,0.0
BUF,2009,1276,256,441,2789.0,17,19.0,46.0,274.0,3,2,3549.0,1374.0,126.0,-77.70233904147882,0,18.250549949595975,0.9949687934295025,425,1867.0,6,6.0,3.0,81.0,-37.03394896109062,0,256,435,2773.0,17,3.0,1.0,3534.0,1358.0,126.0,-14.499415320659882,0,168.2552454601337,16.0,16.0,35.199999999999996,0.0,731.5600000000001,987.5600000000001,0.0,0.0,0.0,0.0,0.0,0.0,0.0,0.0,0.0,0.0,0.0,0.0,0.0,0.0,0.0,0.0,0.0,0.0,0.0,0.0,0.0,0.0,0.0,0.0,0.0,0.0,0.0,0.0,0.0,0.0,0.0,0.0,0.0,0.0,0.0,0.0,0.0,0.0,0.0,0.0,0.0,0.0,0.0,0.0,0.0,0.0,0.0,0.0,0.0,0.0,0.0,0.0,0.0,0.0,0.0,0.0,0.0,0.0,0.0,0.0,0.0,0.0,0.0,0.0,0.0,0.0,0.0,0.0,0.0,0.0,0.0,0.0,0.0,0.0,0.0,0.0,0.0,0.0,0.0,0.0,0.0,0.0,0.0,0.0,0.0,0.0,0.0,0.0,0.0,0.0,0.0,0.0
BUF,2010,1357,296,519,3363.0,24,21.0,34.0,213.0,5,4,4511.0,1358.0,166.0,-35.80872981190194,0,15.459013733911227,1.0975125088008495,401,1720.0,6,12.0,5.0,82.0,-46.798342961208355,0,296,513,3363.0,24,8.0,5.0,4506.0,1358.0,166.0,13.254653254722768,0,101.82989279102165,16.0,16.0,35.2,1.0,854.82,1150.82,0.0,0.0,0.0,0.0,0.0,0.0,0.0,0.0,0.0,0.0,0.0,0.0,0.0,0.0,0.0,0.0,0.0,0.0,0.0,0.0,0.0,0.0,0.0,0.0,0.0,0.0,0.0,0.0,0.0,0.0,0.0,0.0,0.0,0.0,0.0,0.0,0.0,0.0,0.0,0.0,0.0,0.0,0.0,0.0,0.0,0.0,0.0,0.0,0.0,0.0,0.0,0.0,0.0,0.0,0.0,0.0,0.0,0.0,0.0,0.0,0.0,0.0,0.0,0.0,0.0,0.0,0.0,0.0,0.0,0.0,0.0,0.0,0.0,0.0,0.0,0.0,0.0,0.0,0.0,0.0,0.0,0.0,0.0,0.0,0.0,0.0,0.0,0.0,0.0,0.0,0.0,0.0
BUF,2011,1427,356,578,3857.0,24,25.0,23.0,154.0,2,0,4426.0,1876.0,180.0,-14.026930770166691,0,17.141075252124963,1.2459423300604624,391,1921.0,12,10.0,4.0,100.0,2.634518325266482,1,356,569,3857.0,24,1.0,1.0,4417.0,1874.0,180.0,21.744638508860582,0,19.117498582975493,16.0,16.0,35.2,1.0,992.08,1348.08,0.0,0.0,0.0,0.0,0.0,0.0,0.0,0.0,0.0,0.0,0.0,0.0,0.0,0.0,0.0,0.0,0.0,0.0,0.0,0.0,0.0,0.0,0.0,0.0,0.0,0.0,0.0,0.0,0.0,0.0,0.0,0.0,0.0,0.0,0.0,0.0,0.0,0.0,0.0,0.0,0.0,0.0,0.0,0.0,0.0,0.0,0.0,0.0,0.0,0.0,0.0,0.0,0.0,0.0,0.0,0.0,0.0,0.0,0.0,0.0,0.0,0.0,0.0,0.0,0.0,0.0,0.0,0.0,0.0,0.0,0.0,0.0,0.0,0.0,0.0,0.0,0.0,0.0,0.0,0.0,0.0,0.0,0.0,0.0,0.0,0.0,0.0,0.0,0.0,0.0,0.0,0.0
BUF,2012,1268,309,511,3430.0,24,17.0,30.0,161.0,8,6,3972.0,1805.0,176.0,5.3209206053212235,0,16.45802420695085,1.178997682522032,442,2217.0,12,7.0,6.0,103.0,-6.737750880071822,0,309,509,3430.0,24,7.0,4.0,3972.0,1805.0,176.0,47.06179228329403,0,-22.456688661271766,16.0,16.0,35.199999999999996,3.0,965.9000000000001,1274.9,0.0,0.0,0.0,0.0,0.0,0.0,0.0,0.0,0.0,0.0,0.0,0.0,0.0,0.0,0.0,0.0,0.0,0.0,0.0,0.0,0.0,0.0,0.0,0.0,0.0,0.0,0.0,0.0,0.0,0.0,0.0,0.0,0.0,0.0,0.0,0.0,0.0,0.0,0.0,0.0,0.0,0.0,0.0,0.0,0.0,0.0,0.0,0.0,0.0,0.0,0.0,0.0,0.0,0.0,0.0,0.0,0.0,0.0,0.0,0.0,0.0,0.0,0.0,0.0,0.0,0.0,0.0,0.0,0.0,0.0,0.0,0.0,0.0,0.0,0.0,0.0,0.0,0.0,0.0,0.0,0.0,0.0,0.0,0.0,0.0,0.0,0.0,0.0,0.0,0.0,0.0,0.0
BUF,2013,1378,299,522,3373.0,16,15.0,48.0,270.0,7,4,4506.0,1508.0,149.0,-71.42010797939092,2,13.483082288967635,0.6607312722281607,546,2307.0,15,12.0,3.0,113.0,-8.894589062783382,0,299,519,3373.0,16,5.0,4.0,4496.0,1508.0,149.0,-9.530145926313594,2,45.65438462878532,16.0,16.0,35.199999999999996,0.0,908.9200000000001,1207.92,0.0,0.0,0.0,0.0,0.0,0.0,0.0,0.0,0.0,0.0,0.0,0.0,0.0,0.0,0.0,0.0,0.0,0.0,0.0,0.0,0.0,0.0,0.0,0.0,0.0,0.0,0.0,0.0,0.0,0.0,0.0,0.0,0.0,0.0,0.0,0.0,0.0,0.0,0.0,0.0,0.0,0.0,0.0,0.0,0.0,0.0,0.0,0.0,0.0,0.0,0.0,0.0,0.0,0.0,0.0,0.0,0.0,0.0,0.0,0.0,0.0,0.0,0.0,0.0,0.0,0.0,0.0,0.0,0.0,0.0,0.0,0.0,0.0,0.0,0.0,0.0,0.0,0.0,0.0,0.0,0.0,0.0,0.0,0.0,0.0,0.0,0.0,0.0,0.0,0.0,0.0,0.0
BUF,2014,1446,363,579,3856.0,23,13.0,39.0,242.0,4,3,4173.0,2077.0,186.0,-7.763149598166308,1,15.171702396765916,1.040720124389714,402,1482.0,7,5.0,1.0,65.0,-59.269537671024594,1,363,572,3856.0,23,8.0,4.0,4128.0,2077.0,186.0,50.703559217529744,1,190.99536026947004,16.0,16.0,35.199999999999996,3.0,942.0400000000001,1305.04,0.0,0.0,0.0,0.0,0.0,0.0,0.0,0.0,0.0,0.0,0.0,0.0,0.0,0.0,0.0,0.0,0.0,0.0,0.0,0.0,0.0,0.0,0.0,0.0,0.0,0.0,0.0,0.0,0.0,0.0,0.0,0.0,0.0,0.0,0.0,0.0,0.0,0.0,0.0,0.0,0.0,0.0,0.0,0.0,0.0,0.0,0.0,0.0,0.0,0.0,0.0,0.0,0.0,0.0,0.0,0.0,0.0,0.0,0.0,0.0,0.0,0.0,0.0,0.0,0.0,0.0,0.0,0.0,0.0,0.0,0.0,0.0,0.0,0.0,0.0,0.0,0.0,0.0,0.0,0.0,0.0,0.0,0.0,0.0,0.0,0.0,0.0,0.0,0.0,0.0,0.0,0.0
BUF,2015,1244,295,465,3600.0,23,9.0,42.0,257.0,7,2,4737.0,1290.0,155.0,45.426030105358926,0,14.196928523884841,1.9313102836080858,509,2432.0,19,8.0,2.0,122.0,6.9475197931280555,2,295,462,3600.0,23,6.0,3.0,4728.0,1290.0,155.0,102.18167575160993,0,85.06855968331026,16.0,16.0,35.199999999999996,1.0,1069.2,1364.2,0.0,0.0,0.0,0.0,0.0,0.0,0.0,0.0,0.0,0.0,0.0,0.0,0.0,0.0,0.0,0.0,0.0,0.0,0.0,0.0,0.0,0.0,0.0,0.0,0.0,0.0,0.0,0.0,0.0,0.0,0.0,0.0,0.0,0.0,0.0,0.0,0.0,0.0,0.0,0.0,0.0,0.0,0.0,0.0,0.0,0.0,0.0,0.0,0.0,0.0,0.0,0.0,0.0,0.0,0.0,0.0,0.0,0.0,0.0,0.0,0.0,0.0,0.0,0.0,0.0,0.0,0.0,0.0,0.0,0.0,0.0,0.0,0.0,0.0,0.0,0.0,0.0,0.0,0.0,0.0,0.0,0.0,0.0,0.0,0.0,0.0,0.0,0.0,0.0,0.0,0.0,0.0
BUF,2016,1562,286,474,3250.0,17,7.0,46.0,214.0,2,2,4480.0,1190.0,155.0,18.059317539858085,2,14.842828752124117,1.4321986939245857,492,2630.0,29,11.0,3.0,146.0,41.67142129822451,2,286,459,3250.0,17,0.0,0.0,4361.0,1190.0,155.0,95.27814682833191,2,21.672890131397494,16.0,16.0,35.199999999999996,0.0,1050.0,1336.0,0.0,0.0,0.0,0.0,0.0,0.0,0.0,0.0,0.0,0.0,0.0,0.0,0.0,0.0,0.0,0.0,0.0,0.0,0.0,0.0,0.0,0.0,0.0,0.0,0.0,0.0,0.0,0.0,0.0,0.0,0.0,0.0,0.0,0.0,0.0,0.0,0.0,0.0,0.0,0.0,0.0,0.0,0.0,0.0,0.0,0.0,0.0,0.0,0.0,0.0,0.0,0.0,0.0,0.0,0.0,0.0,0.0,0.0,0.0,0.0,0.0,0.0,0.0,0.0,0.0,0.0,0.0,0.0,0.0,0.0,0.0,0.0,0.0,0.0,0.0,0.0,0.0,0.0,0.0,0.0,0.0,0.0,0.0,0.0,0.0,0.0,0.0,0.0,0.0,0.0,0.0,0.0
BUF,2017,1677,306,515,3213.0,16,12.0,49.0,276.0,3,2,4376.0,1402.0,156.0,-43.06925595059039,0,17.02340307001972,1.3897384497638832,519,2147.0,12,9.0,2.0,113.0,-34.33480846119401,0,306,503,3213.0,16,3.0,2.0,4311.0,1402.0,156.0,33.34232554874607,0,128.64952706602108,17.0,17.0,37.4,0.0,860.5200000000001,1166.52,0.0,0.0,0.0,0.0,0.0,0.0,0.0,0.0,0.0,0.0,0.0,0.0,0.0,0.0,0.0,0.0,0.0,0.0,0.0,0.0,0.0,0.0,0.0,0.0,0.0,0.0,0.0,0.0,0.0,0.0,0.0,0.0,0.0,0.0,0.0,0.0,0.0,0.0,0.0,0.0,0.0,0.0,0.0,0.0,0.0,0.0,0.0,0.0,0.0,0.0,0.0,0.0,0.0,0.0,0.0,0.0,0.0,0.0,0.0,0.0,0.0,0.0,0.0,0.0,0.0,0.0,0.0,0.0,0.0,0.0,0.0,0.0,0.0,0.0,0.0,0.0,0.0,0.0,0.0,0.0,0.0,0.0,0.0,0.0,0.0,0.0,0.0,0.0,0.0,0.0,0.0,0.0
BUF,2018,1462,270,498,3052.0,14,23.0,41.0,288.0,6,3,4943.0,1354.0,136.0,-110.52749755744883,1,18.25250977430297,0.6034718242933379,468,1984.0,15,7.0,1.0,108.0,-28.235495994855675,0,270,479,3052.0,13,4.0,3.0,4729.0,1354.0,136.0,-43.80165636770437,1,65.29483485169209,16.0,16.0,35.199999999999996,0.0,793.6800000000001,1063.68,0.0,0.0,0.0,0.0,0.0,0.0,0.0,0.0,0.0,0.0,0.0,0.0,0.0,0.0,0.0,0.0,0.0,0.0,0.0,0.0,0.0,0.0,0.0,0.0,0.0,0.0,0.0,0.0,0.0,0.0,0.0,0.0,0.0,0.0,0.0,0.0,0.0,0.0,0.0,0.0,0.0,0.0,0.0,0.0,0.0,0.0,0.0,0.0,0.0,0.0,0.0,0.0,0.0,0.0,0.0,0.0,0.0,0.0,0.0,0.0,0.0,0.0,0.0,0.0,0.0,0.0,0.0,0.0,0.0,0.0,0.0,0.0,0.0,0.0,0.0,0.0,0.0,0.0,0.0,0.0,0.0,0.0,0.0,0.0,0.0,0.0,0.0,0.0,0.0,0.0,0.0,0.0
BUF,2019,1601,324,561,3756.0,22,12.0,43.0,274.0,10,4,5110.0,1666.0,176.0,-21.60344535942421,2,17.162325054879965,1.1931395933479754,495,2226.0,13,14.0,4.0,130.0,-17.65328060310273,1,324,528,3756.0,22,0.0,0.0,4918.0,1666.0,176.0,80.72311490481475,2,75.88105483176783,17.0,17.0,37.4,1.0,1022.44,1346.44,0.0,0.0,0.0,0.0,0.0,0.0,0.0,0.0,0.0,0.0,0.0,0.0,0.0,0.0,0.0,0.0,0.0,0.0,0.0,0.0,0.0,0.0,0.0,0.0,0.0,0.0,0.0,0.0,0.0,0.0,0.0,0.0,0.0,0.0,0.0,0.0,0.0,0.0,0.0,0.0,0.0,0.0,0.0,0.0,0.0,0.0,0.0,0.0,0.0,0.0,0.0,0.0,0.0,0.0,0.0,0.0,0.0,0.0,0.0,0.0,0.0,0.0,0.0,0.0,0.0,0.0,0.0,0.0,0.0,0.0,0.0,0.0,0.0,0.0,0.0,0.0,0.0,0.0,0.0,0.0,0.0,0.0,0.0,0.0,0.0,0.0,0.0,0.0,0.0,0.0,0.0,0.0
BUF,2020,1898,487,716,5603.0,45,12.0,35.0,260.0,7,2,6215.0,2241.0,284.0,179.4895298308162,0,22.855088571491326,3.322598086382854,466,1980.0,17,6.0,5.0,132.0,-16.450553331606667,0,487,685,5603.0,45,3.0,2.0,6011.0,2241.0,284.0,250.57687690514004,0,233.2402841082316,19.0,19.0,41.8,1.0,1498.42,1985.42,0.0,0.0,0.0,0.0,0.0,0.0,0.0,0.0,0.0,0.0,0.0,0.0,0.0,0.0,0.0,0.0,0.0,0.0,0.0,0.0,0.0,0.0,0.0,0.0,0.0,0.0,0.0,0.0,0.0,0.0,0.0,0.0,0.0,0.0,0.0,0.0,0.0,0.0,0.0,0.0,0.0,0.0,0.0,0.0,0.0,0.0,0.0,0.0,0.0,0.0,0.0,0.0,0.0,0.0,0.0,0.0,0.0,0.0,0.0,0.0,0.0,0.0,0.0,0.0,0.0,0.0,0.0,0.0,0.0,0.0,0.0,0.0,0.0,0.0,0.0,0.0,0.0,0.0,0.0,0.0,0.0,0.0,0.0,0.0,0.0,0.0,0.0,0.0,0.0,0.0,0.0,0.0
BUF,2021,1982,463,717,5087.0,45,16.0,29.0,182.0,4,1,5883.0,1976.0,263.0,117.9741386955313,3,24.10647210375522,2.8719295578384068,514,2488.0,23,8.0,3.0,156.0,53.62815626277313,1,463,685,5087.0,45,8.0,1.0,5804.0,1977.0,263.0,173.89492512391848,3,224.33820126365706,19.0,19.0,41.8,0.0,1520.98,1983.98,0.0,0.0,0.0,0.0,0.0,0.0,0.0,0.0,0.0,0.0,0.0,0.0,0.0,0.0,0.0,0.0,0.0,0.0,0.0,0.0,0.0,0.0,0.0,0.0,0.0,0.0,0.0,0.0,0.0,0.0,0.0,0.0,0.0,0.0,0.0,0.0,0.0,0.0,0.0,0.0,0.0,0.0,0.0,0.0,0.0,0.0,0.0,0.0,0.0,0.0,0.0,0.0,0.0,0.0,0.0,0.0,0.0,0.0,0.0,0.0,0.0,0.0,0.0,0.0,0.0,0.0,0.0,0.0,0.0,0.0,0.0,0.0,0.0,0.0,0.0,0.0,0.0,0.0,0.0,0.0,0.0,0.0,0.0,0.0,0.0,0.0,0.0,0.0,0.0,0.0,0.0,0.0
BUF,2022,1871,409,655,4907.0,38,17.0,41.0,201.0,8,4,6276.0,1774.0,242.0,81.31844123128468,1,14.959217180893802,2.1556452815576677,475,2403.0,17,13.0,7.0,141.0,13.542589063595074,1,409,628,4907.0,38,3.0,2.0,6031.0,1774.0,242.0,156.44189342385226,1,157.20513420648507,18.0,18.0,39.6,2.0,1367.28,1776.28,0.0,0.0,0.0,0.0,0.0,0.0,0.0,0.0,0.0,0.0,0.0,0.0,0.0,0.0,0.0,0.0,0.0,0.0,0.0,0.0,0.0,0.0,0.0,0.0,0.0,0.0,0.0,0.0,0.0,0.0,0.0,0.0,0.0,0.0,0.0,0.0,0.0,0.0,0.0,0.0,0.0,0.0,0.0,0.0,0.0,0.0,0.0,0.0,0.0,0.0,0.0,0.0,0.0,0.0,0.0,0.0,0.0,0.0,0.0,0.0,0.0,0.0,0.0,0.0,0.0,0.0,0.0,0.0,0.0,0.0,0.0,0.0,0.0,0.0,0.0,0.0,0.0,0.0,0.0,0.0,0.0,0.0,0.0,0.0,0.0,0.0,0.0,0.0,0.0,0.0,0.0,0.0
BUF,2023,1942,432,648,4695.0,33,18.0,26.0,166.0,2,1,5459.0,2255.0,222.0,100.00074853776603,3,17.266611309680613,2.8115234966739484,585,2573.0,25,9.0,3.0,183.0,48.49608144253743,0,432,612,4695.0,33,7.0,4.0,5106.0,2255.0,222.0,149.52870402119433,3,220.40491198146853,19.0,19.0,41.8,1.0,1360.6000000000001,1792.6000000000001,0.0,0.0,0.0,0.0,0.0,0.0,0.0,0.0,0.0,0.0,0.0,0.0,0.0,0.0,0.0,0.0,0.0,0.0,0.0,0.0,0.0,0.0,0.0,0.0,0.0,0.0,0.0,0.0,0.0,0.0,0.0,0.0,0.0,0.0,0.0,0.0,0.0,0.0,0.0,0.0,0.0,0.0,0.0,0.0,0.0,0.0,0.0,0.0,0.0,0.0,0.0,0.0,0.0,0.0,0.0,0.0,0.0,0.0,0.0,0.0,0.0,0.0,0.0,0.0,0.0,0.0,0.0,0.0,0.0,0.0,0.0,0.0,0.0,0.0,0.0,0.0,0.0,0.0,0.0,0.0,0.0,0.0,0.0,0.0,0.0,0.0,0.0,0.0,0.0,0.0,0.0,0.0
BUF,2024,2368,387,602,4574.0,34,6.0,19.0,85.0,6,2,4936.0,2508.0,207.0,153.02943997347953,2,22.4418699604616,3.2957552502493375,603,2734.0,38,5.0,0.0,175.0,59.72813431227019,0,387,572,4567.0,33,2.0,0.0,4732.0,2501.0,206.0,202.130239642093,2,325.7572994612839,20.0,20.0,44.0,0.0,1467.06,1854.06,0.0,0.0,0.0,0.0,0.0,0.0,0.0,0.0,0.0,0.0,0.0,0.0,0.0,0.0,0.0,0.0,0.0,0.0,0.0,0.0,0.0,0.0,0.0,0.0,0.0,0.0,0.0,0.0,0.0,0.0,0.0,0.0,0.0,0.0,0.0,0.0,0.0,0.0,0.0,0.0,0.0,0.0,0.0,0.0,0.0,0.0,0.0,0.0,0.0,0.0,0.0,0.0,0.0,0.0,0.0,0.0,0.0,0.0,0.0,0.0,0.0,0.0,0.0,0.0,0.0,0.0,0.0,0.0,0.0,0.0,0.0,0.0,0.0,0.0,0.0,0.0,0.0,0.0,0.0,0.0,0.0,0.0,0.0,0.0,0.0,0.0,0.0,0.0,0.0,0.0,0.0,0.0
BUF,2025,6919,397,569,4537.0,33,0.0,0.0,0.0,2,2,4251.0,2387.0,222.0,111.81160076905256,2,26.41402929601061,0.0,609,2976.0,32,15.0,7.0,167.0,46.03604324810201,0,397,553,4537.0,33,4.0,2.0,4129.0,2387.0,222.0,185.84492439895547,2,205.15585500243645,19.0,18.300884237226732,41.31061896605871,1.0,1422.78,1819.78,12.0,44.0,-327.0,47.24934017921972,176.0,97.0,68.0,11.0,76.0,55.0,18.0,6.0,177.0,97.0,68.0,10.0,650.0,19.0,477.0,92.0,373.0,13.0,37.0,228.0,98.0,16.0,164.0,78.0,1.0,2.0,0.0,0.0,9.0,-18.0,7.0,29.0,1.0,107.0,925.0,19.0,6.0,3.0,25.0,13.0,30.0,194.0,76.0,2113.0,24.0,26.0,2.0,0.0,555.0,12.5,0.0,4.0,9.0,8.0,3.0,0.0,0.0,0.0,1.0,0.0,1.0,0.0,923.0,91.0,0.0,54.0,59.0,4.0,1.0,16.633333333333333,1.0,1.0,0.0,0.0,32.0,52.0,0.0,803.0,2319.0,22.0,7.0,7.0,3.0,19.0,16.0,118.0,0.0,2141.0
CAR,2006,1240,325,539,3486.0,19,17.0,32.0,222.0,7,4,4348.0,1555.0,158.0,-33.89704992532707,0,13.897878573656817,1.2319459607789758,423,1659.0,7,7.0,3.0,100.0,-49.48371296357332,0,325,325,3486.0,19,2.0,1.0,1931.0,1553.0,158.0,230.43161863562307,0,164.66953663733497,16.0,16.0,35.199999999999996,0.0,835.94,1160.94,0.0,0.0,0.0,0.0,0.0,0.0,0.0,0.0,0.0,0.0,0.0,0.0,0.0,0.0,0.0,0.0,0.0,0.0,0.0,0.0,0.0,0.0,0.0,0.0,0.0,0.0,0.0,0.0,0.0,0.0,0.0,0.0,0.0,0.0,0.0,0.0,0.0,0.0,0.0,0.0,0.0,0.0,0.0,0.0,0.0,0.0,0.0,0.0,0.0,0.0,0.0,0.0,0.0,0.0,0.0,0.0,0.0,0.0,0.0,0.0,0.0,0.0,0.0,0.0,0.0,0.0,0.0,0.0,0.0,0.0,0.0,0.0,0.0,0.0,0.0,0.0,0.0,0.0,0.0,0.0,0.0,0.0,0.0,0.0,0.0,0.0,0.0,0.0,0.0,0.0,0.0,0.0
CAR,2007,1353,285,505,2918.0,19,17.0,33.0,206.0,5,1,4143.0,1295.0,142.0,-34.95625168055271,0,16.238054944288145,0.5940848682267643,451,1824.0,7,7.0,4.0,85.0,-49.65980410149553,0,285,286,2934.0,19,7.0,3.0,1611.0,1301.0,142.0,210.4064383974342,0,122.22062508279875,16.0,16.0,35.199999999999996,0.0,774.52,1059.52,0.0,0.0,0.0,0.0,0.0,0.0,0.0,0.0,0.0,0.0,0.0,0.0,0.0,0.0,0.0,0.0,0.0,0.0,0.0,0.0,0.0,0.0,0.0,0.0,0.0,0.0,0.0,0.0,0.0,0.0,0.0,0.0,0.0,0.0,0.0,0.0,0.0,0.0,0.0,0.0,0.0,0.0,0.0,0.0,0.0,0.0,0.0,0.0,0.0,0.0,0.0,0.0,0.0,0.0,0.0,0.0,0.0,0.0,0.0,0.0,0.0,0.0,0.0,0.0,0.0,0.0,0.0,0.0,0.0,0.0,0.0,0.0,0.0,0.0,0.0,0.0,0.0,0.0,0.0,0.0,0.0,0.0,0.0,0.0,0.0,0.0,0.0,0.0,0.0,0.0,0.0,0.0
CAR,2008,1219,263,448,3489.0,16,17.0,22.0,141.0,4,3,4256.0,1327.0,162.0,13.769163014555403,0,14.824830008029107,1.9445035740532646,519,2514.0,31,3.0,2.0,122.0,23.30480099982916,1,263,264,3489.0,16,4.0,3.0,2152.0,1327.0,162.0,260.13267636450814,0,127.36085420105827,17.0,17.0,37.4,1.0,1043.8600000000001,1306.8600000000001,0.0,0.0,0.0,0.0,0.0,0.0,0.0,0.0,0.0,0.0,0.0,0.0,0.0,0.0,0.0,0.0,0.0,0.0,0.0,0.0,0.0,0.0,0.0,0.0,0.0,0.0,0.0,0.0,0.0,0.0,0.0,0.0,0.0,0.0,0.0,0.0,0.0,0.0,0.0,0.0,0.0,0.0,0.0,0.0,0.0,0.0,0.0,0.0,0.0,0.0,0.0,0.0,0.0,0.0,0.0,0.0,0.0,0.0,0.0,0.0,0.0,0.0,0.0,0.0,0.0,0.0,0.0,0.0,0.0,0.0,0.0,0.0,0.0,0.0,0.0,0.0,0.0,0.0,0.0,0.0,0.0,0.0,0.0,0.0,0.0,0.0,0.0,0.0,0.0,0.0,0.0,0.0
CAR,2009,1449,264,465,3070.0,16,20.0,33.0,271.0,5,3,4149.0,1270.0,152.0,-47.011853832793015,1,13.648360345548038,0.8029464871763802,525,2498.0,18,11.0,6.0,123.0,-7.117149032305116,1,264,456,3070.0,16,3.0,0.0,4125.0,1268.0,152.0,24.83005066796712,1,162.33534981400473,16.0,16.0,35.199999999999996,0.0,895.6,1159.6000000000001,0.0,0.0,0.0,0.0,0.0,0.0,0.0,0.0,0.0,0.0,0.0,0.0,0.0,0.0,0.0,0.0,0.0,0.0,0.0,0.0,0.0,0.0,0.0,0.0,0.0,0.0,0.0,0.0,0.0,0.0,0.0,0.0,0.0,0.0,0.0,0.0,0.0,0.0,0.0,0.0,0.0,0.0,0.0,0.0,0.0,0.0,0.0,0.0,0.0,0.0,0.0,0.0,0.0,0.0,0.0,0.0,0.0,0.0,0.0,0.0,0.0,0.0,0.0,0.0,0.0,0.0,0.0,0.0,0.0,0.0,0.0,0.0,0.0,0.0,0.0,0.0,0.0,0.0,0.0,0.0,0.0,0.0,0.0,0.0,0.0,0.0,0.0,0.0,0.0,0.0,0.0,0.0
CAR,2010,1414,256,484,2635.0,9,21.0,50.0,346.0,5,2,3485.0,1292.0,125.0,-158.05366372323687,0,15.720661746963298,-0.11608488480029375,428,1846.0,7,16.0,9.0,78.0,-85.82681897991044,0,256,468,2635.0,9,2.0,2.0,3459.0,1292.0,125.0,-62.638859483804495,0,48.095570399588716,16.0,16.0,35.2,0.0,617.5,873.5,0.0,0.0,0.0,0.0,0.0,0.0,0.0,0.0,0.0,0.0,0.0,0.0,0.0,0.0,0.0,0.0,0.0,0.0,0.0,0.0,0.0,0.0,0.0,0.0,0.0,0.0,0.0,0.0,0.0,0.0,0.0,0.0,0.0,0.0,0.0,0.0,0.0,0.0,0.0,0.0,0.0,0.0,0.0,0.0,0.0,0.0,0.0,0.0,0.0,0.0,0.0,0.0,0.0,0.0,0.0,0.0,0.0,0.0,0.0,0.0,0.0,0.0,0.0,0.0,0.0,0.0,0.0,0.0,0.0,0.0,0.0,0.0,0.0,0.0,0.0,0.0,0.0,0.0,0.0,0.0,0.0,0.0,0.0,0.0,0.0,0.0,0.0,0.0,0.0,0.0,0.0,0.0
CAR,2011,1313,312,519,4089.0,21,17.0,35.0,260.0,3,2,4902.0,1954.0,175.0,51.305595075408746,2,14.916062293413038,1.8451572368448366,445,2408.0,26,3.0,0.0,139.0,67.52464252656142,0,312,512,4089.0,21,6.0,4.0,4903.0,1954.0,175.0,95.83469806636549,2,63.905137115141436,16.0,16.0,35.199999999999996,1.0,1147.26,1459.26,0.0,0.0,0.0,0.0,0.0,0.0,0.0,0.0,0.0,0.0,0.0,0.0,0.0,0.0,0.0,0.0,0.0,0.0,0.0,0.0,0.0,0.0,0.0,0.0,0.0,0.0,0.0,0.0,0.0,0.0,0.0,0.0,0.0,0.0,0.0,0.0,0.0,0.0,0.0,0.0,0.0,0.0,0.0,0.0,0.0,0.0,0.0,0.0,0.0,0.0,0.0,0.0,0.0,0.0,0.0,0.0,0.0,0.0,0.0,0.0,0.0,0.0,0.0,0.0,0.0,0.0,0.0,0.0,0.0,0.0,0.0,0.0,0.0,0.0,0.0,0.0,0.0,0.0,0.0,0.0,0.0,0.0,0.0,0.0,0.0,0.0,0.0,0.0,0.0,0.0,0.0,0.0
CAR,2012,1336,284,490,3927.0,19,12.0,36.0,244.0,6,2,4562.0,1746.0,171.0,55.306715150574824,0,18.323640462826862,1.8817115526481825,462,2076.0,21,8.0,4.0,122.0,1.5755850640584779,0,284,485,3920.0,19,3.0,0.0,4549.0,1740.0,171.0,103.41600935514349,0,48.866902315673954,16.0,16.0,35.199999999999996,0.0,1036.68,1320.68,0.0,0.0,0.0,0.0,0.0,0.0,0.0,0.0,0.0,0.0,0.0,0.0,0.0,0.0,0.0,0.0,0.0,0.0,0.0,0.0,0.0,0.0,0.0,0.0,0.0,0.0,0.0,0.0,0.0,0.0,0.0,0.0,0.0,0.0,0.0,0.0,0.0,0.0,0.0,0.0,0.0,0.0,0.0,0.0,0.0,0.0,0.0,0.0,0.0,0.0,0.0,0.0,0.0,0.0,0.0,0.0,0.0,0.0,0.0,0.0,0.0,0.0,0.0,0.0,0.0,0.0,0.0,0.0,0.0,0.0,0.0,0.0,0.0,0.0,0.0,0.0,0.0,0.0,0.0,0.0,0.0,0.0,0.0,0.0,0.0,0.0,0.0,0.0,0.0,0.0,0.0,0.0
CAR,2013,1360,308,498,3646.0,25,15.0,48.0,371.0,1,1,4477.0,1716.0,178.0,32.94754232440102,0,15.453383014666414,2.1561327560572083,507,2119.0,14,4.0,1.0,129.0,5.416756565590825,0,308,492,3646.0,25,3.0,1.0,4458.0,1716.0,178.0,108.5408644871085,0,24.569579728715127,17.0,17.0,37.4,0.0,1020.34,1328.34,0.0,0.0,0.0,0.0,0.0,0.0,0.0,0.0,0.0,0.0,0.0,0.0,0.0,0.0,0.0,0.0,0.0,0.0,0.0,0.0,0.0,0.0,0.0,0.0,0.0,0.0,0.0,0.0,0.0,0.0,0.0,0.0,0.0,0.0,0.0,0.0,0.0,0.0,0.0,0.0,0.0,0.0,0.0,0.0,0.0,0.0,0.0,0.0,0.0,0.0,0.0,0.0,0.0,0.0,0.0,0.0,0.0,0.0,0.0,0.0,0.0,0.0,0.0,0.0,0.0,0.0,0.0,0.0,0.0,0.0,0.0,0.0,0.0,0.0,0.0,0.0,0.0,0.0,0.0,0.0,0.0,0.0,0.0,0.0,0.0,0.0,0.0,0.0,0.0,0.0,0.0,0.0
CAR,2014,1856,368,613,4272.0,27,15.0,45.0,333.0,7,5,5899.0,1624.0,222.0,-0.5728519963779384,1,16.441875356467335,2.0973212891670276,544,2356.0,11,13.0,5.0,135.0,-33.99616645449271,0,368,608,4272.0,27,4.0,1.0,5851.0,1624.0,222.0,81.04789651029347,1,48.4792188374933,18.0,18.0,39.6,1.0,1127.68,1495.68,0.0,0.0,0.0,0.0,0.0,0.0,0.0,0.0,0.0,0.0,0.0,0.0,0.0,0.0,0.0,0.0,0.0,0.0,0.0,0.0,0.0,0.0,0.0,0.0,0.0,0.0,0.0,0.0,0.0,0.0,0.0,0.0,0.0,0.0,0.0,0.0,0.0,0.0,0.0,0.0,0.0,0.0,0.0,0.0,0.0,0.0,0.0,0.0,0.0,0.0,0.0,0.0,0.0,0.0,0.0,0.0,0.0,0.0,0.0,0.0,0.0,0.0,0.0,0.0,0.0,0.0,0.0,0.0,0.0,0.0,0.0,0.0,0.0,0.0,0.0,0.0,0.0,0.0,0.0,0.0,0.0,0.0,0.0,0.0,0.0,0.0,0.0,0.0,0.0,0.0,0.0,0.0
CAR,2015,2088,353,592,4634.0,38,12.0,42.0,373.0,3,3,6116.0,1806.0,230.0,92.00905352370316,1,15.635861842133398,2.3932458354366943,631,2696.0,25,11.0,6.0,159.0,-1.8201590742836187,0,353,584,4634.0,38,3.0,3.0,6085.0,1806.0,230.0,159.7810562396488,1,85.28809956730983,19.0,19.0,41.8,0.0,1404.3600000000001,1757.3600000000001,0.0,0.0,0.0,0.0,0.0,0.0,0.0,0.0,0.0,0.0,0.0,0.0,0.0,0.0,0.0,0.0,0.0,0.0,0.0,0.0,0.0,0.0,0.0,0.0,0.0,0.0,0.0,0.0,0.0,0.0,0.0,0.0,0.0,0.0,0.0,0.0,0.0,0.0,0.0,0.0,0.0,0.0,0.0,0.0,0.0,0.0,0.0,0.0,0.0,0.0,0.0,0.0,0.0,0.0,0.0,0.0,0.0,0.0,0.0,0.0,0.0,0.0,0.0,0.0,0.0,0.0,0.0,0.0,0.0,0.0,0.0,0.0,0.0,0.0,0.0,0.0,0.0,0.0,0.0,0.0,0.0,0.0,0.0,0.0,0.0,0.0,0.0,0.0,0.0,0.0,0.0,0.0
CAR,2016,1489,306,563,3962.0,21,19.0,36.0,277.0,2,2,5711.0,1471.0,194.0,-26.050400887122223,2,12.248129325709955,0.6815108125862336,453,1814.0,16,6.0,4.0,99.0,-31.3604053792029,1,306,553,3962.0,21,2.0,2.0,5643.0,1471.0,194.0,44.6225802267394,2,86.61133234529171,16.0,16.0,35.199999999999996,0.0,998.08,1304.08,0.0,0.0,0.0,0.0,0.0,0.0,0.0,0.0,0.0,0.0,0.0,0.0,0.0,0.0,0.0,0.0,0.0,0.0,0.0,0.0,0.0,0.0,0.0,0.0,0.0,0.0,0.0,0.0,0.0,0.0,0.0,0.0,0.0,0.0,0.0,0.0,0.0,0.0,0.0,0.0,0.0,0.0,0.0,0.0,0.0,0.0,0.0,0.0,0.0,0.0,0.0,0.0,0.0,0.0,0.0,0.0,0.0,0.0,0.0,0.0,0.0,0.0,0.0,0.0,0.0,0.0,0.0,0.0,0.0,0.0,0.0,0.0,0.0,0.0,0.0,0.0,0.0,0.0,0.0,0.0,0.0,0.0,0.0,0.0,0.0,0.0,0.0,0.0,0.0,0.0,0.0,0.0
CAR,2017,1582,317,542,3668.0,24,16.0,39.0,285.0,4,0,4643.0,1762.0,183.0,-2.4083858970073493,0,14.578273495017582,1.2827819731898937,516,2209.0,15,10.0,5.0,126.0,-39.99700561075051,1,317,530,3668.0,24,1.0,0.0,4623.0,1762.0,183.0,68.93500105408675,0,82.67416256544428,17.0,17.0,37.4,2.0,1036.42,1353.42,0.0,0.0,0.0,0.0,0.0,0.0,0.0,0.0,0.0,0.0,0.0,0.0,0.0,0.0,0.0,0.0,0.0,0.0,0.0,0.0,0.0,0.0,0.0,0.0,0.0,0.0,0.0,0.0,0.0,0.0,0.0,0.0,0.0,0.0,0.0,0.0,0.0,0.0,0.0,0.0,0.0,0.0,0.0,0.0,0.0,0.0,0.0,0.0,0.0,0.0,0.0,0.0,0.0,0.0,0.0,0.0,0.0,0.0,0.0,0.0,0.0,0.0,0.0,0.0,0.0,0.0,0.0,0.0,0.0,0.0,0.0,0.0,0.0,0.0,0.0,0.0,0.0,0.0,0.0,0.0,0.0,0.0,0.0,0.0,0.0,0.0,0.0,0.0,0.0,0.0,0.0,0.0
CAR,2018,1403,378,563,4071.0,28,16.0,32.0,235.0,3,0,4161.0,2053.0,212.0,34.22848032713061,2,26.308700908072865,1.8209273013532852,416,2136.0,17,7.0,2.0,117.0,26.697446350916245,0,378,544,4071.0,28,6.0,2.0,4090.0,2053.0,212.0,90.32573957552015,2,-8.121140219516226,16.0,16.0,35.199999999999996,1.0,1139.54,1517.54,0.0,0.0,0.0,0.0,0.0,0.0,0.0,0.0,0.0,0.0,0.0,0.0,0.0,0.0,0.0,0.0,0.0,0.0,0.0,0.0,0.0,0.0,0.0,0.0,0.0,0.0,0.0,0.0,0.0,0.0,0.0,0.0,0.0,0.0,0.0,0.0,0.0,0.0,0.0,0.0,0.0,0.0,0.0,0.0,0.0,0.0,0.0,0.0,0.0,0.0,0.0,0.0,0.0,0.0,0.0,0.0,0.0,0.0,0.0,0.0,0.0,0.0,0.0,0.0,0.0,0.0,0.0,0.0,0.0,0.0,0.0,0.0,0.0,0.0,0.0,0.0,0.0,0.0,0.0,0.0,0.0,0.0,0.0,0.0,0.0,0.0,0.0,0.0,0.0,0.0,0.0,0.0
CAR,2019,1295,382,633,4134.0,17,21.0,58.0,484.0,10,6,5299.0,2032.0,230.0,-61.137018797873495,0,14.746866521109123,0.7407157919430777,386,1819.0,20,7.0,4.0,82.0,-32.653989913533394,1,382,600,4134.0,17,2.0,1.0,5141.0,2032.0,230.0,76.02520182002905,0,34.77933266460708,16.0,16.0,35.2,0.0,988.6600000000001,1370.66,0.0,0.0,0.0,0.0,0.0,0.0,0.0,0.0,0.0,0.0,0.0,0.0,0.0,0.0,0.0,0.0,0.0,0.0,0.0,0.0,0.0,0.0,0.0,0.0,0.0,0.0,0.0,0.0,0.0,0.0,0.0,0.0,0.0,0.0,0.0,0.0,0.0,0.0,0.0,0.0,0.0,0.0,0.0,0.0,0.0,0.0,0.0,0.0,0.0,0.0,0.0,0.0,0.0,0.0,0.0,0.0,0.0,0.0,0.0,0.0,0.0,0.0,0.0,0.0,0.0,0.0,0.0,0.0,0.0,0.0,0.0,0.0,0.0,0.0,0.0,0.0,0.0,0.0,0.0,0.0,0.0,0.0,0.0,0.0,0.0,0.0,0.0,0.0,0.0,0.0,0.0,0.0
CAR,2020,1331,373,550,4129.0,16,16.0,36.0,241.0,2,2,4114.0,2035.0,192.0,12.114879834529825,1,19.768890272869974,1.688814298968897,407,1704.0,19,7.0,2.0,110.0,-8.140107134597995,0,373,527,4129.0,16,3.0,1.0,4047.0,2035.0,192.0,84.8373834493002,1,126.25590013871981,16.0,16.0,35.2,1.0,990.46,1363.46,0.0,0.0,0.0,0.0,0.0,0.0,0.0,0.0,0.0,0.0,0.0,0.0,0.0,0.0,0.0,0.0,0.0,0.0,0.0,0.0,0.0,0.0,0.0,0.0,0.0,0.0,0.0,0.0,0.0,0.0,0.0,0.0,0.0,0.0,0.0,0.0,0.0,0.0,0.0,0.0,0.0,0.0,0.0,0.0,0.0,0.0,0.0,0.0,0.0,0.0,0.0,0.0,0.0,0.0,0.0,0.0,0.0,0.0,0.0,0.0,0.0,0.0,0.0,0.0,0.0,0.0,0.0,0.0,0.0,0.0,0.0,0.0,0.0,0.0,0.0,0.0,0.0,0.0,0.0,0.0,0.0,0.0,0.0,0.0,0.0,0.0,0.0,0.0,0.0,0.0,0.0,0.0
CAR,2021,1636,348,599,3573.0,14,21.0,52.0,334.0,8,2,4417.0,1831.0,174.0,-135.36683896492764,3,19.106816853288876,0.2203522370857635,455,1842.0,17,10.0,5.0,118.0,-17.620005636062473,0,348,575,3573.0,14,1.0,1.0,4309.0,1831.0,174.0,-33.043024487876906,3,107.1943522797556,17.0,17.0,37.4,1.0,886.42,1234.42,0.0,0.0,0.0,0.0,0.0,0.0,0.0,0.0,0.0,0.0,0.0,0.0,0.0,0.0,0.0,0.0,0.0,0.0,0.0,0.0,0.0,0.0,0.0,0.0,0.0,0.0,0.0,0.0,0.0,0.0,0.0,0.0,0.0,0.0,0.0,0.0,0.0,0.0,0.0,0.0,0.0,0.0,0.0,0.0,0.0,0.0,0.0,0.0,0.0,0.0,0.0,0.0,0.0,0.0,0.0,0.0,0.0,0.0,0.0,0.0,0.0,0.0,0.0,0.0,0.0,0.0,0.0,0.0,0.0,0.0,0.0,0.0,0.0,0.0,0.0,0.0,0.0,0.0,0.0,0.0,0.0,0.0,0.0,0.0,0.0,0.0,0.0,0.0,0.0,0.0,0.0,0.0
CAR,2022,1571,267,457,3246.0,16,13.0,36.0,250.0,3,1,3321.0,1734.0,138.0,-40.85170288336216,0,20.32703255594671,1.051888398525331,483,2210.0,16,9.0,2.0,119.0,8.726427261755589,1,267,427,3246.0,16,4.0,2.0,3204.0,1734.0,138.0,29.69908443025094,0,244.09812104303563,17.0,17.0,37.4,0.0,897.44,1164.44,0.0,0.0,0.0,0.0,0.0,0.0,0.0,0.0,0.0,0.0,0.0,0.0,0.0,0.0,0.0,0.0,0.0,0.0,0.0,0.0,0.0,0.0,0.0,0.0,0.0,0.0,0.0,0.0,0.0,0.0,0.0,0.0,0.0,0.0,0.0,0.0,0.0,0.0,0.0,0.0,0.0,0.0,0.0,0.0,0.0,0.0,0.0,0.0,0.0,0.0,0.0,0.0,0.0,0.0,0.0,0.0,0.0,0.0,0.0,0.0,0.0,0.0,0.0,0.0,0.0,0.0,0.0,0.0,0.0,0.0,0.0,0.0,0.0,0.0,0.0,0.0,0.0,0.0,0.0,0.0,0.0,0.0,0.0,0.0,0.0,0.0,0.0,0.0,0.0,0.0,0.0,0.0
CAR,2023,1679,350,586,3245.0,13,10.0,65.0,504.0,9,6,4482.0,1439.0,150.0,-157.71920068522246,1,13.543454970546588,0.7355635308042043,445,1769.0,7,5.0,3.0,111.0,-35.348914613520115,2,350,534,3245.0,13,7.0,1.0,4070.0,1439.0,150.0,10.743640154834292,1,94.14687278184844,17.0,17.0,37.4,1.0,777.2,1127.2,0.0,0.0,0.0,0.0,0.0,0.0,0.0,0.0,0.0,0.0,0.0,0.0,0.0,0.0,0.0,0.0,0.0,0.0,0.0,0.0,0.0,0.0,0.0,0.0,0.0,0.0,0.0,0.0,0.0,0.0,0.0,0.0,0.0,0.0,0.0,0.0,0.0,0.0,0.0,0.0,0.0,0.0,0.0,0.0,0.0,0.0,0.0,0.0,0.0,0.0,0.0,0.0,0.0,0.0,0.0,0.0,0.0,0.0,0.0,0.0,0.0,0.0,0.0,0.0,0.0,0.0,0.0,0.0,0.0,0.0,0.0,0.0,0.0,0.0,0.0,0.0,0.0,0.0,0.0,0.0,0.0,0.0,0.0,0.0,0.0,0.0,0.0,0.0,0.0,0.0,0.0,0.0
CAR,2024,1551,341,547,3411.0,22,15.0,36.0,223.0,5,1,4464.0,1431.0,168.0,-47.416815419287424,0,16.33726467175723,1.3901429508092533,410,1878.0,18,3.0,3.0,99.0,2.6906830730655678,1,341,518,3411.0,22,6.0,3.0,4222.0,1431.0,168.0,29.434254593139066,0,91.51479170647033,17.0,17.0,37.4,0.0,951.34,1292.3400000000001,0.0,0.0,0.0,0.0,0.0,0.0,0.0,0.0,0.0,0.0,0.0,0.0,0.0,0.0,0.0,0.0,0.0,0.0,0.0,0.0,0.0,0.0,0.0,0.0,0.0,0.0,0.0,0.0,0.0,0.0,0.0,0.0,0.0,0.0,0.0,0.0,0.0,0.0,0.0,0.0,0.0,0.0,0.0,0.0,0.0,0.0,0.0,0.0,0.0,0.0,0.0,0.0,0.0,0.0,0.0,0.0,0.0,0.0,0.0,0.0,0.0,0.0,0.0,0.0,0.0,0.0,0.0,0.0,0.0,0.0,0.0,0.0,0.0,0.0,0.0,0.0,0.0,0.0,0.0,0.0,0.0,0.0,0.0,0.0,0.0,0.0,0.0,0.0,0.0,0.0,0.0,0.0
CAR,2025,5938,350,555,3568.0,25,0.0,0.0,0.0,4,3,3815.0,1754.0,182.0,-35.68549926673731,1,19.337278356340338,0.0,483,2060.0,12,6.0,5.0,114.0,-15.959821014730577,0,350,517,3568.0,25,3.0,1.0,3593.0,1755.0,182.0,68.78540168860116,1,147.59583843877698,18.0,16.85499990996372,38.7984999369746,0.0,987.52,1337.52,13.0,37.0,-270.0,43.21880151853141,136.0,68.0,46.0,5.0,46.0,29.0,9.0,2.0,136.0,68.0,46.0,5.0,629.0,19.0,583.0,67.0,290.0,9.0,31.0,199.0,64.0,16.0,220.0,72.0,2.0,3.0,0.0,0.0,8.0,-23.0,6.0,22.0,0.0,95.0,757.0,12.0,9.0,1.0,21.0,12.0,25.0,176.0,59.0,1411.0,25.0,30.0,4.0,1.0,624.0,14.0,0.0,6.0,8.0,9.0,2.0,0.0,0.0,0.0,1.0,0.0,3.0,0.0,953.0,198.0,48.0,31.0,34.0,3.0,0.0,15.0,3.0,3.0,0.0,0.0,110.0,59.0,0.0,996.0,2805.0,30.0,6.0,8.0,3.0,17.0,25.0,311.0,1.0,2434.0
CHI,2006,1940,334,606,4041.0,27,25.0,28.0,206.0,6,4,5353.0,1607.0,185.0,-54.23669112673295,0,25.942411225359418,1.6065180565145838,603,2340.0,19,9.0,6.0,126.0,-32.29004121097902,0,334,334,4041.0,27,5.0,3.0,2434.0,1581.0,185.0,312.7319605456062,0,154.94824184499367,19.0,19.0,41.8,7.0,1149.74,1483.74,0.0,0.0,0.0,0.0,0.0,0.0,0.0,0.0,0.0,0.0,0.0,0.0,0.0,0.0,0.0,0.0,0.0,0.0,0.0,0.0,0.0,0.0,0.0,0.0,0.0,0.0,0.0,0.0,0.0,0.0,0.0,0.0,0.0,0.0,0.0,0.0,0.0,0.0,0.0,0.0,0.0,0.0,0.0,0.0,0.0,0.0,0.0,0.0,0.0,0.0,0.0,0.0,0.0,0.0,0.0,0.0,0.0,0.0,0.0,0.0,0.0,0.0,0.0,0.0,0.0,0.0,0.0,0.0,0.0,0.0,0.0,0.0,0.0,0.0,0.0,0.0,0.0,0.0,0.0,0.0,0.0,0.0,0.0,0.0,0.0,0.0,0.0,0.0,0.0,0.0,0.0,0.0
CHI,2007,1407,326,568,3698.0,18,21.0,43.0,339.0,7,2,4612.0,1756.0,168.0,-63.50942174490706,1,15.901607386776346,0.6643282410602082,424,1333.0,8,12.0,6.0,74.0,-76.010768129221,0,326,326,3698.0,18,4.0,2.0,1935.0,1756.0,168.0,261.49056601240915,1,216.67297873064965,16.0,16.0,35.2,7.0,863.02,1189.02,0.0,0.0,0.0,0.0,0.0,0.0,0.0,0.0,0.0,0.0,0.0,0.0,0.0,0.0,0.0,0.0,0.0,0.0,0.0,0.0,0.0,0.0,0.0,0.0,0.0,0.0,0.0,0.0,0.0,0.0,0.0,0.0,0.0,0.0,0.0,0.0,0.0,0.0,0.0,0.0,0.0,0.0,0.0,0.0,0.0,0.0,0.0,0.0,0.0,0.0,0.0,0.0,0.0,0.0,0.0,0.0,0.0,0.0,0.0,0.0,0.0,0.0,0.0,0.0,0.0,0.0,0.0,0.0,0.0,0.0,0.0,0.0,0.0,0.0,0.0,0.0,0.0,0.0,0.0,0.0,0.0,0.0,0.0,0.0,0.0,0.0,0.0,0.0,0.0,0.0,0.0,0.0
CHI,2008,1285,306,530,3236.0,21,14.0,29.0,168.0,3,2,4264.0,1490.0,154.0,-45.067847356114385,1,13.800188008428373,0.9382396780686042,432,1666.0,15,4.0,4.0,97.0,-47.902064107371075,0,306,307,3236.0,20,5.0,3.0,1746.0,1490.0,154.0,229.8834354678744,1,146.72707966174593,16.0,16.0,35.199999999999996,4.0,895.64,1201.64,0.0,0.0,0.0,0.0,0.0,0.0,0.0,0.0,0.0,0.0,0.0,0.0,0.0,0.0,0.0,0.0,0.0,0.0,0.0,0.0,0.0,0.0,0.0,0.0,0.0,0.0,0.0,0.0,0.0,0.0,0.0,0.0,0.0,0.0,0.0,0.0,0.0,0.0,0.0,0.0,0.0,0.0,0.0,0.0,0.0,0.0,0.0,0.0,0.0,0.0,0.0,0.0,0.0,0.0,0.0,0.0,0.0,0.0,0.0,0.0,0.0,0.0,0.0,0.0,0.0,0.0,0.0,0.0,0.0,0.0,0.0,0.0,0.0,0.0,0.0,0.0,0.0,0.0,0.0,0.0,0.0,0.0,0.0,0.0,0.0,0.0,0.0,0.0,0.0,0.0,0.0,0.0
CHI,2009,1375,340,563,3677.0,27,27.0,34.0,203.0,5,1,4605.0,1600.0,170.0,-58.123835185763525,2,13.671035762946017,1.0601638859405713,374,1491.0,6,10.0,3.0,71.0,-37.65408429345206,0,340,556,3677.0,27,3.0,1.0,4615.0,1600.0,170.0,-15.747503882739196,2,161.0245045954456,16.0,16.0,35.199999999999996,2.0,925.88,1265.88,0.0,0.0,0.0,0.0,0.0,0.0,0.0,0.0,0.0,0.0,0.0,0.0,0.0,0.0,0.0,0.0,0.0,0.0,0.0,0.0,0.0,0.0,0.0,0.0,0.0,0.0,0.0,0.0,0.0,0.0,0.0,0.0,0.0,0.0,0.0,0.0,0.0,0.0,0.0,0.0,0.0,0.0,0.0,0.0,0.0,0.0,0.0,0.0,0.0,0.0,0.0,0.0,0.0,0.0,0.0,0.0,0.0,0.0,0.0,0.0,0.0,0.0,0.0,0.0,0.0,0.0,0.0,0.0,0.0,0.0,0.0,0.0,0.0,0.0,0.0,0.0,0.0,0.0,0.0,0.0,0.0,0.0,0.0,0.0,0.0,0.0,0.0,0.0,0.0,0.0,0.0,0.0
CHI,2010,1615,310,533,3904.0,26,25.0,61.0,410.0,11,5,4755.0,1741.0,184.0,-52.14968055435094,1,18.515897192521766,2.01099587039848,483,1875.0,14,1.0,1.0,92.0,-31.172006531681138,0,310,523,3904.0,26,8.0,4.0,4717.0,1741.0,184.0,41.67198975121362,1,110.44330076926671,18.0,18.0,39.6,3.0,1030.06,1340.06,0.0,0.0,0.0,0.0,0.0,0.0,0.0,0.0,0.0,0.0,0.0,0.0,0.0,0.0,0.0,0.0,0.0,0.0,0.0,0.0,0.0,0.0,0.0,0.0,0.0,0.0,0.0,0.0,0.0,0.0,0.0,0.0,0.0,0.0,0.0,0.0,0.0,0.0,0.0,0.0,0.0,0.0,0.0,0.0,0.0,0.0,0.0,0.0,0.0,0.0,0.0,0.0,0.0,0.0,0.0,0.0,0.0,0.0,0.0,0.0,0.0,0.0,0.0,0.0,0.0,0.0,0.0,0.0,0.0,0.0,0.0,0.0,0.0,0.0,0.0,0.0,0.0,0.0,0.0,0.0,0.0,0.0,0.0,0.0,0.0,0.0,0.0,0.0,0.0,0.0,0.0,0.0
CHI,2011,1366,268,473,3346.0,18,20.0,49.0,335.0,7,2,4190.0,1355.0,153.0,-60.71683474402725,0,14.158895884300632,1.017189975947512,456,2015.0,10,8.0,4.0,97.0,-36.791891281110395,1,268,466,3346.0,18,7.0,3.0,4170.0,1355.0,153.0,-2.890531037918991,0,67.62656558087545,16.0,16.0,35.199999999999996,3.0,871.94,1139.94,0.0,0.0,0.0,0.0,0.0,0.0,0.0,0.0,0.0,0.0,0.0,0.0,0.0,0.0,0.0,0.0,0.0,0.0,0.0,0.0,0.0,0.0,0.0,0.0,0.0,0.0,0.0,0.0,0.0,0.0,0.0,0.0,0.0,0.0,0.0,0.0,0.0,0.0,0.0,0.0,0.0,0.0,0.0,0.0,0.0,0.0,0.0,0.0,0.0,0.0,0.0,0.0,0.0,0.0,0.0,0.0,0.0,0.0,0.0,0.0,0.0,0.0,0.0,0.0,0.0,0.0,0.0,0.0,0.0,0.0,0.0,0.0,0.0,0.0,0.0,0.0,0.0,0.0,0.0,0.0,0.0,0.0,0.0,0.0,0.0,0.0,0.0,0.0,0.0,0.0,0.0,0.0
CHI,2012,1378,287,485,3298.0,21,16.0,44.0,299.0,9,4,4830.0,1231.0,163.0,-34.7122117286879,0,12.887578663354875,1.6642946515649126,470,1970.0,11,4.0,2.0,99.0,-26.178092321668363,1,287,484,3298.0,21,3.0,1.0,4825.0,1231.0,163.0,28.06009418050025,0,3.653960344446819,16.0,16.0,35.199999999999996,1.0,896.72,1183.72,0.0,0.0,0.0,0.0,0.0,0.0,0.0,0.0,0.0,0.0,0.0,0.0,0.0,0.0,0.0,0.0,0.0,0.0,0.0,0.0,0.0,0.0,0.0,0.0,0.0,0.0,0.0,0.0,0.0,0.0,0.0,0.0,0.0,0.0,0.0,0.0,0.0,0.0,0.0,0.0,0.0,0.0,0.0,0.0,0.0,0.0,0.0,0.0,0.0,0.0,0.0,0.0,0.0,0.0,0.0,0.0,0.0,0.0,0.0,0.0,0.0,0.0,0.0,0.0,0.0,0.0,0.0,0.0,0.0,0.0,0.0,0.0,0.0,0.0,0.0,0.0,0.0,0.0,0.0,0.0,0.0,0.0,0.0,0.0,0.0,0.0,0.0,0.0,0.0,0.0,0.0,0.0
CHI,2013,1159,373,579,4450.0,32,13.0,30.0,169.0,6,4,5030.0,1763.0,215.0,93.78528023332879,4,16.847941159935445,2.8930240718454194,404,1828.0,13,4.0,2.0,102.0,-6.706688001320368,1,373,570,4450.0,32,5.0,3.0,5006.0,1763.0,215.0,148.400043032113,4,93.9595442216818,16.0,16.0,35.2,1.0,1183.8,1556.8,0.0,0.0,0.0,0.0,0.0,0.0,0.0,0.0,0.0,0.0,0.0,0.0,0.0,0.0,0.0,0.0,0.0,0.0,0.0,0.0,0.0,0.0,0.0,0.0,0.0,0.0,0.0,0.0,0.0,0.0,0.0,0.0,0.0,0.0,0.0,0.0,0.0,0.0,0.0,0.0,0.0,0.0,0.0,0.0,0.0,0.0,0.0,0.0,0.0,0.0,0.0,0.0,0.0,0.0,0.0,0.0,0.0,0.0,0.0,0.0,0.0,0.0,0.0,0.0,0.0,0.0,0.0,0.0,0.0,0.0,0.0,0.0,0.0,0.0,0.0,0.0,0.0,0.0,0.0,0.0,0.0,0.0,0.0,0.0,0.0,0.0,0.0,0.0,0.0,0.0,0.0,0.0
CHI,2014,1151,396,609,4035.0,30,19.0,41.0,243.0,9,6,4474.0,2161.0,194.0,-39.103962563922735,4,15.737393863778983,1.1377366079474076,355,1441.0,8,6.0,1.0,91.0,-12.470854594694726,1,396,608,4035.0,30,3.0,3.0,4474.0,2161.0,194.0,24.669778452444113,4,244.35516067514624,16.0,16.0,35.199999999999996,1.0,1023.0,1419.0,0.0,0.0,0.0,0.0,0.0,0.0,0.0,0.0,0.0,0.0,0.0,0.0,0.0,0.0,0.0,0.0,0.0,0.0,0.0,0.0,0.0,0.0,0.0,0.0,0.0,0.0,0.0,0.0,0.0,0.0,0.0,0.0,0.0,0.0,0.0,0.0,0.0,0.0,0.0,0.0,0.0,0.0,0.0,0.0,0.0,0.0,0.0,0.0,0.0,0.0,0.0,0.0,0.0,0.0,0.0,0.0,0.0,0.0,0.0,0.0,0.0,0.0,0.0,0.0,0.0,0.0,0.0,0.0,0.0,0.0,0.0,0.0,0.0,0.0,0.0,0.0,0.0,0.0,0.0,0.0,0.0,0.0,0.0,0.0,0.0,0.0,0.0,0.0,0.0,0.0,0.0,0.0
CHI,2015,1291,334,523,3843.0,21,12.0,34.0,183.0,6,5,4327.0,1837.0,177.0,6.096541195294275,1,17.127116924939315,1.9112491559546119,468,1854.0,13,5.0,2.0,108.0,-27.5547426756843,1,334,519,3843.0,21,4.0,0.0,4307.0,1841.0,177.0,77.27557412420684,1,96.65011367169404,16.0,16.0,35.199999999999996,0.0,979.4200000000001,1313.42,0.0,0.0,0.0,0.0,0.0,0.0,0.0,0.0,0.0,0.0,0.0,0.0,0.0,0.0,0.0,0.0,0.0,0.0,0.0,0.0,0.0,0.0,0.0,0.0,0.0,0.0,0.0,0.0,0.0,0.0,0.0,0.0,0.0,0.0,0.0,0.0,0.0,0.0,0.0,0.0,0.0,0.0,0.0,0.0,0.0,0.0,0.0,0.0,0.0,0.0,0.0,0.0,0.0,0.0,0.0,0.0,0.0,0.0,0.0,0.0,0.0,0.0,0.0,0.0,0.0,0.0,0.0,0.0,0.0,0.0,0.0,0.0,0.0,0.0,0.0,0.0,0.0,0.0,0.0,0.0,0.0,0.0,0.0,0.0,0.0,0.0,0.0,0.0,0.0,0.0,0.0,0.0
CHI,2016,1453,347,559,4139.0,19,19.0,28.0,170.0,8,5,5153.0,1654.0,212.0,7.397014502923124,0,16.348917289191363,1.2025270768286576,380,1735.0,10,8.0,3.0,93.0,-37.862160134958685,0,347,550,4139.0,19,5.0,2.0,5050.0,1654.0,212.0,66.14462692413326,0,65.10796163775298,16.0,16.0,35.199999999999996,1.0,950.96,1297.96,0.0,0.0,0.0,0.0,0.0,0.0,0.0,0.0,0.0,0.0,0.0,0.0,0.0,0.0,0.0,0.0,0.0,0.0,0.0,0.0,0.0,0.0,0.0,0.0,0.0,0.0,0.0,0.0,0.0,0.0,0.0,0.0,0.0,0.0,0.0,0.0,0.0,0.0,0.0,0.0,0.0,0.0,0.0,0.0,0.0,0.0,0.0,0.0,0.0,0.0,0.0,0.0,0.0,0.0,0.0,0.0,0.0,0.0,0.0,0.0,0.0,0.0,0.0,0.0,0.0,0.0,0.0,0.0,0.0,0.0,0.0,0.0,0.0,0.0,0.0,0.0,0.0,0.0,0.0,0.0,0.0,0.0,0.0,0.0,0.0,0.0,0.0,0.0,0.0,0.0,0.0,0.0
CHI,2017,1414,291,473,3085.0,13,12.0,39.0,274.0,8,4,3487.0,1350.0,144.0,-60.65999426386761,0,21.775117230761165,0.45978742593725563,422,1788.0,13,10.0,4.0,93.0,-36.65670339434523,1,291,468,3083.0,13,1.0,0.0,3451.0,1348.0,144.0,13.978072582322397,0,71.79709254884982,16.0,16.0,35.199999999999996,2.0,792.5,1083.5,0.0,0.0,0.0,0.0,0.0,0.0,0.0,0.0,0.0,0.0,0.0,0.0,0.0,0.0,0.0,0.0,0.0,0.0,0.0,0.0,0.0,0.0,0.0,0.0,0.0,0.0,0.0,0.0,0.0,0.0,0.0,0.0,0.0,0.0,0.0,0.0,0.0,0.0,0.0,0.0,0.0,0.0,0.0,0.0,0.0,0.0,0.0,0.0,0.0,0.0,0.0,0.0,0.0,0.0,0.0,0.0,0.0,0.0,0.0,0.0,0.0,0.0,0.0,0.0,0.0,0.0,0.0,0.0,0.0,0.0,0.0,0.0,0.0,0.0,0.0,0.0,0.0,0.0,0.0,0.0,0.0,0.0,0.0,0.0,0.0,0.0,0.0,0.0,0.0,0.0,0.0,0.0
CHI,2018,1694,370,555,4050.0,29,14.0,35.0,195.0,6,2,4948.0,1661.0,189.0,55.86981797329097,4,15.28297562342902,2.2166398965868477,486,2003.0,16,9.0,4.0,111.0,-20.33043495446801,0,370,545,4050.0,29,4.0,4.0,4904.0,1661.0,189.0,101.9360156456347,4,119.234389929059,17.0,17.0,37.4,0.0,1121.3,1491.3,0.0,0.0,0.0,0.0,0.0,0.0,0.0,0.0,0.0,0.0,0.0,0.0,0.0,0.0,0.0,0.0,0.0,0.0,0.0,0.0,0.0,0.0,0.0,0.0,0.0,0.0,0.0,0.0,0.0,0.0,0.0,0.0,0.0,0.0,0.0,0.0,0.0,0.0,0.0,0.0,0.0,0.0,0.0,0.0,0.0,0.0,0.0,0.0,0.0,0.0,0.0,0.0,0.0,0.0,0.0,0.0,0.0,0.0,0.0,0.0,0.0,0.0,0.0,0.0,0.0,0.0,0.0,0.0,0.0,0.0,0.0,0.0,0.0,0.0,0.0,0.0,0.0,0.0,0.0,0.0,0.0,0.0,0.0,0.0,0.0,0.0,0.0,0.0,0.0,0.0,0.0,0.0
CHI,2019,1368,371,580,3573.0,20,12.0,45.0,282.0,3,2,4538.0,1538.0,178.0,-31.362323983541835,1,15.6721770075063,0.9311515013385713,395,1458.0,8,5.0,3.0,85.0,-62.15958204377863,0,371,566,3573.0,20,1.0,0.0,4373.0,1538.0,178.0,52.91842201240075,1,235.15578678322953,16.0,16.0,35.199999999999996,1.0,870.02,1241.02,0.0,0.0,0.0,0.0,0.0,0.0,0.0,0.0,0.0,0.0,0.0,0.0,0.0,0.0,0.0,0.0,0.0,0.0,0.0,0.0,0.0,0.0,0.0,0.0,0.0,0.0,0.0,0.0,0.0,0.0,0.0,0.0,0.0,0.0,0.0,0.0,0.0,0.0,0.0,0.0,0.0,0.0,0.0,0.0,0.0,0.0,0.0,0.0,0.0,0.0,0.0,0.0,0.0,0.0,0.0,0.0,0.0,0.0,0.0,0.0,0.0,0.0,0.0,0.0,0.0,0.0,0.0,0.0,0.0,0.0,0.0,0.0,0.0,0.0,0.0,0.0,0.0,0.0,0.0,0.0,0.0,0.0,0.0,0.0,0.0,0.0,0.0,0.0,0.0,0.0,0.0,0.0
CHI,2020,1607,421,643,4124.0,27,16.0,37.0,278.0,6,2,5148.0,1775.0,226.0,-9.657982423623551,1,15.876476818457169,1.3438192993873022,412,1695.0,12,1.0,0.0,96.0,-22.781175529922464,1,421,623,4124.0,27,5.0,3.0,5010.0,1778.0,226.0,57.54976807610898,1,216.06780065135223,17.0,17.0,37.4,1.0,1058.8600000000001,1479.8600000000001,0.0,0.0,0.0,0.0,0.0,0.0,0.0,0.0,0.0,0.0,0.0,0.0,0.0,0.0,0.0,0.0,0.0,0.0,0.0,0.0,0.0,0.0,0.0,0.0,0.0,0.0,0.0,0.0,0.0,0.0,0.0,0.0,0.0,0.0,0.0,0.0,0.0,0.0,0.0,0.0,0.0,0.0,0.0,0.0,0.0,0.0,0.0,0.0,0.0,0.0,0.0,0.0,0.0,0.0,0.0,0.0,0.0,0.0,0.0,0.0,0.0,0.0,0.0,0.0,0.0,0.0,0.0,0.0,0.0,0.0,0.0,0.0,0.0,0.0,0.0,0.0,0.0,0.0,0.0,0.0,0.0,0.0,0.0,0.0,0.0,0.0,0.0,0.0,0.0,0.0,0.0,0.0
CHI,2021,1590,332,542,3635.0,16,20.0,58.0,428.0,10,5,4495.0,1600.0,180.0,-94.83239353184635,3,19.2451765641572,1.0885323462776142,475,2018.0,14,6.0,2.0,119.0,-20.07169487785982,0,332,524,3635.0,16,1.0,0.0,4338.0,1600.0,180.0,37.59052061116849,3,75.2348729312273,17.0,17.0,37.4,2.0,924.7,1256.7,0.0,0.0,0.0,0.0,0.0,0.0,0.0,0.0,0.0,0.0,0.0,0.0,0.0,0.0,0.0,0.0,0.0,0.0,0.0,0.0,0.0,0.0,0.0,0.0,0.0,0.0,0.0,0.0,0.0,0.0,0.0,0.0,0.0,0.0,0.0,0.0,0.0,0.0,0.0,0.0,0.0,0.0,0.0,0.0,0.0,0.0,0.0,0.0,0.0,0.0,0.0,0.0,0.0,0.0,0.0,0.0,0.0,0.0,0.0,0.0,0.0,0.0,0.0,0.0,0.0,0.0,0.0,0.0,0.0,0.0,0.0,0.0,0.0,0.0,0.0,0.0,0.0,0.0,0.0,0.0,0.0,0.0,0.0,0.0,0.0,0.0,0.0,0.0,0.0,0.0,0.0,0.0
CHI,2022,1582,223,377,2598.0,19,15.0,58.0,379.0,7,2,3426.0,1150.0,109.0,-82.52858997559537,1,14.027959107726277,1.0205751295455951,558,3014.0,18,10.0,2.0,148.0,50.40234103817224,0,223,359,2598.0,19,6.0,4.0,3179.0,1150.0,109.0,7.033393354997248,1,166.49897276209143,17.0,17.0,37.4,0.0,921.12,1144.1200000000001,0.0,0.0,0.0,0.0,0.0,0.0,0.0,0.0,0.0,0.0,0.0,0.0,0.0,0.0,0.0,0.0,0.0,0.0,0.0,0.0,0.0,0.0,0.0,0.0,0.0,0.0,0.0,0.0,0.0,0.0,0.0,0.0,0.0,0.0,0.0,0.0,0.0,0.0,0.0,0.0,0.0,0.0,0.0,0.0,0.0,0.0,0.0,0.0,0.0,0.0,0.0,0.0,0.0,0.0,0.0,0.0,0.0,0.0,0.0,0.0,0.0,0.0,0.0,0.0,0.0,0.0,0.0,0.0,0.0,0.0,0.0,0.0,0.0,0.0,0.0,0.0,0.0,0.0,0.0,0.0,0.0,0.0,0.0,0.0,0.0,0.0,0.0,0.0,0.0,0.0,0.0,0.0
CHI,2023,1515,321,513,3421.0,19,15.0,50.0,325.0,10,5,3775.0,1722.0,169.0,-61.80865049815294,0,20.39798500609575,1.2507448459697488,534,2399.0,16,5.0,1.0,137.0,19.350676121320276,1,321,477,3421.0,19,4.0,3.0,3490.0,1722.0,169.0,49.966878779109315,0,-17.745954781976586,17.0,17.0,37.4,0.0,958.84,1279.84,0.0,0.0,0.0,0.0,0.0,0.0,0.0,0.0,0.0,0.0,0.0,0.0,0.0,0.0,0.0,0.0,0.0,0.0,0.0,0.0,0.0,0.0,0.0,0.0,0.0,0.0,0.0,0.0,0.0,0.0,0.0,0.0,0.0,0.0,0.0,0.0,0.0,0.0,0.0,0.0,0.0,0.0,0.0,0.0,0.0,0.0,0.0,0.0,0.0,0.0,0.0,0.0,0.0,0.0,0.0,0.0,0.0,0.0,0.0,0.0,0.0,0.0,0.0,0.0,0.0,0.0,0.0,0.0,0.0,0.0,0.0,0.0,0.0,0.0,0.0,0.0,0.0,0.0,0.0,0.0,0.0,0.0,0.0,0.0,0.0,0.0,0.0,0.0,0.0,0.0,0.0,0.0
CHI,2024,1312,353,566,3552.0,20,7.0,68.0,466.0,7,3,4534.0,1876.0,172.0,-49.8444112069482,3,17.246817432415504,1.290655966497992,431,1734.0,13,4.0,2.0,97.0,-27.37357769640331,0,353,526,3552.0,20,5.0,2.0,4167.0,1876.0,172.0,84.66006000928805,3,109.93117848923255,17.0,17.0,37.4,2.0,944.6800000000001,1297.68,0.0,0.0,0.0,0.0,0.0,0.0,0.0,0.0,0.0,0.0,0.0,0.0,0.0,0.0,0.0,0.0,0.0,0.0,0.0,0.0,0.0,0.0,0.0,0.0,0.0,0.0,0.0,0.0,0.0,0.0,0.0,0.0,0.0,0.0,0.0,0.0,0.0,0.0,0.0,0.0,0.0,0.0,0.0,0.0,0.0,0.0,0.0,0.0,0.0,0.0,0.0,0.0,0.0,0.0,0.0,0.0,0.0,0.0,0.0,0.0,0.0,0.0,0.0,0.0,0.0,0.0,0.0,0.0,0.0,0.0,0.0,0.0,0.0,0.0,0.0,0.0,0.0,0.0,0.0,0.0,0.0,0.0,0.0,0.0,0.0,0.0,0.0,0.0,0.0,0.0,0.0,0.0
CHI,2025,6951,381,664,4609.0,32,0.0,0.0,0.0,2,1,5886.0,2133.0,219.0,61.65275941550759,2,16.97606150105593,0.0,572,2704.0,20,9.0,2.0,158.0,24.506610628155407,2,381,620,4609.0,32,0.0,0.0,5464.0,2133.0,219.0,142.6453420367207,2,64.62739349760488,19.0,17.61361137802307,40.82952796461615,0.0,1337.66,1718.66,12.0,25.0,-174.0,-48.966497041927546,201.0,106.0,72.0,7.0,72.0,52.0,12.0,0.0,200.0,104.0,72.0,7.0,694.0,28.0,554.0,74.0,318.0,17.0,40.0,234.0,96.0,23.0,348.0,89.0,2.0,1.0,0.0,0.0,13.0,-49.0,10.0,-5.0,0.0,117.0,960.0,8.0,9.0,0.0,17.0,4.0,27.0,328.0,74.0,1949.0,37.0,43.0,4.0,2.0,708.0,15.016666666666666,0.0,6.0,12.0,14.0,5.0,0.0,0.0,0.0,1.0,1.0,2.0,0.0,1455.0,188.0,95.0,46.0,46.0,0.0,0.0,18.0,2.0,2.0,0.0,0.0,86.0,63.0,0.0,1009.0,3011.0,22.0,11.0,8.0,7.0,11.0,26.0,306.0,0.0,2565.0
CIN,2006,1270,327,523,4067.0,28,13.0,37.0,240.0,13,7,5065.0,1466.0,201.0,65.55248731589448,0,13.153057314120465,2.1362263817286835,434,1635.0,14,8.0,2.0,87.0,-38.523417858156535,0,327,327,4067.0,28,1.0,1.0,2601.0,1466.0,201.0,333.77847880186766,0,145.27986479943206,16.0,16.0,35.199999999999996,0.0,1050.88,1377.88,0.0,0.0,0.0,0.0,0.0,0.0,0.0,0.0,0.0,0.0,0.0,0.0,0.0,0.0,0.0,0.0,0.0,0.0,0.0,0.0,0.0,0.0,0.0,0.0,0.0,0.0,0.0,0.0,0.0,0.0,0.0,0.0,0.0,0.0,0.0,0.0,0.0,0.0,0.0,0.0,0.0,0.0,0.0,0.0,0.0,0.0,0.0,0.0,0.0,0.0,0.0,0.0,0.0,0.0,0.0,0.0,0.0,0.0,0.0,0.0,0.0,0.0,0.0,0.0,0.0,0.0,0.0,0.0,0.0,0.0,0.0,0.0,0.0,0.0,0.0,0.0,0.0,0.0,0.0,0.0,0.0,0.0,0.0,0.0,0.0,0.0,0.0,0.0,0.0,0.0,0.0,0.0
CIN,2007,1340,373,575,4130.0,26,20.0,17.0,119.0,4,1,5041.0,1742.0,213.0,60.22681372071517,0,14.243875951038314,2.2615549315997896,416,1556.0,10,6.0,3.0,81.0,-34.11193330592369,1,373,373,4130.0,26,5.0,3.0,2388.0,1742.0,213.0,320.6529769306367,0,79.3702362426825,16.0,16.0,35.199999999999996,2.0,1013.8000000000001,1386.8,0.0,0.0,0.0,0.0,0.0,0.0,0.0,0.0,0.0,0.0,0.0,0.0,0.0,0.0,0.0,0.0,0.0,0.0,0.0,0.0,0.0,0.0,0.0,0.0,0.0,0.0,0.0,0.0,0.0,0.0,0.0,0.0,0.0,0.0,0.0,0.0,0.0,0.0,0.0,0.0,0.0,0.0,0.0,0.0,0.0,0.0,0.0,0.0,0.0,0.0,0.0,0.0,0.0,0.0,0.0,0.0,0.0,0.0,0.0,0.0,0.0,0.0,0.0,0.0,0.0,0.0,0.0,0.0,0.0,0.0,0.0,0.0,0.0,0.0,0.0,0.0,0.0,0.0,0.0,0.0,0.0,0.0,0.0,0.0,0.0,0.0,0.0,0.0,0.0,0.0,0.0,0.0
CIN,2008,1173,304,514,2682.0,11,15.0,51.0,271.0,10,4,3688.0,1179.0,145.0,-107.14841792507491,0,14.479112159064213,0.6704580248142444,419,1515.0,6,10.0,5.0,80.0,-75.24258013929467,0,304,304,2682.0,11,2.0,1.0,1503.0,1179.0,145.0,188.53740055450544,0,164.1658916835025,16.0,16.0,35.2,0.0,622.98,926.98,0.0,0.0,0.0,0.0,0.0,0.0,0.0,0.0,0.0,0.0,0.0,0.0,0.0,0.0,0.0,0.0,0.0,0.0,0.0,0.0,0.0,0.0,0.0,0.0,0.0,0.0,0.0,0.0,0.0,0.0,0.0,0.0,0.0,0.0,0.0,0.0,0.0,0.0,0.0,0.0,0.0,0.0,0.0,0.0,0.0,0.0,0.0,0.0,0.0,0.0,0.0,0.0,0.0,0.0,0.0,0.0,0.0,0.0,0.0,0.0,0.0,0.0,0.0,0.0,0.0,0.0,0.0,0.0,0.0,0.0,0.0,0.0,0.0,0.0,0.0,0.0,0.0,0.0,0.0,0.0,0.0,0.0,0.0,0.0,0.0,0.0,0.0,0.0,0.0,0.0,0.0,0.0
CIN,2009,1641,304,513,3280.0,22,14.0,32.0,280.0,6,4,4164.0,1369.0,166.0,21.94908088413814,1,22.90373194024089,1.4412516518083263,527,2227.0,10,8.0,1.0,115.0,-24.65372545922436,1,304,503,3280.0,22,8.0,6.0,4110.0,1369.0,166.0,69.40409965610655,1,78.40369227569431,17.0,17.0,37.4,1.0,923.9000000000001,1227.9,0.0,0.0,0.0,0.0,0.0,0.0,0.0,0.0,0.0,0.0,0.0,0.0,0.0,0.0,0.0,0.0,0.0,0.0,0.0,0.0,0.0,0.0,0.0,0.0,0.0,0.0,0.0,0.0,0.0,0.0,0.0,0.0,0.0,0.0,0.0,0.0,0.0,0.0,0.0,0.0,0.0,0.0,0.0,0.0,0.0,0.0,0.0,0.0,0.0,0.0,0.0,0.0,0.0,0.0,0.0,0.0,0.0,0.0,0.0,0.0,0.0,0.0,0.0,0.0,0.0,0.0,0.0,0.0,0.0,0.0,0.0,0.0,0.0,0.0,0.0,0.0,0.0,0.0,0.0,0.0,0.0,0.0,0.0,0.0,0.0,0.0,0.0,0.0,0.0,0.0,0.0,0.0
CIN,2010,1339,365,590,3988.0,26,20.0,28.0,221.0,3,1,4951.0,1663.0,206.0,34.35956599970562,1,19.36529432129859,1.5983098218202463,428,1522.0,8,11.0,7.0,85.0,-77.00683122028207,1,365,586,3988.0,26,4.0,3.0,4951.0,1663.0,206.0,61.41369738026448,1,132.58235565836722,16.0,16.0,35.199999999999996,0.0,962.52,1327.52,0.0,0.0,0.0,0.0,0.0,0.0,0.0,0.0,0.0,0.0,0.0,0.0,0.0,0.0,0.0,0.0,0.0,0.0,0.0,0.0,0.0,0.0,0.0,0.0,0.0,0.0,0.0,0.0,0.0,0.0,0.0,0.0,0.0,0.0,0.0,0.0,0.0,0.0,0.0,0.0,0.0,0.0,0.0,0.0,0.0,0.0,0.0,0.0,0.0,0.0,0.0,0.0,0.0,0.0,0.0,0.0,0.0,0.0,0.0,0.0,0.0,0.0,0.0,0.0,0.0,0.0,0.0,0.0,0.0,0.0,0.0,0.0,0.0,0.0,0.0,0.0,0.0,0.0,0.0,0.0,0.0,0.0,0.0,0.0,0.0,0.0,0.0,0.0,0.0,0.0,0.0,0.0
CIN,2011,1591,335,577,3764.0,21,17.0,29.0,200.0,3,2,4760.0,1537.0,171.0,-14.05781104819776,0,15.235437084451643,0.9344782189994674,474,1854.0,11,8.0,2.0,101.0,-38.670420300880636,0,335,565,3764.0,21,2.0,1.0,4685.0,1537.0,171.0,34.44120667499701,0,40.23015260972758,17.0,17.0,37.4,1.0,950.36,1285.3600000000001,0.0,0.0,0.0,0.0,0.0,0.0,0.0,0.0,0.0,0.0,0.0,0.0,0.0,0.0,0.0,0.0,0.0,0.0,0.0,0.0,0.0,0.0,0.0,0.0,0.0,0.0,0.0,0.0,0.0,0.0,0.0,0.0,0.0,0.0,0.0,0.0,0.0,0.0,0.0,0.0,0.0,0.0,0.0,0.0,0.0,0.0,0.0,0.0,0.0,0.0,0.0,0.0,0.0,0.0,0.0,0.0,0.0,0.0,0.0,0.0,0.0,0.0,0.0,0.0,0.0,0.0,0.0,0.0,0.0,0.0,0.0,0.0,0.0,0.0,0.0,0.0,0.0,0.0,0.0,0.0,0.0,0.0,0.0,0.0,0.0,0.0,0.0,0.0,0.0,0.0,0.0,0.0
CIN,2012,1520,349,570,3934.0,28,17.0,48.0,238.0,4,4,5011.0,1735.0,178.0,-14.457012814398983,0,15.84591982972806,1.5808759943851547,446,1825.0,11,4.0,2.0,100.0,-4.79879023605214,0,349,558,3934.0,28,6.0,3.0,4949.0,1735.0,178.0,55.9561607435661,0,150.3092041289838,17.0,17.0,37.4,1.0,1033.26,1382.26,0.0,0.0,0.0,0.0,0.0,0.0,0.0,0.0,0.0,0.0,0.0,0.0,0.0,0.0,0.0,0.0,0.0,0.0,0.0,0.0,0.0,0.0,0.0,0.0,0.0,0.0,0.0,0.0,0.0,0.0,0.0,0.0,0.0,0.0,0.0,0.0,0.0,0.0,0.0,0.0,0.0,0.0,0.0,0.0,0.0,0.0,0.0,0.0,0.0,0.0,0.0,0.0,0.0,0.0,0.0,0.0,0.0,0.0,0.0,0.0,0.0,0.0,0.0,0.0,0.0,0.0,0.0,0.0,0.0,0.0,0.0,0.0,0.0,0.0,0.0,0.0,0.0,0.0,0.0,0.0,0.0,0.0,0.0,0.0,0.0,0.0,0.0,0.0,0.0,0.0,0.0,0.0
CIN,2013,1561,393,638,4652.0,34,22.0,32.0,190.0,3,3,5481.0,2212.0,225.0,60.10606702535121,0,16.614550209947453,2.0636345233335396,506,1868.0,14,9.0,4.0,107.0,-31.717721604782234,0,393,622,4652.0,34,7.0,5.0,5418.0,2212.0,225.0,103.80247037424901,0,178.26824642021595,17.0,17.0,37.4,1.0,1200.08,1593.0800000000002,0.0,0.0,0.0,0.0,0.0,0.0,0.0,0.0,0.0,0.0,0.0,0.0,0.0,0.0,0.0,0.0,0.0,0.0,0.0,0.0,0.0,0.0,0.0,0.0,0.0,0.0,0.0,0.0,0.0,0.0,0.0,0.0,0.0,0.0,0.0,0.0,0.0,0.0,0.0,0.0,0.0,0.0,0.0,0.0,0.0,0.0,0.0,0.0,0.0,0.0,0.0,0.0,0.0,0.0,0.0,0.0,0.0,0.0,0.0,0.0,0.0,0.0,0.0,0.0,0.0,0.0,0.0,0.0,0.0,0.0,0.0,0.0,0.0,0.0,0.0,0.0,0.0,0.0,0.0,0.0,0.0,0.0,0.0,0.0,0.0,0.0,0.0,0.0,0.0,0.0,0.0,0.0
CIN,2014,1518,341,538,3706.0,20,17.0,26.0,141.0,3,3,4194.0,1923.0,171.0,-15.885827503375893,1,20.432726357361847,1.6312579432592376,513,2257.0,20,8.0,3.0,128.0,-7.98474409909039,0,341,527,3706.0,20,7.0,3.0,4153.0,1923.0,171.0,36.01632635297882,1,97.71857567305939,17.0,17.0,37.4,0.0,1016.5400000000001,1357.54,0.0,0.0,0.0,0.0,0.0,0.0,0.0,0.0,0.0,0.0,0.0,0.0,0.0,0.0,0.0,0.0,0.0,0.0,0.0,0.0,0.0,0.0,0.0,0.0,0.0,0.0,0.0,0.0,0.0,0.0,0.0,0.0,0.0,0.0,0.0,0.0,0.0,0.0,0.0,0.0,0.0,0.0,0.0,0.0,0.0,0.0,0.0,0.0,0.0,0.0,0.0,0.0,0.0,0.0,0.0,0.0,0.0,0.0,0.0,0.0,0.0,0.0,0.0,0.0,0.0,0.0,0.0,0.0,0.0,0.0,0.0,0.0,0.0,0.0,0.0,0.0,0.0,0.0,0.0,0.0,0.0,0.0,0.0,0.0,0.0,0.0,0.0,0.0,0.0,0.0,0.0,0.0
CIN,2015,1565,357,546,4316.0,32,10.0,35.0,205.0,4,3,4748.0,1871.0,202.0,117.71021906809074,0,19.170975270540254,2.9253940129444773,491,1896.0,19,10.0,6.0,104.0,-61.35914167704073,1,357,534,4316.0,32,4.0,2.0,4696.0,1871.0,202.0,181.07055371540997,0,73.82781991473163,17.0,17.0,37.4,0.0,1187.8400000000001,1544.8400000000001,0.0,0.0,0.0,0.0,0.0,0.0,0.0,0.0,0.0,0.0,0.0,0.0,0.0,0.0,0.0,0.0,0.0,0.0,0.0,0.0,0.0,0.0,0.0,0.0,0.0,0.0,0.0,0.0,0.0,0.0,0.0,0.0,0.0,0.0,0.0,0.0,0.0,0.0,0.0,0.0,0.0,0.0,0.0,0.0,0.0,0.0,0.0,0.0,0.0,0.0,0.0,0.0,0.0,0.0,0.0,0.0,0.0,0.0,0.0,0.0,0.0,0.0,0.0,0.0,0.0,0.0,0.0,0.0,0.0,0.0,0.0,0.0,0.0,0.0,0.0,0.0,0.0,0.0,0.0,0.0,0.0,0.0,0.0,0.0,0.0,0.0,0.0,0.0,0.0,0.0,0.0,0.0
CIN,2016,1265,364,563,4206.0,18,8.0,41.0,264.0,4,1,4416.0,1820.0,204.0,63.68831079074759,0,15.88304212605391,2.0033303875642843,446,1769.0,17,5.0,2.0,100.0,-10.034059794278486,0,364,542,4206.0,18,4.0,4.0,4316.0,1820.0,204.0,124.52038286332724,0,108.10584331805966,16.0,16.0,35.199999999999996,0.0,1017.74,1381.74,0.0,0.0,0.0,0.0,0.0,0.0,0.0,0.0,0.0,0.0,0.0,0.0,0.0,0.0,0.0,0.0,0.0,0.0,0.0,0.0,0.0,0.0,0.0,0.0,0.0,0.0,0.0,0.0,0.0,0.0,0.0,0.0,0.0,0.0,0.0,0.0,0.0,0.0,0.0,0.0,0.0,0.0,0.0,0.0,0.0,0.0,0.0,0.0,0.0,0.0,0.0,0.0,0.0,0.0,0.0,0.0,0.0,0.0,0.0,0.0,0.0,0.0,0.0,0.0,0.0,0.0,0.0,0.0,0.0,0.0,0.0,0.0,0.0,0.0,0.0,0.0,0.0,0.0,0.0,0.0,0.0,0.0,0.0,0.0,0.0,0.0,0.0,0.0,0.0,0.0,0.0,0.0
CIN,2017,1402,304,510,3386.0,25,12.0,40.0,264.0,3,3,4169.0,1761.0,165.0,-33.58777376191097,0,15.304463930007561,1.2741507368423568,377,1366.0,6,4.0,3.0,72.0,-56.391704858696585,0,304,488,3378.0,25,6.0,3.0,4026.0,1753.0,165.0,42.77886400464257,0,91.41772406725855,16.0,16.0,35.199999999999996,0.0,853.84,1157.8400000000001,0.0,0.0,0.0,0.0,0.0,0.0,0.0,0.0,0.0,0.0,0.0,0.0,0.0,0.0,0.0,0.0,0.0,0.0,0.0,0.0,0.0,0.0,0.0,0.0,0.0,0.0,0.0,0.0,0.0,0.0,0.0,0.0,0.0,0.0,0.0,0.0,0.0,0.0,0.0,0.0,0.0,0.0,0.0,0.0,0.0,0.0,0.0,0.0,0.0,0.0,0.0,0.0,0.0,0.0,0.0,0.0,0.0,0.0,0.0,0.0,0.0,0.0,0.0,0.0,0.0,0.0,0.0,0.0,0.0,0.0,0.0,0.0,0.0,0.0,0.0,0.0,0.0,0.0,0.0,0.0,0.0,0.0,0.0,0.0,0.0,0.0,0.0,0.0,0.0,0.0,0.0,0.0
CIN,2018,1370,331,542,3569.0,27,13.0,37.0,279.0,4,1,4359.0,1648.0,182.0,12.604216381055302,1,17.05718162672284,1.1741805007266737,359,1682.0,13,2.0,0.0,92.0,-19.322158674434824,0,331,529,3569.0,27,2.0,1.0,4323.0,1648.0,182.0,83.41365040183565,1,34.03075750859168,16.0,16.0,35.2,0.0,989.86,1320.8600000000001,0.0,0.0,0.0,0.0,0.0,0.0,0.0,0.0,0.0,0.0,0.0,0.0,0.0,0.0,0.0,0.0,0.0,0.0,0.0,0.0,0.0,0.0,0.0,0.0,0.0,0.0,0.0,0.0,0.0,0.0,0.0,0.0,0.0,0.0,0.0,0.0,0.0,0.0,0.0,0.0,0.0,0.0,0.0,0.0,0.0,0.0,0.0,0.0,0.0,0.0,0.0,0.0,0.0,0.0,0.0,0.0,0.0,0.0,0.0,0.0,0.0,0.0,0.0,0.0,0.0,0.0,0.0,0.0,0.0,0.0,0.0,0.0,0.0,0.0,0.0,0.0,0.0,0.0,0.0,0.0,0.0,0.0,0.0,0.0,0.0,0.0,0.0,0.0,0.0,0.0,0.0,0.0
CIN,2019,1307,356,616,3994.0,18,16.0,48.0,342.0,9,7,5022.0,1753.0,191.0,-66.90653780645226,1,13.882712377017723,0.49699264623638695,385,1517.0,9,3.0,0.0,85.0,-33.52649709865493,1,356,589,3994.0,18,7.0,5.0,4838.0,1753.0,191.0,29.693029000036432,1,56.59132922589509,16.0,16.0,35.2,1.0,900.86,1256.8600000000001,0.0,0.0,0.0,0.0,0.0,0.0,0.0,0.0,0.0,0.0,0.0,0.0,0.0,0.0,0.0,0.0,0.0,0.0,0.0,0.0,0.0,0.0,0.0,0.0,0.0,0.0,0.0,0.0,0.0,0.0,0.0,0.0,0.0,0.0,0.0,0.0,0.0,0.0,0.0,0.0,0.0,0.0,0.0,0.0,0.0,0.0,0.0,0.0,0.0,0.0,0.0,0.0,0.0,0.0,0.0,0.0,0.0,0.0,0.0,0.0,0.0,0.0,0.0,0.0,0.0,0.0,0.0,0.0,0.0,0.0,0.0,0.0,0.0,0.0,0.0,0.0,0.0,0.0,0.0,0.0,0.0,0.0,0.0,0.0,0.0,0.0,0.0,0.0,0.0,0.0,0.0,0.0
CIN,2020,1474,372,581,3793.0,19,11.0,48.0,345.0,6,4,4727.0,1792.0,201.0,15.570270283083765,0,18.775531098372902,1.5574189630676483,411,1668.0,13,8.0,5.0,92.0,-46.78306225516812,0,372,566,3793.0,19,4.0,3.0,4610.0,1792.0,201.0,89.5061067279017,0,145.50238964599947,16.0,16.0,35.199999999999996,1.0,925.82,1297.82,0.0,0.0,0.0,0.0,0.0,0.0,0.0,0.0,0.0,0.0,0.0,0.0,0.0,0.0,0.0,0.0,0.0,0.0,0.0,0.0,0.0,0.0,0.0,0.0,0.0,0.0,0.0,0.0,0.0,0.0,0.0,0.0,0.0,0.0,0.0,0.0,0.0,0.0,0.0,0.0,0.0,0.0,0.0,0.0,0.0,0.0,0.0,0.0,0.0,0.0,0.0,0.0,0.0,0.0,0.0,0.0,0.0,0.0,0.0,0.0,0.0,0.0,0.0,0.0,0.0,0.0,0.0,0.0,0.0,0.0,0.0,0.0,0.0,0.0,0.0,0.0,0.0,0.0,0.0,0.0,0.0,0.0,0.0,0.0,0.0,0.0,0.0,0.0,0.0,0.0,0.0,0.0
CIN,2021,2142,482,698,5917.0,42,16.0,74.0,540.0,5,2,5282.0,3047.0,257.0,94.07014392540961,2,26.36300944734829,2.8631946911736255,526,2085.0,17,2.0,1.0,117.0,-37.371522257122834,0,482,676,5917.0,42,5.0,2.0,5224.0,3047.0,257.0,221.4300552538285,2,205.95559394296092,21.0,21.0,46.199999999999996,0.0,1524.88,2006.88,0.0,0.0,0.0,0.0,0.0,0.0,0.0,0.0,0.0,0.0,0.0,0.0,0.0,0.0,0.0,0.0,0.0,0.0,0.0,0.0,0.0,0.0,0.0,0.0,0.0,0.0,0.0,0.0,0.0,0.0,0.0,0.0,0.0,0.0,0.0,0.0,0.0,0.0,0.0,0.0,0.0,0.0,0.0,0.0,0.0,0.0,0.0,0.0,0.0,0.0,0.0,0.0,0.0,0.0,0.0,0.0,0.0,0.0,0.0,0.0,0.0,0.0,0.0,0.0,0.0,0.0,0.0,0.0,0.0,0.0,0.0,0.0,0.0,0.0,0.0,0.0,0.0,0.0,0.0,0.0,0.0,0.0,0.0,0.0,0.0,0.0,0.0,0.0,0.0,0.0,0.0,0.0
CIN,2022,1795,490,719,5241.0,39,14.0,54.0,340.0,6,3,4920.0,2490.0,257.0,101.21796045630754,4,24.130927129999918,2.5213599368252817,468,1822.0,17,0.0,0.0,120.0,-13.610834325011869,0,490,695,5241.0,39,3.0,3.0,4837.0,2488.0,257.0,204.03004640199322,4,109.58457865506807,19.0,19.0,41.8,0.0,1383.94,1873.94,0.0,0.0,0.0,0.0,0.0,0.0,0.0,0.0,0.0,0.0,0.0,0.0,0.0,0.0,0.0,0.0,0.0,0.0,0.0,0.0,0.0,0.0,0.0,0.0,0.0,0.0,0.0,0.0,0.0,0.0,0.0,0.0,0.0,0.0,0.0,0.0,0.0,0.0,0.0,0.0,0.0,0.0,0.0,0.0,0.0,0.0,0.0,0.0,0.0,0.0,0.0,0.0,0.0,0.0,0.0,0.0,0.0,0.0,0.0,0.0,0.0,0.0,0.0,0.0,0.0,0.0,0.0,0.0,0.0,0.0,0.0,0.0,0.0,0.0,0.0,0.0,0.0,0.0,0.0,0.0,0.0,0.0,0.0,0.0,0.0,0.0,0.0,0.0,0.0,0.0,0.0,0.0
CIN,2023,1785,420,615,4257.0,27,14.0,50.0,362.0,5,1,3878.0,2368.0,208.0,12.248734793142885,1,21.39776414667141,1.8970649461342821,383,1527.0,12,1.0,0.0,90.0,-24.686269278267797,0,420,592,4257.0,27,3.0,1.0,3736.0,2368.0,208.0,114.42144194972784,1,69.6278337780419,17.0,17.0,37.4,1.0,1068.68,1488.68,0.0,0.0,0.0,0.0,0.0,0.0,0.0,0.0,0.0,0.0,0.0,0.0,0.0,0.0,0.0,0.0,0.0,0.0,0.0,0.0,0.0,0.0,0.0,0.0,0.0,0.0,0.0,0.0,0.0,0.0,0.0,0.0,0.0,0.0,0.0,0.0,0.0,0.0,0.0,0.0,0.0,0.0,0.0,0.0,0.0,0.0,0.0,0.0,0.0,0.0,0.0,0.0,0.0,0.0,0.0,0.0,0.0,0.0,0.0,0.0,0.0,0.0,0.0,0.0,0.0,0.0,0.0,0.0,0.0,0.0,0.0,0.0,0.0,0.0,0.0,0.0,0.0,0.0,0.0,0.0,0.0,0.0,0.0,0.0,0.0,0.0,0.0,0.0,0.0,0.0,0.0,0.0
CIN,2024,1449,460,652,4918.0,43,9.0,48.0,278.0,9,5,4614.0,2192.0,253.0,117.02095542445556,0,18.955063153779086,2.784136555093941,380,1574.0,11,6.0,2.0,88.0,-10.566695408275205,1,460,628,4918.0,43,5.0,3.0,4525.0,2192.0,253.0,222.63757036180652,0,165.6573164714021,17.0,17.0,37.4,1.0,1311.92,1771.92,0.0,0.0,0.0,0.0,0.0,0.0,0.0,0.0,0.0,0.0,0.0,0.0,0.0,0.0,0.0,0.0,0.0,0.0,0.0,0.0,0.0,0.0,0.0,0.0,0.0,0.0,0.0,0.0,0.0,0.0,0.0,0.0,0.0,0.0,0.0,0.0,0.0,0.0,0.0,0.0,0.0,0.0,0.0,0.0,0.0,0.0,0.0,0.0,0.0,0.0,0.0,0.0,0.0,0.0,0.0,0.0,0.0,0.0,0.0,0.0,0.0,0.0,0.0,0.0,0.0,0.0,0.0,0.0,0.0,0.0,0.0,0.0,0.0,0.0,0.0,0.0,0.0,0.0,0.0,0.0,0.0,0.0,0.0,0.0,0.0,0.0,0.0,0.0,0.0,0.0,0.0,0.0
CIN,2025,5434,412,640,4244.0,36,0.0,0.0,0.0,2,1,4707.0,1954.0,213.0,13.347914985647936,2,20.792250856799264,0.0,381,1591.0,11,4.0,2.0,102.0,7.009361444607248,0,412,608,4244.0,36,6.0,4.0,4565.0,1954.0,213.0,67.33135669777508,2,96.37968267145423,17.0,16.505436656000253,37.05380565920017,1.0,1145.26,1557.26,17.0,36.0,-239.0,76.21323089490973,173.0,78.0,47.0,5.0,37.0,27.0,8.0,0.0,173.0,78.0,47.0,5.0,603.0,18.0,582.0,56.0,239.0,11.0,34.0,195.0,79.0,13.0,125.0,76.0,1.0,0.0,0.0,0.0,5.0,0.0,7.0,11.0,0.0,76.0,573.0,12.0,0.0,0.0,12.0,7.0,23.0,220.0,81.0,2058.0,25.0,28.0,3.0,0.0,613.0,13.0,0.0,4.0,6.0,10.0,4.0,1.0,0.0,0.0,0.0,0.0,2.0,1.0,1018.0,177.0,0.0,41.0,44.0,2.0,1.0,12.8,1.0,1.0,0.0,0.0,36.0,65.0,0.0,1019.0,3285.0,28.0,4.0,10.0,11.0,12.0,28.0,277.0,0.0,2788.0
CLE,2006,1364,317,510,3242.0,15,25.0,54.0,349.0,7,5,3766.0,1533.0,153.0,-113.21503098124771,0,17.31237227913566,1.5700237703821809,373,1340.0,7,11.0,9.0,72.0,-74.83822769160507,0,317,317,3242.0,15,2.0,1.0,1709.0,1533.0,153.0,218.10157631041005,0,72.16559602074389,16.0,16.0,35.199999999999996,1.0,705.88,1022.88,0.0,0.0,0.0,0.0,0.0,0.0,0.0,0.0,0.0,0.0,0.0,0.0,0.0,0.0,0.0,0.0,0.0,0.0,0.0,0.0,0.0,0.0,0.0,0.0,0.0,0.0,0.0,0.0,0.0,0.0,0.0,0.0,0.0,0.0,0.0,0.0,0.0,0.0,0.0,0.0,0.0,0.0,0.0,0.0,0.0,0.0,0.0,0.0,0.0,0.0,0.0,0.0,0.0,0.0,0.0,0.0,0.0,0.0,0.0,0.0,0.0,0.0,0.0,0.0,0.0,0.0,0.0,0.0,0.0,0.0,0.0,0.0,0.0,0.0,0.0,0.0,0.0,0.0,0.0,0.0,0.0,0.0,0.0,0.0,0.0,0.0,0.0,0.0,0.0,0.0,0.0,0.0
CLE,2007,1309,305,545,3865.0,29,20.0,20.0,146.0,4,1,4294.0,1631.0,192.0,30.360182802731536,2,16.9938963474236,1.3058509489467711,439,1901.0,13,7.0,4.0,110.0,-32.973503828822714,0,305,306,3865.0,29,6.0,3.0,2236.0,1631.0,192.0,320.2232693688411,2,189.56188988768878,16.0,16.0,35.199999999999996,3.0,1069.2,1374.2,0.0,0.0,0.0,0.0,0.0,0.0,0.0,0.0,0.0,0.0,0.0,0.0,0.0,0.0,0.0,0.0,0.0,0.0,0.0,0.0,0.0,0.0,0.0,0.0,0.0,0.0,0.0,0.0,0.0,0.0,0.0,0.0,0.0,0.0,0.0,0.0,0.0,0.0,0.0,0.0,0.0,0.0,0.0,0.0,0.0,0.0,0.0,0.0,0.0,0.0,0.0,0.0,0.0,0.0,0.0,0.0,0.0,0.0,0.0,0.0,0.0,0.0,0.0,0.0,0.0,0.0,0.0,0.0,0.0,0.0,0.0,0.0,0.0,0.0,0.0,0.0,0.0,0.0,0.0,0.0,0.0,0.0,0.0,0.0,0.0,0.0,0.0,0.0,0.0,0.0,0.0,0.0
CLE,2008,1452,238,488,2541.0,11,20.0,25.0,160.0,4,1,3707.0,1204.0,127.0,-108.41981036895753,2,12.843256655742739,-0.06897595910332159,408,1604.0,6,8.0,1.0,84.0,-26.18948998104557,0,238,240,2541.0,11,4.0,3.0,1341.0,1194.0,127.0,191.52540412957498,2,148.93217124922546,16.0,16.0,35.2,1.0,626.14,864.14,0.0,0.0,0.0,0.0,0.0,0.0,0.0,0.0,0.0,0.0,0.0,0.0,0.0,0.0,0.0,0.0,0.0,0.0,0.0,0.0,0.0,0.0,0.0,0.0,0.0,0.0,0.0,0.0,0.0,0.0,0.0,0.0,0.0,0.0,0.0,0.0,0.0,0.0,0.0,0.0,0.0,0.0,0.0,0.0,0.0,0.0,0.0,0.0,0.0,0.0,0.0,0.0,0.0,0.0,0.0,0.0,0.0,0.0,0.0,0.0,0.0,0.0,0.0,0.0,0.0,0.0,0.0,0.0,0.0,0.0,0.0,0.0,0.0,0.0,0.0,0.0,0.0,0.0,0.0,0.0,0.0,0.0,0.0,0.0,0.0,0.0,0.0,0.0,0.0,0.0,0.0,0.0
CLE,2009,1455,219,443,2255.0,11,18.0,30.0,179.0,6,4,3719.0,1058.0,118.0,-124.37635286497613,0,18.04495648137805,0.18086988368199142,498,2087.0,10,6.0,4.0,102.0,-37.830364982351675,1,219,437,2255.0,11,5.0,4.0,3673.0,1058.0,118.0,-76.88153067040918,0,87.0717247405963,16.0,16.0,35.199999999999996,4.0,660.4,879.4,0.0,0.0,0.0,0.0,0.0,0.0,0.0,0.0,0.0,0.0,0.0,0.0,0.0,0.0,0.0,0.0,0.0,0.0,0.0,0.0,0.0,0.0,0.0,0.0,0.0,0.0,0.0,0.0,0.0,0.0,0.0,0.0,0.0,0.0,0.0,0.0,0.0,0.0,0.0,0.0,0.0,0.0,0.0,0.0,0.0,0.0,0.0,0.0,0.0,0.0,0.0,0.0,0.0,0.0,0.0,0.0,0.0,0.0,0.0,0.0,0.0,0.0,0.0,0.0,0.0,0.0,0.0,0.0,0.0,0.0,0.0,0.0,0.0,0.0,0.0,0.0,0.0,0.0,0.0,0.0,0.0,0.0,0.0,0.0,0.0,0.0,0.0,0.0,0.0,0.0,0.0,0.0
CLE,2010,1351,296,478,3203.0,13,18.0,35.0,214.0,3,1,3903.0,1485.0,154.0,-31.496026524092706,0,21.69877740090971,1.4849595979996295,414,1647.0,13,14.0,6.0,87.0,-47.33635192001905,0,296,468,3203.0,13,4.0,3.0,3846.0,1485.0,154.0,19.50556775583426,0,94.16531464034959,16.0,16.0,35.199999999999996,0.0,765.12,1061.1200000000001,0.0,0.0,0.0,0.0,0.0,0.0,0.0,0.0,0.0,0.0,0.0,0.0,0.0,0.0,0.0,0.0,0.0,0.0,0.0,0.0,0.0,0.0,0.0,0.0,0.0,0.0,0.0,0.0,0.0,0.0,0.0,0.0,0.0,0.0,0.0,0.0,0.0,0.0,0.0,0.0,0.0,0.0,0.0,0.0,0.0,0.0,0.0,0.0,0.0,0.0,0.0,0.0,0.0,0.0,0.0,0.0,0.0,0.0,0.0,0.0,0.0,0.0,0.0,0.0,0.0,0.0,0.0,0.0,0.0,0.0,0.0,0.0,0.0,0.0,0.0,0.0,0.0,0.0,0.0,0.0,0.0,0.0,0.0,0.0,0.0,0.0,0.0,0.0,0.0,0.0,0.0,0.0
CLE,2011,1444,320,570,3300.0,16,13.0,39.0,210.0,6,2,4206.0,1391.0,173.0,-57.81019015432963,0,15.623854445138576,0.3217457889859075,415,1531.0,4,10.0,3.0,77.0,-44.72744418455838,0,320,562,3300.0,16,2.0,0.0,4179.0,1391.0,173.0,5.0111601879441245,0,93.20663300461419,16.0,16.0,35.199999999999996,1.0,769.1,1089.1000000000001,0.0,0.0,0.0,0.0,0.0,0.0,0.0,0.0,0.0,0.0,0.0,0.0,0.0,0.0,0.0,0.0,0.0,0.0,0.0,0.0,0.0,0.0,0.0,0.0,0.0,0.0,0.0,0.0,0.0,0.0,0.0,0.0,0.0,0.0,0.0,0.0,0.0,0.0,0.0,0.0,0.0,0.0,0.0,0.0,0.0,0.0,0.0,0.0,0.0,0.0,0.0,0.0,0.0,0.0,0.0,0.0,0.0,0.0,0.0,0.0,0.0,0.0,0.0,0.0,0.0,0.0,0.0,0.0,0.0,0.0,0.0,0.0,0.0,0.0,0.0,0.0,0.0,0.0,0.0,0.0,0.0,0.0,0.0,0.0,0.0,0.0,0.0,0.0,0.0,0.0,0.0,0.0
CLE,2012,1577,328,566,3668.0,16,18.0,36.0,233.0,5,2,4258.0,1860.0,185.0,-39.57353750670795,0,15.793956750213557,0.7407855648314731,396,1593.0,12,7.0,0.0,71.0,-14.168092206431165,0,328,562,3677.0,16,4.0,3.0,4242.0,1877.0,184.0,8.913291385912961,0,76.08417366935123,16.0,16.0,35.2,1.0,865.72,1193.72,0.0,0.0,0.0,0.0,0.0,0.0,0.0,0.0,0.0,0.0,0.0,0.0,0.0,0.0,0.0,0.0,0.0,0.0,0.0,0.0,0.0,0.0,0.0,0.0,0.0,0.0,0.0,0.0,0.0,0.0,0.0,0.0,0.0,0.0,0.0,0.0,0.0,0.0,0.0,0.0,0.0,0.0,0.0,0.0,0.0,0.0,0.0,0.0,0.0,0.0,0.0,0.0,0.0,0.0,0.0,0.0,0.0,0.0,0.0,0.0,0.0,0.0,0.0,0.0,0.0,0.0,0.0,0.0,0.0,0.0,0.0,0.0,0.0,0.0,0.0,0.0,0.0,0.0,0.0,0.0,0.0,0.0,0.0,0.0,0.0,0.0,0.0,0.0,0.0,0.0,0.0,0.0
CLE,2013,1444,379,681,4372.0,26,20.0,49.0,325.0,9,4,5651.0,1975.0,200.0,-63.86868405382796,1,15.474414333318586,0.7736676101649566,348,1383.0,4,2.0,2.0,77.0,-12.848837566017384,0,379,670,4372.0,26,2.0,1.0,5587.0,1975.0,200.0,21.351014213947643,1,226.58590833488694,16.0,16.0,35.199999999999996,1.0,990.38,1369.38,0.0,0.0,0.0,0.0,0.0,0.0,0.0,0.0,0.0,0.0,0.0,0.0,0.0,0.0,0.0,0.0,0.0,0.0,0.0,0.0,0.0,0.0,0.0,0.0,0.0,0.0,0.0,0.0,0.0,0.0,0.0,0.0,0.0,0.0,0.0,0.0,0.0,0.0,0.0,0.0,0.0,0.0,0.0,0.0,0.0,0.0,0.0,0.0,0.0,0.0,0.0,0.0,0.0,0.0,0.0,0.0,0.0,0.0,0.0,0.0,0.0,0.0,0.0,0.0,0.0,0.0,0.0,0.0,0.0,0.0,0.0,0.0,0.0,0.0,0.0,0.0,0.0,0.0,0.0,0.0,0.0,0.0,0.0,0.0,0.0,0.0,0.0,0.0,0.0,0.0,0.0,0.0
CLE,2014,1462,274,502,3678.0,12,16.0,31.0,213.0,3,1,5030.0,1544.0,179.0,-20.40971435942164,0,14.059466398531631,0.8368925954830689,477,1728.0,17,7.0,4.0,88.0,-58.64838339482376,0,274,499,3678.0,12,0.0,0.0,5026.0,1544.0,179.0,32.79454859835582,0,154.55699312217928,16.0,16.0,35.2,0.0,867.72,1141.72,0.0,0.0,0.0,0.0,0.0,0.0,0.0,0.0,0.0,0.0,0.0,0.0,0.0,0.0,0.0,0.0,0.0,0.0,0.0,0.0,0.0,0.0,0.0,0.0,0.0,0.0,0.0,0.0,0.0,0.0,0.0,0.0,0.0,0.0,0.0,0.0,0.0,0.0,0.0,0.0,0.0,0.0,0.0,0.0,0.0,0.0,0.0,0.0,0.0,0.0,0.0,0.0,0.0,0.0,0.0,0.0,0.0,0.0,0.0,0.0,0.0,0.0,0.0,0.0,0.0,0.0,0.0,0.0,0.0,0.0,0.0,0.0,0.0,0.0,0.0,0.0,0.0,0.0,0.0,0.0,0.0,0.0,0.0,0.0,0.0,0.0,0.0,0.0,0.0,0.0,0.0,0.0
CLE,2015,1380,371,609,4156.0,20,12.0,53.0,374.0,13,8,4871.0,1956.0,192.0,-37.435032680520656,2,17.338562102352974,1.3804254902791517,380,1529.0,5,5.0,4.0,81.0,-39.195723808453366,0,371,601,4156.0,20,6.0,3.0,4832.0,1953.0,192.0,67.52048023108955,2,60.5204856008219,16.0,16.0,35.2,1.0,924.74,1295.74,0.0,0.0,0.0,0.0,0.0,0.0,0.0,0.0,0.0,0.0,0.0,0.0,0.0,0.0,0.0,0.0,0.0,0.0,0.0,0.0,0.0,0.0,0.0,0.0,0.0,0.0,0.0,0.0,0.0,0.0,0.0,0.0,0.0,0.0,0.0,0.0,0.0,0.0,0.0,0.0,0.0,0.0,0.0,0.0,0.0,0.0,0.0,0.0,0.0,0.0,0.0,0.0,0.0,0.0,0.0,0.0,0.0,0.0,0.0,0.0,0.0,0.0,0.0,0.0,0.0,0.0,0.0,0.0,0.0,0.0,0.0,0.0,0.0,0.0,0.0,0.0,0.0,0.0,0.0,0.0,0.0,0.0,0.0,0.0,0.0,0.0,0.0,0.0,0.0,0.0,0.0,0.0
CLE,2016,1437,338,567,3693.0,15,14.0,66.0,429.0,8,5,4852.0,1694.0,181.0,-36.915671942729944,2,25.499647889646948,1.4395574781048928,350,1712.0,13,12.0,5.0,83.0,-35.28605982442319,0,338,558,3693.0,15,2.0,0.0,4834.0,1694.0,181.0,89.81700915223834,2,140.73148940422956,16.0,16.0,35.199999999999996,0.0,876.22,1214.22,0.0,0.0,0.0,0.0,0.0,0.0,0.0,0.0,0.0,0.0,0.0,0.0,0.0,0.0,0.0,0.0,0.0,0.0,0.0,0.0,0.0,0.0,0.0,0.0,0.0,0.0,0.0,0.0,0.0,0.0,0.0,0.0,0.0,0.0,0.0,0.0,0.0,0.0,0.0,0.0,0.0,0.0,0.0,0.0,0.0,0.0,0.0,0.0,0.0,0.0,0.0,0.0,0.0,0.0,0.0,0.0,0.0,0.0,0.0,0.0,0.0,0.0,0.0,0.0,0.0,0.0,0.0,0.0,0.0,0.0,0.0,0.0,0.0,0.0,0.0,0.0,0.0,0.0,0.0,0.0,0.0,0.0,0.0,0.0,0.0,0.0,0.0,0.0,0.0,0.0,0.0,0.0
CLE,2017,1492,312,574,3537.0,15,28.0,50.0,309.0,7,5,5188.0,1743.0,157.0,-142.87584097321448,0,14.915146204272586,1.054941666118785,384,1714.0,11,5.0,2.0,97.0,-4.694922470474262,1,312,566,3537.0,15,4.0,4.0,5155.0,1743.0,157.0,-68.62397333405576,0,4.863323965979615,16.0,16.0,35.2,0.0,806.58,1118.58,0.0,0.0,0.0,0.0,0.0,0.0,0.0,0.0,0.0,0.0,0.0,0.0,0.0,0.0,0.0,0.0,0.0,0.0,0.0,0.0,0.0,0.0,0.0,0.0,0.0,0.0,0.0,0.0,0.0,0.0,0.0,0.0,0.0,0.0,0.0,0.0,0.0,0.0,0.0,0.0,0.0,0.0,0.0,0.0,0.0,0.0,0.0,0.0,0.0,0.0,0.0,0.0,0.0,0.0,0.0,0.0,0.0,0.0,0.0,0.0,0.0,0.0,0.0,0.0,0.0,0.0,0.0,0.0,0.0,0.0,0.0,0.0,0.0,0.0,0.0,0.0,0.0,0.0,0.0,0.0,0.0,0.0,0.0,0.0,0.0,0.0,0.0,0.0,0.0,0.0,0.0,0.0
CLE,2018,1396,353,574,4261.0,29,17.0,38.0,254.0,5,2,5450.0,1911.0,189.0,6.7626935959951275,2,15.090242107294527,1.7218829988211826,411,1893.0,15,6.0,1.0,93.0,-16.635500230821815,2,353,557,4261.0,29,6.0,3.0,5324.0,1913.0,189.0,68.41794362949724,2,81.58603263282453,16.0,16.0,35.199999999999996,0.0,1131.8400000000001,1484.8400000000001,0.0,0.0,0.0,0.0,0.0,0.0,0.0,0.0,0.0,0.0,0.0,0.0,0.0,0.0,0.0,0.0,0.0,0.0,0.0,0.0,0.0,0.0,0.0,0.0,0.0,0.0,0.0,0.0,0.0,0.0,0.0,0.0,0.0,0.0,0.0,0.0,0.0,0.0,0.0,0.0,0.0,0.0,0.0,0.0,0.0,0.0,0.0,0.0,0.0,0.0,0.0,0.0,0.0,0.0,0.0,0.0,0.0,0.0,0.0,0.0,0.0,0.0,0.0,0.0,0.0,0.0,0.0,0.0,0.0,0.0,0.0,0.0,0.0,0.0,0.0,0.0,0.0,0.0,0.0,0.0,0.0,0.0,0.0,0.0,0.0,0.0,0.0,0.0,0.0,0.0,0.0,0.0
CLE,2019,1369,319,540,3903.0,23,21.0,41.0,293.0,4,2,4651.0,1863.0,181.0,-6.34908793953827,1,15.769676523897019,1.192361698548924,394,1920.0,15,5.0,2.0,91.0,-22.32373601212617,0,319,518,3903.0,23,2.0,2.0,4463.0,1863.0,181.0,65.19399536294333,1,122.54007026106875,16.0,16.0,35.199999999999996,0.0,1008.4200000000001,1327.42,0.0,0.0,0.0,0.0,0.0,0.0,0.0,0.0,0.0,0.0,0.0,0.0,0.0,0.0,0.0,0.0,0.0,0.0,0.0,0.0,0.0,0.0,0.0,0.0,0.0,0.0,0.0,0.0,0.0,0.0,0.0,0.0,0.0,0.0,0.0,0.0,0.0,0.0,0.0,0.0,0.0,0.0,0.0,0.0,0.0,0.0,0.0,0.0,0.0,0.0,0.0,0.0,0.0,0.0,0.0,0.0,0.0,0.0,0.0,0.0,0.0,0.0,0.0,0.0,0.0,0.0,0.0,0.0,0.0,0.0,0.0,0.0,0.0,0.0,0.0,0.0,0.0,0.0,0.0,0.0,0.0,0.0,0.0,0.0,0.0,0.0,0.0,0.0,0.0,0.0,0.0,0.0
CLE,2020,1656,359,572,4168.0,31,9.0,27.0,170.0,4,3,4656.0,1667.0,218.0,107.23745232546295,1,22.526398172306553,2.629340995327005,548,2613.0,24,7.0,3.0,149.0,1.3653322643171002,1,359,535,4168.0,31,7.0,2.0,4445.0,1667.0,218.0,169.34312321923218,1,119.88294257890576,18.0,18.0,39.6,0.0,1270.8200000000002,1629.8200000000002,0.0,0.0,0.0,0.0,0.0,0.0,0.0,0.0,0.0,0.0,0.0,0.0,0.0,0.0,0.0,0.0,0.0,0.0,0.0,0.0,0.0,0.0,0.0,0.0,0.0,0.0,0.0,0.0,0.0,0.0,0.0,0.0,0.0,0.0,0.0,0.0,0.0,0.0,0.0,0.0,0.0,0.0,0.0,0.0,0.0,0.0,0.0,0.0,0.0,0.0,0.0,0.0,0.0,0.0,0.0,0.0,0.0,0.0,0.0,0.0,0.0,0.0,0.0,0.0,0.0,0.0,0.0,0.0,0.0,0.0,0.0,0.0,0.0,0.0,0.0,0.0,0.0,0.0,0.0,0.0,0.0,0.0,0.0,0.0,0.0,0.0,0.0,0.0,0.0,0.0,0.0,0.0
CLE,2021,1555,320,520,3619.0,21,14.0,49.0,299.0,7,5,4292.0,1760.0,177.0,-17.356115227810736,2,16.936448456264177,1.4174267865735295,485,2471.0,20,5.0,1.0,138.0,25.671291706904633,1,320,499,3608.0,21,3.0,2.0,4127.0,1749.0,177.0,88.29369737984692,2,41.28983369610325,17.0,17.0,37.4,0.0,1048.66,1368.66,0.0,0.0,0.0,0.0,0.0,0.0,0.0,0.0,0.0,0.0,0.0,0.0,0.0,0.0,0.0,0.0,0.0,0.0,0.0,0.0,0.0,0.0,0.0,0.0,0.0,0.0,0.0,0.0,0.0,0.0,0.0,0.0,0.0,0.0,0.0,0.0,0.0,0.0,0.0,0.0,0.0,0.0,0.0,0.0,0.0,0.0,0.0,0.0,0.0,0.0,0.0,0.0,0.0,0.0,0.0,0.0,0.0,0.0,0.0,0.0,0.0,0.0,0.0,0.0,0.0,0.0,0.0,0.0,0.0,0.0,0.0,0.0,0.0,0.0,0.0,0.0,0.0,0.0,0.0,0.0,0.0,0.0,0.0,0.0,0.0,0.0,0.0,0.0,0.0,0.0,0.0,0.0
CLE,2022,1531,335,540,3710.0,19,12.0,44.0,266.0,5,3,4453.0,1593.0,182.0,-9.1785221653351,0,16.306113427805656,1.5805181638007715,532,2490.0,19,4.0,2.0,142.0,23.468146159148112,1,335,507,3710.0,19,3.0,3.0,4171.0,1593.0,182.0,73.23175779320604,0,113.75255825949043,17.0,17.0,37.4,1.0,1040.4,1375.4,0.0,0.0,0.0,0.0,0.0,0.0,0.0,0.0,0.0,0.0,0.0,0.0,0.0,0.0,0.0,0.0,0.0,0.0,0.0,0.0,0.0,0.0,0.0,0.0,0.0,0.0,0.0,0.0,0.0,0.0,0.0,0.0,0.0,0.0,0.0,0.0,0.0,0.0,0.0,0.0,0.0,0.0,0.0,0.0,0.0,0.0,0.0,0.0,0.0,0.0,0.0,0.0,0.0,0.0,0.0,0.0,0.0,0.0,0.0,0.0,0.0,0.0,0.0,0.0,0.0,0.0,0.0,0.0,0.0,0.0,0.0,0.0,0.0,0.0,0.0,0.0,0.0,0.0,0.0,0.0,0.0,0.0,0.0,0.0,0.0,0.0,0.0,0.0,0.0,0.0,0.0,0.0
CLE,2023,1922,389,670,4318.0,25,25.0,49.0,357.0,10,4,5613.0,1983.0,187.0,-122.81911257382993,1,15.612938307092884,0.5017681276405939,538,2073.0,16,7.0,4.0,125.0,-54.98659379427401,5,389,640,4318.0,25,5.0,4.0,5345.0,1983.0,187.0,-21.183062079780576,1,206.66495357838406,18.0,18.0,39.6,0.0,1097.82,1486.82,0.0,0.0,0.0,0.0,0.0,0.0,0.0,0.0,0.0,0.0,0.0,0.0,0.0,0.0,0.0,0.0,0.0,0.0,0.0,0.0,0.0,0.0,0.0,0.0,0.0,0.0,0.0,0.0,0.0,0.0,0.0,0.0,0.0,0.0,0.0,0.0,0.0,0.0,0.0,0.0,0.0,0.0,0.0,0.0,0.0,0.0,0.0,0.0,0.0,0.0,0.0,0.0,0.0,0.0,0.0,0.0,0.0,0.0,0.0,0.0,0.0,0.0,0.0,0.0,0.0,0.0,0.0,0.0,0.0,0.0,0.0,0.0,0.0,0.0,0.0,0.0,0.0,0.0,0.0,0.0,0.0,0.0,0.0,0.0,0.0,0.0,0.0,0.0,0.0,0.0,0.0,0.0
CLE,2024,1645,395,661,3879.0,19,23.0,66.0,373.0,10,5,5139.0,1711.0,180.0,-177.42918532804433,5,15.666644544208605,0.7636721243282805,391,1608.0,8,6.0,3.0,93.0,-25.846051966612833,0,395,634,3879.0,19,2.0,1.0,5002.0,1711.0,180.0,-40.948369324625844,5,63.462286045029714,17.0,17.0,37.4,1.0,903.86,1298.8600000000001,0.0,0.0,0.0,0.0,0.0,0.0,0.0,0.0,0.0,0.0,0.0,0.0,0.0,0.0,0.0,0.0,0.0,0.0,0.0,0.0,0.0,0.0,0.0,0.0,0.0,0.0,0.0,0.0,0.0,0.0,0.0,0.0,0.0,0.0,0.0,0.0,0.0,0.0,0.0,0.0,0.0,0.0,0.0,0.0,0.0,0.0,0.0,0.0,0.0,0.0,0.0,0.0,0.0,0.0,0.0,0.0,0.0,0.0,0.0,0.0,0.0,0.0,0.0,0.0,0.0,0.0,0.0,0.0,0.0,0.0,0.0,0.0,0.0,0.0,0.0,0.0,0.0,0.0,0.0,0.0,0.0,0.0,0.0,0.0,0.0,0.0,0.0,0.0,0.0,0.0,0.0,0.0
CLE,2025,5709,323,558,3152.0,16,0.0,0.0,0.0,4,3,3785.0,1732.0,134.0,-164.18732132383388,0,21.033294556396978,0.0,421,1649.0,10,1.0,1.0,100.0,-22.132469403225144,1,323,522,3152.0,16,3.0,2.0,3591.0,1732.0,134.0,-52.077358904856865,0,72.23774341444802,17.0,16.034856315915665,36.724399421140966,0.0,780.1800000000001,1103.18,18.0,51.0,-345.0,-106.99381667451298,123.0,63.0,35.0,7.0,41.0,31.0,6.0,1.0,123.0,63.0,35.0,7.0,562.0,41.0,577.0,117.0,486.0,15.0,53.0,377.0,113.0,11.0,292.0,65.0,3.0,5.0,0.0,0.0,7.0,-1.0,7.0,47.0,1.0,95.0,778.0,7.0,7.0,0.0,14.0,7.0,32.0,232.0,67.0,1587.0,24.0,27.0,3.0,0.0,657.0,14.0,0.0,4.0,10.0,5.0,5.0,0.0,0.0,0.0,1.0,1.0,1.0,0.0,922.0,139.0,0.0,25.0,26.0,1.0,0.0,13.5,2.0,2.0,0.0,0.0,104.0,91.0,2.0,930.0,4165.0,23.0,14.0,8.0,11.0,17.0,41.0,522.0,2.0,3423.0
DAL,2006,1356,327,535,4256.0,27,21.0,39.0,252.0,9,4,4909.0,1512.0,205.0,78.3731231066512,1,17.64305813389582,2.348801657916568,499,2052.0,21,7.0,2.0,112.0,-14.400262331372808,1,327,327,4256.0,27,3.0,1.0,2730.0,1512.0,205.0,373.26977987603317,1,168.53055602062065,17.0,17.0,37.4,2.0,1159.04,1486.04,0.0,0.0,0.0,0.0,0.0,0.0,0.0,0.0,0.0,0.0,0.0,0.0,0.0,0.0,0.0,0.0,0.0,0.0,0.0,0.0,0.0,0.0,0.0,0.0,0.0,0.0,0.0,0.0,0.0,0.0,0.0,0.0,0.0,0.0,0.0,0.0,0.0,0.0,0.0,0.0,0.0,0.0,0.0,0.0,0.0,0.0,0.0,0.0,0.0,0.0,0.0,0.0,0.0,0.0,0.0,0.0,0.0,0.0,0.0,0.0,0.0,0.0,0.0,0.0,0.0,0.0,0.0,0.0,0.0,0.0,0.0,0.0,0.0,0.0,0.0,0.0,0.0,0.0,0.0,0.0,0.0,0.0,0.0,0.0,0.0,0.0,0.0,0.0,0.0,0.0,0.0,0.0
DAL,2007,1327,360,567,4491.0,37,20.0,28.0,206.0,7,1,4765.0,1791.0,229.0,140.99779940822728,0,17.849740766269605,2.9480254576543525,450,1897.0,15,3.0,1.0,91.0,-10.951546726513246,0,360,360,4491.0,37,4.0,2.0,2700.0,1791.0,229.0,383.35743651968534,0,235.87557901267536,17.0,17.0,37.4,1.0,1236.44,1596.44,0.0,0.0,0.0,0.0,0.0,0.0,0.0,0.0,0.0,0.0,0.0,0.0,0.0,0.0,0.0,0.0,0.0,0.0,0.0,0.0,0.0,0.0,0.0,0.0,0.0,0.0,0.0,0.0,0.0,0.0,0.0,0.0,0.0,0.0,0.0,0.0,0.0,0.0,0.0,0.0,0.0,0.0,0.0,0.0,0.0,0.0,0.0,0.0,0.0,0.0,0.0,0.0,0.0,0.0,0.0,0.0,0.0,0.0,0.0,0.0,0.0,0.0,0.0,0.0,0.0,0.0,0.0,0.0,0.0,0.0,0.0,0.0,0.0,0.0,0.0,0.0,0.0,0.0,0.0,0.0,0.0,0.0,0.0,0.0,0.0,0.0,0.0,0.0,0.0,0.0,0.0,0.0
DAL,2008,1183,328,548,3988.0,29,20.0,31.0,199.0,8,4,4998.0,1790.0,171.0,21.368245582514263,0,16.703310857708924,1.6379340893057737,401,1723.0,12,9.0,4.0,102.0,-19.505412463285502,0,328,328,3988.0,29,7.0,3.0,2198.0,1783.0,171.0,299.9163895916671,0,91.2220188960964,16.0,16.0,35.199999999999996,1.0,1036.6200000000001,1364.6200000000001,0.0,0.0,0.0,0.0,0.0,0.0,0.0,0.0,0.0,0.0,0.0,0.0,0.0,0.0,0.0,0.0,0.0,0.0,0.0,0.0,0.0,0.0,0.0,0.0,0.0,0.0,0.0,0.0,0.0,0.0,0.0,0.0,0.0,0.0,0.0,0.0,0.0,0.0,0.0,0.0,0.0,0.0,0.0,0.0,0.0,0.0,0.0,0.0,0.0,0.0,0.0,0.0,0.0,0.0,0.0,0.0,0.0,0.0,0.0,0.0,0.0,0.0,0.0,0.0,0.0,0.0,0.0,0.0,0.0,0.0,0.0,0.0,0.0,0.0,0.0,0.0,0.0,0.0,0.0,0.0,0.0,0.0,0.0,0.0,0.0,0.0,0.0,0.0,0.0,0.0,0.0,0.0
DAL,2009,1853,392,620,4925.0,28,10.0,42.0,254.0,6,5,4518.0,2534.0,226.0,108.97100969070115,0,19.94745792882749,2.248770957556093,496,2393.0,16,7.0,3.0,126.0,-8.901883346785564,1,392,613,4925.0,28,3.0,2.0,4479.0,2534.0,226.0,181.08618603976274,0,73.44665161915027,18.0,18.0,39.6,2.0,1278.8,1670.8,0.0,0.0,0.0,0.0,0.0,0.0,0.0,0.0,0.0,0.0,0.0,0.0,0.0,0.0,0.0,0.0,0.0,0.0,0.0,0.0,0.0,0.0,0.0,0.0,0.0,0.0,0.0,0.0,0.0,0.0,0.0,0.0,0.0,0.0,0.0,0.0,0.0,0.0,0.0,0.0,0.0,0.0,0.0,0.0,0.0,0.0,0.0,0.0,0.0,0.0,0.0,0.0,0.0,0.0,0.0,0.0,0.0,0.0,0.0,0.0,0.0,0.0,0.0,0.0,0.0,0.0,0.0,0.0,0.0,0.0,0.0,0.0,0.0,0.0,0.0,0.0,0.0,0.0,0.0,0.0,0.0,0.0,0.0,0.0,0.0,0.0,0.0,0.0,0.0,0.0,0.0,0.0
DAL,2010,1447,379,576,4208.0,29,19.0,31.0,166.0,4,1,3912.0,2279.0,201.0,40.82467253370501,2,21.099667203645026,1.9123580918138603,428,1786.0,10,5.0,2.0,104.0,-18.244210861890004,0,379,568,4197.0,29,8.0,5.0,3875.0,2259.0,200.0,76.21011633910311,2,28.251120567422706,16.0,16.0,35.199999999999996,3.0,1088.6200000000001,1467.6200000000001,0.0,0.0,0.0,0.0,0.0,0.0,0.0,0.0,0.0,0.0,0.0,0.0,0.0,0.0,0.0,0.0,0.0,0.0,0.0,0.0,0.0,0.0,0.0,0.0,0.0,0.0,0.0,0.0,0.0,0.0,0.0,0.0,0.0,0.0,0.0,0.0,0.0,0.0,0.0,0.0,0.0,0.0,0.0,0.0,0.0,0.0,0.0,0.0,0.0,0.0,0.0,0.0,0.0,0.0,0.0,0.0,0.0,0.0,0.0,0.0,0.0,0.0,0.0,0.0,0.0,0.0,0.0,0.0,0.0,0.0,0.0,0.0,0.0,0.0,0.0,0.0,0.0,0.0,0.0,0.0,0.0,0.0,0.0,0.0,0.0,0.0,0.0,0.0,0.0,0.0,0.0,0.0
DAL,2011,1390,376,570,4453.0,33,12.0,39.0,252.0,5,3,4366.0,2063.0,219.0,88.93281395789863,0,17.965587738387057,2.40988150012765,408,1807.0,5,8.0,3.0,91.0,-41.196248009815406,0,376,562,4453.0,33,5.0,3.0,4353.0,2053.0,219.0,147.3033845723754,0,96.32492748725528,16.0,16.0,35.2,0.0,1122.1200000000001,1498.1200000000001,0.0,0.0,0.0,0.0,0.0,0.0,0.0,0.0,0.0,0.0,0.0,0.0,0.0,0.0,0.0,0.0,0.0,0.0,0.0,0.0,0.0,0.0,0.0,0.0,0.0,0.0,0.0,0.0,0.0,0.0,0.0,0.0,0.0,0.0,0.0,0.0,0.0,0.0,0.0,0.0,0.0,0.0,0.0,0.0,0.0,0.0,0.0,0.0,0.0,0.0,0.0,0.0,0.0,0.0,0.0,0.0,0.0,0.0,0.0,0.0,0.0,0.0,0.0,0.0,0.0,0.0,0.0,0.0,0.0,0.0,0.0,0.0,0.0,0.0,0.0,0.0,0.0,0.0,0.0,0.0,0.0,0.0,0.0,0.0,0.0,0.0,0.0,0.0,0.0,0.0,0.0,0.0
DAL,2012,1498,434,658,4992.0,29,19.0,36.0,263.0,3,3,5782.0,1976.0,237.0,90.11018574397079,2,15.861909880918336,2.5310961431930403,355,1265.0,8,6.0,3.0,76.0,-36.226447437432995,1,432,648,4981.0,29,4.0,2.0,5677.0,1982.0,236.0,145.95281667692907,2,137.873140361629,16.0,16.0,35.199999999999996,1.0,1124.28,1556.28,0.0,0.0,0.0,0.0,0.0,0.0,0.0,0.0,0.0,0.0,0.0,0.0,0.0,0.0,0.0,0.0,0.0,0.0,0.0,0.0,0.0,0.0,0.0,0.0,0.0,0.0,0.0,0.0,0.0,0.0,0.0,0.0,0.0,0.0,0.0,0.0,0.0,0.0,0.0,0.0,0.0,0.0,0.0,0.0,0.0,0.0,0.0,0.0,0.0,0.0,0.0,0.0,0.0,0.0,0.0,0.0,0.0,0.0,0.0,0.0,0.0,0.0,0.0,0.0,0.0,0.0,0.0,0.0,0.0,0.0,0.0,0.0,0.0,0.0,0.0,0.0,0.0,0.0,0.0,0.0,0.0,0.0,0.0,0.0,0.0,0.0,0.0,0.0,0.0,0.0,0.0,0.0
DAL,2013,1287,375,586,4226.0,33,12.0,35.0,272.0,2,1,4673.0,2007.0,213.0,63.69986148703782,1,15.364272543925829,1.6653104891290096,336,1504.0,12,5.0,1.0,80.0,5.225756232049742,0,375,580,4226.0,33,8.0,4.0,4662.0,2007.0,213.0,106.67305821321392,1,124.78441862465621,16.0,16.0,35.2,1.0,1118.04,1493.04,0.0,0.0,0.0,0.0,0.0,0.0,0.0,0.0,0.0,0.0,0.0,0.0,0.0,0.0,0.0,0.0,0.0,0.0,0.0,0.0,0.0,0.0,0.0,0.0,0.0,0.0,0.0,0.0,0.0,0.0,0.0,0.0,0.0,0.0,0.0,0.0,0.0,0.0,0.0,0.0,0.0,0.0,0.0,0.0,0.0,0.0,0.0,0.0,0.0,0.0,0.0,0.0,0.0,0.0,0.0,0.0,0.0,0.0,0.0,0.0,0.0,0.0,0.0,0.0,0.0,0.0,0.0,0.0,0.0,0.0,0.0,0.0,0.0,0.0,0.0,0.0,0.0,0.0,0.0,0.0,0.0,0.0,0.0,0.0,0.0,0.0,0.0,0.0,0.0,0.0,0.0,0.0
DAL,2014,1676,362,526,4492.0,41,11.0,40.0,296.0,7,2,4648.0,2085.0,225.0,159.59239907122364,0,22.4228072430616,3.8304988599125744,557,2572.0,18,10.0,7.0,119.0,-21.04410551004088,0,362,521,4492.0,41,5.0,4.0,4586.0,2085.0,225.0,211.77107746806448,0,59.62553331471087,18.0,18.0,39.6,0.0,1356.08,1718.08,0.0,0.0,0.0,0.0,0.0,0.0,0.0,0.0,0.0,0.0,0.0,0.0,0.0,0.0,0.0,0.0,0.0,0.0,0.0,0.0,0.0,0.0,0.0,0.0,0.0,0.0,0.0,0.0,0.0,0.0,0.0,0.0,0.0,0.0,0.0,0.0,0.0,0.0,0.0,0.0,0.0,0.0,0.0,0.0,0.0,0.0,0.0,0.0,0.0,0.0,0.0,0.0,0.0,0.0,0.0,0.0,0.0,0.0,0.0,0.0,0.0,0.0,0.0,0.0,0.0,0.0,0.0,0.0,0.0,0.0,0.0,0.0,0.0,0.0,0.0,0.0,0.0,0.0,0.0,0.0,0.0,0.0,0.0,0.0,0.0,0.0,0.0,0.0,0.0,0.0,0.0,0.0
DAL,2015,1453,334,528,3677.0,16,22.0,33.0,206.0,3,1,4053.0,1769.0,175.0,-47.18778794334687,1,19.99792805975077,1.5298701167615982,408,1890.0,8,7.0,3.0,94.0,-10.008070782013833,0,334,519,3677.0,16,4.0,4.0,4018.0,1769.0,175.0,-12.729417121798917,1,140.84582600317506,16.0,16.0,35.199999999999996,1.0,861.78,1195.78,0.0,0.0,0.0,0.0,0.0,0.0,0.0,0.0,0.0,0.0,0.0,0.0,0.0,0.0,0.0,0.0,0.0,0.0,0.0,0.0,0.0,0.0,0.0,0.0,0.0,0.0,0.0,0.0,0.0,0.0,0.0,0.0,0.0,0.0,0.0,0.0,0.0,0.0,0.0,0.0,0.0,0.0,0.0,0.0,0.0,0.0,0.0,0.0,0.0,0.0,0.0,0.0,0.0,0.0,0.0,0.0,0.0,0.0,0.0,0.0,0.0,0.0,0.0,0.0,0.0,0.0,0.0,0.0,0.0,0.0,0.0,0.0,0.0,0.0,0.0,0.0,0.0,0.0,0.0,0.0,0.0,0.0,0.0,0.0,0.0,0.0,0.0,0.0,0.0,0.0,0.0,0.0
DAL,2016,1561,349,521,4101.0,28,7.0,30.0,179.0,6,4,4289.0,1755.0,207.0,120.62222445563687,0,25.730873088197885,3.0645122431413627,523,2534.0,24,8.0,2.0,149.0,27.044953922086755,1,349,516,4101.0,28,4.0,3.0,4276.0,1755.0,207.0,164.28766165892944,0,92.73743856139035,17.0,17.0,37.4,0.0,1221.54,1570.54,0.0,0.0,0.0,0.0,0.0,0.0,0.0,0.0,0.0,0.0,0.0,0.0,0.0,0.0,0.0,0.0,0.0,0.0,0.0,0.0,0.0,0.0,0.0,0.0,0.0,0.0,0.0,0.0,0.0,0.0,0.0,0.0,0.0,0.0,0.0,0.0,0.0,0.0,0.0,0.0,0.0,0.0,0.0,0.0,0.0,0.0,0.0,0.0,0.0,0.0,0.0,0.0,0.0,0.0,0.0,0.0,0.0,0.0,0.0,0.0,0.0,0.0,0.0,0.0,0.0,0.0,0.0,0.0,0.0,0.0,0.0,0.0,0.0,0.0,0.0,0.0,0.0,0.0,0.0,0.0,0.0,0.0,0.0,0.0,0.0,0.0,0.0,0.0,0.0,0.0,0.0,0.0
DAL,2017,1446,309,493,3326.0,22,13.0,32.0,185.0,4,3,3943.0,1364.0,162.0,-33.6070728892649,0,16.389321973951244,1.6515358880437256,480,2170.0,18,1.0,1.0,127.0,33.23809281150032,0,309,485,3326.0,22,2.0,2.0,3872.0,1364.0,162.0,23.743110646188462,0,91.13401446828891,16.0,16.0,35.2,1.0,978.64,1287.64,0.0,0.0,0.0,0.0,0.0,0.0,0.0,0.0,0.0,0.0,0.0,0.0,0.0,0.0,0.0,0.0,0.0,0.0,0.0,0.0,0.0,0.0,0.0,0.0,0.0,0.0,0.0,0.0,0.0,0.0,0.0,0.0,0.0,0.0,0.0,0.0,0.0,0.0,0.0,0.0,0.0,0.0,0.0,0.0,0.0,0.0,0.0,0.0,0.0,0.0,0.0,0.0,0.0,0.0,0.0,0.0,0.0,0.0,0.0,0.0,0.0,0.0,0.0,0.0,0.0,0.0,0.0,0.0,0.0,0.0,0.0,0.0,0.0,0.0,0.0,0.0,0.0,0.0,0.0,0.0,0.0,0.0,0.0,0.0,0.0,0.0,0.0,0.0,0.0,0.0,0.0,0.0
DAL,2018,1823,398,592,4377.0,24,9.0,58.0,365.0,8,5,4463.0,2110.0,206.0,28.194952583459816,2,18.271243385143237,1.732482206038035,495,2177.0,17,10.0,2.0,128.0,-1.5151457212924662,1,398,581,4377.0,24,4.0,2.0,4364.0,2110.0,206.0,121.16429282625805,2,73.39880596666245,18.0,18.0,39.6,0.0,1146.48,1544.48,0.0,0.0,0.0,0.0,0.0,0.0,0.0,0.0,0.0,0.0,0.0,0.0,0.0,0.0,0.0,0.0,0.0,0.0,0.0,0.0,0.0,0.0,0.0,0.0,0.0,0.0,0.0,0.0,0.0,0.0,0.0,0.0,0.0,0.0,0.0,0.0,0.0,0.0,0.0,0.0,0.0,0.0,0.0,0.0,0.0,0.0,0.0,0.0,0.0,0.0,0.0,0.0,0.0,0.0,0.0,0.0,0.0,0.0,0.0,0.0,0.0,0.0,0.0,0.0,0.0,0.0,0.0,0.0,0.0,0.0,0.0,0.0,0.0,0.0,0.0,0.0,0.0,0.0,0.0,0.0,0.0,0.0,0.0,0.0,0.0,0.0,0.0,0.0,0.0,0.0,0.0,0.0
DAL,2019,1337,388,597,4902.0,30,11.0,23.0,151.0,4,2,5613.0,1880.0,229.0,124.13209911247644,1,15.23896719646261,2.255387153962143,449,2153.0,18,7.0,3.0,120.0,12.07938532785212,1,388,576,4902.0,30,4.0,2.0,5353.0,1880.0,229.0,175.91775118929178,1,82.3326581474848,16.0,16.0,35.2,0.0,1279.5800000000002,1667.5800000000002,0.0,0.0,0.0,0.0,0.0,0.0,0.0,0.0,0.0,0.0,0.0,0.0,0.0,0.0,0.0,0.0,0.0,0.0,0.0,0.0,0.0,0.0,0.0,0.0,0.0,0.0,0.0,0.0,0.0,0.0,0.0,0.0,0.0,0.0,0.0,0.0,0.0,0.0,0.0,0.0,0.0,0.0,0.0,0.0,0.0,0.0,0.0,0.0,0.0,0.0,0.0,0.0,0.0,0.0,0.0,0.0,0.0,0.0,0.0,0.0,0.0,0.0,0.0,0.0,0.0,0.0,0.0,0.0,0.0,0.0,0.0,0.0,0.0,0.0,0.0,0.0,0.0,0.0,0.0,0.0,0.0,0.0,0.0,0.0,0.0,0.0,0.0,0.0,0.0,0.0,0.0,0.0
DAL,2020,1298,413,639,4511.0,25,13.0,44.0,350.0,7,5,4759.0,2060.0,231.0,-13.656194747103795,1,18.67983593317833,1.3168190693822668,430,1788.0,14,7.0,5.0,115.0,-21.19796349659146,3,413,617,4511.0,25,3.0,3.0,4558.0,2060.0,231.0,85.16843060913703,1,41.8523679349732,16.0,16.0,35.199999999999996,1.0,1108.3400000000001,1521.3400000000001,0.0,0.0,0.0,0.0,0.0,0.0,0.0,0.0,0.0,0.0,0.0,0.0,0.0,0.0,0.0,0.0,0.0,0.0,0.0,0.0,0.0,0.0,0.0,0.0,0.0,0.0,0.0,0.0,0.0,0.0,0.0,0.0,0.0,0.0,0.0,0.0,0.0,0.0,0.0,0.0,0.0,0.0,0.0,0.0,0.0,0.0,0.0,0.0,0.0,0.0,0.0,0.0,0.0,0.0,0.0,0.0,0.0,0.0,0.0,0.0,0.0,0.0,0.0,0.0,0.0,0.0,0.0,0.0,0.0,0.0,0.0,0.0,0.0,0.0,0.0,0.0,0.0,0.0,0.0,0.0,0.0,0.0,0.0,0.0,0.0,0.0,0.0,0.0,0.0,0.0,0.0,0.0
DAL,2021,1832,468,691,5233.0,41,12.0,38.0,203.0,9,4,5496.0,2370.0,260.0,111.85089184231423,2,38.021179439303296,2.197994688670398,494,2196.0,16,9.0,4.0,118.0,-26.547281563724177,4,468,679,5233.0,41,5.0,0.0,5399.0,2370.0,260.0,190.31933168687954,2,166.7102139452831,18.0,18.0,39.6,3.0,1452.22,1920.22,0.0,0.0,0.0,0.0,0.0,0.0,0.0,0.0,0.0,0.0,0.0,0.0,0.0,0.0,0.0,0.0,0.0,0.0,0.0,0.0,0.0,0.0,0.0,0.0,0.0,0.0,0.0,0.0,0.0,0.0,0.0,0.0,0.0,0.0,0.0,0.0,0.0,0.0,0.0,0.0,0.0,0.0,0.0,0.0,0.0,0.0,0.0,0.0,0.0,0.0,0.0,0.0,0.0,0.0,0.0,0.0,0.0,0.0,0.0,0.0,0.0,0.0,0.0,0.0,0.0,0.0,0.0,0.0,0.0,0.0,0.0,0.0,0.0,0.0,0.0,0.0,0.0,0.0,0.0,0.0,0.0,0.0,0.0,0.0,0.0,0.0,0.0,0.0,0.0,0.0,0.0,0.0
DAL,2022,1879,403,626,4422.0,33,20.0,29.0,183.0,5,0,5041.0,1873.0,219.0,50.256450913483945,0,18.474093506699933,2.5030182640369176,588,2502.0,25,2.0,1.0,142.0,-9.180234457570133,0,403,614,4422.0,33,2.0,2.0,5007.0,1873.0,219.0,96.12221561156592,0,175.33142823447676,19.0,19.0,41.8,0.0,1303.28,1706.28,0.0,0.0,0.0,0.0,0.0,0.0,0.0,0.0,0.0,0.0,0.0,0.0,0.0,0.0,0.0,0.0,0.0,0.0,0.0,0.0,0.0,0.0,0.0,0.0,0.0,0.0,0.0,0.0,0.0,0.0,0.0,0.0,0.0,0.0,0.0,0.0,0.0,0.0,0.0,0.0,0.0,0.0,0.0,0.0,0.0,0.0,0.0,0.0,0.0,0.0,0.0,0.0,0.0,0.0,0.0,0.0,0.0,0.0,0.0,0.0,0.0,0.0,0.0,0.0,0.0,0.0,0.0,0.0,0.0,0.0,0.0,0.0,0.0,0.0,0.0,0.0,0.0,0.0,0.0,0.0,0.0,0.0,0.0,0.0,0.0,0.0,0.0,0.0,0.0,0.0,0.0,0.0
DAL,2023,1910,469,674,5063.0,39,12.0,44.0,279.0,2,1,5316.0,2194.0,254.0,110.07951394687626,3,29.95602069783061,3.0345931786401703,493,2043.0,15,3.0,2.0,121.0,0.7390673435726747,3,469,663,5063.0,39,6.0,1.0,5222.0,2194.0,254.0,188.39753180776256,3,174.15093191490033,18.0,18.0,39.6,1.0,1385.1200000000001,1854.1200000000001,0.0,0.0,0.0,0.0,0.0,0.0,0.0,0.0,0.0,0.0,0.0,0.0,0.0,0.0,0.0,0.0,0.0,0.0,0.0,0.0,0.0,0.0,0.0,0.0,0.0,0.0,0.0,0.0,0.0,0.0,0.0,0.0,0.0,0.0,0.0,0.0,0.0,0.0,0.0,0.0,0.0,0.0,0.0,0.0,0.0,0.0,0.0,0.0,0.0,0.0,0.0,0.0,0.0,0.0,0.0,0.0,0.0,0.0,0.0,0.0,0.0,0.0,0.0,0.0,0.0,0.0,0.0,0.0,0.0,0.0,0.0,0.0,0.0,0.0,0.0,0.0,0.0,0.0,0.0,0.0,0.0,0.0,0.0,0.0,0.0,0.0,0.0,0.0,0.0,0.0,0.0,0.0
DAL,2024,1868,398,637,4092.0,23,14.0,38.0,230.0,6,2,4686.0,2030.0,192.0,-45.33626065651339,1,20.59048093314597,0.8097464719957004,429,1705.0,6,12.0,5.0,98.0,-51.730583147620884,0,398,622,4092.0,23,7.0,5.0,4576.0,2030.0,192.0,14.451859559546222,1,111.06985317891524,17.0,17.0,37.4,3.0,979.38,1377.38,0.0,0.0,0.0,0.0,0.0,0.0,0.0,0.0,0.0,0.0,0.0,0.0,0.0,0.0,0.0,0.0,0.0,0.0,0.0,0.0,0.0,0.0,0.0,0.0,0.0,0.0,0.0,0.0,0.0,0.0,0.0,0.0,0.0,0.0,0.0,0.0,0.0,0.0,0.0,0.0,0.0,0.0,0.0,0.0,0.0,0.0,0.0,0.0,0.0,0.0,0.0,0.0,0.0,0.0,0.0,0.0,0.0,0.0,0.0,0.0,0.0,0.0,0.0,0.0,0.0,0.0,0.0,0.0,0.0,0.0,0.0,0.0,0.0,0.0,0.0,0.0,0.0,0.0,0.0,0.0,0.0,0.0,0.0,0.0,0.0,0.0,0.0,0.0,0.0,0.0,0.0,0.0
DAL,2025,5895,419,624,4735.0,31,0.0,0.0,0.0,2,1,5069.0,2101.0,229.0,113.9334655651819,3,21.20945258960155,0.0,465,2136.0,18,9.0,5.0,120.0,-9.32354839500308,0,419,607,4735.0,31,8.0,3.0,4925.0,2099.0,229.0,161.14302527426966,3,120.10768963687434,17.0,16.457171759712825,37.02002023179897,1.0,1270.5,1689.5,12.0,31.0,-208.0,61.38390565425483,191.0,93.0,56.0,12.0,46.0,34.0,13.0,3.0,191.0,93.0,56.0,12.0,615.0,18.0,552.0,85.0,365.0,11.0,34.0,231.0,108.0,6.0,120.0,42.0,1.0,1.0,1.0,0.0,10.0,-6.0,6.0,0.0,0.0,166.0,1309.0,14.0,6.0,1.0,20.0,9.0,12.0,82.0,82.0,2097.0,36.0,42.0,6.0,0.0,718.0,14.916666666666666,0.0,10.0,5.0,10.0,8.0,3.0,0.0,0.0,0.0,0.0,5.0,1.0,1474.0,344.0,0.0,47.0,48.0,1.0,0.0,15.8,2.0,2.0,0.0,0.0,88.0,41.0,0.0,903.0,1994.0,14.0,1.0,1.0,0.0,13.0,26.0,246.0,0.0,1748.0
DEN,2006,1280,256,454,2995.0,20,18.0,31.0,196.0,7,3,4330.0,1235.0,151.0,-33.18408940084281,0,11.405338576295872,0.9884270336251864,488,2152.0,12,12.0,4.0,106.0,-14.72525306819226,0,256,256,2995.0,20,5.0,3.0,1760.0,1233.0,151.0,229.9261216141952,0,82.27473949221167,16.0,16.0,35.2,0.0,850.5,1106.5,0.0,0.0,0.0,0.0,0.0,0.0,0.0,0.0,0.0,0.0,0.0,0.0,0.0,0.0,0.0,0.0,0.0,0.0,0.0,0.0,0.0,0.0,0.0,0.0,0.0,0.0,0.0,0.0,0.0,0.0,0.0,0.0,0.0,0.0,0.0,0.0,0.0,0.0,0.0,0.0,0.0,0.0,0.0,0.0,0.0,0.0,0.0,0.0,0.0,0.0,0.0,0.0,0.0,0.0,0.0,0.0,0.0,0.0,0.0,0.0,0.0,0.0,0.0,0.0,0.0,0.0,0.0,0.0,0.0,0.0,0.0,0.0,0.0,0.0,0.0,0.0,0.0,0.0,0.0,0.0,0.0,0.0,0.0,0.0,0.0,0.0,0.0,0.0,0.0,0.0,0.0,0.0
DEN,2007,1248,326,515,3759.0,21,15.0,32.0,175.0,6,3,4147.0,1662.0,187.0,42.196513603765865,0,16.24258337425572,1.8500920171654391,429,1957.0,10,12.0,4.0,96.0,-23.9977235188246,0,326,326,3749.0,21,6.0,4.0,2097.0,1655.0,186.0,285.6826881981926,0,115.69515468402616,16.0,16.0,35.199999999999996,1.0,944.96,1270.96,0.0,0.0,0.0,0.0,0.0,0.0,0.0,0.0,0.0,0.0,0.0,0.0,0.0,0.0,0.0,0.0,0.0,0.0,0.0,0.0,0.0,0.0,0.0,0.0,0.0,0.0,0.0,0.0,0.0,0.0,0.0,0.0,0.0,0.0,0.0,0.0,0.0,0.0,0.0,0.0,0.0,0.0,0.0,0.0,0.0,0.0,0.0,0.0,0.0,0.0,0.0,0.0,0.0,0.0,0.0,0.0,0.0,0.0,0.0,0.0,0.0,0.0,0.0,0.0,0.0,0.0,0.0,0.0,0.0,0.0,0.0,0.0,0.0,0.0,0.0,0.0,0.0,0.0,0.0,0.0,0.0,0.0,0.0,0.0,0.0,0.0,0.0,0.0,0.0,0.0,0.0,0.0
DEN,2008,1319,386,620,4544.0,25,18.0,12.0,74.0,2,1,5517.0,1823.0,223.0,125.73541973625915,1,15.600928967518286,2.0732889265904175,387,1863.0,15,8.0,6.0,103.0,4.593851501573742,1,386,386,4544.0,25,5.0,4.0,2721.0,1823.0,223.0,346.7076320183702,1,225.6594311330692,16.0,16.0,35.199999999999996,0.0,1110.46,1496.46,0.0,0.0,0.0,0.0,0.0,0.0,0.0,0.0,0.0,0.0,0.0,0.0,0.0,0.0,0.0,0.0,0.0,0.0,0.0,0.0,0.0,0.0,0.0,0.0,0.0,0.0,0.0,0.0,0.0,0.0,0.0,0.0,0.0,0.0,0.0,0.0,0.0,0.0,0.0,0.0,0.0,0.0,0.0,0.0,0.0,0.0,0.0,0.0,0.0,0.0,0.0,0.0,0.0,0.0,0.0,0.0,0.0,0.0,0.0,0.0,0.0,0.0,0.0,0.0,0.0,0.0,0.0,0.0,0.0,0.0,0.0,0.0,0.0,0.0,0.0,0.0,0.0,0.0,0.0,0.0,0.0,0.0,0.0,0.0,0.0,0.0,0.0,0.0,0.0,0.0,0.0,0.0
DEN,2009,1352,341,558,3825.0,21,13.0,34.0,198.0,4,3,3944.0,1976.0,186.0,7.640786680179389,0,17.139345731163562,1.4078584831745482,440,1836.0,9,6.0,4.0,95.0,-37.55996806596454,0,341,554,3818.0,21,2.0,2.0,3943.0,1969.0,186.0,55.06210650837349,0,182.4943990962742,16.0,16.0,35.199999999999996,2.0,950.4000000000001,1291.4,0.0,0.0,0.0,0.0,0.0,0.0,0.0,0.0,0.0,0.0,0.0,0.0,0.0,0.0,0.0,0.0,0.0,0.0,0.0,0.0,0.0,0.0,0.0,0.0,0.0,0.0,0.0,0.0,0.0,0.0,0.0,0.0,0.0,0.0,0.0,0.0,0.0,0.0,0.0,0.0,0.0,0.0,0.0,0.0,0.0,0.0,0.0,0.0,0.0,0.0,0.0,0.0,0.0,0.0,0.0,0.0,0.0,0.0,0.0,0.0,0.0,0.0,0.0,0.0,0.0,0.0,0.0,0.0,0.0,0.0,0.0,0.0,0.0,0.0,0.0,0.0,0.0,0.0,0.0,0.0,0.0,0.0,0.0,0.0,0.0,0.0,0.0,0.0,0.0,0.0,0.0,0.0
DEN,2010,1405,334,580,4306.0,25,12.0,40.0,268.0,1,1,5563.0,1728.0,204.0,42.105313271841204,0,14.38462514700589,1.6319927906268243,398,1544.0,13,13.0,8.0,81.0,-61.439596711918554,0,334,577,4306.0,25,5.0,1.0,5563.0,1718.0,204.0,96.15129459536233,0,195.1984382534429,16.0,16.0,35.199999999999996,1.0,1047.24,1381.24,0.0,0.0,0.0,0.0,0.0,0.0,0.0,0.0,0.0,0.0,0.0,0.0,0.0,0.0,0.0,0.0,0.0,0.0,0.0,0.0,0.0,0.0,0.0,0.0,0.0,0.0,0.0,0.0,0.0,0.0,0.0,0.0,0.0,0.0,0.0,0.0,0.0,0.0,0.0,0.0,0.0,0.0,0.0,0.0,0.0,0.0,0.0,0.0,0.0,0.0,0.0,0.0,0.0,0.0,0.0,0.0,0.0,0.0,0.0,0.0,0.0,0.0,0.0,0.0,0.0,0.0,0.0,0.0,0.0,0.0,0.0,0.0,0.0,0.0,0.0,0.0,0.0,0.0,0.0,0.0,0.0,0.0,0.0,0.0,0.0,0.0,0.0,0.0,0.0,0.0,0.0,0.0
DEN,2011,1777,236,476,3160.0,22,13.0,47.0,302.0,10,7,5321.0,1167.0,146.0,-52.0014416398719,0,11.567981999079219,0.6658273745587042,620,2907.0,13,13.0,8.0,142.0,-30.926678565659454,3,236,469,3160.0,22,6.0,3.0,5287.0,1167.0,146.0,29.97983596445698,0,101.89719557530738,18.0,18.0,39.6,2.0,987.1,1223.1000000000001,0.0,0.0,0.0,0.0,0.0,0.0,0.0,0.0,0.0,0.0,0.0,0.0,0.0,0.0,0.0,0.0,0.0,0.0,0.0,0.0,0.0,0.0,0.0,0.0,0.0,0.0,0.0,0.0,0.0,0.0,0.0,0.0,0.0,0.0,0.0,0.0,0.0,0.0,0.0,0.0,0.0,0.0,0.0,0.0,0.0,0.0,0.0,0.0,0.0,0.0,0.0,0.0,0.0,0.0,0.0,0.0,0.0,0.0,0.0,0.0,0.0,0.0,0.0,0.0,0.0,0.0,0.0,0.0,0.0,0.0,0.0,0.0,0.0,0.0,0.0,0.0,0.0,0.0,0.0,0.0,0.0,0.0,0.0,0.0,0.0,0.0,0.0,0.0,0.0,0.0,0.0,0.0
DEN,2012,1743,430,631,4961.0,40,13.0,24.0,154.0,4,3,5186.0,1986.0,247.0,162.37103144956762,1,17.981873065033184,3.4702189530943133,522,1957.0,12,8.0,6.0,121.0,-63.36540726297445,0,430,627,4961.0,40,4.0,4.0,5178.0,1996.0,247.0,195.7632123998439,1,163.3175951778907,17.0,17.0,37.4,4.0,1338.24,1768.24,0.0,0.0,0.0,0.0,0.0,0.0,0.0,0.0,0.0,0.0,0.0,0.0,0.0,0.0,0.0,0.0,0.0,0.0,0.0,0.0,0.0,0.0,0.0,0.0,0.0,0.0,0.0,0.0,0.0,0.0,0.0,0.0,0.0,0.0,0.0,0.0,0.0,0.0,0.0,0.0,0.0,0.0,0.0,0.0,0.0,0.0,0.0,0.0,0.0,0.0,0.0,0.0,0.0,0.0,0.0,0.0,0.0,0.0,0.0,0.0,0.0,0.0,0.0,0.0,0.0,0.0,0.0,0.0,0.0,0.0,0.0,0.0,0.0,0.0,0.0,0.0,0.0,0.0,0.0,0.0,0.0,0.0,0.0,0.0,0.0,0.0,0.0,0.0,0.0,0.0,0.0,0.0
DEN,2013,1978,552,803,6482.0,60,13.0,21.0,129.0,6,4,6196.0,3090.0,338.0,278.6518589245673,1,23.40740102667365,3.9879032975129447,537,2140.0,17,11.0,6.0,127.0,-31.54766890928012,0,552,798,6482.0,60,6.0,4.0,6182.0,3093.0,338.0,304.69080301822845,1,274.7499131512049,19.0,19.0,41.8,3.0,1791.48,2343.48,0.0,0.0,0.0,0.0,0.0,0.0,0.0,0.0,0.0,0.0,0.0,0.0,0.0,0.0,0.0,0.0,0.0,0.0,0.0,0.0,0.0,0.0,0.0,0.0,0.0,0.0,0.0,0.0,0.0,0.0,0.0,0.0,0.0,0.0,0.0,0.0,0.0,0.0,0.0,0.0,0.0,0.0,0.0,0.0,0.0,0.0,0.0,0.0,0.0,0.0,0.0,0.0,0.0,0.0,0.0,0.0,0.0,0.0,0.0,0.0,0.0,0.0,0.0,0.0,0.0,0.0,0.0,0.0,0.0,0.0,0.0,0.0,0.0,0.0,0.0,0.0,0.0,0.0,0.0,0.0,0.0,0.0,0.0,0.0,0.0,0.0,0.0,0.0,0.0,0.0,0.0,0.0
DEN,2014,1569,425,653,4990.0,41,15.0,19.0,129.0,3,2,5596.0,1990.0,237.0,104.56191167460344,2,24.407115201797396,2.445843308041623,463,1873.0,15,6.0,2.0,104.0,-27.263659585441545,0,425,648,4990.0,41,4.0,1.0,5591.0,1990.0,237.0,140.92352917703883,2,172.10130752007902,17.0,17.0,37.4,0.0,1353.9,1778.9,0.0,0.0,0.0,0.0,0.0,0.0,0.0,0.0,0.0,0.0,0.0,0.0,0.0,0.0,0.0,0.0,0.0,0.0,0.0,0.0,0.0,0.0,0.0,0.0,0.0,0.0,0.0,0.0,0.0,0.0,0.0,0.0,0.0,0.0,0.0,0.0,0.0,0.0,0.0,0.0,0.0,0.0,0.0,0.0,0.0,0.0,0.0,0.0,0.0,0.0,0.0,0.0,0.0,0.0,0.0,0.0,0.0,0.0,0.0,0.0,0.0,0.0,0.0,0.0,0.0,0.0,0.0,0.0,0.0,0.0,0.0,0.0,0.0,0.0,0.0,0.0,0.0,0.0,0.0,0.0,0.0,0.0,0.0,0.0,0.0,0.0,0.0,0.0,0.0,0.0,0.0,0.0
DEN,2015,2184,419,698,4755.0,21,24.0,48.0,321.0,6,2,6397.0,2024.0,227.0,-49.77837727328631,2,16.28182622260069,0.9939900960427391,502,2016.0,15,7.0,4.0,97.0,-71.13151536818239,0,419,695,4755.0,21,4.0,3.0,6382.0,2024.0,227.0,19.563020919631462,2,138.95598909081727,19.0,19.0,41.8,1.0,1115.3,1534.3,0.0,0.0,0.0,0.0,0.0,0.0,0.0,0.0,0.0,0.0,0.0,0.0,0.0,0.0,0.0,0.0,0.0,0.0,0.0,0.0,0.0,0.0,0.0,0.0,0.0,0.0,0.0,0.0,0.0,0.0,0.0,0.0,0.0,0.0,0.0,0.0,0.0,0.0,0.0,0.0,0.0,0.0,0.0,0.0,0.0,0.0,0.0,0.0,0.0,0.0,0.0,0.0,0.0,0.0,0.0,0.0,0.0,0.0,0.0,0.0,0.0,0.0,0.0,0.0,0.0,0.0,0.0,0.0,0.0,0.0,0.0,0.0,0.0,0.0,0.0,0.0,0.0,0.0,0.0,0.0,0.0,0.0,0.0,0.0,0.0,0.0,0.0,0.0,0.0,0.0,0.0,0.0
DEN,2016,1496,339,570,3914.0,20,11.0,40.0,229.0,5,2,5004.0,1576.0,181.0,14.473789734062649,1,15.855449080425144,1.4529406335536579,410,1484.0,11,5.0,2.0,76.0,-66.40555812955871,0,339,556,3914.0,20,8.0,7.0,4954.0,1576.0,181.0,58.56870724637141,1,23.33475039562007,16.0,16.0,35.2,0.0,922.36,1261.3600000000001,0.0,0.0,0.0,0.0,0.0,0.0,0.0,0.0,0.0,0.0,0.0,0.0,0.0,0.0,0.0,0.0,0.0,0.0,0.0,0.0,0.0,0.0,0.0,0.0,0.0,0.0,0.0,0.0,0.0,0.0,0.0,0.0,0.0,0.0,0.0,0.0,0.0,0.0,0.0,0.0,0.0,0.0,0.0,0.0,0.0,0.0,0.0,0.0,0.0,0.0,0.0,0.0,0.0,0.0,0.0,0.0,0.0,0.0,0.0,0.0,0.0,0.0,0.0,0.0,0.0,0.0,0.0,0.0,0.0,0.0,0.0,0.0,0.0,0.0,0.0,0.0,0.0,0.0,0.0,0.0,0.0,0.0,0.0,0.0,0.0,0.0,0.0,0.0,0.0,0.0,0.0,0.0
DEN,2017,1592,332,566,3668.0,19,22.0,52.0,335.0,8,4,4749.0,1627.0,180.0,-90.11277867784462,2,15.931606359450608,1.2715948987161176,457,1852.0,8,5.0,3.0,92.0,-36.82411515554115,0,332,551,3668.0,19,3.0,3.0,4610.0,1627.0,180.0,-10.974910325954006,2,101.41282618800426,16.0,16.0,35.199999999999996,0.0,880.72,1212.72,0.0,0.0,0.0,0.0,0.0,0.0,0.0,0.0,0.0,0.0,0.0,0.0,0.0,0.0,0.0,0.0,0.0,0.0,0.0,0.0,0.0,0.0,0.0,0.0,0.0,0.0,0.0,0.0,0.0,0.0,0.0,0.0,0.0,0.0,0.0,0.0,0.0,0.0,0.0,0.0,0.0,0.0,0.0,0.0,0.0,0.0,0.0,0.0,0.0,0.0,0.0,0.0,0.0,0.0,0.0,0.0,0.0,0.0,0.0,0.0,0.0,0.0,0.0,0.0,0.0,0.0,0.0,0.0,0.0,0.0,0.0,0.0,0.0,0.0,0.0,0.0,0.0,0.0,0.0,0.0,0.0,0.0,0.0,0.0,0.0,0.0,0.0,0.0,0.0,0.0,0.0,0.0
DEN,2018,1387,367,588,3930.0,19,15.0,34.0,235.0,8,1,4396.0,1808.0,181.0,-10.795544926827798,0,15.75515451799544,0.7485003769412044,393,1907.0,18,4.0,2.0,107.0,0.6441459476554492,0,367,564,3930.0,19,4.0,2.0,4288.0,1808.0,181.0,56.184125489056754,0,122.47906787167399,16.0,16.0,35.199999999999996,0.0,998.9000000000001,1365.9,0.0,0.0,0.0,0.0,0.0,0.0,0.0,0.0,0.0,0.0,0.0,0.0,0.0,0.0,0.0,0.0,0.0,0.0,0.0,0.0,0.0,0.0,0.0,0.0,0.0,0.0,0.0,0.0,0.0,0.0,0.0,0.0,0.0,0.0,0.0,0.0,0.0,0.0,0.0,0.0,0.0,0.0,0.0,0.0,0.0,0.0,0.0,0.0,0.0,0.0,0.0,0.0,0.0,0.0,0.0,0.0,0.0,0.0,0.0,0.0,0.0,0.0,0.0,0.0,0.0,0.0,0.0,0.0,0.0,0.0,0.0,0.0,0.0,0.0,0.0,0.0,0.0,0.0,0.0,0.0,0.0,0.0,0.0,0.0,0.0,0.0,0.0,0.0,0.0,0.0,0.0,0.0
DEN,2019,1399,312,504,3401.0,16,10.0,41.0,286.0,9,3,3522.0,1701.0,162.0,-29.384341548141244,1,17.012204956924595,1.0075068984328501,409,1662.0,11,2.0,1.0,76.0,-31.397464298356844,0,312,481,3401.0,16,4.0,2.0,3365.0,1701.0,162.0,59.4199559373934,1,0.775001813877414,16.0,16.0,35.2,0.0,840.34,1152.34,0.0,0.0,0.0,0.0,0.0,0.0,0.0,0.0,0.0,0.0,0.0,0.0,0.0,0.0,0.0,0.0,0.0,0.0,0.0,0.0,0.0,0.0,0.0,0.0,0.0,0.0,0.0,0.0,0.0,0.0,0.0,0.0,0.0,0.0,0.0,0.0,0.0,0.0,0.0,0.0,0.0,0.0,0.0,0.0,0.0,0.0,0.0,0.0,0.0,0.0,0.0,0.0,0.0,0.0,0.0,0.0,0.0,0.0,0.0,0.0,0.0,0.0,0.0,0.0,0.0,0.0,0.0,0.0,0.0,0.0,0.0,0.0,0.0,0.0,0.0,0.0,0.0,0.0,0.0,0.0,0.0,0.0,0.0,0.0,0.0,0.0,0.0,0.0,0.0,0.0,0.0,0.0
DEN,2020,1505,317,556,3673.0,21,23.0,32.0,222.0,5,3,5026.0,1623.0,176.0,-61.92779231749521,2,13.814641805936857,0.7144809580822951,442,1918.0,13,7.0,2.0,94.0,-37.61954037784606,0,317,533,3673.0,21,6.0,3.0,4896.0,1623.0,176.0,8.014230389471615,2,124.74438943391503,16.0,16.0,35.199999999999996,1.0,946.02,1263.02,0.0,0.0,0.0,0.0,0.0,0.0,0.0,0.0,0.0,0.0,0.0,0.0,0.0,0.0,0.0,0.0,0.0,0.0,0.0,0.0,0.0,0.0,0.0,0.0,0.0,0.0,0.0,0.0,0.0,0.0,0.0,0.0,0.0,0.0,0.0,0.0,0.0,0.0,0.0,0.0,0.0,0.0,0.0,0.0,0.0,0.0,0.0,0.0,0.0,0.0,0.0,0.0,0.0,0.0,0.0,0.0,0.0,0.0,0.0,0.0,0.0,0.0,0.0,0.0,0.0,0.0,0.0,0.0,0.0,0.0,0.0,0.0,0.0,0.0,0.0,0.0,0.0,0.0,0.0,0.0,0.0,0.0,0.0,0.0,0.0,0.0,0.0,0.0,0.0,0.0,0.0,0.0
DEN,2021,1443,354,541,3856.0,20,9.0,40.0,263.0,1,0,4552.0,1744.0,179.0,44.54857981475442,1,18.39690569756364,2.144626808557899,455,2025.0,16,7.0,6.0,123.0,-34.38671498639965,0,354,517,3856.0,20,2.0,1.0,4387.0,1744.0,179.0,115.0790955081038,1,142.9535545828201,17.0,17.0,37.4,0.0,1010.34,1364.34,0.0,0.0,0.0,0.0,0.0,0.0,0.0,0.0,0.0,0.0,0.0,0.0,0.0,0.0,0.0,0.0,0.0,0.0,0.0,0.0,0.0,0.0,0.0,0.0,0.0,0.0,0.0,0.0,0.0,0.0,0.0,0.0,0.0,0.0,0.0,0.0,0.0,0.0,0.0,0.0,0.0,0.0,0.0,0.0,0.0,0.0,0.0,0.0,0.0,0.0,0.0,0.0,0.0,0.0,0.0,0.0,0.0,0.0,0.0,0.0,0.0,0.0,0.0,0.0,0.0,0.0,0.0,0.0,0.0,0.0,0.0,0.0,0.0,0.0,0.0,0.0,0.0,0.0,0.0,0.0,0.0,0.0,0.0,0.0,0.0,0.0,0.0,0.0,0.0,0.0,0.0,0.0
DEN,2022,1684,345,571,4007.0,18,15.0,63.0,415.0,6,3,4998.0,1987.0,166.0,-85.22585779168034,0,16.297545111360744,0.9407774750688239,444,1935.0,11,9.0,3.0,105.0,-38.3363336071245,1,345,541,4007.0,18,1.0,0.0,4717.0,1987.0,166.0,48.42186174688244,0,65.69093851429366,17.0,17.0,37.4,0.0,960.48,1305.48,0.0,0.0,0.0,0.0,0.0,0.0,0.0,0.0,0.0,0.0,0.0,0.0,0.0,0.0,0.0,0.0,0.0,0.0,0.0,0.0,0.0,0.0,0.0,0.0,0.0,0.0,0.0,0.0,0.0,0.0,0.0,0.0,0.0,0.0,0.0,0.0,0.0,0.0,0.0,0.0,0.0,0.0,0.0,0.0,0.0,0.0,0.0,0.0,0.0,0.0,0.0,0.0,0.0,0.0,0.0,0.0,0.0,0.0,0.0,0.0,0.0,0.0,0.0,0.0,0.0,0.0,0.0,0.0,0.0,0.0,0.0,0.0,0.0,0.0,0.0,0.0,0.0,0.0,0.0,0.0,0.0,0.0,0.0,0.0,0.0,0.0,0.0,0.0,0.0,0.0,0.0,0.0
DEN,2023,1680,337,513,3566.0,28,9.0,52.0,304.0,7,4,3754.0,2069.0,154.0,-11.282776328163337,2,17.478729542816524,1.673071344422196,451,1810.0,8,5.0,2.0,116.0,-35.06138213096555,2,337,477,3566.0,28,7.0,5.0,3400.0,2067.0,154.0,88.90271318554132,2,122.00897082571295,17.0,17.0,37.4,1.0,986.24,1323.24,0.0,0.0,0.0,0.0,0.0,0.0,0.0,0.0,0.0,0.0,0.0,0.0,0.0,0.0,0.0,0.0,0.0,0.0,0.0,0.0,0.0,0.0,0.0,0.0,0.0,0.0,0.0,0.0,0.0,0.0,0.0,0.0,0.0,0.0,0.0,0.0,0.0,0.0,0.0,0.0,0.0,0.0,0.0,0.0,0.0,0.0,0.0,0.0,0.0,0.0,0.0,0.0,0.0,0.0,0.0,0.0,0.0,0.0,0.0,0.0,0.0,0.0,0.0,0.0,0.0,0.0,0.0,0.0,0.0,0.0,0.0,0.0,0.0,0.0,0.0,0.0,0.0,0.0,0.0,0.0,0.0,0.0,0.0,0.0,0.0,0.0,0.0,0.0,0.0,0.0,0.0,0.0
DEN,2024,2050,393,593,3967.0,31,12.0,26.0,212.0,2,0,4405.0,2121.0,179.0,37.033248541246486,0,22.025343704479262,1.7848418069048835,478,1987.0,12,5.0,3.0,129.0,-15.679238674003432,0,393,572,3967.0,31,6.0,4.0,4351.0,2121.0,179.0,75.91560716639435,0,95.32192586415728,18.0,18.0,39.6,0.0,1098.08,1491.08,0.0,0.0,0.0,0.0,0.0,0.0,0.0,0.0,0.0,0.0,0.0,0.0,0.0,0.0,0.0,0.0,0.0,0.0,0.0,0.0,0.0,0.0,0.0,0.0,0.0,0.0,0.0,0.0,0.0,0.0,0.0,0.0,0.0,0.0,0.0,0.0,0.0,0.0,0.0,0.0,0.0,0.0,0.0,0.0,0.0,0.0,0.0,0.0,0.0,0.0,0.0,0.0,0.0,0.0,0.0,0.0,0.0,0.0,0.0,0.0,0.0,0.0,0.0,0.0,0.0,0.0,0.0,0.0,0.0,0.0,0.0,0.0,0.0,0.0,0.0,0.0,0.0,0.0,0.0,0.0,0.0,0.0,0.0,0.0,0.0,0.0,0.0,0.0,0.0,0.0,0.0,0.0
DEN,2025,7001,431,690,4343.0,29,0.0,0.0,0.0,3,2,4975.0,2281.0,217.0,46.76108021248643,4,21.676097915452203,0.0,502,2167.0,18,4.0,2.0,120.0,-15.135801698525121,0,431,653,4343.0,29,1.0,1.0,4852.0,2281.0,217.0,110.82719184661703,4,230.94215871548437,19.0,18.513267995974328,41.459287597182026,1.0,1208.72,1639.72,13.0,26.0,-155.0,-106.44386065937051,170.0,80.0,53.0,8.0,54.0,38.0,11.0,3.0,170.0,80.0,53.0,8.0,681.0,19.0,605.0,94.0,461.0,13.0,76.0,462.0,181.0,12.0,198.0,99.0,1.0,3.0,0.0,0.0,4.0,0.0,7.0,3.0,0.0,122.0,1143.0,7.0,5.0,1.0,12.0,7.0,37.0,489.0,66.0,1647.0,32.0,38.0,4.0,2.0,625.0,13.666666666666666,0.0,12.0,12.0,3.0,5.0,0.0,0.0,0.0,0.0,2.0,2.0,0.0,1111.0,199.0,96.0,43.0,43.0,0.0,0.0,19.0,4.0,4.0,0.0,0.0,131.0,85.0,0.0,1068.0,4070.0,35.0,14.0,3.0,12.0,26.0,30.0,310.0,0.0,3520.0
DET,2006,1226,372,596,4208.0,21,22.0,63.0,388.0,8,7,5040.0,1698.0,208.0,-33.99151609285423,0,13.806149606328898,1.1339145402114499,304,1124.0,9,8.0,6.0,53.0,-60.86327257315555,0,372,372,4208.0,21,5.0,4.0,2510.0,1698.0,208.0,302.43984493564966,0,174.12118756595768,16.0,16.0,35.199999999999996,0.0,887.5200000000001,1259.52,0.0,0.0,0.0,0.0,0.0,0.0,0.0,0.0,0.0,0.0,0.0,0.0,0.0,0.0,0.0,0.0,0.0,0.0,0.0,0.0,0.0,0.0,0.0,0.0,0.0,0.0,0.0,0.0,0.0,0.0,0.0,0.0,0.0,0.0,0.0,0.0,0.0,0.0,0.0,0.0,0.0,0.0,0.0,0.0,0.0,0.0,0.0,0.0,0.0,0.0,0.0,0.0,0.0,0.0,0.0,0.0,0.0,0.0,0.0,0.0,0.0,0.0,0.0,0.0,0.0,0.0,0.0,0.0,0.0,0.0,0.0,0.0,0.0,0.0,0.0,0.0,0.0,0.0,0.0,0.0,0.0,0.0,0.0,0.0,0.0,0.0,0.0,0.0,0.0,0.0,0.0,0.0
DET,2007,1386,368,588,4214.0,19,23.0,51.0,337.0,10,3,5003.0,1649.0,203.0,-25.338962527062456,0,15.169184039079441,1.266876666448768,326,1288.0,13,14.0,7.0,73.0,-45.148191019332046,0,368,368,4214.0,19,6.0,2.0,2514.0,1649.0,203.0,295.8688620540604,0,115.41301451332603,16.0,16.0,35.199999999999996,1.0,922.76,1290.76,0.0,0.0,0.0,0.0,0.0,0.0,0.0,0.0,0.0,0.0,0.0,0.0,0.0,0.0,0.0,0.0,0.0,0.0,0.0,0.0,0.0,0.0,0.0,0.0,0.0,0.0,0.0,0.0,0.0,0.0,0.0,0.0,0.0,0.0,0.0,0.0,0.0,0.0,0.0,0.0,0.0,0.0,0.0,0.0,0.0,0.0,0.0,0.0,0.0,0.0,0.0,0.0,0.0,0.0,0.0,0.0,0.0,0.0,0.0,0.0,0.0,0.0,0.0,0.0,0.0,0.0,0.0,0.0,0.0,0.0,0.0,0.0,0.0,0.0,0.0,0.0,0.0,0.0,0.0,0.0,0.0,0.0,0.0,0.0,0.0,0.0,0.0,0.0,0.0,0.0,0.0,0.0
DET,2008,1356,281,509,3299.0,18,19.0,52.0,339.0,9,2,4915.0,1329.0,143.0,-111.71279338126492,2,14.59070577191025,0.48740338199308125,352,1323.0,10,8.0,1.0,70.0,-21.277991015372933,0,281,281,3306.0,18,7.0,6.0,1970.0,1336.0,143.0,204.72409420133258,2,144.23000103610326,16.0,16.0,35.199999999999996,0.0,786.86,1067.8600000000001,0.0,0.0,0.0,0.0,0.0,0.0,0.0,0.0,0.0,0.0,0.0,0.0,0.0,0.0,0.0,0.0,0.0,0.0,0.0,0.0,0.0,0.0,0.0,0.0,0.0,0.0,0.0,0.0,0.0,0.0,0.0,0.0,0.0,0.0,0.0,0.0,0.0,0.0,0.0,0.0,0.0,0.0,0.0,0.0,0.0,0.0,0.0,0.0,0.0,0.0,0.0,0.0,0.0,0.0,0.0,0.0,0.0,0.0,0.0,0.0,0.0,0.0,0.0,0.0,0.0,0.0,0.0,0.0,0.0,0.0,0.0,0.0,0.0,0.0,0.0,0.0,0.0,0.0,0.0,0.0,0.0,0.0,0.0,0.0,0.0,0.0,0.0,0.0,0.0,0.0,0.0,0.0
DET,2009,1518,316,585,3471.0,16,32.0,42.0,303.0,7,2,4799.0,1702.0,168.0,-132.13845341457676,1,15.074782644780331,0.2547894637974865,410,1616.0,9,7.0,2.0,82.0,-49.453387468272176,0,316,573,3471.0,16,4.0,3.0,4772.0,1702.0,168.0,-68.6763924784107,1,177.69161657339038,16.0,16.0,35.199999999999996,0.0,787.54,1103.54,0.0,0.0,0.0,0.0,0.0,0.0,0.0,0.0,0.0,0.0,0.0,0.0,0.0,0.0,0.0,0.0,0.0,0.0,0.0,0.0,0.0,0.0,0.0,0.0,0.0,0.0,0.0,0.0,0.0,0.0,0.0,0.0,0.0,0.0,0.0,0.0,0.0,0.0,0.0,0.0,0.0,0.0,0.0,0.0,0.0,0.0,0.0,0.0,0.0,0.0,0.0,0.0,0.0,0.0,0.0,0.0,0.0,0.0,0.0,0.0,0.0,0.0,0.0,0.0,0.0,0.0,0.0,0.0,0.0,0.0,0.0,0.0,0.0,0.0,0.0,0.0,0.0,0.0,0.0,0.0,0.0,0.0,0.0,0.0,0.0,0.0,0.0,0.0,0.0,0.0,0.0,0.0
DET,2010,1448,383,633,4001.0,26,16.0,27.0,191.0,5,2,4533.0,2144.0,199.0,18.868921244623184,2,22.006627434045075,1.2715926533734894,404,1613.0,11,7.0,3.0,83.0,-39.5976649253597,0,383,622,4001.0,26,4.0,3.0,4481.0,2144.0,199.0,50.98257361010119,2,123.34799422016155,16.0,16.0,35.2,1.0,1013.44,1396.44,0.0,0.0,0.0,0.0,0.0,0.0,0.0,0.0,0.0,0.0,0.0,0.0,0.0,0.0,0.0,0.0,0.0,0.0,0.0,0.0,0.0,0.0,0.0,0.0,0.0,0.0,0.0,0.0,0.0,0.0,0.0,0.0,0.0,0.0,0.0,0.0,0.0,0.0,0.0,0.0,0.0,0.0,0.0,0.0,0.0,0.0,0.0,0.0,0.0,0.0,0.0,0.0,0.0,0.0,0.0,0.0,0.0,0.0,0.0,0.0,0.0,0.0,0.0,0.0,0.0,0.0,0.0,0.0,0.0,0.0,0.0,0.0,0.0,0.0,0.0,0.0,0.0,0.0,0.0,0.0,0.0,0.0,0.0,0.0,0.0,0.0,0.0,0.0,0.0,0.0,0.0,0.0
DET,2011,1575,458,719,5513.0,44,18.0,38.0,265.0,3,1,5976.0,2412.0,267.0,109.46524971197631,2,17.7146522938797,2.1623533389238028,370,1566.0,11,6.0,1.0,75.0,-14.599142416302419,0,458,711,5513.0,44,4.0,3.0,5962.0,2411.0,267.0,158.13445502211448,2,26.569580822382566,17.0,17.0,37.4,0.0,1396.42,1854.42,0.0,0.0,0.0,0.0,0.0,0.0,0.0,0.0,0.0,0.0,0.0,0.0,0.0,0.0,0.0,0.0,0.0,0.0,0.0,0.0,0.0,0.0,0.0,0.0,0.0,0.0,0.0,0.0,0.0,0.0,0.0,0.0,0.0,0.0,0.0,0.0,0.0,0.0,0.0,0.0,0.0,0.0,0.0,0.0,0.0,0.0,0.0,0.0,0.0,0.0,0.0,0.0,0.0,0.0,0.0,0.0,0.0,0.0,0.0,0.0,0.0,0.0,0.0,0.0,0.0,0.0,0.0,0.0,0.0,0.0,0.0,0.0,0.0,0.0,0.0,0.0,0.0,0.0,0.0,0.0,0.0,0.0,0.0,0.0,0.0,0.0,0.0,0.0,0.0,0.0,0.0,0.0
DET,2012,1487,445,740,5139.0,22,17.0,29.0,212.0,3,3,6458.0,2095.0,272.0,46.184699292147535,1,14.549031093994486,1.7677423265121868,391,1613.0,17,7.0,5.0,84.0,-31.723544331027128,0,445,730,5139.0,22,7.0,5.0,6376.0,2095.0,272.0,84.28022452508888,1,100.08237313709633,16.0,16.0,35.199999999999996,0.0,1146.76,1591.76,0.0,0.0,0.0,0.0,0.0,0.0,0.0,0.0,0.0,0.0,0.0,0.0,0.0,0.0,0.0,0.0,0.0,0.0,0.0,0.0,0.0,0.0,0.0,0.0,0.0,0.0,0.0,0.0,0.0,0.0,0.0,0.0,0.0,0.0,0.0,0.0,0.0,0.0,0.0,0.0,0.0,0.0,0.0,0.0,0.0,0.0,0.0,0.0,0.0,0.0,0.0,0.0,0.0,0.0,0.0,0.0,0.0,0.0,0.0,0.0,0.0,0.0,0.0,0.0,0.0,0.0,0.0,0.0,0.0,0.0,0.0,0.0,0.0,0.0,0.0,0.0,0.0,0.0,0.0,0.0,0.0,0.0,0.0,0.0,0.0,0.0,0.0,0.0,0.0,0.0,0.0,0.0
DET,2013,1361,371,634,4650.0,29,19.0,23.0,168.0,4,2,5241.0,2270.0,221.0,56.62307376059545,2,15.14216035644994,1.0878428240198423,445,1792.0,15,19.0,10.0,106.0,-50.13426020510404,0,371,623,4650.0,29,4.0,3.0,5218.0,2270.0,221.0,91.197236718369,2,120.46281585548066,16.0,16.0,35.199999999999996,2.0,1162.2,1533.2,0.0,0.0,0.0,0.0,0.0,0.0,0.0,0.0,0.0,0.0,0.0,0.0,0.0,0.0,0.0,0.0,0.0,0.0,0.0,0.0,0.0,0.0,0.0,0.0,0.0,0.0,0.0,0.0,0.0,0.0,0.0,0.0,0.0,0.0,0.0,0.0,0.0,0.0,0.0,0.0,0.0,0.0,0.0,0.0,0.0,0.0,0.0,0.0,0.0,0.0,0.0,0.0,0.0,0.0,0.0,0.0,0.0,0.0,0.0,0.0,0.0,0.0,0.0,0.0,0.0,0.0,0.0,0.0,0.0,0.0,0.0,0.0,0.0,0.0,0.0,0.0,0.0,0.0,0.0,0.0,0.0,0.0,0.0,0.0,0.0,0.0,0.0,0.0,0.0,0.0,0.0,0.0
DET,2014,1578,393,646,4607.0,23,13.0,48.0,270.0,8,4,5106.0,2446.0,224.0,35.504799647667866,1,15.912461483348952,1.0230503398141262,418,1512.0,12,7.0,2.0,76.0,-52.14019571473906,0,393,632,4607.0,23,4.0,1.0,5023.0,2446.0,224.0,121.59681231883697,1,99.66149131027605,17.0,17.0,37.4,0.0,1062.18,1455.18,0.0,0.0,0.0,0.0,0.0,0.0,0.0,0.0,0.0,0.0,0.0,0.0,0.0,0.0,0.0,0.0,0.0,0.0,0.0,0.0,0.0,0.0,0.0,0.0,0.0,0.0,0.0,0.0,0.0,0.0,0.0,0.0,0.0,0.0,0.0,0.0,0.0,0.0,0.0,0.0,0.0,0.0,0.0,0.0,0.0,0.0,0.0,0.0,0.0,0.0,0.0,0.0,0.0,0.0,0.0,0.0,0.0,0.0,0.0,0.0,0.0,0.0,0.0,0.0,0.0,0.0,0.0,0.0,0.0,0.0,0.0,0.0,0.0,0.0,0.0,0.0,0.0,0.0,0.0,0.0,0.0,0.0,0.0,0.0,0.0,0.0,0.0,0.0,0.0,0.0,0.0,0.0
DET,2015,1459,420,632,4463.0,33,14.0,44.0,251.0,3,2,4132.0,2495.0,236.0,25.67032787064752,0,20.10776498609553,1.4863908408502047,354,1335.0,7,7.0,3.0,71.0,-36.28385450290883,0,420,622,4463.0,33,3.0,2.0,4100.0,2495.0,236.0,93.90634776346968,0,192.46033017908863,16.0,16.0,35.199999999999996,0.0,1088.32,1508.32,0.0,0.0,0.0,0.0,0.0,0.0,0.0,0.0,0.0,0.0,0.0,0.0,0.0,0.0,0.0,0.0,0.0,0.0,0.0,0.0,0.0,0.0,0.0,0.0,0.0,0.0,0.0,0.0,0.0,0.0,0.0,0.0,0.0,0.0,0.0,0.0,0.0,0.0,0.0,0.0,0.0,0.0,0.0,0.0,0.0,0.0,0.0,0.0,0.0,0.0,0.0,0.0,0.0,0.0,0.0,0.0,0.0,0.0,0.0,0.0,0.0,0.0,0.0,0.0,0.0,0.0,0.0,0.0,0.0,0.0,0.0,0.0,0.0,0.0,0.0,0.0,0.0,0.0,0.0,0.0,0.0,0.0,0.0,0.0,0.0,0.0,0.0,0.0,0.0,0.0,0.0,0.0
DET,2016,1357,406,626,4532.0,24,10.0,40.0,239.0,3,2,4679.0,2337.0,227.0,66.65129176441769,1,18.41740259711886,1.7967723970174347,365,1359.0,9,2.0,2.0,78.0,-37.120721608987104,0,406,612,4532.0,24,1.0,0.0,4589.0,2337.0,227.0,137.8765391211229,1,110.81703817164502,17.0,17.0,37.4,2.0,1052.38,1458.38,0.0,0.0,0.0,0.0,0.0,0.0,0.0,0.0,0.0,0.0,0.0,0.0,0.0,0.0,0.0,0.0,0.0,0.0,0.0,0.0,0.0,0.0,0.0,0.0,0.0,0.0,0.0,0.0,0.0,0.0,0.0,0.0,0.0,0.0,0.0,0.0,0.0,0.0,0.0,0.0,0.0,0.0,0.0,0.0,0.0,0.0,0.0,0.0,0.0,0.0,0.0,0.0,0.0,0.0,0.0,0.0,0.0,0.0,0.0,0.0,0.0,0.0,0.0,0.0,0.0,0.0,0.0,0.0,0.0,0.0,0.0,0.0,0.0,0.0,0.0,0.0,0.0,0.0,0.0,0.0,0.0,0.0,0.0,0.0,0.0,0.0,0.0,0.0,0.0,0.0,0.0,0.0
DET,2017,1478,374,570,4470.0,29,11.0,47.0,287.0,9,6,4561.0,2123.0,210.0,31.642686690630985,2,17.570700267012676,1.718168129309823,363,1221.0,10,6.0,3.0,58.0,-81.73239167219504,0,374,565,4470.0,29,2.0,2.0,4516.0,2123.0,210.0,130.6954382089701,2,135.1820538442658,16.0,16.0,35.2,2.0,1073.9,1447.9,0.0,0.0,0.0,0.0,0.0,0.0,0.0,0.0,0.0,0.0,0.0,0.0,0.0,0.0,0.0,0.0,0.0,0.0,0.0,0.0,0.0,0.0,0.0,0.0,0.0,0.0,0.0,0.0,0.0,0.0,0.0,0.0,0.0,0.0,0.0,0.0,0.0,0.0,0.0,0.0,0.0,0.0,0.0,0.0,0.0,0.0,0.0,0.0,0.0,0.0,0.0,0.0,0.0,0.0,0.0,0.0,0.0,0.0,0.0,0.0,0.0,0.0,0.0,0.0,0.0,0.0,0.0,0.0,0.0,0.0,0.0,0.0,0.0,0.0,0.0,0.0,0.0,0.0,0.0,0.0,0.0,0.0,0.0,0.0,0.0,0.0,0.0,0.0,0.0,0.0,0.0,0.0
DET,2018,1503,375,574,3844.0,22,12.0,41.0,268.0,5,3,3978.0,2059.0,201.0,-2.079742415598542,0,18.560751787504085,1.1196325445205761,404,1660.0,11,3.0,2.0,91.0,-38.92152284234622,0,375,561,3844.0,22,3.0,1.0,3864.0,2059.0,201.0,76.4990491818237,0,-103.4323503956173,16.0,16.0,35.199999999999996,0.0,954.1600000000001,1329.16,0.0,0.0,0.0,0.0,0.0,0.0,0.0,0.0,0.0,0.0,0.0,0.0,0.0,0.0,0.0,0.0,0.0,0.0,0.0,0.0,0.0,0.0,0.0,0.0,0.0,0.0,0.0,0.0,0.0,0.0,0.0,0.0,0.0,0.0,0.0,0.0,0.0,0.0,0.0,0.0,0.0,0.0,0.0,0.0,0.0,0.0,0.0,0.0,0.0,0.0,0.0,0.0,0.0,0.0,0.0,0.0,0.0,0.0,0.0,0.0,0.0,0.0,0.0,0.0,0.0,0.0,0.0,0.0,0.0,0.0,0.0,0.0,0.0,0.0,0.0,0.0,0.0,0.0,0.0,0.0,0.0,0.0,0.0,0.0,0.0,0.0,0.0,0.0,0.0,0.0,0.0,0.0
DET,2019,1568,344,571,4187.0,28,15.0,43.0,287.0,4,2,5458.0,1514.0,196.0,19.34045446121644,0,13.410786669151975,1.0309388761002838,407,1649.0,7,5.0,3.0,82.0,-54.55554951602186,0,344,550,4187.0,28,2.0,2.0,5220.0,1514.0,196.0,98.69128734811267,0,86.18557146029954,16.0,16.0,35.2,2.0,1041.08,1385.08,0.0,0.0,0.0,0.0,0.0,0.0,0.0,0.0,0.0,0.0,0.0,0.0,0.0,0.0,0.0,0.0,0.0,0.0,0.0,0.0,0.0,0.0,0.0,0.0,0.0,0.0,0.0,0.0,0.0,0.0,0.0,0.0,0.0,0.0,0.0,0.0,0.0,0.0,0.0,0.0,0.0,0.0,0.0,0.0,0.0,0.0,0.0,0.0,0.0,0.0,0.0,0.0,0.0,0.0,0.0,0.0,0.0,0.0,0.0,0.0,0.0,0.0,0.0,0.0,0.0,0.0,0.0,0.0,0.0,0.0,0.0,0.0,0.0,0.0,0.0,0.0,0.0,0.0,0.0,0.0,0.0,0.0,0.0,0.0,0.0,0.0,0.0,0.0,0.0,0.0,0.0,0.0
DET,2020,1669,374,582,4397.0,27,13.0,42.0,293.0,2,1,4981.0,1887.0,220.0,30.69435593178435,2,21.172468028858876,2.0392174251900115,367,1499.0,17,5.0,5.0,93.0,-38.87968652914037,0,374,562,4397.0,27,1.0,0.0,4891.0,1884.0,220.0,107.16970392574594,2,56.65628728509894,16.0,16.0,35.199999999999996,1.0,1113.48,1487.48,0.0,0.0,0.0,0.0,0.0,0.0,0.0,0.0,0.0,0.0,0.0,0.0,0.0,0.0,0.0,0.0,0.0,0.0,0.0,0.0,0.0,0.0,0.0,0.0,0.0,0.0,0.0,0.0,0.0,0.0,0.0,0.0,0.0,0.0,0.0,0.0,0.0,0.0,0.0,0.0,0.0,0.0,0.0,0.0,0.0,0.0,0.0,0.0,0.0,0.0,0.0,0.0,0.0,0.0,0.0,0.0,0.0,0.0,0.0,0.0,0.0,0.0,0.0,0.0,0.0,0.0,0.0,0.0,0.0,0.0,0.0,0.0,0.0,0.0,0.0,0.0,0.0,0.0,0.0,0.0,0.0,0.0,0.0,0.0,0.0,0.0,0.0,0.0,0.0,0.0,0.0,0.0
DET,2021,1660,396,593,3884.0,23,14.0,36.0,286.0,8,4,3783.0,2091.0,193.0,-25.27566867941608,5,25.557942701523498,1.2019532023265769,427,1886.0,12,6.0,4.0,104.0,-38.1162811281006,0,396,565,3884.0,23,2.0,1.0,3722.0,2091.0,193.0,62.571789439301,5,149.45854317229563,17.0,17.0,37.4,0.0,1008.36,1404.3600000000001,0.0,0.0,0.0,0.0,0.0,0.0,0.0,0.0,0.0,0.0,0.0,0.0,0.0,0.0,0.0,0.0,0.0,0.0,0.0,0.0,0.0,0.0,0.0,0.0,0.0,0.0,0.0,0.0,0.0,0.0,0.0,0.0,0.0,0.0,0.0,0.0,0.0,0.0,0.0,0.0,0.0,0.0,0.0,0.0,0.0,0.0,0.0,0.0,0.0,0.0,0.0,0.0,0.0,0.0,0.0,0.0,0.0,0.0,0.0,0.0,0.0,0.0,0.0,0.0,0.0,0.0,0.0,0.0,0.0,0.0,0.0,0.0,0.0,0.0,0.0,0.0,0.0,0.0,0.0,0.0,0.0,0.0,0.0,0.0,0.0,0.0,0.0,0.0,0.0,0.0,0.0,0.0
DET,2022,1867,383,588,4444.0,29,7.0,24.0,163.0,5,3,4135.0,2285.0,228.0,103.01854651409064,1,20.04501344012196,1.968802215589775,480,2179.0,23,5.0,3.0,114.0,-39.0007630263574,3,383,563,4444.0,29,2.0,1.0,4017.0,2285.0,228.0,164.0295006733612,1,128.51026869066274,17.0,17.0,37.4,1.0,1256.0600000000002,1639.0600000000002,0.0,0.0,0.0,0.0,0.0,0.0,0.0,0.0,0.0,0.0,0.0,0.0,0.0,0.0,0.0,0.0,0.0,0.0,0.0,0.0,0.0,0.0,0.0,0.0,0.0,0.0,0.0,0.0,0.0,0.0,0.0,0.0,0.0,0.0,0.0,0.0,0.0,0.0,0.0,0.0,0.0,0.0,0.0,0.0,0.0,0.0,0.0,0.0,0.0,0.0,0.0,0.0,0.0,0.0,0.0,0.0,0.0,0.0,0.0,0.0,0.0,0.0,0.0,0.0,0.0,0.0,0.0,0.0,0.0,0.0,0.0,0.0,0.0,0.0,0.0,0.0,0.0,0.0,0.0,0.0,0.0,0.0,0.0,0.0,0.0,0.0,0.0,0.0,0.0,0.0,0.0,0.0
DET,2023,2078,485,717,5443.0,34,12.0,38.0,250.0,5,2,4842.0,2596.0,278.0,110.17330118276563,2,25.24884336727193,2.549635352754974,580,2686.0,34,8.0,6.0,146.0,-18.62503978756093,1,485,682,5443.0,34,4.0,3.0,4792.0,2596.0,278.0,197.6396608789826,2,169.17449746135978,20.0,20.0,44.0,0.0,1538.6200000000001,2023.6200000000001,0.0,0.0,0.0,0.0,0.0,0.0,0.0,0.0,0.0,0.0,0.0,0.0,0.0,0.0,0.0,0.0,0.0,0.0,0.0,0.0,0.0,0.0,0.0,0.0,0.0,0.0,0.0,0.0,0.0,0.0,0.0,0.0,0.0,0.0,0.0,0.0,0.0,0.0,0.0,0.0,0.0,0.0,0.0,0.0,0.0,0.0,0.0,0.0,0.0,0.0,0.0,0.0,0.0,0.0,0.0,0.0,0.0,0.0,0.0,0.0,0.0,0.0,0.0,0.0,0.0,0.0,0.0,0.0,0.0,0.0,0.0,0.0,0.0,0.0,0.0,0.0,0.0,0.0,0.0,0.0,0.0,0.0,0.0,0.0,0.0,0.0,0.0,0.0,0.0,0.0,0.0,0.0
DET,2024,1722,424,594,5054.0,40,16.0,35.0,260.0,7,1,3838.0,2845.0,261.0,163.5022862070264,1,35.214238204368385,3.4040440096273477,557,2689.0,32,3.0,1.0,154.0,22.070342934662587,0,424,561,5034.0,39,2.0,2.0,3815.0,2825.0,260.0,235.26235816826403,1,306.25785862467484,18.0,18.0,39.6,1.0,1530.46,1954.46,0.0,0.0,0.0,0.0,0.0,0.0,0.0,0.0,0.0,0.0,0.0,0.0,0.0,0.0,0.0,0.0,0.0,0.0,0.0,0.0,0.0,0.0,0.0,0.0,0.0,0.0,0.0,0.0,0.0,0.0,0.0,0.0,0.0,0.0,0.0,0.0,0.0,0.0,0.0,0.0,0.0,0.0,0.0,0.0,0.0,0.0,0.0,0.0,0.0,0.0,0.0,0.0,0.0,0.0,0.0,0.0,0.0,0.0,0.0,0.0,0.0,0.0,0.0,0.0,0.0,0.0,0.0,0.0,0.0,0.0,0.0,0.0,0.0,0.0,0.0,0.0,0.0,0.0,0.0,0.0,0.0,0.0,0.0,0.0,0.0,0.0,0.0,0.0,0.0,0.0,0.0,0.0
DET,2025,5266,394,582,4567.0,35,0.0,0.0,0.0,3,3,3732.0,2422.0,224.0,103.36001665264264,0,23.73356851869062,0.0,442,2041.0,21,7.0,4.0,105.0,-24.568552161037623,1,394,550,4567.0,35,1.0,0.0,3673.0,2422.0,224.0,201.03470354321308,0,176.325400622936,17.0,16.837853730146687,37.28649761110268,1.0,1297.48,1691.48,8.0,39.0,-264.0,-7.734166097056899,185.0,101.0,66.0,8.0,44.0,32.0,14.0,7.0,185.0,100.0,65.0,8.0,626.0,10.0,468.0,67.0,360.0,15.0,48.0,328.0,102.0,13.0,132.0,93.0,0.0,0.0,1.0,0.0,3.0,-32.0,6.0,5.0,0.0,107.0,734.0,7.0,4.0,1.0,11.0,7.0,35.0,291.0,66.0,1756.0,27.0,34.0,5.0,2.0,707.0,13.216666666666667,0.0,6.0,8.0,9.0,4.0,0.0,0.0,0.0,0.0,1.0,3.0,1.0,1066.0,272.0,97.0,54.0,56.0,1.0,1.0,15.75,1.0,1.0,0.0,0.0,42.0,56.0,0.0,894.0,2611.0,28.0,2.0,4.0,2.0,26.0,22.0,173.0,0.0,2398.0
GB,2006,1363,350,630,3947.0,18,18.0,24.0,157.0,8,5,5488.0,1965.0,185.0,-15.870236382069196,0,29.54130194433882,0.8410604950634191,431,1662.0,9,5.0,4.0,93.0,-74.47731954777439,0,350,350,3947.0,18,7.0,2.0,1982.0,1967.0,185.0,297.74952221986615,0,245.25469611435298,16.0,16.0,35.199999999999996,0.0,894.7800000000001,1244.78,0.0,0.0,0.0,0.0,0.0,0.0,0.0,0.0,0.0,0.0,0.0,0.0,0.0,0.0,0.0,0.0,0.0,0.0,0.0,0.0,0.0,0.0,0.0,0.0,0.0,0.0,0.0,0.0,0.0,0.0,0.0,0.0,0.0,0.0,0.0,0.0,0.0,0.0,0.0,0.0,0.0,0.0,0.0,0.0,0.0,0.0,0.0,0.0,0.0,0.0,0.0,0.0,0.0,0.0,0.0,0.0,0.0,0.0,0.0,0.0,0.0,0.0,0.0,0.0,0.0,0.0,0.0,0.0,0.0,0.0,0.0,0.0,0.0,0.0,0.0,0.0,0.0,0.0,0.0,0.0,0.0,0.0,0.0,0.0,0.0,0.0,0.0,0.0,0.0,0.0,0.0,0.0
GB,2007,1796,420,636,4872.0,35,17.0,20.0,127.0,5,1,4836.0,2508.0,232.0,138.41842449756027,0,21.49996943495311,3.315266135344331,437,1860.0,16,8.0,4.0,82.0,-40.878086152414845,0,420,421,4872.0,35,10.0,5.0,2366.0,2502.0,232.0,353.54736495614895,0,128.26449001997184,18.0,18.0,39.6,4.0,1284.08,1704.08,0.0,0.0,0.0,0.0,0.0,0.0,0.0,0.0,0.0,0.0,0.0,0.0,0.0,0.0,0.0,0.0,0.0,0.0,0.0,0.0,0.0,0.0,0.0,0.0,0.0,0.0,0.0,0.0,0.0,0.0,0.0,0.0,0.0,0.0,0.0,0.0,0.0,0.0,0.0,0.0,0.0,0.0,0.0,0.0,0.0,0.0,0.0,0.0,0.0,0.0,0.0,0.0,0.0,0.0,0.0,0.0,0.0,0.0,0.0,0.0,0.0,0.0,0.0,0.0,0.0,0.0,0.0,0.0,0.0,0.0,0.0,0.0,0.0,0.0,0.0,0.0,0.0,0.0,0.0,0.0,0.0,0.0,0.0,0.0,0.0,0.0,0.0,0.0,0.0,0.0,0.0,0.0
GB,2008,1493,343,541,4044.0,28,13.0,34.0,231.0,6,3,4866.0,1529.0,182.0,73.81306794269067,2,14.135254012529554,2.1842009462131267,437,1805.0,11,11.0,3.0,99.0,-21.73142287773565,0,343,343,4044.0,28,2.0,0.0,2515.0,1522.0,182.0,314.5676887530636,2,154.92341341331607,16.0,16.0,35.199999999999996,2.0,1074.66,1417.66,0.0,0.0,0.0,0.0,0.0,0.0,0.0,0.0,0.0,0.0,0.0,0.0,0.0,0.0,0.0,0.0,0.0,0.0,0.0,0.0,0.0,0.0,0.0,0.0,0.0,0.0,0.0,0.0,0.0,0.0,0.0,0.0,0.0,0.0,0.0,0.0,0.0,0.0,0.0,0.0,0.0,0.0,0.0,0.0,0.0,0.0,0.0,0.0,0.0,0.0,0.0,0.0,0.0,0.0,0.0,0.0,0.0,0.0,0.0,0.0,0.0,0.0,0.0,0.0,0.0,0.0,0.0,0.0,0.0,0.0,0.0,0.0,0.0,0.0,0.0,0.0,0.0,0.0,0.0,0.0,0.0,0.0,0.0,0.0,0.0,0.0,0.0,0.0,0.0,0.0,0.0,0.0
GB,2009,1826,385,595,4914.0,34,9.0,55.0,319.0,8,4,5498.0,2297.0,218.0,126.74206623589777,3,19.40155798466348,3.0885943724792853,459,1963.0,22,4.0,0.0,111.0,4.900654551697441,0,385,590,4914.0,34,5.0,4.0,5500.0,2297.0,218.0,199.87860161162703,3,218.42854479655003,17.0,17.0,37.4,0.0,1334.26,1719.26,0.0,0.0,0.0,0.0,0.0,0.0,0.0,0.0,0.0,0.0,0.0,0.0,0.0,0.0,0.0,0.0,0.0,0.0,0.0,0.0,0.0,0.0,0.0,0.0,0.0,0.0,0.0,0.0,0.0,0.0,0.0,0.0,0.0,0.0,0.0,0.0,0.0,0.0,0.0,0.0,0.0,0.0,0.0,0.0,0.0,0.0,0.0,0.0,0.0,0.0,0.0,0.0,0.0,0.0,0.0,0.0,0.0,0.0,0.0,0.0,0.0,0.0,0.0,0.0,0.0,0.0,0.0,0.0,0.0,0.0,0.0,0.0,0.0,0.0,0.0,0.0,0.0,0.0,0.0,0.0,0.0,0.0,0.0,0.0,0.0,0.0,0.0,0.0,0.0,0.0,0.0,0.0
GB,2010,2382,442,673,5449.0,40,15.0,46.0,284.0,4,2,6187.0,2415.0,257.0,157.98165991795597,0,18.86795859226015,3.4930812689515274,529,2010.0,15,6.0,1.0,114.0,-29.121957038591596,0,442,661,5449.0,40,10.0,6.0,6101.0,2415.0,257.0,209.79382508376452,0,141.32578220610193,20.0,20.0,44.0,1.0,1411.8600000000001,1853.8600000000001,0.0,0.0,0.0,0.0,0.0,0.0,0.0,0.0,0.0,0.0,0.0,0.0,0.0,0.0,0.0,0.0,0.0,0.0,0.0,0.0,0.0,0.0,0.0,0.0,0.0,0.0,0.0,0.0,0.0,0.0,0.0,0.0,0.0,0.0,0.0,0.0,0.0,0.0,0.0,0.0,0.0,0.0,0.0,0.0,0.0,0.0,0.0,0.0,0.0,0.0,0.0,0.0,0.0,0.0,0.0,0.0,0.0,0.0,0.0,0.0,0.0,0.0,0.0,0.0,0.0,0.0,0.0,0.0,0.0,0.0,0.0,0.0,0.0,0.0,0.0,0.0,0.0,0.0,0.0,0.0,0.0,0.0,0.0,0.0,0.0,0.0,0.0,0.0,0.0,0.0,0.0,0.0
GB,2011,1850,401,597,5418.0,53,9.0,45.0,260.0,6,2,5439.0,2335.0,245.0,237.2725932403509,0,19.468437631497082,3.6534541917757046,418,1705.0,12,5.0,3.0,97.0,-26.68437831336902,0,401,585,5418.0,53,2.0,1.0,5347.0,2335.0,245.0,305.25833065142143,0,132.43974404002057,17.0,17.0,37.4,2.0,1513.02,1914.02,0.0,0.0,0.0,0.0,0.0,0.0,0.0,0.0,0.0,0.0,0.0,0.0,0.0,0.0,0.0,0.0,0.0,0.0,0.0,0.0,0.0,0.0,0.0,0.0,0.0,0.0,0.0,0.0,0.0,0.0,0.0,0.0,0.0,0.0,0.0,0.0,0.0,0.0,0.0,0.0,0.0,0.0,0.0,0.0,0.0,0.0,0.0,0.0,0.0,0.0,0.0,0.0,0.0,0.0,0.0,0.0,0.0,0.0,0.0,0.0,0.0,0.0,0.0,0.0,0.0,0.0,0.0,0.0,0.0,0.0,0.0,0.0,0.0,0.0,0.0,0.0,0.0,0.0,0.0,0.0,0.0,0.0,0.0,0.0,0.0,0.0,0.0,0.0,0.0,0.0,0.0,0.0
GB,2012,1809,423,630,4873.0,43,9.0,55.0,326.0,5,4,5105.0,2309.0,240.0,131.079446210247,1,19.299868573883213,2.757546248963695,480,1882.0,12,5.0,2.0,92.0,-35.771586003054544,0,423,616,4873.0,43,3.0,1.0,5028.0,2311.0,240.0,220.4808651418355,1,102.18818094067605,18.0,18.0,39.6,2.0,1356.42,1779.42,0.0,0.0,0.0,0.0,0.0,0.0,0.0,0.0,0.0,0.0,0.0,0.0,0.0,0.0,0.0,0.0,0.0,0.0,0.0,0.0,0.0,0.0,0.0,0.0,0.0,0.0,0.0,0.0,0.0,0.0,0.0,0.0,0.0,0.0,0.0,0.0,0.0,0.0,0.0,0.0,0.0,0.0,0.0,0.0,0.0,0.0,0.0,0.0,0.0,0.0,0.0,0.0,0.0,0.0,0.0,0.0,0.0,0.0,0.0,0.0,0.0,0.0,0.0,0.0,0.0,0.0,0.0,0.0,0.0,0.0,0.0,0.0,0.0,0.0,0.0,0.0,0.0,0.0,0.0,0.0,0.0,0.0,0.0,0.0,0.0,0.0,0.0,0.0,0.0,0.0,0.0,0.0
GB,2013,1578,383,596,4715.0,26,16.0,49.0,290.0,6,2,4607.0,2293.0,209.0,61.221948432815736,0,22.36649329551274,2.409677213495673,490,2260.0,18,8.0,4.0,128.0,6.0745570726617535,0,383,579,4715.0,26,3.0,0.0,4517.0,2293.0,209.0,133.7992970058544,0,95.19072794143467,17.0,17.0,37.4,1.0,1216.1000000000001,1599.1000000000001,0.0,0.0,0.0,0.0,0.0,0.0,0.0,0.0,0.0,0.0,0.0,0.0,0.0,0.0,0.0,0.0,0.0,0.0,0.0,0.0,0.0,0.0,0.0,0.0,0.0,0.0,0.0,0.0,0.0,0.0,0.0,0.0,0.0,0.0,0.0,0.0,0.0,0.0,0.0,0.0,0.0,0.0,0.0,0.0,0.0,0.0,0.0,0.0,0.0,0.0,0.0,0.0,0.0,0.0,0.0,0.0,0.0,0.0,0.0,0.0,0.0,0.0,0.0,0.0,0.0,0.0,0.0,0.0,0.0,0.0,0.0,0.0,0.0,0.0,0.0,0.0,0.0,0.0,0.0,0.0,0.0,0.0,0.0,0.0,0.0,0.0,0.0,0.0,0.0,0.0,0.0,0.0
GB,2014,1806,392,605,4941.0,42,8.0,33.0,212.0,9,2,4929.0,2299.0,249.0,160.00016272716013,1,28.84253778499151,3.317790696281804,494,2171.0,14,7.0,3.0,116.0,-32.5444415800659,0,392,600,4941.0,42,1.0,1.0,4902.0,2299.0,249.0,222.91246530861335,1,214.45267142624226,18.0,18.0,39.6,2.0,1400.8400000000001,1792.8400000000001,0.0,0.0,0.0,0.0,0.0,0.0,0.0,0.0,0.0,0.0,0.0,0.0,0.0,0.0,0.0,0.0,0.0,0.0,0.0,0.0,0.0,0.0,0.0,0.0,0.0,0.0,0.0,0.0,0.0,0.0,0.0,0.0,0.0,0.0,0.0,0.0,0.0,0.0,0.0,0.0,0.0,0.0,0.0,0.0,0.0,0.0,0.0,0.0,0.0,0.0,0.0,0.0,0.0,0.0,0.0,0.0,0.0,0.0,0.0,0.0,0.0,0.0,0.0,0.0,0.0,0.0,0.0,0.0,0.0,0.0,0.0,0.0,0.0,0.0,0.0,0.0,0.0,0.0,0.0,0.0,0.0,0.0,0.0,0.0,0.0,0.0,0.0,0.0,0.0,0.0,0.0,0.0
GB,2015,1770,393,653,4296.0,35,9.0,49.0,337.0,8,4,5536.0,2108.0,196.0,0.6220187606447993,5,16.150429392427444,1.752834698531613,490,2126.0,10,9.0,5.0,116.0,-22.167352743688788,0,393,641,4324.0,35,4.0,1.0,5455.0,2136.0,196.0,99.55053737591713,5,44.608400832859076,18.0,18.0,39.6,0.0,1208.8400000000001,1601.84,0.0,0.0,0.0,0.0,0.0,0.0,0.0,0.0,0.0,0.0,0.0,0.0,0.0,0.0,0.0,0.0,0.0,0.0,0.0,0.0,0.0,0.0,0.0,0.0,0.0,0.0,0.0,0.0,0.0,0.0,0.0,0.0,0.0,0.0,0.0,0.0,0.0,0.0,0.0,0.0,0.0,0.0,0.0,0.0,0.0,0.0,0.0,0.0,0.0,0.0,0.0,0.0,0.0,0.0,0.0,0.0,0.0,0.0,0.0,0.0,0.0,0.0,0.0,0.0,0.0,0.0,0.0,0.0,0.0,0.0,0.0,0.0,0.0,0.0,0.0,0.0,0.0,0.0,0.0,0.0,0.0,0.0,0.0,0.0,0.0,0.0,0.0,0.0,0.0,0.0,0.0,0.0
GB,2016,2106,483,748,5449.0,49,10.0,45.0,325.0,5,2,6718.0,2375.0,275.0,159.8064334833129,1,17.31759358801293,3.143384063873083,433,1962.0,14,6.0,4.0,107.0,-12.68631823739597,2,483,739,5449.0,49,6.0,3.0,6674.0,2375.0,275.0,234.6749253997247,1,152.96176701657996,19.0,19.0,41.8,0.0,1503.0600000000002,1986.0600000000002,0.0,0.0,0.0,0.0,0.0,0.0,0.0,0.0,0.0,0.0,0.0,0.0,0.0,0.0,0.0,0.0,0.0,0.0,0.0,0.0,0.0,0.0,0.0,0.0,0.0,0.0,0.0,0.0,0.0,0.0,0.0,0.0,0.0,0.0,0.0,0.0,0.0,0.0,0.0,0.0,0.0,0.0,0.0,0.0,0.0,0.0,0.0,0.0,0.0,0.0,0.0,0.0,0.0,0.0,0.0,0.0,0.0,0.0,0.0,0.0,0.0,0.0,0.0,0.0,0.0,0.0,0.0,0.0,0.0,0.0,0.0,0.0,0.0,0.0,0.0,0.0,0.0,0.0,0.0,0.0,0.0,0.0,0.0,0.0,0.0,0.0,0.0,0.0,0.0,0.0,0.0,0.0
GB,2017,1447,352,562,3532.0,25,18.0,51.0,365.0,3,2,4081.0,1909.0,176.0,-55.72644630724858,1,16.092343277362758,1.4030449448517937,386,1724.0,13,3.0,2.0,99.0,15.03453342080493,0,352,554,3532.0,25,2.0,1.0,4055.0,1909.0,176.0,40.69793741390155,1,175.49432221321655,16.0,16.0,35.199999999999996,0.0,952.88,1304.88,0.0,0.0,0.0,0.0,0.0,0.0,0.0,0.0,0.0,0.0,0.0,0.0,0.0,0.0,0.0,0.0,0.0,0.0,0.0,0.0,0.0,0.0,0.0,0.0,0.0,0.0,0.0,0.0,0.0,0.0,0.0,0.0,0.0,0.0,0.0,0.0,0.0,0.0,0.0,0.0,0.0,0.0,0.0,0.0,0.0,0.0,0.0,0.0,0.0,0.0,0.0,0.0,0.0,0.0,0.0,0.0,0.0,0.0,0.0,0.0,0.0,0.0,0.0,0.0,0.0,0.0,0.0,0.0,0.0,0.0,0.0,0.0,0.0,0.0,0.0,0.0,0.0,0.0,0.0,0.0,0.0,0.0,0.0,0.0,0.0,0.0,0.0,0.0,0.0,0.0,0.0,0.0
GB,2018,1463,392,640,4629.0,25,4.0,53.0,391.0,5,4,5667.0,2197.0,208.0,25.25234974641368,2,14.821088367291024,1.411504802137948,333,1667.0,14,4.0,1.0,98.0,22.378710734365928,1,392,615,4629.0,25,2.0,1.0,5491.0,2197.0,208.0,144.67300818585224,2,154.30229397545347,16.0,16.0,35.199999999999996,1.0,1144.76,1536.76,0.0,0.0,0.0,0.0,0.0,0.0,0.0,0.0,0.0,0.0,0.0,0.0,0.0,0.0,0.0,0.0,0.0,0.0,0.0,0.0,0.0,0.0,0.0,0.0,0.0,0.0,0.0,0.0,0.0,0.0,0.0,0.0,0.0,0.0,0.0,0.0,0.0,0.0,0.0,0.0,0.0,0.0,0.0,0.0,0.0,0.0,0.0,0.0,0.0,0.0,0.0,0.0,0.0,0.0,0.0,0.0,0.0,0.0,0.0,0.0,0.0,0.0,0.0,0.0,0.0,0.0,0.0,0.0,0.0,0.0,0.0,0.0,0.0,0.0,0.0,0.0,0.0,0.0,0.0,0.0,0.0,0.0,0.0,0.0,0.0,0.0,0.0,0.0,0.0,0.0,0.0,0.0
GB,2019,1981,403,639,4586.0,30,6.0,41.0,322.0,5,3,5571.0,2308.0,218.0,80.97728270842492,2,17.09518020069751,2.1691557849613816,457,1966.0,21,4.0,3.0,101.0,-13.248761857720147,1,403,601,4586.0,30,6.0,3.0,5296.0,2308.0,218.0,172.85592312545654,2,85.03155101972733,18.0,18.0,39.6,0.0,1244.64,1647.64,0.0,0.0,0.0,0.0,0.0,0.0,0.0,0.0,0.0,0.0,0.0,0.0,0.0,0.0,0.0,0.0,0.0,0.0,0.0,0.0,0.0,0.0,0.0,0.0,0.0,0.0,0.0,0.0,0.0,0.0,0.0,0.0,0.0,0.0,0.0,0.0,0.0,0.0,0.0,0.0,0.0,0.0,0.0,0.0,0.0,0.0,0.0,0.0,0.0,0.0,0.0,0.0,0.0,0.0,0.0,0.0,0.0,0.0,0.0,0.0,0.0,0.0,0.0,0.0,0.0,0.0,0.0,0.0,0.0,0.0,0.0,0.0,0.0,0.0,0.0,0.0,0.0,0.0,0.0,0.0,0.0,0.0,0.0,0.0,0.0,0.0,0.0,0.0,0.0,0.0,0.0,0.0
GB,2020,1884,428,610,4941.0,53,6.0,26.0,225.0,2,1,4800.0,2575.0,250.0,209.38265417918143,0,19.303831579819672,3.9224090424964615,495,2373.0,18,5.0,1.0,129.0,26.974531478116766,2,428,581,4941.0,53,5.0,3.0,4656.0,2575.0,250.0,257.6391719522292,0,163.11887738450457,18.0,18.0,39.6,0.0,1549.04,1977.04,0.0,0.0,0.0,0.0,0.0,0.0,0.0,0.0,0.0,0.0,0.0,0.0,0.0,0.0,0.0,0.0,0.0,0.0,0.0,0.0,0.0,0.0,0.0,0.0,0.0,0.0,0.0,0.0,0.0,0.0,0.0,0.0,0.0,0.0,0.0,0.0,0.0,0.0,0.0,0.0,0.0,0.0,0.0,0.0,0.0,0.0,0.0,0.0,0.0,0.0,0.0,0.0,0.0,0.0,0.0,0.0,0.0,0.0,0.0,0.0,0.0,0.0,0.0,0.0,0.0,0.0,0.0,0.0,0.0,0.0,0.0,0.0,0.0,0.0,0.0,0.0,0.0,0.0,0.0,0.0,0.0,0.0,0.0,0.0,0.0,0.0,0.0,0.0,0.0,0.0,0.0,0.0
GB,2021,1868,422,622,4751.0,39,7.0,38.0,240.0,4,1,4798.0,2538.0,243.0,122.55490326692805,0,21.34192327404359,2.9631107749243744,466,1967.0,14,5.0,2.0,114.0,13.28907324864679,1,422,597,4751.0,39,6.0,2.0,4673.0,2538.0,243.0,188.36122153160238,0,8.670891032537604,18.0,18.0,39.6,0.0,1313.8400000000001,1735.84,0.0,0.0,0.0,0.0,0.0,0.0,0.0,0.0,0.0,0.0,0.0,0.0,0.0,0.0,0.0,0.0,0.0,0.0,0.0,0.0,0.0,0.0,0.0,0.0,0.0,0.0,0.0,0.0,0.0,0.0,0.0,0.0,0.0,0.0,0.0,0.0,0.0,0.0,0.0,0.0,0.0,0.0,0.0,0.0,0.0,0.0,0.0,0.0,0.0,0.0,0.0,0.0,0.0,0.0,0.0,0.0,0.0,0.0,0.0,0.0,0.0,0.0,0.0,0.0,0.0,0.0,0.0,0.0,0.0,0.0,0.0,0.0,0.0,0.0,0.0,0.0,0.0,0.0,0.0,0.0,0.0,0.0,0.0,0.0,0.0,0.0,0.0,0.0,0.0,0.0,0.0,0.0
GB,2022,1594,364,563,3890.0,27,12.0,32.0,258.0,4,2,4478.0,2010.0,186.0,-2.7790855390558598,2,21.224072671952676,1.9700571695912883,456,2113.0,12,5.0,3.0,116.0,5.130230863709384,0,364,540,3890.0,27,8.0,3.0,4394.0,2010.0,186.0,63.43976992153339,2,136.21164380857593,17.0,17.0,37.4,1.0,1071.9,1435.9,0.0,0.0,0.0,0.0,0.0,0.0,0.0,0.0,0.0,0.0,0.0,0.0,0.0,0.0,0.0,0.0,0.0,0.0,0.0,0.0,0.0,0.0,0.0,0.0,0.0,0.0,0.0,0.0,0.0,0.0,0.0,0.0,0.0,0.0,0.0,0.0,0.0,0.0,0.0,0.0,0.0,0.0,0.0,0.0,0.0,0.0,0.0,0.0,0.0,0.0,0.0,0.0,0.0,0.0,0.0,0.0,0.0,0.0,0.0,0.0,0.0,0.0,0.0,0.0,0.0,0.0,0.0,0.0,0.0,0.0,0.0,0.0,0.0,0.0,0.0,0.0,0.0,0.0,0.0,0.0,0.0,0.0,0.0,0.0,0.0,0.0,0.0,0.0,0.0,0.0,0.0,0.0
GB,2023,2108,411,636,4676.0,37,13.0,30.0,242.0,5,1,5364.0,2128.0,232.0,111.70274822458501,3,20.06519347026678,2.7513154305097998,502,2184.0,13,7.0,3.0,118.0,-29.629515236198966,0,411,615,4676.0,37,5.0,1.0,5217.0,2127.0,232.0,164.47346292969,3,102.6545901286531,19.0,19.0,41.8,0.0,1297.04,1708.04,0.0,0.0,0.0,0.0,0.0,0.0,0.0,0.0,0.0,0.0,0.0,0.0,0.0,0.0,0.0,0.0,0.0,0.0,0.0,0.0,0.0,0.0,0.0,0.0,0.0,0.0,0.0,0.0,0.0,0.0,0.0,0.0,0.0,0.0,0.0,0.0,0.0,0.0,0.0,0.0,0.0,0.0,0.0,0.0,0.0,0.0,0.0,0.0,0.0,0.0,0.0,0.0,0.0,0.0,0.0,0.0,0.0,0.0,0.0,0.0,0.0,0.0,0.0,0.0,0.0,0.0,0.0,0.0,0.0,0.0,0.0,0.0,0.0,0.0,0.0,0.0,0.0,0.0,0.0,0.0,0.0,0.0,0.0,0.0,0.0,0.0,0.0,0.0,0.0,0.0,0.0,0.0
GB,2024,1848,328,512,4151.0,28,14.0,24.0,154.0,2,1,4464.0,2055.0,183.0,69.7170833014848,3,22.206719424682653,2.771018438339264,551,2603.0,24,9.0,4.0,146.0,6.938427526931346,0,328,497,4151.0,28,2.0,2.0,4399.0,2055.0,183.0,114.92443054629325,3,145.51091155377665,18.0,18.0,39.6,0.0,1235.44,1563.44,0.0,0.0,0.0,0.0,0.0,0.0,0.0,0.0,0.0,0.0,0.0,0.0,0.0,0.0,0.0,0.0,0.0,0.0,0.0,0.0,0.0,0.0,0.0,0.0,0.0,0.0,0.0,0.0,0.0,0.0,0.0,0.0,0.0,0.0,0.0,0.0,0.0,0.0,0.0,0.0,0.0,0.0,0.0,0.0,0.0,0.0,0.0,0.0,0.0,0.0,0.0,0.0,0.0,0.0,0.0,0.0,0.0,0.0,0.0,0.0,0.0,0.0,0.0,0.0,0.0,0.0,0.0,0.0,0.0,0.0,0.0,0.0,0.0,0.0,0.0,0.0,0.0,0.0,0.0,0.0,0.0,0.0,0.0,0.0,0.0,0.0,0.0,0.0,0.0,0.0,0.0,0.0
GB,2025,6108,352,535,4168.0,30,0.0,0.0,0.0,3,2,4752.0,1827.0,195.0,136.78717687541987,2,29.968743466945618,0.0,515,2136.0,18,9.0,4.0,130.0,-17.999580967265317,0,352,498,4168.0,30,5.0,0.0,4495.0,1827.0,195.0,211.52029804036587,2,215.76404853887047,18.0,17.176071457366575,39.0232500201566,0.0,1187.1200000000001,1539.1200000000001,7.0,30.0,-229.0,126.69674652835006,154.0,98.0,65.0,9.0,61.0,41.0,6.0,1.0,154.0,98.0,65.0,9.0,652.0,22.0,590.0,75.0,295.0,9.0,37.0,225.0,114.0,9.0,8.0,68.0,0.0,1.0,0.0,37.0,13.0,-10.0,7.0,29.0,0.0,141.0,1037.0,14.0,9.0,4.0,23.0,6.0,26.0,146.0,65.0,1639.0,28.0,36.0,7.0,1.0,581.0,12.333333333333332,0.0,10.0,10.0,4.0,3.0,1.0,0.0,0.0,0.0,4.0,2.0,1.0,1001.0,355.0,43.0,42.0,46.0,3.0,1.0,15.883333333333333,0.0,0.0,0.0,0.0,0.0,53.0,0.0,894.0,2728.0,19.0,5.0,4.0,8.0,12.0,24.0,286.0,0.0,2282.0
HOU,2006,1269,329,481,3030.0,14,13.0,42.0,251.0,9,5,2703.0,1633.0,156.0,-40.24063869629374,1,21.568217927698523,1.883232321023023,432,1685.0,13,10.0,3.0,106.0,-22.599842612588148,1,329,329,3030.0,14,5.0,2.0,1397.0,1633.0,156.0,201.6237612039476,1,175.5172723745375,16.0,16.0,35.2,0.0,770.7,1099.7,0.0,0.0,0.0,0.0,0.0,0.0,0.0,0.0,0.0,0.0,0.0,0.0,0.0,0.0,0.0,0.0,0.0,0.0,0.0,0.0,0.0,0.0,0.0,0.0,0.0,0.0,0.0,0.0,0.0,0.0,0.0,0.0,0.0,0.0,0.0,0.0,0.0,0.0,0.0,0.0,0.0,0.0,0.0,0.0,0.0,0.0,0.0,0.0,0.0,0.0,0.0,0.0,0.0,0.0,0.0,0.0,0.0,0.0,0.0,0.0,0.0,0.0,0.0,0.0,0.0,0.0,0.0,0.0,0.0,0.0,0.0,0.0,0.0,0.0,0.0,0.0,0.0,0.0,0.0,0.0,0.0,0.0,0.0,0.0,0.0,0.0,0.0,0.0,0.0,0.0,0.0,0.0
HOU,2007,1262,346,529,3925.0,24,21.0,22.0,174.0,9,5,4261.0,1494.0,190.0,39.495244165212355,1,20.213517339847407,2.2648241912489575,417,1586.0,12,4.0,2.0,96.0,-20.763482773595797,2,346,347,3925.0,24,10.0,6.0,2434.0,1499.0,190.0,286.2757885404758,1,85.12919116540348,16.0,16.0,35.199999999999996,5.0,990.1,1336.1000000000001,0.0,0.0,0.0,0.0,0.0,0.0,0.0,0.0,0.0,0.0,0.0,0.0,0.0,0.0,0.0,0.0,0.0,0.0,0.0,0.0,0.0,0.0,0.0,0.0,0.0,0.0,0.0,0.0,0.0,0.0,0.0,0.0,0.0,0.0,0.0,0.0,0.0,0.0,0.0,0.0,0.0,0.0,0.0,0.0,0.0,0.0,0.0,0.0,0.0,0.0,0.0,0.0,0.0,0.0,0.0,0.0,0.0,0.0,0.0,0.0,0.0,0.0,0.0,0.0,0.0,0.0,0.0,0.0,0.0,0.0,0.0,0.0,0.0,0.0,0.0,0.0,0.0,0.0,0.0,0.0,0.0,0.0,0.0,0.0,0.0,0.0,0.0,0.0,0.0,0.0,0.0,0.0
HOU,2008,1376,367,555,4474.0,21,20.0,32.0,207.0,9,5,4180.0,1999.0,210.0,38.83672460434537,1,19.232506839571727,2.30220839699158,432,1846.0,16,9.0,2.0,106.0,-6.4014671949366235,0,367,367,4474.0,21,4.0,3.0,2475.0,1998.0,210.0,305.95440968925794,1,91.83170178607088,16.0,16.0,35.199999999999996,2.0,1072.96,1439.96,0.0,0.0,0.0,0.0,0.0,0.0,0.0,0.0,0.0,0.0,0.0,0.0,0.0,0.0,0.0,0.0,0.0,0.0,0.0,0.0,0.0,0.0,0.0,0.0,0.0,0.0,0.0,0.0,0.0,0.0,0.0,0.0,0.0,0.0,0.0,0.0,0.0,0.0,0.0,0.0,0.0,0.0,0.0,0.0,0.0,0.0,0.0,0.0,0.0,0.0,0.0,0.0,0.0,0.0,0.0,0.0,0.0,0.0,0.0,0.0,0.0,0.0,0.0,0.0,0.0,0.0,0.0,0.0,0.0,0.0,0.0,0.0,0.0,0.0,0.0,0.0,0.0,0.0,0.0,0.0,0.0,0.0,0.0,0.0,0.0,0.0,0.0,0.0,0.0,0.0,0.0,0.0
HOU,2009,1443,399,593,4803.0,29,17.0,26.0,153.0,1,1,4534.0,2168.0,231.0,124.03754229677249,1,17.897212499474904,2.423048666882732,424,1475.0,13,11.0,6.0,93.0,-61.39689038571132,0,399,582,4803.0,29,6.0,3.0,4522.0,2170.0,231.0,143.43333410646957,1,353.4053919850103,16.0,16.0,35.2,1.0,1143.92,1542.92,0.0,0.0,0.0,0.0,0.0,0.0,0.0,0.0,0.0,0.0,0.0,0.0,0.0,0.0,0.0,0.0,0.0,0.0,0.0,0.0,0.0,0.0,0.0,0.0,0.0,0.0,0.0,0.0,0.0,0.0,0.0,0.0,0.0,0.0,0.0,0.0,0.0,0.0,0.0,0.0,0.0,0.0,0.0,0.0,0.0,0.0,0.0,0.0,0.0,0.0,0.0,0.0,0.0,0.0,0.0,0.0,0.0,0.0,0.0,0.0,0.0,0.0,0.0,0.0,0.0,0.0,0.0,0.0,0.0,0.0,0.0,0.0,0.0,0.0,0.0,0.0,0.0,0.0,0.0,0.0,0.0,0.0,0.0,0.0,0.0,0.0,0.0,0.0,0.0,0.0,0.0,0.0
HOU,2010,1285,365,574,4370.0,24,12.0,32.0,226.0,7,3,4411.0,1993.0,222.0,76.91602591059832,1,17.008446330838662,1.915557057653004,423,2042.0,20,5.0,2.0,118.0,17.240072756036845,0,365,566,4370.0,24,3.0,1.0,4393.0,1988.0,222.0,138.87881934472483,1,-24.804378133912106,16.0,16.0,35.199999999999996,0.0,1144.0,1509.0,0.0,0.0,0.0,0.0,0.0,0.0,0.0,0.0,0.0,0.0,0.0,0.0,0.0,0.0,0.0,0.0,0.0,0.0,0.0,0.0,0.0,0.0,0.0,0.0,0.0,0.0,0.0,0.0,0.0,0.0,0.0,0.0,0.0,0.0,0.0,0.0,0.0,0.0,0.0,0.0,0.0,0.0,0.0,0.0,0.0,0.0,0.0,0.0,0.0,0.0,0.0,0.0,0.0,0.0,0.0,0.0,0.0,0.0,0.0,0.0,0.0,0.0,0.0,0.0,0.0,0.0,0.0,0.0,0.0,0.0,0.0,0.0,0.0,0.0,0.0,0.0,0.0,0.0,0.0,0.0,0.0,0.0,0.0,0.0,0.0,0.0,0.0,0.0,0.0,0.0,0.0,0.0
HOU,2011,1694,316,522,4039.0,21,12.0,35.0,197.0,7,5,4465.0,1858.0,196.0,53.566635326867996,0,25.04265608187347,2.0098820894723306,609,2767.0,21,11.0,5.0,145.0,-29.44216398969595,0,316,510,4039.0,21,1.0,1.0,4416.0,1863.0,196.0,119.66003260588596,0,171.35941910179665,18.0,18.0,39.6,1.0,1138.16,1454.16,0.0,0.0,0.0,0.0,0.0,0.0,0.0,0.0,0.0,0.0,0.0,0.0,0.0,0.0,0.0,0.0,0.0,0.0,0.0,0.0,0.0,0.0,0.0,0.0,0.0,0.0,0.0,0.0,0.0,0.0,0.0,0.0,0.0,0.0,0.0,0.0,0.0,0.0,0.0,0.0,0.0,0.0,0.0,0.0,0.0,0.0,0.0,0.0,0.0,0.0,0.0,0.0,0.0,0.0,0.0,0.0,0.0,0.0,0.0,0.0,0.0,0.0,0.0,0.0,0.0,0.0,0.0,0.0,0.0,0.0,0.0,0.0,0.0,0.0,0.0,0.0,0.0,0.0,0.0,0.0,0.0,0.0,0.0,0.0,0.0,0.0,0.0,0.0,0.0,0.0,0.0,0.0
HOU,2012,1835,417,643,4651.0,24,15.0,29.0,225.0,5,0,4942.0,2041.0,237.0,79.29300023600925,1,23.17443247994631,1.8976593492084233,570,2372.0,21,5.0,3.0,127.0,-25.48477048625229,0,417,636,4651.0,24,1.0,0.0,4921.0,2041.0,237.0,131.46939243913843,1,115.8915103704751,18.0,18.0,39.6,2.0,1234.3400000000001,1651.3400000000001,0.0,0.0,0.0,0.0,0.0,0.0,0.0,0.0,0.0,0.0,0.0,0.0,0.0,0.0,0.0,0.0,0.0,0.0,0.0,0.0,0.0,0.0,0.0,0.0,0.0,0.0,0.0,0.0,0.0,0.0,0.0,0.0,0.0,0.0,0.0,0.0,0.0,0.0,0.0,0.0,0.0,0.0,0.0,0.0,0.0,0.0,0.0,0.0,0.0,0.0,0.0,0.0,0.0,0.0,0.0,0.0,0.0,0.0,0.0,0.0,0.0,0.0,0.0,0.0,0.0,0.0,0.0,0.0,0.0,0.0,0.0,0.0,0.0,0.0,0.0,0.0,0.0,0.0,0.0,0.0,0.0,0.0,0.0,0.0,0.0,0.0,0.0,0.0,0.0,0.0,0.0,0.0
HOU,2013,1363,371,633,4183.0,19,22.0,42.0,370.0,8,2,5156.0,1652.0,198.0,-75.14400819261388,0,16.760028383737897,0.866863068834774,414,1743.0,7,5.0,3.0,90.0,-29.36693839554293,1,371,621,4183.0,19,5.0,3.0,5132.0,1652.0,198.0,-8.725180328861159,0,31.35174470679642,16.0,16.0,35.199999999999996,1.0,939.9200000000001,1310.92,0.0,0.0,0.0,0.0,0.0,0.0,0.0,0.0,0.0,0.0,0.0,0.0,0.0,0.0,0.0,0.0,0.0,0.0,0.0,0.0,0.0,0.0,0.0,0.0,0.0,0.0,0.0,0.0,0.0,0.0,0.0,0.0,0.0,0.0,0.0,0.0,0.0,0.0,0.0,0.0,0.0,0.0,0.0,0.0,0.0,0.0,0.0,0.0,0.0,0.0,0.0,0.0,0.0,0.0,0.0,0.0,0.0,0.0,0.0,0.0,0.0,0.0,0.0,0.0,0.0,0.0,0.0,0.0,0.0,0.0,0.0,0.0,0.0,0.0,0.0,0.0,0.0,0.0,0.0,0.0,0.0,0.0,0.0,0.0,0.0,0.0,0.0,0.0,0.0,0.0,0.0,0.0
HOU,2014,1274,295,485,3460.0,22,13.0,26.0,108.0,4,2,3988.0,1543.0,171.0,27.347562189668324,0,16.236020742039422,1.277695219458215,551,2161.0,12,6.0,3.0,108.0,-41.06441747219665,0,295,480,3460.0,22,6.0,4.0,3991.0,1543.0,171.0,46.05698548218389,0,118.8628301294548,16.0,16.0,35.199999999999996,1.0,954.5,1249.5,0.0,0.0,0.0,0.0,0.0,0.0,0.0,0.0,0.0,0.0,0.0,0.0,0.0,0.0,0.0,0.0,0.0,0.0,0.0,0.0,0.0,0.0,0.0,0.0,0.0,0.0,0.0,0.0,0.0,0.0,0.0,0.0,0.0,0.0,0.0,0.0,0.0,0.0,0.0,0.0,0.0,0.0,0.0,0.0,0.0,0.0,0.0,0.0,0.0,0.0,0.0,0.0,0.0,0.0,0.0,0.0,0.0,0.0,0.0,0.0,0.0,0.0,0.0,0.0,0.0,0.0,0.0,0.0,0.0,0.0,0.0,0.0,0.0,0.0,0.0,0.0,0.0,0.0,0.0,0.0,0.0,0.0,0.0,0.0,0.0,0.0,0.0,0.0,0.0,0.0,0.0,0.0
HOU,2015,1777,373,653,4215.0,29,16.0,39.0,270.0,11,5,6275.0,1402.0,220.0,-21.411678325689095,1,16.948860679224847,1.4368713548747105,497,1845.0,7,5.0,2.0,93.0,-59.96692073277998,1,373,648,4215.0,29,3.0,2.0,6251.0,1402.0,220.0,51.927783155848836,1,226.05050347173264,17.0,17.0,37.4,0.0,1062.6000000000001,1435.6000000000001,0.0,0.0,0.0,0.0,0.0,0.0,0.0,0.0,0.0,0.0,0.0,0.0,0.0,0.0,0.0,0.0,0.0,0.0,0.0,0.0,0.0,0.0,0.0,0.0,0.0,0.0,0.0,0.0,0.0,0.0,0.0,0.0,0.0,0.0,0.0,0.0,0.0,0.0,0.0,0.0,0.0,0.0,0.0,0.0,0.0,0.0,0.0,0.0,0.0,0.0,0.0,0.0,0.0,0.0,0.0,0.0,0.0,0.0,0.0,0.0,0.0,0.0,0.0,0.0,0.0,0.0,0.0,0.0,0.0,0.0,0.0,0.0,0.0,0.0,0.0,0.0,0.0,0.0,0.0,0.0,0.0,0.0,0.0,0.0,0.0,0.0,0.0,0.0,0.0,0.0,0.0,0.0
HOU,2016,1847,384,648,3783.0,17,19.0,35.0,259.0,4,2,5522.0,1531.0,190.0,-76.15966898977115,0,14.020291333617173,0.8341649602264415,523,2087.0,10,9.0,2.0,113.0,-57.033332952028516,0,384,642,3791.0,17,2.0,1.0,5495.0,1539.0,190.0,-12.853840811313908,0,92.32305369422878,18.0,18.0,39.6,1.0,927.12,1311.1200000000001,0.0,0.0,0.0,0.0,0.0,0.0,0.0,0.0,0.0,0.0,0.0,0.0,0.0,0.0,0.0,0.0,0.0,0.0,0.0,0.0,0.0,0.0,0.0,0.0,0.0,0.0,0.0,0.0,0.0,0.0,0.0,0.0,0.0,0.0,0.0,0.0,0.0,0.0,0.0,0.0,0.0,0.0,0.0,0.0,0.0,0.0,0.0,0.0,0.0,0.0,0.0,0.0,0.0,0.0,0.0,0.0,0.0,0.0,0.0,0.0,0.0,0.0,0.0,0.0,0.0,0.0,0.0,0.0,0.0,0.0,0.0,0.0,0.0,0.0,0.0,0.0,0.0,0.0,0.0,0.0,0.0,0.0,0.0,0.0,0.0,0.0,0.0,0.0,0.0,0.0,0.0,0.0
HOU,2017,1294,299,525,3644.0,28,17.0,54.0,366.0,15,9,5204.0,1410.0,180.0,-51.72602154452146,1,14.603471430957613,1.3208610073175917,448,1842.0,8,4.0,1.0,86.0,-30.593478779700455,1,299,516,3644.0,28,2.0,1.0,5190.0,1410.0,180.0,64.54025380812301,1,129.86738800520988,16.0,16.0,35.199999999999996,0.0,972.36,1271.3600000000001,0.0,0.0,0.0,0.0,0.0,0.0,0.0,0.0,0.0,0.0,0.0,0.0,0.0,0.0,0.0,0.0,0.0,0.0,0.0,0.0,0.0,0.0,0.0,0.0,0.0,0.0,0.0,0.0,0.0,0.0,0.0,0.0,0.0,0.0,0.0,0.0,0.0,0.0,0.0,0.0,0.0,0.0,0.0,0.0,0.0,0.0,0.0,0.0,0.0,0.0,0.0,0.0,0.0,0.0,0.0,0.0,0.0,0.0,0.0,0.0,0.0,0.0,0.0,0.0,0.0,0.0,0.0,0.0,0.0,0.0,0.0,0.0,0.0,0.0,0.0,0.0,0.0,0.0,0.0,0.0,0.0,0.0,0.0,0.0,0.0,0.0,0.0,0.0,0.0,0.0,0.0,0.0
HOU,2018,1435,374,555,4400.0,27,10.0,65.0,402.0,6,2,4689.0,1892.0,215.0,48.089102766432134,0,17.104011713908964,2.1978718928865586,488,2126.0,12,4.0,1.0,101.0,-36.852254126988946,0,374,541,4400.0,27,4.0,3.0,4591.0,1892.0,215.0,145.19439350957046,0,224.80330461512662,17.0,17.0,37.4,0.0,1138.6000000000001,1512.6000000000001,0.0,0.0,0.0,0.0,0.0,0.0,0.0,0.0,0.0,0.0,0.0,0.0,0.0,0.0,0.0,0.0,0.0,0.0,0.0,0.0,0.0,0.0,0.0,0.0,0.0,0.0,0.0,0.0,0.0,0.0,0.0,0.0,0.0,0.0,0.0,0.0,0.0,0.0,0.0,0.0,0.0,0.0,0.0,0.0,0.0,0.0,0.0,0.0,0.0,0.0,0.0,0.0,0.0,0.0,0.0,0.0,0.0,0.0,0.0,0.0,0.0,0.0,0.0,0.0,0.0,0.0,0.0,0.0,0.0,0.0,0.0,0.0,0.0,0.0,0.0,0.0,0.0,0.0,0.0,0.0,0.0,0.0,0.0,0.0,0.0,0.0,0.0,0.0,0.0,0.0,0.0,0.0
HOU,2019,1618,406,611,4718.0,30,14.0,61.0,368.0,4,2,5423.0,2061.0,234.0,68.94175071489228,2,16.34292545502974,2.34658583275477,488,2244.0,19,12.0,4.0,121.0,-2.5969813606380923,1,406,593,4718.0,30,4.0,2.0,5119.0,2058.0,234.0,161.94102308399434,2,121.79655537620309,18.0,18.0,39.6,1.0,1270.92,1676.92,0.0,0.0,0.0,0.0,0.0,0.0,0.0,0.0,0.0,0.0,0.0,0.0,0.0,0.0,0.0,0.0,0.0,0.0,0.0,0.0,0.0,0.0,0.0,0.0,0.0,0.0,0.0,0.0,0.0,0.0,0.0,0.0,0.0,0.0,0.0,0.0,0.0,0.0,0.0,0.0,0.0,0.0,0.0,0.0,0.0,0.0,0.0,0.0,0.0,0.0,0.0,0.0,0.0,0.0,0.0,0.0,0.0,0.0,0.0,0.0,0.0,0.0,0.0,0.0,0.0,0.0,0.0,0.0,0.0,0.0,0.0,0.0,0.0,0.0,0.0,0.0,0.0,0.0,0.0,0.0,0.0,0.0,0.0,0.0,0.0,0.0,0.0,0.0,0.0,0.0,0.0,0.0
HOU,2020,1343,383,546,4843.0,33,7.0,50.0,305.0,4,2,4867.0,1973.0,222.0,131.67754359215277,1,17.135269888504205,2.6109761451612283,344,1466.0,10,7.0,4.0,83.0,-24.381641917861998,0,383,525,4828.0,33,6.0,3.0,4702.0,1958.0,221.0,216.7366918350578,1,274.1212545302816,16.0,16.0,35.2,0.0,1185.1200000000001,1568.1200000000001,0.0,0.0,0.0,0.0,0.0,0.0,0.0,0.0,0.0,0.0,0.0,0.0,0.0,0.0,0.0,0.0,0.0,0.0,0.0,0.0,0.0,0.0,0.0,0.0,0.0,0.0,0.0,0.0,0.0,0.0,0.0,0.0,0.0,0.0,0.0,0.0,0.0,0.0,0.0,0.0,0.0,0.0,0.0,0.0,0.0,0.0,0.0,0.0,0.0,0.0,0.0,0.0,0.0,0.0,0.0,0.0,0.0,0.0,0.0,0.0,0.0,0.0,0.0,0.0,0.0,0.0,0.0,0.0,0.0,0.0,0.0,0.0,0.0,0.0,0.0,0.0,0.0,0.0,0.0,0.0,0.0,0.0,0.0,0.0,0.0,0.0,0.0,0.0,0.0,0.0,0.0,0.0
HOU,2021,1658,354,546,3630.0,21,15.0,44.0,325.0,5,1,3997.0,1723.0,162.0,-61.46474313821488,1,18.124146544287722,1.5115132665552824,420,1422.0,8,5.0,1.0,77.0,-67.51137687555538,1,354,523,3630.0,21,5.0,4.0,3798.0,1723.0,162.0,15.20460278590758,1,176.81440195245062,17.0,17.0,37.4,1.0,878.4,1232.4,0.0,0.0,0.0,0.0,0.0,0.0,0.0,0.0,0.0,0.0,0.0,0.0,0.0,0.0,0.0,0.0,0.0,0.0,0.0,0.0,0.0,0.0,0.0,0.0,0.0,0.0,0.0,0.0,0.0,0.0,0.0,0.0,0.0,0.0,0.0,0.0,0.0,0.0,0.0,0.0,0.0,0.0,0.0,0.0,0.0,0.0,0.0,0.0,0.0,0.0,0.0,0.0,0.0,0.0,0.0,0.0,0.0,0.0,0.0,0.0,0.0,0.0,0.0,0.0,0.0,0.0,0.0,0.0,0.0,0.0,0.0,0.0,0.0,0.0,0.0,0.0,0.0,0.0,0.0,0.0,0.0,0.0,0.0,0.0,0.0,0.0,0.0,0.0,0.0,0.0,0.0,0.0
HOU,2022,1808,352,579,3642.0,20,19.0,38.0,298.0,7,2,4358.0,1842.0,159.0,-111.3393723846354,1,22.012281398141475,0.6217306376964354,398,1476.0,7,10.0,5.0,90.0,-71.65842869608524,0,352,558,3642.0,20,2.0,1.0,4124.0,1842.0,159.0,-30.220638197572555,1,181.36927033595035,17.0,17.0,37.4,0.0,849.48,1201.48,0.0,0.0,0.0,0.0,0.0,0.0,0.0,0.0,0.0,0.0,0.0,0.0,0.0,0.0,0.0,0.0,0.0,0.0,0.0,0.0,0.0,0.0,0.0,0.0,0.0,0.0,0.0,0.0,0.0,0.0,0.0,0.0,0.0,0.0,0.0,0.0,0.0,0.0,0.0,0.0,0.0,0.0,0.0,0.0,0.0,0.0,0.0,0.0,0.0,0.0,0.0,0.0,0.0,0.0,0.0,0.0,0.0,0.0,0.0,0.0,0.0,0.0,0.0,0.0,0.0,0.0,0.0,0.0,0.0,0.0,0.0,0.0,0.0,0.0,0.0,0.0,0.0,0.0,0.0,0.0,0.0,0.0,0.0,0.0,0.0,0.0,0.0,0.0,0.0,0.0,0.0,0.0
HOU,2023,2206,408,647,5033.0,30,8.0,47.0,405.0,6,3,5604.0,2238.0,233.0,49.17377316931825,1,22.096419121941018,1.7960403395060343,480,1751.0,11,5.0,1.0,87.0,-68.46935920254073,1,408,619,5033.0,30,3.0,2.0,5435.0,2238.0,233.0,147.35157508160282,1,72.63108946383888,19.0,19.0,41.8,3.0,1241.72,1649.72,0.0,0.0,0.0,0.0,0.0,0.0,0.0,0.0,0.0,0.0,0.0,0.0,0.0,0.0,0.0,0.0,0.0,0.0,0.0,0.0,0.0,0.0,0.0,0.0,0.0,0.0,0.0,0.0,0.0,0.0,0.0,0.0,0.0,0.0,0.0,0.0,0.0,0.0,0.0,0.0,0.0,0.0,0.0,0.0,0.0,0.0,0.0,0.0,0.0,0.0,0.0,0.0,0.0,0.0,0.0,0.0,0.0,0.0,0.0,0.0,0.0,0.0,0.0,0.0,0.0,0.0,0.0,0.0,0.0,0.0,0.0,0.0,0.0,0.0,0.0,0.0,0.0,0.0,0.0,0.0,0.0,0.0,0.0,0.0,0.0,0.0,0.0,0.0,0.0,0.0,0.0,0.0
HOU,2024,1996,398,631,4479.0,21,13.0,65.0,505.0,5,2,5240.0,1933.0,221.0,-14.163340485738626,0,20.705090698295873,1.5592142830460918,497,2226.0,17,6.0,4.0,103.0,-34.34076274121822,0,398,607,4479.0,21,5.0,2.0,5000.0,1933.0,221.0,103.95689512022302,0,162.9023643796967,19.0,19.0,41.8,0.0,1119.66,1517.66,0.0,0.0,0.0,0.0,0.0,0.0,0.0,0.0,0.0,0.0,0.0,0.0,0.0,0.0,0.0,0.0,0.0,0.0,0.0,0.0,0.0,0.0,0.0,0.0,0.0,0.0,0.0,0.0,0.0,0.0,0.0,0.0,0.0,0.0,0.0,0.0,0.0,0.0,0.0,0.0,0.0,0.0,0.0,0.0,0.0,0.0,0.0,0.0,0.0,0.0,0.0,0.0,0.0,0.0,0.0,0.0,0.0,0.0,0.0,0.0,0.0,0.0,0.0,0.0,0.0,0.0,0.0,0.0,0.0,0.0,0.0,0.0,0.0,0.0,0.0,0.0,0.0,0.0,0.0,0.0,0.0,0.0,0.0,0.0,0.0,0.0,0.0,0.0,0.0,0.0,0.0,0.0
HOU,2025,7119,405,661,4418.0,26,0.0,0.0,0.0,2,2,5471.0,1808.0,205.0,7.868113724612229,1,19.263346308452455,0.0,528,2064.0,10,6.0,1.0,111.0,-45.32052945756311,0,405,630,4418.0,26,3.0,2.0,5281.0,1808.0,205.0,93.98852697841694,1,140.66940112392135,19.0,18.303565381838993,41.312495767287295,0.0,1110.92,1515.92,14.0,37.0,-274.0,-82.4642985868738,163.0,86.0,53.0,13.0,47.0,32.0,9.0,1.0,163.0,86.0,53.0,13.0,650.0,23.0,541.0,108.0,563.0,20.0,56.0,438.0,109.0,21.0,176.0,100.0,2.0,0.0,0.0,1.0,7.0,-20.0,13.0,99.0,5.0,134.0,1095.0,8.0,6.0,1.0,14.0,6.0,40.0,411.0,61.0,1554.0,52.0,56.0,3.0,1.0,855.0,17.8,0.0,11.0,12.0,18.0,11.0,0.0,0.0,0.0,0.0,0.0,3.0,0.0,2047.0,157.0,52.0,34.0,35.0,1.0,0.0,16.75,1.0,1.0,0.0,0.0,35.0,80.0,0.0,1107.0,3843.0,32.0,11.0,12.0,5.0,14.0,38.0,393.0,1.0,3350.0
IND,2006,1883,460,711,5415.0,34,16.0,21.0,130.0,3,1,6848.0,1808.0,296.0,178.83263294684465,2,17.697420682807913,3.385799397703991,586,2366.0,21,7.0,5.0,152.0,-21.65475623372644,0,460,460,5415.0,34,6.0,4.0,3607.0,1808.0,296.0,444.23253107962023,2,171.07156246510584,20.0,20.0,44.0,1.0,1422.7,1882.7,0.0,0.0,0.0,0.0,0.0,0.0,0.0,0.0,0.0,0.0,0.0,0.0,0.0,0.0,0.0,0.0,0.0,0.0,0.0,0.0,0.0,0.0,0.0,0.0,0.0,0.0,0.0,0.0,0.0,0.0,0.0,0.0,0.0,0.0,0.0,0.0,0.0,0.0,0.0,0.0,0.0,0.0,0.0,0.0,0.0,0.0,0.0,0.0,0.0,0.0,0.0,0.0,0.0,0.0,0.0,0.0,0.0,0.0,0.0,0.0,0.0,0.0,0.0,0.0,0.0,0.0,0.0,0.0,0.0,0.0,0.0,0.0,0.0,0.0,0.0,0.0,0.0,0.0,0.0,0.0,0.0,0.0,0.0,0.0,0.0,0.0,0.0,0.0,0.0,0.0,0.0,0.0
IND,2007,1501,388,599,4574.0,35,16.0,23.0,139.0,6,1,5033.0,1700.0,233.0,156.46665485100615,1,23.083532783518578,3.2521812998954234,464,1750.0,19,1.0,0.0,123.0,3.330192771312916,1,388,388,4574.0,35,6.0,5.0,2710.0,1700.0,233.0,371.75827732736076,1,177.03745731093008,17.0,17.0,37.4,1.0,1247.3600000000001,1635.3600000000001,0.0,0.0,0.0,0.0,0.0,0.0,0.0,0.0,0.0,0.0,0.0,0.0,0.0,0.0,0.0,0.0,0.0,0.0,0.0,0.0,0.0,0.0,0.0,0.0,0.0,0.0,0.0,0.0,0.0,0.0,0.0,0.0,0.0,0.0,0.0,0.0,0.0,0.0,0.0,0.0,0.0,0.0,0.0,0.0,0.0,0.0,0.0,0.0,0.0,0.0,0.0,0.0,0.0,0.0,0.0,0.0,0.0,0.0,0.0,0.0,0.0,0.0,0.0,0.0,0.0,0.0,0.0,0.0,0.0,0.0,0.0,0.0,0.0,0.0,0.0,0.0,0.0,0.0,0.0,0.0,0.0,0.0,0.0,0.0,0.0,0.0,0.0,0.0,0.0,0.0,0.0,0.0
IND,2008,1387,418,627,4490.0,28,12.0,15.0,94.0,0,0,5363.0,1846.0,231.0,154.1890783922341,1,19.062193789153618,3.294411320681747,392,1338.0,14,4.0,1.0,85.0,-30.0087649516876,1,418,418,4490.0,28,4.0,2.0,2644.0,1846.0,231.0,356.59181304577226,1,129.14252107156767,17.0,17.0,37.4,0.0,1102.4,1520.4,0.0,0.0,0.0,0.0,0.0,0.0,0.0,0.0,0.0,0.0,0.0,0.0,0.0,0.0,0.0,0.0,0.0,0.0,0.0,0.0,0.0,0.0,0.0,0.0,0.0,0.0,0.0,0.0,0.0,0.0,0.0,0.0,0.0,0.0,0.0,0.0,0.0,0.0,0.0,0.0,0.0,0.0,0.0,0.0,0.0,0.0,0.0,0.0,0.0,0.0,0.0,0.0,0.0,0.0,0.0,0.0,0.0,0.0,0.0,0.0,0.0,0.0,0.0,0.0,0.0,0.0,0.0,0.0,0.0,0.0,0.0,0.0,0.0,0.0,0.0,0.0,0.0,0.0,0.0,0.0,0.0,0.0,0.0,0.0,0.0,0.0,0.0,0.0,0.0,0.0,0.0,0.0
IND,2009,1849,489,729,5561.0,40,21.0,17.0,120.0,2,1,6349.0,2351.0,292.0,177.8646916846753,0,20.216294695350957,3.5789266066323475,434,1536.0,17,5.0,3.0,83.0,-53.34508927654992,0,489,729,5561.0,40,4.0,1.0,6349.0,2338.0,292.0,204.93072400756733,0,189.98031386490322,19.0,19.0,41.8,1.0,1388.14,1877.14,0.0,0.0,0.0,0.0,0.0,0.0,0.0,0.0,0.0,0.0,0.0,0.0,0.0,0.0,0.0,0.0,0.0,0.0,0.0,0.0,0.0,0.0,0.0,0.0,0.0,0.0,0.0,0.0,0.0,0.0,0.0,0.0,0.0,0.0,0.0,0.0,0.0,0.0,0.0,0.0,0.0,0.0,0.0,0.0,0.0,0.0,0.0,0.0,0.0,0.0,0.0,0.0,0.0,0.0,0.0,0.0,0.0,0.0,0.0,0.0,0.0,0.0,0.0,0.0,0.0,0.0,0.0,0.0,0.0,0.0,0.0,0.0,0.0,0.0,0.0,0.0,0.0,0.0,0.0,0.0,0.0,0.0,0.0,0.0,0.0,0.0,0.0,0.0,0.0,0.0,0.0,0.0
IND,2010,1404,468,705,4925.0,34,17.0,17.0,97.0,2,1,6115.0,2007.0,264.0,139.5265163784665,0,14.090012688933118,2.659816254420967,420,1576.0,13,5.0,3.0,92.0,-28.461165858014617,0,468,705,4925.0,34,3.0,3.0,6115.0,2007.0,264.0,141.9224094555455,0,92.9431904246938,17.0,17.0,37.4,2.0,1229.1000000000001,1697.1000000000001,0.0,0.0,0.0,0.0,0.0,0.0,0.0,0.0,0.0,0.0,0.0,0.0,0.0,0.0,0.0,0.0,0.0,0.0,0.0,0.0,0.0,0.0,0.0,0.0,0.0,0.0,0.0,0.0,0.0,0.0,0.0,0.0,0.0,0.0,0.0,0.0,0.0,0.0,0.0,0.0,0.0,0.0,0.0,0.0,0.0,0.0,0.0,0.0,0.0,0.0,0.0,0.0,0.0,0.0,0.0,0.0,0.0,0.0,0.0,0.0,0.0,0.0,0.0,0.0,0.0,0.0,0.0,0.0,0.0,0.0,0.0,0.0,0.0,0.0,0.0,0.0,0.0,0.0,0.0,0.0,0.0,0.0,0.0,0.0,0.0,0.0,0.0,0.0,0.0,0.0,0.0,0.0
IND,2011,1276,302,534,3223.0,14,14.0,35.0,228.0,13,7,4315.0,1343.0,170.0,-65.54133564080584,0,15.246406493599137,0.7692712732816105,382,1594.0,8,7.0,5.0,69.0,-48.69915526479008,0,302,525,3223.0,14,3.0,3.0,4295.0,1343.0,170.0,-0.0288691390926612,0,95.1426761712616,16.0,16.0,35.2,0.0,740.62,1042.6200000000001,0.0,0.0,0.0,0.0,0.0,0.0,0.0,0.0,0.0,0.0,0.0,0.0,0.0,0.0,0.0,0.0,0.0,0.0,0.0,0.0,0.0,0.0,0.0,0.0,0.0,0.0,0.0,0.0,0.0,0.0,0.0,0.0,0.0,0.0,0.0,0.0,0.0,0.0,0.0,0.0,0.0,0.0,0.0,0.0,0.0,0.0,0.0,0.0,0.0,0.0,0.0,0.0,0.0,0.0,0.0,0.0,0.0,0.0,0.0,0.0,0.0,0.0,0.0,0.0,0.0,0.0,0.0,0.0,0.0,0.0,0.0,0.0,0.0,0.0,0.0,0.0,0.0,0.0,0.0,0.0,0.0,0.0,0.0,0.0,0.0,0.0,0.0,0.0,0.0,0.0,0.0,0.0
IND,2012,1581,367,682,4662.0,23,19.0,44.0,267.0,10,6,6860.0,1766.0,224.0,4.625309066179188,0,12.12813930979932,1.1314700865360054,470,1823.0,11,5.0,1.0,116.0,-8.753834667641645,1,367,671,4662.0,23,4.0,1.0,6873.0,1766.0,224.0,86.00308159832198,0,140.21412179299355,17.0,17.0,37.4,2.0,1090.98,1457.98,0.0,0.0,0.0,0.0,0.0,0.0,0.0,0.0,0.0,0.0,0.0,0.0,0.0,0.0,0.0,0.0,0.0,0.0,0.0,0.0,0.0,0.0,0.0,0.0,0.0,0.0,0.0,0.0,0.0,0.0,0.0,0.0,0.0,0.0,0.0,0.0,0.0,0.0,0.0,0.0,0.0,0.0,0.0,0.0,0.0,0.0,0.0,0.0,0.0,0.0,0.0,0.0,0.0,0.0,0.0,0.0,0.0,0.0,0.0,0.0,0.0,0.0,0.0,0.0,0.0,0.0,0.0,0.0,0.0,0.0,0.0,0.0,0.0,0.0,0.0,0.0,0.0,0.0,0.0,0.0,0.0,0.0,0.0,0.0,0.0,0.0,0.0,0.0,0.0,0.0,0.0,0.0
IND,2013,1861,399,668,4726.0,29,17.0,36.0,248.0,5,2,5681.0,2230.0,227.0,32.45166273304537,4,22.037072534677986,1.7012005055198949,449,1912.0,16,5.0,2.0,96.0,-1.8210572621124772,0,399,663,4726.0,29,2.0,0.0,5633.0,2230.0,227.0,102.97754048379075,4,82.44398776243816,18.0,18.0,39.6,1.0,1218.8400000000001,1617.8400000000001,0.0,0.0,0.0,0.0,0.0,0.0,0.0,0.0,0.0,0.0,0.0,0.0,0.0,0.0,0.0,0.0,0.0,0.0,0.0,0.0,0.0,0.0,0.0,0.0,0.0,0.0,0.0,0.0,0.0,0.0,0.0,0.0,0.0,0.0,0.0,0.0,0.0,0.0,0.0,0.0,0.0,0.0,0.0,0.0,0.0,0.0,0.0,0.0,0.0,0.0,0.0,0.0,0.0,0.0,0.0,0.0,0.0,0.0,0.0,0.0,0.0,0.0,0.0,0.0,0.0,0.0,0.0,0.0,0.0,0.0,0.0,0.0,0.0,0.0,0.0,0.0,0.0,0.0,0.0,0.0,0.0,0.0,0.0,0.0,0.0,0.0,0.0,0.0,0.0,0.0,0.0,0.0
IND,2014,2010,480,781,5829.0,45,20.0,30.0,176.0,9,5,6936.0,2739.0,288.0,91.83465547775093,0,19.193160807315333,2.5849413772302885,487,1908.0,12,12.0,6.0,98.0,-73.68404735460415,0,480,764,5829.0,45,7.0,4.0,6783.0,2739.0,288.0,150.77669309188616,0,232.32355152740536,19.0,19.0,41.8,0.0,1458.8600000000001,1938.8600000000001,0.0,0.0,0.0,0.0,0.0,0.0,0.0,0.0,0.0,0.0,0.0,0.0,0.0,0.0,0.0,0.0,0.0,0.0,0.0,0.0,0.0,0.0,0.0,0.0,0.0,0.0,0.0,0.0,0.0,0.0,0.0,0.0,0.0,0.0,0.0,0.0,0.0,0.0,0.0,0.0,0.0,0.0,0.0,0.0,0.0,0.0,0.0,0.0,0.0,0.0,0.0,0.0,0.0,0.0,0.0,0.0,0.0,0.0,0.0,0.0,0.0,0.0,0.0,0.0,0.0,0.0,0.0,0.0,0.0,0.0,0.0,0.0,0.0,0.0,0.0,0.0,0.0,0.0,0.0,0.0,0.0,0.0,0.0,0.0,0.0,0.0,0.0,0.0,0.0,0.0,0.0,0.0
IND,2015,1505,355,619,3928.0,26,19.0,37.0,224.0,5,2,5285.0,1647.0,195.0,-24.948735584531125,1,15.990387877122512,0.817075980284721,396,1438.0,6,6.0,5.0,77.0,-77.46362533454878,0,355,604,3928.0,26,2.0,1.0,5211.0,1647.0,195.0,50.71072338205819,1,193.59130452050482,16.0,16.0,35.2,0.0,939.72,1294.72,0.0,0.0,0.0,0.0,0.0,0.0,0.0,0.0,0.0,0.0,0.0,0.0,0.0,0.0,0.0,0.0,0.0,0.0,0.0,0.0,0.0,0.0,0.0,0.0,0.0,0.0,0.0,0.0,0.0,0.0,0.0,0.0,0.0,0.0,0.0,0.0,0.0,0.0,0.0,0.0,0.0,0.0,0.0,0.0,0.0,0.0,0.0,0.0,0.0,0.0,0.0,0.0,0.0,0.0,0.0,0.0,0.0,0.0,0.0,0.0,0.0,0.0,0.0,0.0,0.0,0.0,0.0,0.0,0.0,0.0,0.0,0.0,0.0,0.0,0.0,0.0,0.0,0.0,0.0,0.0,0.0,0.0,0.0,0.0,0.0,0.0,0.0,0.0,0.0,0.0,0.0,0.0
IND,2016,1423,370,583,4491.0,32,15.0,44.0,289.0,4,3,4848.0,1800.0,220.0,56.52445641935878,2,20.847670725332314,1.945923136742516,409,1628.0,13,5.0,3.0,93.0,-33.458239839705776,0,370,571,4491.0,32,4.0,0.0,4846.0,1800.0,220.0,146.5887639569625,2,57.7407864514516,16.0,16.0,35.199999999999996,1.0,1161.54,1531.54,0.0,0.0,0.0,0.0,0.0,0.0,0.0,0.0,0.0,0.0,0.0,0.0,0.0,0.0,0.0,0.0,0.0,0.0,0.0,0.0,0.0,0.0,0.0,0.0,0.0,0.0,0.0,0.0,0.0,0.0,0.0,0.0,0.0,0.0,0.0,0.0,0.0,0.0,0.0,0.0,0.0,0.0,0.0,0.0,0.0,0.0,0.0,0.0,0.0,0.0,0.0,0.0,0.0,0.0,0.0,0.0,0.0,0.0,0.0,0.0,0.0,0.0,0.0,0.0,0.0,0.0,0.0,0.0,0.0,0.0,0.0,0.0,0.0,0.0,0.0,0.0,0.0,0.0,0.0,0.0,0.0,0.0,0.0,0.0,0.0,0.0,0.0,0.0,0.0,0.0,0.0,0.0
IND,2017,1261,285,487,3226.0,13,9.0,56.0,334.0,6,2,3678.0,1646.0,148.0,-66.64080547800151,0,15.252709159982025,0.4831446888936917,451,1661.0,11,7.0,1.0,94.0,-38.5822264176769,0,285,472,3226.0,13,4.0,3.0,3550.0,1646.0,148.0,19.272580306077796,0,82.2332095753494,16.0,16.0,35.199999999999996,0.0,783.74,1068.74,0.0,0.0,0.0,0.0,0.0,0.0,0.0,0.0,0.0,0.0,0.0,0.0,0.0,0.0,0.0,0.0,0.0,0.0,0.0,0.0,0.0,0.0,0.0,0.0,0.0,0.0,0.0,0.0,0.0,0.0,0.0,0.0,0.0,0.0,0.0,0.0,0.0,0.0,0.0,0.0,0.0,0.0,0.0,0.0,0.0,0.0,0.0,0.0,0.0,0.0,0.0,0.0,0.0,0.0,0.0,0.0,0.0,0.0,0.0,0.0,0.0,0.0,0.0,0.0,0.0,0.0,0.0,0.0,0.0,0.0,0.0,0.0,0.0,0.0,0.0,0.0,0.0,0.0,0.0,0.0,0.0,0.0,0.0,0.0,0.0,0.0,0.0,0.0,0.0,0.0,0.0,0.0
IND,2018,1876,470,712,5020.0,42,16.0,21.0,158.0,6,2,5492.0,2065.0,261.0,97.7492508708976,2,18.497706799446757,2.255061083529631,457,2005.0,14,5.0,3.0,110.0,-22.61247681931547,2,470,701,5020.0,42,4.0,4.0,5438.0,2072.0,261.0,131.45722208462877,2,160.80492446351334,18.0,18.0,39.6,1.0,1375.3,1845.3,0.0,0.0,0.0,0.0,0.0,0.0,0.0,0.0,0.0,0.0,0.0,0.0,0.0,0.0,0.0,0.0,0.0,0.0,0.0,0.0,0.0,0.0,0.0,0.0,0.0,0.0,0.0,0.0,0.0,0.0,0.0,0.0,0.0,0.0,0.0,0.0,0.0,0.0,0.0,0.0,0.0,0.0,0.0,0.0,0.0,0.0,0.0,0.0,0.0,0.0,0.0,0.0,0.0,0.0,0.0,0.0,0.0,0.0,0.0,0.0,0.0,0.0,0.0,0.0,0.0,0.0,0.0,0.0,0.0,0.0,0.0,0.0,0.0,0.0,0.0,0.0,0.0,0.0,0.0,0.0,0.0,0.0,0.0,0.0,0.0,0.0,0.0,0.0,0.0,0.0,0.0,0.0
IND,2019,1505,307,513,3314.0,22,10.0,32.0,206.0,6,4,4125.0,1676.0,165.0,-15.853664996246108,1,16.31534537006429,1.127402259079203,471,2130.0,17,3.0,2.0,131.0,18.83911452890358,1,307,488,3314.0,22,5.0,3.0,3927.0,1676.0,165.0,53.53953782453006,1,110.79209049400912,16.0,16.0,35.2,2.0,978.96,1285.96,0.0,0.0,0.0,0.0,0.0,0.0,0.0,0.0,0.0,0.0,0.0,0.0,0.0,0.0,0.0,0.0,0.0,0.0,0.0,0.0,0.0,0.0,0.0,0.0,0.0,0.0,0.0,0.0,0.0,0.0,0.0,0.0,0.0,0.0,0.0,0.0,0.0,0.0,0.0,0.0,0.0,0.0,0.0,0.0,0.0,0.0,0.0,0.0,0.0,0.0,0.0,0.0,0.0,0.0,0.0,0.0,0.0,0.0,0.0,0.0,0.0,0.0,0.0,0.0,0.0,0.0,0.0,0.0,0.0,0.0,0.0,0.0,0.0,0.0,0.0,0.0,0.0,0.0,0.0,0.0,0.0,0.0,0.0,0.0,0.0,0.0,0.0,0.0,0.0,0.0,0.0,0.0
IND,2020,1822,398,598,4495.0,26,11.0,21.0,133.0,2,1,4318.0,2359.0,218.0,109.09661332282049,2,21.143022452079247,2.3812560063027184,489,2159.0,21,1.0,1.0,139.0,-16.913540148345206,2,398,578,4495.0,26,4.0,2.0,4250.0,2359.0,218.0,145.26101278564002,2,113.80548399542533,17.0,17.0,37.4,2.0,1225.2,1623.2,0.0,0.0,0.0,0.0,0.0,0.0,0.0,0.0,0.0,0.0,0.0,0.0,0.0,0.0,0.0,0.0,0.0,0.0,0.0,0.0,0.0,0.0,0.0,0.0,0.0,0.0,0.0,0.0,0.0,0.0,0.0,0.0,0.0,0.0,0.0,0.0,0.0,0.0,0.0,0.0,0.0,0.0,0.0,0.0,0.0,0.0,0.0,0.0,0.0,0.0,0.0,0.0,0.0,0.0,0.0,0.0,0.0,0.0,0.0,0.0,0.0,0.0,0.0,0.0,0.0,0.0,0.0,0.0,0.0,0.0,0.0,0.0,0.0,0.0,0.0,0.0,0.0,0.0,0.0,0.0,0.0,0.0,0.0,0.0,0.0,0.0,0.0,0.0,0.0,0.0,0.0,0.0
IND,2021,1632,324,521,3588.0,27,8.0,32.0,227.0,4,4,4000.0,1657.0,167.0,9.744186922557429,2,16.613537321411496,1.2513296482514613,499,2540.0,22,7.0,3.0,154.0,40.285900387259446,0,324,502,3588.0,27,5.0,1.0,3942.0,1657.0,167.0,100.97845703613515,2,130.42441884149494,17.0,17.0,37.4,2.0,1146.3200000000002,1470.3200000000002,0.0,0.0,0.0,0.0,0.0,0.0,0.0,0.0,0.0,0.0,0.0,0.0,0.0,0.0,0.0,0.0,0.0,0.0,0.0,0.0,0.0,0.0,0.0,0.0,0.0,0.0,0.0,0.0,0.0,0.0,0.0,0.0,0.0,0.0,0.0,0.0,0.0,0.0,0.0,0.0,0.0,0.0,0.0,0.0,0.0,0.0,0.0,0.0,0.0,0.0,0.0,0.0,0.0,0.0,0.0,0.0,0.0,0.0,0.0,0.0,0.0,0.0,0.0,0.0,0.0,0.0,0.0,0.0,0.0,0.0,0.0,0.0,0.0,0.0,0.0,0.0,0.0,0.0,0.0,0.0,0.0,0.0,0.0,0.0,0.0,0.0,0.0,0.0,0.0,0.0,0.0,0.0
IND,2022,1521,398,604,3855.0,17,20.0,60.0,422.0,13,4,3837.0,1790.0,193.0,-99.51496528279057,0,17.899781089643263,0.8745893031583244,439,1866.0,8,8.0,6.0,91.0,-67.23225067264374,1,398,579,3854.0,17,8.0,3.0,3709.0,1791.0,193.0,6.96485469749282,0,128.47411984919174,17.0,17.0,37.4,1.0,886.2,1284.2,0.0,0.0,0.0,0.0,0.0,0.0,0.0,0.0,0.0,0.0,0.0,0.0,0.0,0.0,0.0,0.0,0.0,0.0,0.0,0.0,0.0,0.0,0.0,0.0,0.0,0.0,0.0,0.0,0.0,0.0,0.0,0.0,0.0,0.0,0.0,0.0,0.0,0.0,0.0,0.0,0.0,0.0,0.0,0.0,0.0,0.0,0.0,0.0,0.0,0.0,0.0,0.0,0.0,0.0,0.0,0.0,0.0,0.0,0.0,0.0,0.0,0.0,0.0,0.0,0.0,0.0,0.0,0.0,0.0,0.0,0.0,0.0,0.0,0.0,0.0,0.0,0.0,0.0,0.0,0.0,0.0,0.0,0.0,0.0,0.0,0.0,0.0,0.0,0.0,0.0,0.0,0.0
IND,2023,1641,355,574,3882.0,18,10.0,41.0,216.0,9,5,4255.0,1863.0,178.0,-1.1639152665812422,4,21.80088435259803,1.3493441312739356,479,2059.0,19,4.0,2.0,113.0,-41.0728227755719,0,355,546,3882.0,18,3.0,1.0,4104.0,1863.0,178.0,89.60164060125119,4,111.92438249631505,17.0,17.0,37.4,1.0,1029.38,1384.38,0.0,0.0,0.0,0.0,0.0,0.0,0.0,0.0,0.0,0.0,0.0,0.0,0.0,0.0,0.0,0.0,0.0,0.0,0.0,0.0,0.0,0.0,0.0,0.0,0.0,0.0,0.0,0.0,0.0,0.0,0.0,0.0,0.0,0.0,0.0,0.0,0.0,0.0,0.0,0.0,0.0,0.0,0.0,0.0,0.0,0.0,0.0,0.0,0.0,0.0,0.0,0.0,0.0,0.0,0.0,0.0,0.0,0.0,0.0,0.0,0.0,0.0,0.0,0.0,0.0,0.0,0.0,0.0,0.0,0.0,0.0,0.0,0.0,0.0,0.0,0.0,0.0,0.0,0.0,0.0,0.0,0.0,0.0,0.0,0.0,0.0,0.0,0.0,0.0,0.0,0.0,0.0
IND,2024,1581,289,513,3599.0,20,19.0,32.0,238.0,6,5,5433.0,1457.0,161.0,-32.77317148765171,0,13.355150668704834,0.8539998518515723,496,2318.0,20,10.0,3.0,129.0,-20.4495996811771,1,289,492,3599.0,20,3.0,1.0,5218.0,1457.0,161.0,36.712032627185,0,81.38418692594412,17.0,17.0,37.4,0.0,1001.6600000000001,1290.66,0.0,0.0,0.0,0.0,0.0,0.0,0.0,0.0,0.0,0.0,0.0,0.0,0.0,0.0,0.0,0.0,0.0,0.0,0.0,0.0,0.0,0.0,0.0,0.0,0.0,0.0,0.0,0.0,0.0,0.0,0.0,0.0,0.0,0.0,0.0,0.0,0.0,0.0,0.0,0.0,0.0,0.0,0.0,0.0,0.0,0.0,0.0,0.0,0.0,0.0,0.0,0.0,0.0,0.0,0.0,0.0,0.0,0.0,0.0,0.0,0.0,0.0,0.0,0.0,0.0,0.0,0.0,0.0,0.0,0.0,0.0,0.0,0.0,0.0,0.0,0.0,0.0,0.0,0.0,0.0,0.0,0.0,0.0,0.0,0.0,0.0,0.0,0.0,0.0,0.0,0.0,0.0
IND,2025,5518,360,547,4085.0,25,0.0,0.0,0.0,8,4,4380.0,1802.0,199.0,47.66947836835752,1,19.45555107291169,0.0,442,2007.0,27,5.0,1.0,122.0,33.99101845990116,1,360,530,4085.0,25,2.0,1.0,4275.0,1802.0,199.0,105.67093737042343,1,108.22733738938145,17.0,16.642200215317487,37.14954015072224,0.0,1150.6000000000001,1510.6000000000001,14.0,29.0,-212.0,-100.36292478914221,161.0,88.0,44.0,9.0,48.0,35.0,10.0,4.0,161.0,88.0,44.0,9.0,682.0,18.0,498.0,85.0,355.0,10.0,39.0,247.0,98.0,14.0,107.0,79.0,1.0,1.0,0.0,0.0,10.0,-7.0,7.0,11.0,0.0,92.0,807.0,13.0,7.0,2.0,20.0,9.0,22.0,201.0,67.0,1927.0,34.0,36.0,2.0,0.0,706.0,15.333333333333334,0.0,8.0,12.0,7.0,6.0,1.0,0.0,0.0,0.0,0.0,2.0,0.0,1314.0,104.0,0.0,42.0,45.0,3.0,0.0,15.75,1.0,1.0,0.0,0.0,45.0,44.0,0.0,793.0,2146.0,22.0,4.0,3.0,3.0,15.0,19.0,120.0,0.0,1966.0
JAX,2006,1306,267,447,3059.0,17,14.0,31.0,187.0,2,1,3836.0,1424.0,147.0,-11.893801962248702,0,15.02333195925558,1.4906226894864403,511,2551.0,23,9.0,3.0,127.0,33.13672227345424,0,267,267,3059.0,17,3.0,3.0,1635.0,1424.0,147.0,221.40436840337364,0,85.28691909474944,16.0,16.0,35.199999999999996,1.0,955.36,1222.3600000000001,0.0,0.0,0.0,0.0,0.0,0.0,0.0,0.0,0.0,0.0,0.0,0.0,0.0,0.0,0.0,0.0,0.0,0.0,0.0,0.0,0.0,0.0,0.0,0.0,0.0,0.0,0.0,0.0,0.0,0.0,0.0,0.0,0.0,0.0,0.0,0.0,0.0,0.0,0.0,0.0,0.0,0.0,0.0,0.0,0.0,0.0,0.0,0.0,0.0,0.0,0.0,0.0,0.0,0.0,0.0,0.0,0.0,0.0,0.0,0.0,0.0,0.0,0.0,0.0,0.0,0.0,0.0,0.0,0.0,0.0,0.0,0.0,0.0,0.0,0.0,0.0,0.0,0.0,0.0,0.0,0.0,0.0,0.0,0.0,0.0,0.0,0.0,0.0,0.0,0.0,0.0,0.0
JAX,2007,1775,319,523,3913.0,31,11.0,35.0,208.0,6,4,5014.0,1487.0,200.0,111.18854521464516,0,16.959093771732785,2.9220696497906857,574,2603.0,20,4.0,3.0,139.0,18.148298127246687,1,319,319,3913.0,31,5.0,3.0,2426.0,1487.0,200.0,350.31749916952435,0,203.845077134325,18.0,18.0,39.6,1.0,1204.1200000000001,1523.1200000000001,0.0,0.0,0.0,0.0,0.0,0.0,0.0,0.0,0.0,0.0,0.0,0.0,0.0,0.0,0.0,0.0,0.0,0.0,0.0,0.0,0.0,0.0,0.0,0.0,0.0,0.0,0.0,0.0,0.0,0.0,0.0,0.0,0.0,0.0,0.0,0.0,0.0,0.0,0.0,0.0,0.0,0.0,0.0,0.0,0.0,0.0,0.0,0.0,0.0,0.0,0.0,0.0,0.0,0.0,0.0,0.0,0.0,0.0,0.0,0.0,0.0,0.0,0.0,0.0,0.0,0.0,0.0,0.0,0.0,0.0,0.0,0.0,0.0,0.0,0.0,0.0,0.0,0.0,0.0,0.0,0.0,0.0,0.0,0.0,0.0,0.0,0.0,0.0,0.0,0.0,0.0,0.0
JAX,2008,1361,335,537,3620.0,15,13.0,42.0,288.0,6,3,4453.0,1466.0,182.0,12.807271633577605,0,13.757090154789767,1.836902747501137,426,1774.0,17,5.0,2.0,107.0,4.109932268068742,0,335,335,3620.0,15,7.0,4.0,2154.0,1466.0,182.0,264.9276495292531,0,63.218992923272,16.0,16.0,35.199999999999996,1.0,898.2,1233.2,0.0,0.0,0.0,0.0,0.0,0.0,0.0,0.0,0.0,0.0,0.0,0.0,0.0,0.0,0.0,0.0,0.0,0.0,0.0,0.0,0.0,0.0,0.0,0.0,0.0,0.0,0.0,0.0,0.0,0.0,0.0,0.0,0.0,0.0,0.0,0.0,0.0,0.0,0.0,0.0,0.0,0.0,0.0,0.0,0.0,0.0,0.0,0.0,0.0,0.0,0.0,0.0,0.0,0.0,0.0,0.0,0.0,0.0,0.0,0.0,0.0,0.0,0.0,0.0,0.0,0.0,0.0,0.0,0.0,0.0,0.0,0.0,0.0,0.0,0.0,0.0,0.0,0.0,0.0,0.0,0.0,0.0,0.0,0.0,0.0,0.0,0.0,0.0,0.0,0.0,0.0,0.0
JAX,2009,1406,315,519,3599.0,15,10.0,44.0,238.0,9,5,4243.0,1521.0,170.0,-11.662901320998852,0,15.430425676446838,1.5711493273856951,446,2028.0,19,7.0,4.0,114.0,22.203874278980642,1,315,514,3599.0,15,5.0,3.0,4249.0,1521.0,170.0,61.88662192675837,0,124.70799277564959,16.0,16.0,35.199999999999996,0.0,928.6600000000001,1243.66,0.0,0.0,0.0,0.0,0.0,0.0,0.0,0.0,0.0,0.0,0.0,0.0,0.0,0.0,0.0,0.0,0.0,0.0,0.0,0.0,0.0,0.0,0.0,0.0,0.0,0.0,0.0,0.0,0.0,0.0,0.0,0.0,0.0,0.0,0.0,0.0,0.0,0.0,0.0,0.0,0.0,0.0,0.0,0.0,0.0,0.0,0.0,0.0,0.0,0.0,0.0,0.0,0.0,0.0,0.0,0.0,0.0,0.0,0.0,0.0,0.0,0.0,0.0,0.0,0.0,0.0,0.0,0.0,0.0,0.0,0.0,0.0,0.0,0.0,0.0,0.0,0.0,0.0,0.0,0.0,0.0,0.0,0.0,0.0,0.0,0.0,0.0,0.0,0.0,0.0,0.0,0.0
JAX,2010,1302,291,469,3356.0,26,21.0,37.0,289.0,6,2,3946.0,1474.0,161.0,-3.4658529194366787,0,16.85300522054576,2.030173787029811,513,2386.0,14,8.0,4.0,148.0,29.81472537548064,0,291,464,3356.0,26,3.0,3.0,3922.0,1474.0,161.0,57.76896276609392,0,57.682786224832554,16.0,16.0,35.199999999999996,1.0,998.44,1289.44,0.0,0.0,0.0,0.0,0.0,0.0,0.0,0.0,0.0,0.0,0.0,0.0,0.0,0.0,0.0,0.0,0.0,0.0,0.0,0.0,0.0,0.0,0.0,0.0,0.0,0.0,0.0,0.0,0.0,0.0,0.0,0.0,0.0,0.0,0.0,0.0,0.0,0.0,0.0,0.0,0.0,0.0,0.0,0.0,0.0,0.0,0.0,0.0,0.0,0.0,0.0,0.0,0.0,0.0,0.0,0.0,0.0,0.0,0.0,0.0,0.0,0.0,0.0,0.0,0.0,0.0,0.0,0.0,0.0,0.0,0.0,0.0,0.0,0.0,0.0,0.0,0.0,0.0,0.0,0.0,0.0,0.0,0.0,0.0,0.0,0.0,0.0,0.0,0.0,0.0,0.0,0.0
JAX,2011,1508,240,469,2510.0,12,15.0,44.0,331.0,6,3,3578.0,1275.0,122.0,-129.84817612781305,0,14.79752799847938,-0.08571373235216129,489,1970.0,9,13.0,3.0,103.0,-53.17680030542948,0,240,467,2510.0,12,3.0,1.0,3568.0,1282.0,122.0,-61.69155897617603,0,45.629358279533356,16.0,16.0,35.199999999999996,2.0,690.4,930.4,0.0,0.0,0.0,0.0,0.0,0.0,0.0,0.0,0.0,0.0,0.0,0.0,0.0,0.0,0.0,0.0,0.0,0.0,0.0,0.0,0.0,0.0,0.0,0.0,0.0,0.0,0.0,0.0,0.0,0.0,0.0,0.0,0.0,0.0,0.0,0.0,0.0,0.0,0.0,0.0,0.0,0.0,0.0,0.0,0.0,0.0,0.0,0.0,0.0,0.0,0.0,0.0,0.0,0.0,0.0,0.0,0.0,0.0,0.0,0.0,0.0,0.0,0.0,0.0,0.0,0.0,0.0,0.0,0.0,0.0,0.0,0.0,0.0,0.0,0.0,0.0,0.0,0.0,0.0,0.0,0.0,0.0,0.0,0.0,0.0,0.0,0.0,0.0,0.0,0.0,0.0,0.0
JAX,2012,1427,328,586,3746.0,20,17.0,50.0,327.0,5,3,4996.0,1544.0,157.0,-82.58231202893306,2,16.164854584073606,0.6360605391433711,358,1369.0,5,7.0,3.0,76.0,-39.31357249405936,1,328,580,3746.0,20,3.0,2.0,4987.0,1544.0,157.0,-4.836551482602738,2,126.70017853370653,16.0,16.0,35.199999999999996,1.0,857.34,1185.34,0.0,0.0,0.0,0.0,0.0,0.0,0.0,0.0,0.0,0.0,0.0,0.0,0.0,0.0,0.0,0.0,0.0,0.0,0.0,0.0,0.0,0.0,0.0,0.0,0.0,0.0,0.0,0.0,0.0,0.0,0.0,0.0,0.0,0.0,0.0,0.0,0.0,0.0,0.0,0.0,0.0,0.0,0.0,0.0,0.0,0.0,0.0,0.0,0.0,0.0,0.0,0.0,0.0,0.0,0.0,0.0,0.0,0.0,0.0,0.0,0.0,0.0,0.0,0.0,0.0,0.0,0.0,0.0,0.0,0.0,0.0,0.0,0.0,0.0,0.0,0.0,0.0,0.0,0.0,0.0,0.0,0.0,0.0,0.0,0.0,0.0,0.0,0.0,0.0,0.0,0.0,0.0
JAX,2013,1453,349,592,3751.0,16,21.0,50.0,310.0,3,0,3911.0,2078.0,176.0,-89.6734651226234,0,19.79322689207809,0.3427403303675229,378,1260.0,7,5.0,2.0,71.0,-66.3050556507782,0,349,585,3751.0,16,6.0,3.0,3901.0,2078.0,176.0,-28.308067308339993,0,129.50190429446533,16.0,16.0,35.199999999999996,0.0,801.14,1150.14,0.0,0.0,0.0,0.0,0.0,0.0,0.0,0.0,0.0,0.0,0.0,0.0,0.0,0.0,0.0,0.0,0.0,0.0,0.0,0.0,0.0,0.0,0.0,0.0,0.0,0.0,0.0,0.0,0.0,0.0,0.0,0.0,0.0,0.0,0.0,0.0,0.0,0.0,0.0,0.0,0.0,0.0,0.0,0.0,0.0,0.0,0.0,0.0,0.0,0.0,0.0,0.0,0.0,0.0,0.0,0.0,0.0,0.0,0.0,0.0,0.0,0.0,0.0,0.0,0.0,0.0,0.0,0.0,0.0,0.0,0.0,0.0,0.0,0.0,0.0,0.0,0.0,0.0,0.0,0.0,0.0,0.0,0.0,0.0,0.0,0.0,0.0,0.0,0.0,0.0,0.0,0.0
JAX,2014,1367,325,557,3451.0,15,18.0,71.0,450.0,5,1,4046.0,1866.0,154.0,-143.48083203755735,1,17.948982556843852,0.13640520428458366,360,1633.0,9,6.0,4.0,86.0,-29.340277248272244,0,325,553,3451.0,15,2.0,2.0,4025.0,1866.0,154.0,-44.049097490598534,1,69.05935430302527,16.0,16.0,35.199999999999996,0.0,804.44,1129.44,0.0,0.0,0.0,0.0,0.0,0.0,0.0,0.0,0.0,0.0,0.0,0.0,0.0,0.0,0.0,0.0,0.0,0.0,0.0,0.0,0.0,0.0,0.0,0.0,0.0,0.0,0.0,0.0,0.0,0.0,0.0,0.0,0.0,0.0,0.0,0.0,0.0,0.0,0.0,0.0,0.0,0.0,0.0,0.0,0.0,0.0,0.0,0.0,0.0,0.0,0.0,0.0,0.0,0.0,0.0,0.0,0.0,0.0,0.0,0.0,0.0,0.0,0.0,0.0,0.0,0.0,0.0,0.0,0.0,0.0,0.0,0.0,0.0,0.0,0.0,0.0,0.0,0.0,0.0,0.0,0.0,0.0,0.0,0.0,0.0,0.0,0.0,0.0,0.0,0.0,0.0,0.0
JAX,2015,1421,355,607,4428.0,35,18.0,51.0,320.0,9,3,5586.0,1841.0,215.0,4.9023543335658175,1,13.022318212229546,1.193298155931475,354,1473.0,5,9.0,4.0,68.0,-64.88090929418895,0,355,601,4428.0,35,2.0,1.0,5549.0,1841.0,215.0,94.43273346088503,1,181.3099667391818,16.0,16.0,35.2,1.0,1105.22,1460.22,0.0,0.0,0.0,0.0,0.0,0.0,0.0,0.0,0.0,0.0,0.0,0.0,0.0,0.0,0.0,0.0,0.0,0.0,0.0,0.0,0.0,0.0,0.0,0.0,0.0,0.0,0.0,0.0,0.0,0.0,0.0,0.0,0.0,0.0,0.0,0.0,0.0,0.0,0.0,0.0,0.0,0.0,0.0,0.0,0.0,0.0,0.0,0.0,0.0,0.0,0.0,0.0,0.0,0.0,0.0,0.0,0.0,0.0,0.0,0.0,0.0,0.0,0.0,0.0,0.0,0.0,0.0,0.0,0.0,0.0,0.0,0.0,0.0,0.0,0.0,0.0,0.0,0.0,0.0,0.0,0.0,0.0,0.0,0.0,0.0,0.0,0.0,0.0,0.0,0.0,0.0,0.0
JAX,2016,1453,369,626,3925.0,24,16.0,34.0,197.0,6,5,5155.0,1848.0,207.0,-46.99978742221106,1,13.471559682388198,0.7460191726088086,392,1631.0,8,9.0,5.0,75.0,-42.81105884005932,1,369,623,3925.0,24,2.0,0.0,5155.0,1848.0,207.0,18.516483815851156,1,17.593504080715086,16.0,16.0,35.199999999999996,1.0,960.6,1329.6000000000001,0.0,0.0,0.0,0.0,0.0,0.0,0.0,0.0,0.0,0.0,0.0,0.0,0.0,0.0,0.0,0.0,0.0,0.0,0.0,0.0,0.0,0.0,0.0,0.0,0.0,0.0,0.0,0.0,0.0,0.0,0.0,0.0,0.0,0.0,0.0,0.0,0.0,0.0,0.0,0.0,0.0,0.0,0.0,0.0,0.0,0.0,0.0,0.0,0.0,0.0,0.0,0.0,0.0,0.0,0.0,0.0,0.0,0.0,0.0,0.0,0.0,0.0,0.0,0.0,0.0,0.0,0.0,0.0,0.0,0.0,0.0,0.0,0.0,0.0,0.0,0.0,0.0,0.0,0.0,0.0,0.0,0.0,0.0,0.0,0.0,0.0,0.0,0.0,0.0,0.0,0.0,0.0
JAX,2017,2126,365,612,4310.0,24,13.0,29.0,155.0,8,3,4768.0,2237.0,227.0,41.31016758606486,3,21.986821501209832,1.8259474004370662,628,2682.0,23,11.0,3.0,125.0,-16.334420572280756,0,365,600,4310.0,24,4.0,1.0,4732.0,2237.0,227.0,96.23513371458708,3,156.06938552280175,19.0,19.0,41.8,1.0,1227.6000000000001,1592.6000000000001,0.0,0.0,0.0,0.0,0.0,0.0,0.0,0.0,0.0,0.0,0.0,0.0,0.0,0.0,0.0,0.0,0.0,0.0,0.0,0.0,0.0,0.0,0.0,0.0,0.0,0.0,0.0,0.0,0.0,0.0,0.0,0.0,0.0,0.0,0.0,0.0,0.0,0.0,0.0,0.0,0.0,0.0,0.0,0.0,0.0,0.0,0.0,0.0,0.0,0.0,0.0,0.0,0.0,0.0,0.0,0.0,0.0,0.0,0.0,0.0,0.0,0.0,0.0,0.0,0.0,0.0,0.0,0.0,0.0,0.0,0.0,0.0,0.0,0.0,0.0,0.0,0.0,0.0,0.0,0.0,0.0,0.0,0.0,0.0,0.0,0.0,0.0,0.0,0.0,0.0,0.0,0.0
JAX,2018,1399,329,536,3431.0,15,13.0,53.0,322.0,10,5,3777.0,1833.0,164.0,-59.94391394116192,0,17.81483271653496,0.8062265289755175,416,1723.0,7,5.0,4.0,92.0,-38.31536561164177,0,329,524,3431.0,15,8.0,6.0,3686.0,1833.0,164.0,13.46702385141992,0,-19.02869089679499,16.0,16.0,35.199999999999996,1.0,794.64,1123.64,0.0,0.0,0.0,0.0,0.0,0.0,0.0,0.0,0.0,0.0,0.0,0.0,0.0,0.0,0.0,0.0,0.0,0.0,0.0,0.0,0.0,0.0,0.0,0.0,0.0,0.0,0.0,0.0,0.0,0.0,0.0,0.0,0.0,0.0,0.0,0.0,0.0,0.0,0.0,0.0,0.0,0.0,0.0,0.0,0.0,0.0,0.0,0.0,0.0,0.0,0.0,0.0,0.0,0.0,0.0,0.0,0.0,0.0,0.0,0.0,0.0,0.0,0.0,0.0,0.0,0.0,0.0,0.0,0.0,0.0,0.0,0.0,0.0,0.0,0.0,0.0,0.0,0.0,0.0,0.0,0.0,0.0,0.0,0.0,0.0,0.0,0.0,0.0,0.0,0.0,0.0,0.0
JAX,2019,1328,364,589,4023.0,24,8.0,42.0,263.0,13,7,4470.0,1893.0,183.0,-24.979724560996935,4,22.41636108874342,1.1352187121512671,389,1708.0,3,3.0,2.0,84.0,-28.011378181518637,0,364,563,4023.0,24,1.0,1.0,4260.0,1893.0,183.0,80.45458964613118,4,145.76788983066845,16.0,16.0,35.199999999999996,0.0,972.02,1336.02,0.0,0.0,0.0,0.0,0.0,0.0,0.0,0.0,0.0,0.0,0.0,0.0,0.0,0.0,0.0,0.0,0.0,0.0,0.0,0.0,0.0,0.0,0.0,0.0,0.0,0.0,0.0,0.0,0.0,0.0,0.0,0.0,0.0,0.0,0.0,0.0,0.0,0.0,0.0,0.0,0.0,0.0,0.0,0.0,0.0,0.0,0.0,0.0,0.0,0.0,0.0,0.0,0.0,0.0,0.0,0.0,0.0,0.0,0.0,0.0,0.0,0.0,0.0,0.0,0.0,0.0,0.0,0.0,0.0,0.0,0.0,0.0,0.0,0.0,0.0,0.0,0.0,0.0,0.0,0.0,0.0,0.0,0.0,0.0,0.0,0.0,0.0,0.0,0.0,0.0,0.0,0.0
JAX,2020,1444,387,616,3955.0,25,16.0,44.0,256.0,8,6,4858.0,1696.0,205.0,-38.81978962955759,2,14.658863639372202,1.1687305838464592,337,1519.0,9,3.0,1.0,80.0,-13.287155698501659,1,387,585,3955.0,25,2.0,1.0,4738.0,1696.0,205.0,64.95439246448295,2,114.57606143717334,16.0,16.0,35.199999999999996,2.0,983.6,1370.6,0.0,0.0,0.0,0.0,0.0,0.0,0.0,0.0,0.0,0.0,0.0,0.0,0.0,0.0,0.0,0.0,0.0,0.0,0.0,0.0,0.0,0.0,0.0,0.0,0.0,0.0,0.0,0.0,0.0,0.0,0.0,0.0,0.0,0.0,0.0,0.0,0.0,0.0,0.0,0.0,0.0,0.0,0.0,0.0,0.0,0.0,0.0,0.0,0.0,0.0,0.0,0.0,0.0,0.0,0.0,0.0,0.0,0.0,0.0,0.0,0.0,0.0,0.0,0.0,0.0,0.0,0.0,0.0,0.0,0.0,0.0,0.0,0.0,0.0,0.0,0.0,0.0,0.0,0.0,0.0,0.0,0.0,0.0,0.0,0.0,0.0,0.0,0.0,0.0,0.0,0.0,0.0
JAX,2021,1605,361,604,3674.0,12,17.0,32.0,238.0,7,5,4765.0,1640.0,178.0,-58.183805229335576,2,15.206512527384156,0.6277611417505866,392,1755.0,13,6.0,4.0,92.0,-22.717071701047526,0,361,583,3674.0,12,5.0,2.0,4604.0,1640.0,178.0,12.08871707777394,2,133.4622342977211,17.0,17.0,37.4,2.0,851.86,1212.8600000000001,0.0,0.0,0.0,0.0,0.0,0.0,0.0,0.0,0.0,0.0,0.0,0.0,0.0,0.0,0.0,0.0,0.0,0.0,0.0,0.0,0.0,0.0,0.0,0.0,0.0,0.0,0.0,0.0,0.0,0.0,0.0,0.0,0.0,0.0,0.0,0.0,0.0,0.0,0.0,0.0,0.0,0.0,0.0,0.0,0.0,0.0,0.0,0.0,0.0,0.0,0.0,0.0,0.0,0.0,0.0,0.0,0.0,0.0,0.0,0.0,0.0,0.0,0.0,0.0,0.0,0.0,0.0,0.0,0.0,0.0,0.0,0.0,0.0,0.0,0.0,0.0,0.0,0.0,0.0,0.0,0.0,0.0,0.0,0.0,0.0,0.0,0.0,0.0,0.0,0.0,0.0,0.0
JAX,2022,1894,446,682,4653.0,30,14.0,32.0,216.0,7,5,5008.0,2264.0,237.0,65.7004295503384,3,20.90541362213807,2.051650513465906,488,2377.0,17,9.0,7.0,128.0,-13.190972884950815,2,446,658,4653.0,30,3.0,2.0,4857.0,2264.0,237.0,141.2141308075587,3,136.0363929841849,19.0,19.0,41.8,0.0,1251.1200000000001,1697.1200000000001,0.0,0.0,0.0,0.0,0.0,0.0,0.0,0.0,0.0,0.0,0.0,0.0,0.0,0.0,0.0,0.0,0.0,0.0,0.0,0.0,0.0,0.0,0.0,0.0,0.0,0.0,0.0,0.0,0.0,0.0,0.0,0.0,0.0,0.0,0.0,0.0,0.0,0.0,0.0,0.0,0.0,0.0,0.0,0.0,0.0,0.0,0.0,0.0,0.0,0.0,0.0,0.0,0.0,0.0,0.0,0.0,0.0,0.0,0.0,0.0,0.0,0.0,0.0,0.0,0.0,0.0,0.0,0.0,0.0,0.0,0.0,0.0,0.0,0.0,0.0,0.0,0.0,0.0,0.0,0.0,0.0,0.0,0.0,0.0,0.0,0.0,0.0,0.0,0.0,0.0,0.0,0.0
JAX,2023,1576,412,620,4377.0,22,14.0,41.0,251.0,8,5,4981.0,1937.0,199.0,7.165807689351347,1,22.749703096518246,2.208014770378472,453,1646.0,17,5.0,3.0,98.0,-67.28956745267753,2,412,607,4377.0,22,8.0,6.0,4905.0,1945.0,199.0,77.30337453223677,1,35.62279495858463,17.0,17.0,37.4,0.0,1051.38,1463.38,0.0,0.0,0.0,0.0,0.0,0.0,0.0,0.0,0.0,0.0,0.0,0.0,0.0,0.0,0.0,0.0,0.0,0.0,0.0,0.0,0.0,0.0,0.0,0.0,0.0,0.0,0.0,0.0,0.0,0.0,0.0,0.0,0.0,0.0,0.0,0.0,0.0,0.0,0.0,0.0,0.0,0.0,0.0,0.0,0.0,0.0,0.0,0.0,0.0,0.0,0.0,0.0,0.0,0.0,0.0,0.0,0.0,0.0,0.0,0.0,0.0,0.0,0.0,0.0,0.0,0.0,0.0,0.0,0.0,0.0,0.0,0.0,0.0,0.0,0.0,0.0,0.0,0.0,0.0,0.0,0.0,0.0,0.0,0.0,0.0,0.0,0.0,0.0,0.0,0.0,0.0,0.0
JAX,2024,1480,343,546,3717.0,19,15.0,32.0,240.0,4,2,4586.0,1742.0,174.0,1.4441029561769225,4,18.580693347123432,1.5491782751185084,414,1729.0,13,5.0,3.0,106.0,-13.594123616501728,0,343,522,3722.0,19,4.0,3.0,4455.0,1747.0,174.0,66.89936519037302,4,16.32409334134371,17.0,17.0,37.4,1.0,937.78,1280.78,0.0,0.0,0.0,0.0,0.0,0.0,0.0,0.0,0.0,0.0,0.0,0.0,0.0,0.0,0.0,0.0,0.0,0.0,0.0,0.0,0.0,0.0,0.0,0.0,0.0,0.0,0.0,0.0,0.0,0.0,0.0,0.0,0.0,0.0,0.0,0.0,0.0,0.0,0.0,0.0,0.0,0.0,0.0,0.0,0.0,0.0,0.0,0.0,0.0,0.0,0.0,0.0,0.0,0.0,0.0,0.0,0.0,0.0,0.0,0.0,0.0,0.0,0.0,0.0,0.0,0.0,0.0,0.0,0.0,0.0,0.0,0.0,0.0,0.0,0.0,0.0,0.0,0.0,0.0,0.0,0.0,0.0,0.0,0.0,0.0,0.0,0.0,0.0,0.0,0.0,0.0,0.0
JAX,2025,6261,362,593,4233.0,32,0.0,0.0,0.0,3,2,5172.0,1727.0,207.0,42.0507665353543,0,17.785645386205992,0.0,512,2110.0,22,4.0,3.0,132.0,-7.523599335659177,1,362,577,4233.0,32,3.0,1.0,5171.0,1727.0,207.0,112.30528623048498,0,134.1294501430094,18.0,18.011095608318357,39.60776692582285,2.0,1229.6200000000001,1591.6200000000001,14.0,42.0,-249.0,26.039972092820136,176.0,91.0,59.0,6.0,55.0,34.0,11.0,3.0,176.0,91.0,59.0,6.0,612.0,21.0,517.0,78.0,310.0,12.0,33.0,238.0,98.0,22.0,312.0,106.0,2.0,2.0,1.0,0.0,6.0,0.0,10.0,2.0,0.0,125.0,1066.0,9.0,5.0,2.0,14.0,6.0,26.0,356.0,62.0,1666.0,31.0,36.0,5.0,0.0,733.0,13.666666666666666,0.0,5.0,9.0,9.0,6.0,2.0,0.0,0.0,0.0,2.0,3.0,0.0,1292.0,248.0,0.0,53.0,54.0,1.0,0.0,17.0,1.0,1.0,0.0,0.0,52.0,62.0,0.0,970.0,2978.0,23.0,14.0,6.0,6.0,9.0,27.0,178.0,0.0,2680.0
KC,2006,1327,286,474,3350.0,19,14.0,45.0,268.0,11,8,3868.0,1371.0,189.0,-0.07783559289537223,2,17.84417775143004,1.883319703551542,530,2187.0,17,9.0,3.0,107.0,-32.166069909015775,0,286,286,3350.0,19,2.0,1.0,1973.0,1371.0,189.0,282.3205966721165,2,5.555245046502407,17.0,17.0,37.4,2.0,947.7,1233.7,0.0,0.0,0.0,0.0,0.0,0.0,0.0,0.0,0.0,0.0,0.0,0.0,0.0,0.0,0.0,0.0,0.0,0.0,0.0,0.0,0.0,0.0,0.0,0.0,0.0,0.0,0.0,0.0,0.0,0.0,0.0,0.0,0.0,0.0,0.0,0.0,0.0,0.0,0.0,0.0,0.0,0.0,0.0,0.0,0.0,0.0,0.0,0.0,0.0,0.0,0.0,0.0,0.0,0.0,0.0,0.0,0.0,0.0,0.0,0.0,0.0,0.0,0.0,0.0,0.0,0.0,0.0,0.0,0.0,0.0,0.0,0.0,0.0,0.0,0.0,0.0,0.0,0.0,0.0,0.0,0.0,0.0,0.0,0.0,0.0,0.0,0.0,0.0,0.0,0.0,0.0,0.0
KC,2007,1296,335,563,3525.0,17,20.0,54.0,344.0,9,6,4375.0,1523.0,171.0,-65.06048891856581,0,19.722751915343377,0.9173674861800016,384,1248.0,6,2.0,0.0,66.0,-66.5217584052769,1,335,335,3520.0,17,5.0,3.0,1983.0,1518.0,170.0,253.25950336374365,0,122.56759164746208,16.0,16.0,35.199999999999996,0.0,767.8000000000001,1102.8,0.0,0.0,0.0,0.0,0.0,0.0,0.0,0.0,0.0,0.0,0.0,0.0,0.0,0.0,0.0,0.0,0.0,0.0,0.0,0.0,0.0,0.0,0.0,0.0,0.0,0.0,0.0,0.0,0.0,0.0,0.0,0.0,0.0,0.0,0.0,0.0,0.0,0.0,0.0,0.0,0.0,0.0,0.0,0.0,0.0,0.0,0.0,0.0,0.0,0.0,0.0,0.0,0.0,0.0,0.0,0.0,0.0,0.0,0.0,0.0,0.0,0.0,0.0,0.0,0.0,0.0,0.0,0.0,0.0,0.0,0.0,0.0,0.0,0.0,0.0,0.0,0.0,0.0,0.0,0.0,0.0,0.0,0.0,0.0,0.0,0.0,0.0,0.0,0.0,0.0,0.0,0.0
KC,2008,1185,310,541,3358.0,23,16.0,37.0,229.0,5,1,4462.0,1339.0,161.0,-36.40615959890209,1,22.118958946860996,1.4662802880273762,379,1810.0,9,11.0,4.0,94.0,-16.857569641697616,0,310,310,3358.0,23,1.0,1.0,2001.0,1339.0,161.0,256.5514531678091,1,91.28295630100841,16.0,16.0,35.199999999999996,0.0,895.12,1205.1200000000001,0.0,0.0,0.0,0.0,0.0,0.0,0.0,0.0,0.0,0.0,0.0,0.0,0.0,0.0,0.0,0.0,0.0,0.0,0.0,0.0,0.0,0.0,0.0,0.0,0.0,0.0,0.0,0.0,0.0,0.0,0.0,0.0,0.0,0.0,0.0,0.0,0.0,0.0,0.0,0.0,0.0,0.0,0.0,0.0,0.0,0.0,0.0,0.0,0.0,0.0,0.0,0.0,0.0,0.0,0.0,0.0,0.0,0.0,0.0,0.0,0.0,0.0,0.0,0.0,0.0,0.0,0.0,0.0,0.0,0.0,0.0,0.0,0.0,0.0,0.0,0.0,0.0,0.0,0.0,0.0,0.0,0.0,0.0,0.0,0.0,0.0,0.0,0.0,0.0,0.0,0.0,0.0
KC,2009,1575,297,537,3183.0,18,17.0,45.0,268.0,6,2,4320.0,1297.0,139.0,-93.40219196108922,1,16.687456257760957,0.24479963654024706,437,1917.0,8,14.0,5.0,91.0,-52.63784753930786,0,297,528,3183.0,18,1.0,0.0,4327.0,1297.0,139.0,-18.370476336559292,1,112.64545923751027,16.0,16.0,35.2,2.0,833.32,1130.32,0.0,0.0,0.0,0.0,0.0,0.0,0.0,0.0,0.0,0.0,0.0,0.0,0.0,0.0,0.0,0.0,0.0,0.0,0.0,0.0,0.0,0.0,0.0,0.0,0.0,0.0,0.0,0.0,0.0,0.0,0.0,0.0,0.0,0.0,0.0,0.0,0.0,0.0,0.0,0.0,0.0,0.0,0.0,0.0,0.0,0.0,0.0,0.0,0.0,0.0,0.0,0.0,0.0,0.0,0.0,0.0,0.0,0.0,0.0,0.0,0.0,0.0,0.0,0.0,0.0,0.0,0.0,0.0,0.0,0.0,0.0,0.0,0.0,0.0,0.0,0.0,0.0,0.0,0.0,0.0,0.0,0.0,0.0,0.0,0.0,0.0,0.0,0.0,0.0,0.0,0.0,0.0
KC,2010,1703,283,493,3259.0,27,11.0,35.0,238.0,2,1,4022.0,1572.0,169.0,37.71603673999625,0,16.315934186907462,1.7035163370536477,575,2735.0,14,8.0,4.0,135.0,-19.08068691391575,0,283,480,3259.0,27,3.0,2.0,3955.0,1565.0,169.0,98.9224605256903,0,76.65035189778543,17.0,17.0,37.4,1.0,1053.76,1336.76,0.0,0.0,0.0,0.0,0.0,0.0,0.0,0.0,0.0,0.0,0.0,0.0,0.0,0.0,0.0,0.0,0.0,0.0,0.0,0.0,0.0,0.0,0.0,0.0,0.0,0.0,0.0,0.0,0.0,0.0,0.0,0.0,0.0,0.0,0.0,0.0,0.0,0.0,0.0,0.0,0.0,0.0,0.0,0.0,0.0,0.0,0.0,0.0,0.0,0.0,0.0,0.0,0.0,0.0,0.0,0.0,0.0,0.0,0.0,0.0,0.0,0.0,0.0,0.0,0.0,0.0,0.0,0.0,0.0,0.0,0.0,0.0,0.0,0.0,0.0,0.0,0.0,0.0,0.0,0.0,0.0,0.0,0.0,0.0,0.0,0.0,0.0,0.0,0.0,0.0,0.0,0.0
KC,2011,1542,299,500,3288.0,13,18.0,34.0,208.0,4,2,4205.0,1392.0,163.0,-31.896743004502905,0,16.321972781281087,1.4324011432650823,487,1893.0,5,5.0,3.0,89.0,-65.90917907428025,0,299,496,3288.0,13,3.0,1.0,4181.0,1392.0,163.0,17.649689098523922,0,150.9752284418563,16.0,16.0,35.2,0.0,761.62,1060.6200000000001,0.0,0.0,0.0,0.0,0.0,0.0,0.0,0.0,0.0,0.0,0.0,0.0,0.0,0.0,0.0,0.0,0.0,0.0,0.0,0.0,0.0,0.0,0.0,0.0,0.0,0.0,0.0,0.0,0.0,0.0,0.0,0.0,0.0,0.0,0.0,0.0,0.0,0.0,0.0,0.0,0.0,0.0,0.0,0.0,0.0,0.0,0.0,0.0,0.0,0.0,0.0,0.0,0.0,0.0,0.0,0.0,0.0,0.0,0.0,0.0,0.0,0.0,0.0,0.0,0.0,0.0,0.0,0.0,0.0,0.0,0.0,0.0,0.0,0.0,0.0,0.0,0.0,0.0,0.0,0.0,0.0,0.0,0.0,0.0,0.0,0.0,0.0,0.0,0.0,0.0,0.0,0.0
KC,2012,1426,273,475,2937.0,8,20.0,40.0,224.0,7,4,3919.0,1261.0,144.0,-117.11690441029276,0,14.865871673358988,0.563008078347808,500,2395.0,9,11.0,9.0,118.0,-24.963966415634467,0,273,466,2937.0,8,2.0,2.0,3905.0,1261.0,144.0,-57.926436358791534,0,15.406446132734184,16.0,16.0,35.199999999999996,1.0,720.6800000000001,993.6800000000001,0.0,0.0,0.0,0.0,0.0,0.0,0.0,0.0,0.0,0.0,0.0,0.0,0.0,0.0,0.0,0.0,0.0,0.0,0.0,0.0,0.0,0.0,0.0,0.0,0.0,0.0,0.0,0.0,0.0,0.0,0.0,0.0,0.0,0.0,0.0,0.0,0.0,0.0,0.0,0.0,0.0,0.0,0.0,0.0,0.0,0.0,0.0,0.0,0.0,0.0,0.0,0.0,0.0,0.0,0.0,0.0,0.0,0.0,0.0,0.0,0.0,0.0,0.0,0.0,0.0,0.0,0.0,0.0,0.0,0.0,0.0,0.0,0.0,0.0,0.0,0.0,0.0,0.0,0.0,0.0,0.0,0.0,0.0,0.0,0.0,0.0,0.0,0.0,0.0,0.0,0.0,0.0
KC,2013,1622,363,592,3939.0,28,8.0,43.0,236.0,5,4,3833.0,2153.0,195.0,37.63243421907037,0,23.18140825425263,1.682460637994456,474,2206.0,18,8.0,3.0,121.0,-1.9784705229659147,0,363,576,3939.0,28,4.0,2.0,3781.0,2153.0,195.0,112.79930584142227,0,167.59020906504105,17.0,17.0,37.4,5.0,1156.06,1519.06,0.0,0.0,0.0,0.0,0.0,0.0,0.0,0.0,0.0,0.0,0.0,0.0,0.0,0.0,0.0,0.0,0.0,0.0,0.0,0.0,0.0,0.0,0.0,0.0,0.0,0.0,0.0,0.0,0.0,0.0,0.0,0.0,0.0,0.0,0.0,0.0,0.0,0.0,0.0,0.0,0.0,0.0,0.0,0.0,0.0,0.0,0.0,0.0,0.0,0.0,0.0,0.0,0.0,0.0,0.0,0.0,0.0,0.0,0.0,0.0,0.0,0.0,0.0,0.0,0.0,0.0,0.0,0.0,0.0,0.0,0.0,0.0,0.0,0.0,0.0,0.0,0.0,0.0,0.0,0.0,0.0,0.0,0.0,0.0,0.0,0.0,0.0,0.0,0.0,0.0,0.0,0.0
KC,2014,1527,320,493,3428.0,19,6.0,49.0,246.0,3,1,2898.0,1894.0,184.0,57.445076810112496,0,23.258602268978112,1.567255649285388,420,1918.0,18,9.0,4.0,92.0,-7.1330646277821135,0,320,485,3428.0,18,9.0,5.0,2873.0,1894.0,184.0,110.06763360505839,0,201.8036522629081,16.0,16.0,35.199999999999996,2.0,943.72,1263.72,0.0,0.0,0.0,0.0,0.0,0.0,0.0,0.0,0.0,0.0,0.0,0.0,0.0,0.0,0.0,0.0,0.0,0.0,0.0,0.0,0.0,0.0,0.0,0.0,0.0,0.0,0.0,0.0,0.0,0.0,0.0,0.0,0.0,0.0,0.0,0.0,0.0,0.0,0.0,0.0,0.0,0.0,0.0,0.0,0.0,0.0,0.0,0.0,0.0,0.0,0.0,0.0,0.0,0.0,0.0,0.0,0.0,0.0,0.0,0.0,0.0,0.0,0.0,0.0,0.0,0.0,0.0,0.0,0.0,0.0,0.0,0.0,0.0,0.0,0.0,0.0,0.0,0.0,0.0,0.0,0.0,0.0,0.0,0.0,0.0,0.0,0.0,0.0,0.0,0.0,0.0,0.0
KC,2015,1713,356,545,3929.0,22,8.0,50.0,258.0,2,0,3738.0,2111.0,177.0,31.541012653796695,2,20.871207224628133,1.7981622230173362,505,2320.0,21,5.0,2.0,134.0,8.162565608220541,0,356,532,3929.0,22,6.0,5.0,3660.0,2114.0,177.0,89.3557107732852,2,172.87641284639236,18.0,18.0,39.6,1.0,1112.06,1468.06,0.0,0.0,0.0,0.0,0.0,0.0,0.0,0.0,0.0,0.0,0.0,0.0,0.0,0.0,0.0,0.0,0.0,0.0,0.0,0.0,0.0,0.0,0.0,0.0,0.0,0.0,0.0,0.0,0.0,0.0,0.0,0.0,0.0,0.0,0.0,0.0,0.0,0.0,0.0,0.0,0.0,0.0,0.0,0.0,0.0,0.0,0.0,0.0,0.0,0.0,0.0,0.0,0.0,0.0,0.0,0.0,0.0,0.0,0.0,0.0,0.0,0.0,0.0,0.0,0.0,0.0,0.0,0.0,0.0,0.0,0.0,0.0,0.0,0.0,0.0,0.0,0.0,0.0,0.0,0.0,0.0,0.0,0.0,0.0,0.0,0.0,0.0,0.0,0.0,0.0,0.0,0.0
KC,2016,1670,385,580,4086.0,20,9.0,33.0,180.0,5,3,3983.0,2160.0,206.0,35.201777612216375,2,20.28170494323673,2.2380206921621015,426,1809.0,16,5.0,3.0,90.0,-27.24757126945936,0,385,568,4091.0,20,5.0,1.0,3904.0,2165.0,206.0,100.31069537294151,2,105.31422564364561,17.0,17.0,37.4,4.0,1049.44,1434.44,0.0,0.0,0.0,0.0,0.0,0.0,0.0,0.0,0.0,0.0,0.0,0.0,0.0,0.0,0.0,0.0,0.0,0.0,0.0,0.0,0.0,0.0,0.0,0.0,0.0,0.0,0.0,0.0,0.0,0.0,0.0,0.0,0.0,0.0,0.0,0.0,0.0,0.0,0.0,0.0,0.0,0.0,0.0,0.0,0.0,0.0,0.0,0.0,0.0,0.0,0.0,0.0,0.0,0.0,0.0,0.0,0.0,0.0,0.0,0.0,0.0,0.0,0.0,0.0,0.0,0.0,0.0,0.0,0.0,0.0,0.0,0.0,0.0,0.0,0.0,0.0,0.0,0.0,0.0,0.0,0.0,0.0,0.0,0.0,0.0,0.0,0.0,0.0,0.0,0.0,0.0,0.0
KC,2017,1481,387,576,4590.0,28,8.0,41.0,230.0,1,1,4434.0,2288.0,212.0,96.2314771137068,0,19.49677682838588,2.342813078423095,421,1972.0,13,4.0,2.0,98.0,-10.477871361180078,0,387,560,4590.0,28,2.0,0.0,4387.0,2288.0,212.0,165.39436473314257,0,213.23996576055416,17.0,17.0,37.4,1.0,1181.8,1568.8,0.0,0.0,0.0,0.0,0.0,0.0,0.0,0.0,0.0,0.0,0.0,0.0,0.0,0.0,0.0,0.0,0.0,0.0,0.0,0.0,0.0,0.0,0.0,0.0,0.0,0.0,0.0,0.0,0.0,0.0,0.0,0.0,0.0,0.0,0.0,0.0,0.0,0.0,0.0,0.0,0.0,0.0,0.0,0.0,0.0,0.0,0.0,0.0,0.0,0.0,0.0,0.0,0.0,0.0,0.0,0.0,0.0,0.0,0.0,0.0,0.0,0.0,0.0,0.0,0.0,0.0,0.0,0.0,0.0,0.0,0.0,0.0,0.0,0.0,0.0,0.0,0.0,0.0,0.0,0.0,0.0,0.0,0.0,0.0,0.0,0.0,0.0,0.0,0.0,0.0,0.0,0.0
KC,2018,1687,428,655,5699.0,53,12.0,34.0,242.0,7,2,6061.0,2903.0,264.0,229.71627473260418,0,19.34193536268392,3.523624606534989,432,2076.0,21,5.0,1.0,123.0,29.888959512613752,1,428,634,5699.0,53,5.0,4.0,5884.0,2902.0,264.0,290.065907794924,0,112.14628029200803,18.0,18.0,39.6,1.0,1631.46,2059.46,0.0,0.0,0.0,0.0,0.0,0.0,0.0,0.0,0.0,0.0,0.0,0.0,0.0,0.0,0.0,0.0,0.0,0.0,0.0,0.0,0.0,0.0,0.0,0.0,0.0,0.0,0.0,0.0,0.0,0.0,0.0,0.0,0.0,0.0,0.0,0.0,0.0,0.0,0.0,0.0,0.0,0.0,0.0,0.0,0.0,0.0,0.0,0.0,0.0,0.0,0.0,0.0,0.0,0.0,0.0,0.0,0.0,0.0,0.0,0.0,0.0,0.0,0.0,0.0,0.0,0.0,0.0,0.0,0.0,0.0,0.0,0.0,0.0,0.0,0.0,0.0,0.0,0.0,0.0,0.0,0.0,0.0,0.0,0.0,0.0,0.0,0.0,0.0,0.0,0.0,0.0,0.0
KC,2019,1955,450,688,5591.0,40,7.0,32.0,217.0,6,2,5790.0,2620.0,254.0,178.06424798382753,1,22.45139870089053,3.2327389981987547,452,1928.0,22,7.0,3.0,124.0,-2.3594293478194763,0,450,664,5591.0,40,5.0,3.0,5506.0,2620.0,254.0,233.3964352176108,1,124.7854043499236,19.0,19.0,41.8,1.0,1487.54,1937.54,0.0,0.0,0.0,0.0,0.0,0.0,0.0,0.0,0.0,0.0,0.0,0.0,0.0,0.0,0.0,0.0,0.0,0.0,0.0,0.0,0.0,0.0,0.0,0.0,0.0,0.0,0.0,0.0,0.0,0.0,0.0,0.0,0.0,0.0,0.0,0.0,0.0,0.0,0.0,0.0,0.0,0.0,0.0,0.0,0.0,0.0,0.0,0.0,0.0,0.0,0.0,0.0,0.0,0.0,0.0,0.0,0.0,0.0,0.0,0.0,0.0,0.0,0.0,0.0,0.0,0.0,0.0,0.0,0.0,0.0,0.0,0.0,0.0,0.0,0.0,0.0,0.0,0.0,0.0,0.0,0.0,0.0,0.0,0.0,0.0,0.0,0.0,0.0,0.0,0.0,0.0,0.0
KC,2020,1907,502,755,5921.0,44,10.0,29.0,184.0,4,2,5954.0,2949.0,302.0,217.12598783972126,3,31.81231242174328,3.33877836690087,469,2143.0,16,5.0,1.0,132.0,8.336960728796038,0,502,732,5921.0,44,7.0,5.0,5778.0,2949.0,302.0,262.7470998481922,3,108.3675520114098,19.0,19.0,41.8,2.0,1567.24,2069.2400000000002,0.0,0.0,0.0,0.0,0.0,0.0,0.0,0.0,0.0,0.0,0.0,0.0,0.0,0.0,0.0,0.0,0.0,0.0,0.0,0.0,0.0,0.0,0.0,0.0,0.0,0.0,0.0,0.0,0.0,0.0,0.0,0.0,0.0,0.0,0.0,0.0,0.0,0.0,0.0,0.0,0.0,0.0,0.0,0.0,0.0,0.0,0.0,0.0,0.0,0.0,0.0,0.0,0.0,0.0,0.0,0.0,0.0,0.0,0.0,0.0,0.0,0.0,0.0,0.0,0.0,0.0,0.0,0.0,0.0,0.0,0.0,0.0,0.0,0.0,0.0,0.0,0.0,0.0,0.0,0.0,0.0,0.0,0.0,0.0,0.0,0.0,0.0,0.0,0.0,0.0,0.0,0.0
KC,2021,2395,538,798,5996.0,49,16.0,37.0,227.0,7,2,5661.0,3353.0,324.0,182.5168926992972,1,25.85355893928321,3.3952529455721585,504,2382.0,18,10.0,5.0,138.0,23.104882577504235,1,538,754,5996.0,49,4.0,3.0,5316.0,3353.0,324.0,252.38305604518354,1,53.21252511145014,20.0,20.0,44.0,0.0,1629.64,2167.64,0.0,0.0,0.0,0.0,0.0,0.0,0.0,0.0,0.0,0.0,0.0,0.0,0.0,0.0,0.0,0.0,0.0,0.0,0.0,0.0,0.0,0.0,0.0,0.0,0.0,0.0,0.0,0.0,0.0,0.0,0.0,0.0,0.0,0.0,0.0,0.0,0.0,0.0,0.0,0.0,0.0,0.0,0.0,0.0,0.0,0.0,0.0,0.0,0.0,0.0,0.0,0.0,0.0,0.0,0.0,0.0,0.0,0.0,0.0,0.0,0.0,0.0,0.0,0.0,0.0,0.0,0.0,0.0,0.0,0.0,0.0,0.0,0.0,0.0,0.0,0.0,0.0,0.0,0.0,0.0,0.0,0.0,0.0,0.0,0.0,0.0,0.0,0.0,0.0,0.0,0.0,0.0
KC,2022,2618,512,758,5976.0,49,12.0,29.0,199.0,2,1,5362.0,3194.0,315.0,218.747022508715,2,23.33153299681845,3.7926755221617334,493,2314.0,19,8.0,2.0,122.0,14.977904303566195,1,512,715,5976.0,49,6.0,4.0,5137.0,3191.0,315.0,280.65747364792907,2,147.15230572620007,20.0,20.0,44.0,0.0,1644.04,2156.04,0.0,0.0,0.0,0.0,0.0,0.0,0.0,0.0,0.0,0.0,0.0,0.0,0.0,0.0,0.0,0.0,0.0,0.0,0.0,0.0,0.0,0.0,0.0,0.0,0.0,0.0,0.0,0.0,0.0,0.0,0.0,0.0,0.0,0.0,0.0,0.0,0.0,0.0,0.0,0.0,0.0,0.0,0.0,0.0,0.0,0.0,0.0,0.0,0.0,0.0,0.0,0.0,0.0,0.0,0.0,0.0,0.0,0.0,0.0,0.0,0.0,0.0,0.0,0.0,0.0,0.0,0.0,0.0,0.0,0.0,0.0,0.0,0.0,0.0,0.0,0.0,0.0,0.0,0.0,0.0,0.0,0.0,0.0,0.0,0.0,0.0,0.0,0.0,0.0,0.0,0.0,0.0
KC,2023,2510,525,784,5434.0,34,18.0,33.0,214.0,5,3,5068.0,3216.0,269.0,73.89371363491748,0,26.16390419302467,2.7180408060719,537,2296.0,12,9.0,3.0,136.0,-34.60250066581163,0,525,732,5434.0,34,9.0,5.0,4825.0,3216.0,269.0,135.6907290346333,0,194.71237564060522,21.0,21.0,46.199999999999996,0.0,1344.3600000000001,1869.3600000000001,0.0,0.0,0.0,0.0,0.0,0.0,0.0,0.0,0.0,0.0,0.0,0.0,0.0,0.0,0.0,0.0,0.0,0.0,0.0,0.0,0.0,0.0,0.0,0.0,0.0,0.0,0.0,0.0,0.0,0.0,0.0,0.0,0.0,0.0,0.0,0.0,0.0,0.0,0.0,0.0,0.0,0.0,0.0,0.0,0.0,0.0,0.0,0.0,0.0,0.0,0.0,0.0,0.0,0.0,0.0,0.0,0.0,0.0,0.0,0.0,0.0,0.0,0.0,0.0,0.0,0.0,0.0,0.0,0.0,0.0,0.0,0.0,0.0,0.0,0.0,0.0,0.0,0.0,0.0,0.0,0.0,0.0,0.0,0.0,0.0,0.0,0.0,0.0,0.0,0.0,0.0,0.0
KC,2024,2441,459,683,4725.0,31,13.0,52.0,324.0,3,1,4394.0,2697.0,251.0,65.10452172829007,3,26.594547033800822,2.3358222324948787,518,2024.0,19,6.0,3.0,122.0,-1.2695930007521943,0,459,653,4725.0,31,2.0,1.0,4258.0,2697.0,251.0,159.0895626951649,3,212.67495980308885,20.0,20.0,44.0,0.0,1263.9,1722.9,0.0,0.0,0.0,0.0,0.0,0.0,0.0,0.0,0.0,0.0,0.0,0.0,0.0,0.0,0.0,0.0,0.0,0.0,0.0,0.0,0.0,0.0,0.0,0.0,0.0,0.0,0.0,0.0,0.0,0.0,0.0,0.0,0.0,0.0,0.0,0.0,0.0,0.0,0.0,0.0,0.0,0.0,0.0,0.0,0.0,0.0,0.0,0.0,0.0,0.0,0.0,0.0,0.0,0.0,0.0,0.0,0.0,0.0,0.0,0.0,0.0,0.0,0.0,0.0,0.0,0.0,0.0,0.0,0.0,0.0,0.0,0.0,0.0,0.0,0.0,0.0,0.0,0.0,0.0,0.0,0.0,0.0,0.0,0.0,0.0,0.0,0.0,0.0,0.0,0.0,0.0,0.0
KC,2025,5502,363,584,3947.0,23,0.0,0.0,0.0,5,1,4533.0,2110.0,189.0,24.883655681429083,2,17.773452814842766,0.0,430,1812.0,15,5.0,2.0,122.0,8.470350136755696,0,363,549,3947.0,23,3.0,0.0,4298.0,2110.0,189.0,109.25092200330967,2,135.0026807826608,17.0,15.992541159124947,36.694778811387465,0.0,1031.78,1394.78,12.0,47.0,-308.0,-55.896957909431165,160.0,76.0,52.0,9.0,44.0,23.0,3.0,0.0,160.0,76.0,52.0,9.0,608.0,18.0,510.0,74.0,234.0,8.0,33.0,155.0,103.0,10.0,64.0,60.0,0.0,2.0,0.0,0.0,13.0,11.0,4.0,1.0,0.0,112.0,912.0,12.0,5.0,1.0,17.0,3.0,32.0,259.0,66.0,1727.0,33.0,38.0,5.0,0.0,640.0,12.25,1.0,9.0,9.0,9.0,5.0,0.0,0.0,0.0,0.0,2.0,3.0,0.0,1243.0,248.0,0.0,31.0,35.0,3.0,1.0,11.75,1.0,1.0,0.0,0.0,27.0,56.0,0.0,920.0,2664.0,25.0,5.0,8.0,3.0,16.0,24.0,291.0,0.0,2313.0
LA,2006,1303,371,592,4328.0,24,8.0,49.0,366.0,4,2,5359.0,1618.0,212.0,56.27292917521726,1,13.860136723847184,1.7975633142227867,424,1805.0,13,6.0,3.0,94.0,-21.59996772453277,0,371,371,4328.0,24,5.0,3.0,2710.0,1618.0,212.0,319.5180157136883,1,87.11852773646812,16.0,16.0,35.199999999999996,0.0,1076.42,1447.42,0.0,0.0,0.0,0.0,0.0,0.0,0.0,0.0,0.0,0.0,0.0,0.0,0.0,0.0,0.0,0.0,0.0,0.0,0.0,0.0,0.0,0.0,0.0,0.0,0.0,0.0,0.0,0.0,0.0,0.0,0.0,0.0,0.0,0.0,0.0,0.0,0.0,0.0,0.0,0.0,0.0,0.0,0.0,0.0,0.0,0.0,0.0,0.0,0.0,0.0,0.0,0.0,0.0,0.0,0.0,0.0,0.0,0.0,0.0,0.0,0.0,0.0,0.0,0.0,0.0,0.0,0.0,0.0,0.0,0.0,0.0,0.0,0.0,0.0,0.0,0.0,0.0,0.0,0.0,0.0,0.0,0.0,0.0,0.0,0.0,0.0,0.0,0.0,0.0,0.0,0.0,0.0
LA,2007,1282,333,574,3561.0,19,28.0,48.0,328.0,6,4,5039.0,1121.0,192.0,-96.05361825888328,1,15.71398652541767,0.7446252199974694,404,1527.0,5,8.0,3.0,65.0,-58.497980125159266,0,333,333,3561.0,19,5.0,0.0,2440.0,1122.0,192.0,273.5772596098616,1,110.74172164598988,16.0,16.0,35.199999999999996,1.0,811.24,1144.24,0.0,0.0,0.0,0.0,0.0,0.0,0.0,0.0,0.0,0.0,0.0,0.0,0.0,0.0,0.0,0.0,0.0,0.0,0.0,0.0,0.0,0.0,0.0,0.0,0.0,0.0,0.0,0.0,0.0,0.0,0.0,0.0,0.0,0.0,0.0,0.0,0.0,0.0,0.0,0.0,0.0,0.0,0.0,0.0,0.0,0.0,0.0,0.0,0.0,0.0,0.0,0.0,0.0,0.0,0.0,0.0,0.0,0.0,0.0,0.0,0.0,0.0,0.0,0.0,0.0,0.0,0.0,0.0,0.0,0.0,0.0,0.0,0.0,0.0,0.0,0.0,0.0,0.0,0.0,0.0,0.0,0.0,0.0,0.0,0.0,0.0,0.0,0.0,0.0,0.0,0.0,0.0
LA,2008,1397,293,521,3275.0,11,19.0,45.0,321.0,4,3,4678.0,1386.0,140.0,-116.8351853520075,0,15.464881630911304,0.06227424205834575,416,1639.0,8,8.0,6.0,94.0,-48.86083984221075,0,293,294,3275.0,11,4.0,3.0,1880.0,1386.0,140.0,216.04559165245087,0,75.35436031864276,16.0,16.0,35.199999999999996,0.0,718.4,1011.4,0.0,0.0,0.0,0.0,0.0,0.0,0.0,0.0,0.0,0.0,0.0,0.0,0.0,0.0,0.0,0.0,0.0,0.0,0.0,0.0,0.0,0.0,0.0,0.0,0.0,0.0,0.0,0.0,0.0,0.0,0.0,0.0,0.0,0.0,0.0,0.0,0.0,0.0,0.0,0.0,0.0,0.0,0.0,0.0,0.0,0.0,0.0,0.0,0.0,0.0,0.0,0.0,0.0,0.0,0.0,0.0,0.0,0.0,0.0,0.0,0.0,0.0,0.0,0.0,0.0,0.0,0.0,0.0,0.0,0.0,0.0,0.0,0.0,0.0,0.0,0.0,0.0,0.0,0.0,0.0,0.0,0.0,0.0,0.0,0.0,0.0,0.0,0.0,0.0,0.0,0.0,0.0
LA,2009,1500,311,542,2962.0,12,21.0,44.0,284.0,6,2,3810.0,1562.0,159.0,-150.8746058860194,0,20.49900535022625,0.40885924452293626,412,1792.0,4,7.0,4.0,79.0,-63.19217584079161,0,311,536,2962.0,12,5.0,3.0,3782.0,1562.0,159.0,-80.71156227578783,0,94.86792858060097,16.0,16.0,35.2,0.0,677.88,988.88,0.0,0.0,0.0,0.0,0.0,0.0,0.0,0.0,0.0,0.0,0.0,0.0,0.0,0.0,0.0,0.0,0.0,0.0,0.0,0.0,0.0,0.0,0.0,0.0,0.0,0.0,0.0,0.0,0.0,0.0,0.0,0.0,0.0,0.0,0.0,0.0,0.0,0.0,0.0,0.0,0.0,0.0,0.0,0.0,0.0,0.0,0.0,0.0,0.0,0.0,0.0,0.0,0.0,0.0,0.0,0.0,0.0,0.0,0.0,0.0,0.0,0.0,0.0,0.0,0.0,0.0,0.0,0.0,0.0,0.0,0.0,0.0,0.0,0.0,0.0,0.0,0.0,0.0,0.0,0.0,0.0,0.0,0.0,0.0,0.0,0.0,0.0,0.0,0.0,0.0,0.0,0.0
LA,2010,1318,354,590,3512.0,18,15.0,34.0,244.0,6,2,3919.0,1862.0,179.0,-44.42408020200839,0,14.91192288878579,0.5924047194879714,429,1578.0,9,2.0,1.0,84.0,-63.5380920589749,0,354,582,3512.0,18,2.0,1.0,3893.0,1862.0,179.0,9.711293005734927,0,97.77921559658915,16.0,16.0,35.2,0.0,845.48,1199.48,0.0,0.0,0.0,0.0,0.0,0.0,0.0,0.0,0.0,0.0,0.0,0.0,0.0,0.0,0.0,0.0,0.0,0.0,0.0,0.0,0.0,0.0,0.0,0.0,0.0,0.0,0.0,0.0,0.0,0.0,0.0,0.0,0.0,0.0,0.0,0.0,0.0,0.0,0.0,0.0,0.0,0.0,0.0,0.0,0.0,0.0,0.0,0.0,0.0,0.0,0.0,0.0,0.0,0.0,0.0,0.0,0.0,0.0,0.0,0.0,0.0,0.0,0.0,0.0,0.0,0.0,0.0,0.0,0.0,0.0,0.0,0.0,0.0,0.0,0.0,0.0,0.0,0.0,0.0,0.0,0.0,0.0,0.0,0.0,0.0,0.0,0.0,0.0,0.0,0.0,0.0,0.0
LA,2011,1335,292,549,3258.0,9,10.0,55.0,388.0,10,7,4841.0,1410.0,159.0,-127.66446902717645,0,13.33606996770433,-0.3192578108973689,409,1667.0,7,5.0,2.0,79.0,-58.4192394802418,0,292,548,3258.0,9,5.0,3.0,4840.0,1410.0,159.0,-20.71479912521728,0,32.46505515879159,16.0,16.0,35.199999999999996,1.0,716.82,1008.82,0.0,0.0,0.0,0.0,0.0,0.0,0.0,0.0,0.0,0.0,0.0,0.0,0.0,0.0,0.0,0.0,0.0,0.0,0.0,0.0,0.0,0.0,0.0,0.0,0.0,0.0,0.0,0.0,0.0,0.0,0.0,0.0,0.0,0.0,0.0,0.0,0.0,0.0,0.0,0.0,0.0,0.0,0.0,0.0,0.0,0.0,0.0,0.0,0.0,0.0,0.0,0.0,0.0,0.0,0.0,0.0,0.0,0.0,0.0,0.0,0.0,0.0,0.0,0.0,0.0,0.0,0.0,0.0,0.0,0.0,0.0,0.0,0.0,0.0,0.0,0.0,0.0,0.0,0.0,0.0,0.0,0.0,0.0,0.0,0.0,0.0,0.0,0.0,0.0,0.0,0.0,0.0
LA,2012,1589,332,557,3783.0,22,14.0,35.0,233.0,5,1,4584.0,1540.0,189.0,4.458592415377348,4,17.243306140752992,1.0181966405756322,410,1714.0,5,5.0,2.0,79.0,-35.36852880813452,1,332,545,3779.0,22,5.0,2.0,4579.0,1540.0,188.0,61.48434341676591,4,112.4267841323251,16.0,16.0,35.199999999999996,0.0,930.62,1262.6200000000001,0.0,0.0,0.0,0.0,0.0,0.0,0.0,0.0,0.0,0.0,0.0,0.0,0.0,0.0,0.0,0.0,0.0,0.0,0.0,0.0,0.0,0.0,0.0,0.0,0.0,0.0,0.0,0.0,0.0,0.0,0.0,0.0,0.0,0.0,0.0,0.0,0.0,0.0,0.0,0.0,0.0,0.0,0.0,0.0,0.0,0.0,0.0,0.0,0.0,0.0,0.0,0.0,0.0,0.0,0.0,0.0,0.0,0.0,0.0,0.0,0.0,0.0,0.0,0.0,0.0,0.0,0.0,0.0,0.0,0.0,0.0,0.0,0.0,0.0,0.0,0.0,0.0,0.0,0.0,0.0,0.0,0.0,0.0,0.0,0.0,0.0,0.0,0.0,0.0,0.0,0.0,0.0
LA,2013,1420,301,506,3360.0,22,11.0,36.0,235.0,7,3,3976.0,1645.0,165.0,-21.212990877445716,1,16.122495034324874,1.4148466669057558,426,1752.0,10,6.0,4.0,82.0,-55.70977080284777,2,301,503,3360.0,22,3.0,3.0,3974.0,1645.0,165.0,24.769375031851798,1,126.5221140787415,16.0,16.0,35.199999999999996,2.0,903.6,1204.6,0.0,0.0,0.0,0.0,0.0,0.0,0.0,0.0,0.0,0.0,0.0,0.0,0.0,0.0,0.0,0.0,0.0,0.0,0.0,0.0,0.0,0.0,0.0,0.0,0.0,0.0,0.0,0.0,0.0,0.0,0.0,0.0,0.0,0.0,0.0,0.0,0.0,0.0,0.0,0.0,0.0,0.0,0.0,0.0,0.0,0.0,0.0,0.0,0.0,0.0,0.0,0.0,0.0,0.0,0.0,0.0,0.0,0.0,0.0,0.0,0.0,0.0,0.0,0.0,0.0,0.0,0.0,0.0,0.0,0.0,0.0,0.0,0.0,0.0,0.0,0.0,0.0,0.0,0.0,0.0,0.0,0.0,0.0,0.0,0.0,0.0,0.0,0.0,0.0,0.0,0.0,0.0
LA,2014,1522,327,515,3695.0,20,16.0,47.0,295.0,9,4,4232.0,1729.0,189.0,-51.36964478494538,1,28.538011956928464,1.2327881528589268,395,1635.0,11,7.0,3.0,79.0,-58.99429235376505,0,327,506,3695.0,20,1.0,0.0,4200.0,1729.0,189.0,44.19927456826803,1,167.75072672920896,16.0,16.0,35.199999999999996,2.0,916.8000000000001,1243.8,0.0,0.0,0.0,0.0,0.0,0.0,0.0,0.0,0.0,0.0,0.0,0.0,0.0,0.0,0.0,0.0,0.0,0.0,0.0,0.0,0.0,0.0,0.0,0.0,0.0,0.0,0.0,0.0,0.0,0.0,0.0,0.0,0.0,0.0,0.0,0.0,0.0,0.0,0.0,0.0,0.0,0.0,0.0,0.0,0.0,0.0,0.0,0.0,0.0,0.0,0.0,0.0,0.0,0.0,0.0,0.0,0.0,0.0,0.0,0.0,0.0,0.0,0.0,0.0,0.0,0.0,0.0,0.0,0.0,0.0,0.0,0.0,0.0,0.0,0.0,0.0,0.0,0.0,0.0,0.0,0.0,0.0,0.0,0.0,0.0,0.0,0.0,0.0,0.0,0.0,0.0,0.0
LA,2015,1584,273,473,2931.0,11,11.0,18.0,126.0,4,2,3806.0,1565.0,126.0,-85.31826021480668,1,15.991991378719124,0.6057560467107644,429,1956.0,16,11.0,5.0,92.0,-57.5955000428937,0,273,468,2931.0,11,3.0,2.0,3796.0,1565.0,126.0,-53.733634618100325,1,112.58862258985434,16.0,16.0,35.2,1.0,781.94,1054.94,0.0,0.0,0.0,0.0,0.0,0.0,0.0,0.0,0.0,0.0,0.0,0.0,0.0,0.0,0.0,0.0,0.0,0.0,0.0,0.0,0.0,0.0,0.0,0.0,0.0,0.0,0.0,0.0,0.0,0.0,0.0,0.0,0.0,0.0,0.0,0.0,0.0,0.0,0.0,0.0,0.0,0.0,0.0,0.0,0.0,0.0,0.0,0.0,0.0,0.0,0.0,0.0,0.0,0.0,0.0,0.0,0.0,0.0,0.0,0.0,0.0,0.0,0.0,0.0,0.0,0.0,0.0,0.0,0.0,0.0,0.0,0.0,0.0,0.0,0.0,0.0,0.0,0.0,0.0,0.0,0.0,0.0,0.0,0.0,0.0,0.0,0.0,0.0,0.0,0.0,0.0,0.0
LA,2016,1426,312,536,3313.0,14,20.0,49.0,362.0,10,3,3907.0,1624.0,151.0,-143.21822083871177,0,19.454962571244184,0.22314611088706343,375,1252.0,9,6.0,2.0,68.0,-62.19408018608949,0,312,530,3313.0,14,4.0,3.0,3842.0,1624.0,151.0,-54.913072845184885,0,89.74130432069728,16.0,16.0,35.199999999999996,0.0,727.02,1039.02,0.0,0.0,0.0,0.0,0.0,0.0,0.0,0.0,0.0,0.0,0.0,0.0,0.0,0.0,0.0,0.0,0.0,0.0,0.0,0.0,0.0,0.0,0.0,0.0,0.0,0.0,0.0,0.0,0.0,0.0,0.0,0.0,0.0,0.0,0.0,0.0,0.0,0.0,0.0,0.0,0.0,0.0,0.0,0.0,0.0,0.0,0.0,0.0,0.0,0.0,0.0,0.0,0.0,0.0,0.0,0.0,0.0,0.0,0.0,0.0,0.0,0.0,0.0,0.0,0.0,0.0,0.0,0.0,0.0,0.0,0.0,0.0,0.0,0.0,0.0,0.0,0.0,0.0,0.0,0.0,0.0,0.0,0.0,0.0,0.0,0.0,0.0,0.0,0.0,0.0,0.0,0.0
LA,2017,1631,344,563,4282.0,29,7.0,31.0,205.0,8,3,4468.0,2164.0,197.0,74.10649700325705,0,35.21663538761203,1.823465922525896,470,2068.0,17,8.0,2.0,102.0,-19.303934724566783,0,344,555,4282.0,29,4.0,3.0,4441.0,2164.0,197.0,117.83181296715996,0,112.69872009330973,17.0,17.0,37.4,3.0,1186.28,1530.28,0.0,0.0,0.0,0.0,0.0,0.0,0.0,0.0,0.0,0.0,0.0,0.0,0.0,0.0,0.0,0.0,0.0,0.0,0.0,0.0,0.0,0.0,0.0,0.0,0.0,0.0,0.0,0.0,0.0,0.0,0.0,0.0,0.0,0.0,0.0,0.0,0.0,0.0,0.0,0.0,0.0,0.0,0.0,0.0,0.0,0.0,0.0,0.0,0.0,0.0,0.0,0.0,0.0,0.0,0.0,0.0,0.0,0.0,0.0,0.0,0.0,0.0,0.0,0.0,0.0,0.0,0.0,0.0,0.0,0.0,0.0,0.0,0.0,0.0,0.0,0.0,0.0,0.0,0.0,0.0,0.0,0.0,0.0,0.0,0.0,0.0,0.0,0.0,0.0,0.0,0.0,0.0
LA,2018,1812,428,675,5454.0,33,14.0,38.0,262.0,9,4,5812.0,2441.0,272.0,112.88903430508276,3,28.0351983708995,2.435867149948439,551,2643.0,27,5.0,0.0,158.0,34.97297309914957,2,428,647,5454.0,33,3.0,1.0,5631.0,2442.0,272.0,208.34334015590247,3,135.73241461225626,19.0,19.0,41.8,1.0,1503.8600000000001,1931.8600000000001,0.0,0.0,0.0,0.0,0.0,0.0,0.0,0.0,0.0,0.0,0.0,0.0,0.0,0.0,0.0,0.0,0.0,0.0,0.0,0.0,0.0,0.0,0.0,0.0,0.0,0.0,0.0,0.0,0.0,0.0,0.0,0.0,0.0,0.0,0.0,0.0,0.0,0.0,0.0,0.0,0.0,0.0,0.0,0.0,0.0,0.0,0.0,0.0,0.0,0.0,0.0,0.0,0.0,0.0,0.0,0.0,0.0,0.0,0.0,0.0,0.0,0.0,0.0,0.0,0.0,0.0,0.0,0.0,0.0,0.0,0.0,0.0,0.0,0.0,0.0,0.0,0.0,0.0,0.0,0.0,0.0,0.0,0.0,0.0,0.0,0.0,0.0,0.0,0.0,0.0,0.0,0.0
LA,2019,1415,397,632,4669.0,22,17.0,22.0,170.0,7,4,4869.0,2270.0,222.0,63.29306305213851,0,24.26271230381918,1.62816455667151,401,1499.0,20,6.0,3.0,92.0,-61.341637144395804,1,397,612,4669.0,22,3.0,0.0,4801.0,2270.0,222.0,130.051894481584,0,111.99668910992774,16.0,16.0,35.199999999999996,1.0,1103.56,1500.56,0.0,0.0,0.0,0.0,0.0,0.0,0.0,0.0,0.0,0.0,0.0,0.0,0.0,0.0,0.0,0.0,0.0,0.0,0.0,0.0,0.0,0.0,0.0,0.0,0.0,0.0,0.0,0.0,0.0,0.0,0.0,0.0,0.0,0.0,0.0,0.0,0.0,0.0,0.0,0.0,0.0,0.0,0.0,0.0,0.0,0.0,0.0,0.0,0.0,0.0,0.0,0.0,0.0,0.0,0.0,0.0,0.0,0.0,0.0,0.0,0.0,0.0,0.0,0.0,0.0,0.0,0.0,0.0,0.0,0.0,0.0,0.0,0.0,0.0,0.0,0.0,0.0,0.0,0.0,0.0,0.0,0.0,0.0,0.0,0.0,0.0,0.0,0.0,0.0,0.0,0.0,0.0
LA,2020,1637,425,642,4541.0,22,14.0,32.0,210.0,5,3,4347.0,2359.0,224.0,19.911168735681017,2,21.362598383187894,1.6620725444095594,535,2278.0,21,4.0,3.0,138.0,-40.52235070309616,0,425,612,4537.0,22,4.0,2.0,4251.0,2355.0,224.0,99.17771128074052,2,174.8045335652659,18.0,18.0,39.6,0.0,1173.14,1598.14,0.0,0.0,0.0,0.0,0.0,0.0,0.0,0.0,0.0,0.0,0.0,0.0,0.0,0.0,0.0,0.0,0.0,0.0,0.0,0.0,0.0,0.0,0.0,0.0,0.0,0.0,0.0,0.0,0.0,0.0,0.0,0.0,0.0,0.0,0.0,0.0,0.0,0.0,0.0,0.0,0.0,0.0,0.0,0.0,0.0,0.0,0.0,0.0,0.0,0.0,0.0,0.0,0.0,0.0,0.0,0.0,0.0,0.0,0.0,0.0,0.0,0.0,0.0,0.0,0.0,0.0,0.0,0.0,0.0,0.0,0.0,0.0,0.0,0.0,0.0,0.0,0.0,0.0,0.0,0.0,0.0,0.0,0.0,0.0,0.0,0.0,0.0,0.0,0.0,0.0,0.0,0.0
LA,2021,2017,505,749,6121.0,50,21.0,38.0,293.0,4,2,6367.0,2694.0,292.0,157.00036350921033,2,22.71732363281316,3.2830959150338135,540,2009.0,12,4.0,3.0,115.0,-86.15228979203076,0,505,738,6121.0,50,3.0,1.0,6336.0,2694.0,292.0,240.33516794701617,2,153.31645880953081,21.0,21.0,46.199999999999996,1.0,1589.8400000000001,2094.84,0.0,0.0,0.0,0.0,0.0,0.0,0.0,0.0,0.0,0.0,0.0,0.0,0.0,0.0,0.0,0.0,0.0,0.0,0.0,0.0,0.0,0.0,0.0,0.0,0.0,0.0,0.0,0.0,0.0,0.0,0.0,0.0,0.0,0.0,0.0,0.0,0.0,0.0,0.0,0.0,0.0,0.0,0.0,0.0,0.0,0.0,0.0,0.0,0.0,0.0,0.0,0.0,0.0,0.0,0.0,0.0,0.0,0.0,0.0,0.0,0.0,0.0,0.0,0.0,0.0,0.0,0.0,0.0,0.0,0.0,0.0,0.0,0.0,0.0,0.0,0.0,0.0,0.0,0.0,0.0,0.0,0.0,0.0,0.0,0.0,0.0,0.0,0.0,0.0,0.0,0.0,0.0
LA,2022,1617,347,531,3506.0,16,15.0,59.0,398.0,8,5,3712.0,1794.0,181.0,-68.12828622955792,0,22.077402577886996,0.832352193092136,411,1661.0,15,5.0,2.0,89.0,-16.77644102635033,0,347,517,3506.0,16,2.0,1.0,3669.0,1794.0,181.0,46.41093451161147,0,106.11310470891696,17.0,17.0,37.4,0.0,860.94,1207.94,0.0,0.0,0.0,0.0,0.0,0.0,0.0,0.0,0.0,0.0,0.0,0.0,0.0,0.0,0.0,0.0,0.0,0.0,0.0,0.0,0.0,0.0,0.0,0.0,0.0,0.0,0.0,0.0,0.0,0.0,0.0,0.0,0.0,0.0,0.0,0.0,0.0,0.0,0.0,0.0,0.0,0.0,0.0,0.0,0.0,0.0,0.0,0.0,0.0,0.0,0.0,0.0,0.0,0.0,0.0,0.0,0.0,0.0,0.0,0.0,0.0,0.0,0.0,0.0,0.0,0.0,0.0,0.0,0.0,0.0,0.0,0.0,0.0,0.0,0.0,0.0,0.0,0.0,0.0,0.0,0.0,0.0,0.0,0.0,0.0,0.0,0.0,0.0,0.0,0.0,0.0,0.0
LA,2023,1576,386,619,4667.0,28,13.0,36.0,247.0,1,0,4842.0,2246.0,221.0,60.94772410640773,3,19.123468048134395,1.5540763530447776,494,2113.0,18,3.0,1.0,114.0,-0.40553685158318054,1,386,589,4667.0,28,4.0,2.0,4668.0,2253.0,221.0,139.48671008362192,3,132.02279524322512,18.0,18.0,39.6,0.0,1234.68,1620.68,0.0,0.0,0.0,0.0,0.0,0.0,0.0,0.0,0.0,0.0,0.0,0.0,0.0,0.0,0.0,0.0,0.0,0.0,0.0,0.0,0.0,0.0,0.0,0.0,0.0,0.0,0.0,0.0,0.0,0.0,0.0,0.0,0.0,0.0,0.0,0.0,0.0,0.0,0.0,0.0,0.0,0.0,0.0,0.0,0.0,0.0,0.0,0.0,0.0,0.0,0.0,0.0,0.0,0.0,0.0,0.0,0.0,0.0,0.0,0.0,0.0,0.0,0.0,0.0,0.0,0.0,0.0,0.0,0.0,0.0,0.0,0.0,0.0,0.0,0.0,0.0,0.0,0.0,0.0,0.0,0.0,0.0,0.0,0.0,0.0,0.0,0.0,0.0,0.0,0.0,0.0,0.0
LA,2024,1939,412,630,4629.0,26,9.0,38.0,268.0,5,3,4766.0,2137.0,217.0,46.31620967531585,0,19.78771345638164,1.784196814746754,493,1966.0,15,9.0,4.0,126.0,-43.38100846593689,0,412,611,4629.0,26,1.0,0.0,4657.0,2137.0,217.0,128.37875509832136,0,176.0720596782753,19.0,19.0,41.8,1.0,1168.66,1580.66,0.0,0.0,0.0,0.0,0.0,0.0,0.0,0.0,0.0,0.0,0.0,0.0,0.0,0.0,0.0,0.0,0.0,0.0,0.0,0.0,0.0,0.0,0.0,0.0,0.0,0.0,0.0,0.0,0.0,0.0,0.0,0.0,0.0,0.0,0.0,0.0,0.0,0.0,0.0,0.0,0.0,0.0,0.0,0.0,0.0,0.0,0.0,0.0,0.0,0.0,0.0,0.0,0.0,0.0,0.0,0.0,0.0,0.0,0.0,0.0,0.0,0.0,0.0,0.0,0.0,0.0,0.0,0.0,0.0,0.0,0.0,0.0,0.0,0.0,0.0,0.0,0.0,0.0,0.0,0.0,0.0,0.0,0.0,0.0,0.0,0.0,0.0,0.0,0.0,0.0,0.0,0.0
LA,2025,7726,454,717,5643.0,52,0.0,0.0,0.0,5,2,6776.0,2218.0,283.0,173.11037278027885,0,17.663528544504384,0.0,547,2493.0,20,5.0,3.0,143.0,0.4493602419700671,0,454,697,5643.0,52,3.0,2.0,6626.0,2218.0,283.0,231.17273024391852,0,231.9446828497615,20.0,19.627616916730993,43.739331841711696,1.0,1653.3200000000002,2107.32,9.0,29.0,-197.0,20.100951831768874,224.0,121.0,86.0,10.0,59.0,40.0,12.0,2.0,224.0,121.0,86.0,10.0,732.0,32.0,574.0,81.0,404.0,13.0,52.0,343.0,136.0,20.0,265.0,102.0,1.0,2.0,0.0,76.0,8.0,-30.0,10.0,33.0,0.0,95.0,721.0,10.0,7.0,1.0,17.0,8.0,31.0,257.0,72.0,1785.0,28.0,34.0,4.0,2.0,576.0,12.416666666666666,0.0,6.0,7.0,12.0,3.0,0.0,0.0,1.0,1.0,1.0,1.0,0.0,1061.0,166.0,80.0,71.0,74.0,1.0,2.0,19.21666666666667,1.0,1.0,0.0,0.0,42.0,64.0,1.0,1058.0,2961.0,27.0,13.0,6.0,5.0,15.0,25.0,369.0,1.0,2492.0
LAC,2006,1418,301,498,3641.0,24,10.0,32.0,180.0,4,3,4509.0,1410.0,178.0,74.60575128487136,1,17.098641237612394,2.051317357270947,555,2730.0,35,8.0,1.0,149.0,57.713049910488216,0,301,301,3641.0,24,2.0,1.0,2231.0,1410.0,178.0,313.69218283551123,1,85.36568694122192,17.0,17.0,37.4,1.0,1212.74,1513.74,0.0,0.0,0.0,0.0,0.0,0.0,0.0,0.0,0.0,0.0,0.0,0.0,0.0,0.0,0.0,0.0,0.0,0.0,0.0,0.0,0.0,0.0,0.0,0.0,0.0,0.0,0.0,0.0,0.0,0.0,0.0,0.0,0.0,0.0,0.0,0.0,0.0,0.0,0.0,0.0,0.0,0.0,0.0,0.0,0.0,0.0,0.0,0.0,0.0,0.0,0.0,0.0,0.0,0.0,0.0,0.0,0.0,0.0,0.0,0.0,0.0,0.0,0.0,0.0,0.0,0.0,0.0,0.0,0.0,0.0,0.0,0.0,0.0,0.0,0.0,0.0,0.0,0.0,0.0,0.0,0.0,0.0,0.0,0.0,0.0,0.0,0.0,0.0,0.0,0.0,0.0,0.0
LAC,2007,1819,336,561,3990.0,26,20.0,26.0,184.0,7,3,4935.0,1536.0,195.0,43.55784762854847,0,20.58288972249589,2.7164526414250365,569,2310.0,21,8.0,5.0,117.0,-51.08411379733983,0,336,336,3990.0,26,2.0,0.0,2454.0,1536.0,195.0,347.2596977117691,0,50.610810132441316,19.0,19.0,41.8,4.0,1143.6000000000001,1479.6000000000001,0.0,0.0,0.0,0.0,0.0,0.0,0.0,0.0,0.0,0.0,0.0,0.0,0.0,0.0,0.0,0.0,0.0,0.0,0.0,0.0,0.0,0.0,0.0,0.0,0.0,0.0,0.0,0.0,0.0,0.0,0.0,0.0,0.0,0.0,0.0,0.0,0.0,0.0,0.0,0.0,0.0,0.0,0.0,0.0,0.0,0.0,0.0,0.0,0.0,0.0,0.0,0.0,0.0,0.0,0.0,0.0,0.0,0.0,0.0,0.0,0.0,0.0,0.0,0.0,0.0,0.0,0.0,0.0,0.0,0.0,0.0,0.0,0.0,0.0,0.0,0.0,0.0,0.0,0.0,0.0,0.0,0.0,0.0,0.0,0.0,0.0,0.0,0.0,0.0,0.0,0.0,0.0
LAC,2008,1486,353,549,4529.0,37,13.0,33.0,211.0,6,4,4792.0,1951.0,216.0,141.48931318158893,2,17.491239236261773,3.085714938485816,466,1908.0,16,3.0,1.0,104.0,-4.926039378662081,0,353,353,4529.0,37,5.0,3.0,2578.0,1947.0,216.0,382.1687432996743,2,95.64445937070253,18.0,18.0,39.6,1.0,1262.8600000000001,1615.8600000000001,0.0,0.0,0.0,0.0,0.0,0.0,0.0,0.0,0.0,0.0,0.0,0.0,0.0,0.0,0.0,0.0,0.0,0.0,0.0,0.0,0.0,0.0,0.0,0.0,0.0,0.0,0.0,0.0,0.0,0.0,0.0,0.0,0.0,0.0,0.0,0.0,0.0,0.0,0.0,0.0,0.0,0.0,0.0,0.0,0.0,0.0,0.0,0.0,0.0,0.0,0.0,0.0,0.0,0.0,0.0,0.0,0.0,0.0,0.0,0.0,0.0,0.0,0.0,0.0,0.0,0.0,0.0,0.0,0.0,0.0,0.0,0.0,0.0,0.0,0.0,0.0,0.0,0.0,0.0,0.0,0.0,0.0,0.0,0.0,0.0,0.0,0.0,0.0,0.0,0.0,0.0,0.0
LAC,2009,1665,365,559,4804.0,30,12.0,28.0,183.0,7,3,5235.0,2165.0,237.0,175.26375729241835,0,17.301881818498302,3.617208691785145,445,1484.0,18,2.0,2.0,82.0,-58.73296044107126,0,365,548,4804.0,30,3.0,1.0,5186.0,2165.0,237.0,228.84718950623932,0,222.52764668073377,17.0,17.0,37.4,3.0,1210.96,1575.96,0.0,0.0,0.0,0.0,0.0,0.0,0.0,0.0,0.0,0.0,0.0,0.0,0.0,0.0,0.0,0.0,0.0,0.0,0.0,0.0,0.0,0.0,0.0,0.0,0.0,0.0,0.0,0.0,0.0,0.0,0.0,0.0,0.0,0.0,0.0,0.0,0.0,0.0,0.0,0.0,0.0,0.0,0.0,0.0,0.0,0.0,0.0,0.0,0.0,0.0,0.0,0.0,0.0,0.0,0.0,0.0,0.0,0.0,0.0,0.0,0.0,0.0,0.0,0.0,0.0,0.0,0.0,0.0,0.0,0.0,0.0,0.0,0.0,0.0,0.0,0.0,0.0,0.0,0.0,0.0,0.0,0.0,0.0,0.0,0.0,0.0,0.0,0.0,0.0,0.0,0.0,0.0
LAC,2010,1467,359,544,4746.0,30,13.0,38.0,227.0,4,3,4668.0,2232.0,236.0,169.73118693029463,1,22.077573616784147,3.1939908191082664,457,1810.0,18,13.0,7.0,94.0,-51.20598115018357,1,359,531,4746.0,30,5.0,4.0,4588.0,2232.0,236.0,232.33854606475052,1,100.54725164848529,16.0,16.0,35.199999999999996,0.0,1205.44,1564.44,0.0,0.0,0.0,0.0,0.0,0.0,0.0,0.0,0.0,0.0,0.0,0.0,0.0,0.0,0.0,0.0,0.0,0.0,0.0,0.0,0.0,0.0,0.0,0.0,0.0,0.0,0.0,0.0,0.0,0.0,0.0,0.0,0.0,0.0,0.0,0.0,0.0,0.0,0.0,0.0,0.0,0.0,0.0,0.0,0.0,0.0,0.0,0.0,0.0,0.0,0.0,0.0,0.0,0.0,0.0,0.0,0.0,0.0,0.0,0.0,0.0,0.0,0.0,0.0,0.0,0.0,0.0,0.0,0.0,0.0,0.0,0.0,0.0,0.0,0.0,0.0,0.0,0.0,0.0,0.0,0.0,0.0,0.0,0.0,0.0,0.0,0.0,0.0,0.0,0.0,0.0,0.0
LAC,2011,1446,366,582,4624.0,27,20.0,30.0,198.0,7,4,5222.0,1974.0,234.0,101.6892132750464,1,14.845820976104923,2.5690429487497357,436,1864.0,16,7.0,4.0,97.0,-24.394581180647616,0,366,567,4624.0,27,4.0,0.0,5134.0,1974.0,234.0,164.23856394627254,1,38.1765326125892,16.0,16.0,35.199999999999996,1.0,1153.76,1519.76,0.0,0.0,0.0,0.0,0.0,0.0,0.0,0.0,0.0,0.0,0.0,0.0,0.0,0.0,0.0,0.0,0.0,0.0,0.0,0.0,0.0,0.0,0.0,0.0,0.0,0.0,0.0,0.0,0.0,0.0,0.0,0.0,0.0,0.0,0.0,0.0,0.0,0.0,0.0,0.0,0.0,0.0,0.0,0.0,0.0,0.0,0.0,0.0,0.0,0.0,0.0,0.0,0.0,0.0,0.0,0.0,0.0,0.0,0.0,0.0,0.0,0.0,0.0,0.0,0.0,0.0,0.0,0.0,0.0,0.0,0.0,0.0,0.0,0.0,0.0,0.0,0.0,0.0,0.0,0.0,0.0,0.0,0.0,0.0,0.0,0.0,0.0,0.0,0.0,0.0,0.0,0.0
LAC,2012,1425,338,528,3606.0,26,15.0,49.0,311.0,13,7,3961.0,1796.0,184.0,-2.8154090489922474,0,15.724938744094233,1.839969532914199,411,1461.0,4,5.0,2.0,81.0,-54.84451319705807,0,338,513,3606.0,26,2.0,1.0,3907.0,1796.0,184.0,95.87271282837214,0,-18.957833344253856,16.0,16.0,35.199999999999996,2.0,896.94,1234.94,0.0,0.0,0.0,0.0,0.0,0.0,0.0,0.0,0.0,0.0,0.0,0.0,0.0,0.0,0.0,0.0,0.0,0.0,0.0,0.0,0.0,0.0,0.0,0.0,0.0,0.0,0.0,0.0,0.0,0.0,0.0,0.0,0.0,0.0,0.0,0.0,0.0,0.0,0.0,0.0,0.0,0.0,0.0,0.0,0.0,0.0,0.0,0.0,0.0,0.0,0.0,0.0,0.0,0.0,0.0,0.0,0.0,0.0,0.0,0.0,0.0,0.0,0.0,0.0,0.0,0.0,0.0,0.0,0.0,0.0,0.0,0.0,0.0,0.0,0.0,0.0,0.0,0.0,0.0,0.0,0.0,0.0,0.0,0.0,0.0,0.0,0.0,0.0,0.0,0.0,0.0,0.0
LAC,2013,1772,408,587,4823.0,35,11.0,35.0,179.0,1,1,4560.0,2196.0,249.0,186.5693334294469,0,19.70472859440941,3.477278968368456,544,2226.0,11,5.0,3.0,110.0,-10.764762530792279,0,408,578,4832.0,35,4.0,4.0,4548.0,2216.0,249.0,237.17121896222358,0,71.8969462285769,18.0,18.0,39.6,0.0,1276.72,1684.72,0.0,0.0,0.0,0.0,0.0,0.0,0.0,0.0,0.0,0.0,0.0,0.0,0.0,0.0,0.0,0.0,0.0,0.0,0.0,0.0,0.0,0.0,0.0,0.0,0.0,0.0,0.0,0.0,0.0,0.0,0.0,0.0,0.0,0.0,0.0,0.0,0.0,0.0,0.0,0.0,0.0,0.0,0.0,0.0,0.0,0.0,0.0,0.0,0.0,0.0,0.0,0.0,0.0,0.0,0.0,0.0,0.0,0.0,0.0,0.0,0.0,0.0,0.0,0.0,0.0,0.0,0.0,0.0,0.0,0.0,0.0,0.0,0.0,0.0,0.0,0.0,0.0,0.0,0.0,0.0,0.0,0.0,0.0,0.0,0.0,0.0,0.0,0.0,0.0,0.0,0.0,0.0
LAC,2014,1301,380,574,4296.0,31,18.0,37.0,198.0,4,2,4901.0,1927.0,214.0,72.04761917942784,0,15.930337178888296,2.262191905979855,398,1367.0,6,5.0,0.0,75.0,-51.792953729558484,0,380,567,4296.0,31,4.0,2.0,4868.0,1927.0,214.0,130.20979911030196,0,186.62673059952925,16.0,16.0,35.199999999999996,0.0,1040.14,1420.14,0.0,0.0,0.0,0.0,0.0,0.0,0.0,0.0,0.0,0.0,0.0,0.0,0.0,0.0,0.0,0.0,0.0,0.0,0.0,0.0,0.0,0.0,0.0,0.0,0.0,0.0,0.0,0.0,0.0,0.0,0.0,0.0,0.0,0.0,0.0,0.0,0.0,0.0,0.0,0.0,0.0,0.0,0.0,0.0,0.0,0.0,0.0,0.0,0.0,0.0,0.0,0.0,0.0,0.0,0.0,0.0,0.0,0.0,0.0,0.0,0.0,0.0,0.0,0.0,0.0,0.0,0.0,0.0,0.0,0.0,0.0,0.0,0.0,0.0,0.0,0.0,0.0,0.0,0.0,0.0,0.0,0.0,0.0,0.0,0.0,0.0,0.0,0.0,0.0,0.0,0.0,0.0
LAC,2015,1335,442,667,4855.0,30,13.0,40.0,264.0,2,2,4838.0,2622.0,230.0,73.08717151116738,2,18.43438027973732,2.3780429373247145,393,1358.0,4,7.0,4.0,79.0,-76.27448869421747,0,442,659,4855.0,30,7.0,3.0,4804.0,2622.0,230.0,132.32499766532723,2,66.00647844528176,16.0,16.0,35.199999999999996,0.0,1103.5,1545.5,0.0,0.0,0.0,0.0,0.0,0.0,0.0,0.0,0.0,0.0,0.0,0.0,0.0,0.0,0.0,0.0,0.0,0.0,0.0,0.0,0.0,0.0,0.0,0.0,0.0,0.0,0.0,0.0,0.0,0.0,0.0,0.0,0.0,0.0,0.0,0.0,0.0,0.0,0.0,0.0,0.0,0.0,0.0,0.0,0.0,0.0,0.0,0.0,0.0,0.0,0.0,0.0,0.0,0.0,0.0,0.0,0.0,0.0,0.0,0.0,0.0,0.0,0.0,0.0,0.0,0.0,0.0,0.0,0.0,0.0,0.0,0.0,0.0,0.0,0.0,0.0,0.0,0.0,0.0,0.0,0.0,0.0,0.0,0.0,0.0,0.0,0.0,0.0,0.0,0.0,0.0,0.0
LAC,2016,1260,349,580,4386.0,33,21.0,36.0,188.0,7,5,4913.0,2020.0,214.0,50.47837947925586,0,15.40366835597621,1.8547982395773768,398,1510.0,10,6.0,3.0,90.0,-43.832343965810196,0,349,564,4386.0,33,6.0,4.0,4849.0,2020.0,214.0,116.77994783150409,0,178.75025803597373,16.0,16.0,35.199999999999996,0.0,1089.04,1438.04,0.0,0.0,0.0,0.0,0.0,0.0,0.0,0.0,0.0,0.0,0.0,0.0,0.0,0.0,0.0,0.0,0.0,0.0,0.0,0.0,0.0,0.0,0.0,0.0,0.0,0.0,0.0,0.0,0.0,0.0,0.0,0.0,0.0,0.0,0.0,0.0,0.0,0.0,0.0,0.0,0.0,0.0,0.0,0.0,0.0,0.0,0.0,0.0,0.0,0.0,0.0,0.0,0.0,0.0,0.0,0.0,0.0,0.0,0.0,0.0,0.0,0.0,0.0,0.0,0.0,0.0,0.0,0.0,0.0,0.0,0.0,0.0,0.0,0.0,0.0,0.0,0.0,0.0,0.0,0.0,0.0,0.0,0.0,0.0,0.0,0.0,0.0,0.0,0.0,0.0,0.0,0.0
LAC,2017,1450,366,583,4551.0,28,11.0,18.0,120.0,5,1,4780.0,2150.0,220.0,107.80768713808347,0,17.492004573013016,2.562038845677674,419,1595.0,10,5.0,1.0,84.0,-38.385623325688094,0,366,573,4551.0,28,3.0,2.0,4762.0,2150.0,220.0,136.63659255597997,0,185.59835639852326,16.0,16.0,35.2,1.0,1112.64,1478.64,0.0,0.0,0.0,0.0,0.0,0.0,0.0,0.0,0.0,0.0,0.0,0.0,0.0,0.0,0.0,0.0,0.0,0.0,0.0,0.0,0.0,0.0,0.0,0.0,0.0,0.0,0.0,0.0,0.0,0.0,0.0,0.0,0.0,0.0,0.0,0.0,0.0,0.0,0.0,0.0,0.0,0.0,0.0,0.0,0.0,0.0,0.0,0.0,0.0,0.0,0.0,0.0,0.0,0.0,0.0,0.0,0.0,0.0,0.0,0.0,0.0,0.0,0.0,0.0,0.0,0.0,0.0,0.0,0.0,0.0,0.0,0.0,0.0,0.0,0.0,0.0,0.0,0.0,0.0,0.0,0.0,0.0,0.0,0.0,0.0,0.0,0.0,0.0,0.0,0.0,0.0,0.0
LAC,2018,1799,395,595,4807.0,35,13.0,37.0,248.0,2,2,4731.0,2347.0,237.0,135.5112598112714,7,20.693971152802213,2.858030289338194,442,1981.0,18,2.0,0.0,105.0,-11.34482764161632,1,395,582,4807.0,35,7.0,4.0,4694.0,2347.0,237.0,184.35842869487712,7,106.75133503365234,18.0,18.0,39.6,1.0,1327.0800000000002,1722.08,0.0,0.0,0.0,0.0,0.0,0.0,0.0,0.0,0.0,0.0,0.0,0.0,0.0,0.0,0.0,0.0,0.0,0.0,0.0,0.0,0.0,0.0,0.0,0.0,0.0,0.0,0.0,0.0,0.0,0.0,0.0,0.0,0.0,0.0,0.0,0.0,0.0,0.0,0.0,0.0,0.0,0.0,0.0,0.0,0.0,0.0,0.0,0.0,0.0,0.0,0.0,0.0,0.0,0.0,0.0,0.0,0.0,0.0,0.0,0.0,0.0,0.0,0.0,0.0,0.0,0.0,0.0,0.0,0.0,0.0,0.0,0.0,0.0,0.0,0.0,0.0,0.0,0.0,0.0,0.0,0.0,0.0,0.0,0.0,0.0,0.0,0.0,0.0,0.0,0.0,0.0,0.0
LAC,2019,1291,394,597,4648.0,24,20.0,34.0,222.0,5,2,5079.0,2173.0,220.0,71.33347111954393,1,17.849967435634515,2.3441628261229894,366,1453.0,12,7.0,4.0,90.0,-42.00675307146663,0,394,576,4648.0,24,4.0,2.0,5043.0,2173.0,220.0,142.37099393022564,1,24.177273078469565,16.0,16.0,35.199999999999996,1.0,1062.02,1456.02,0.0,0.0,0.0,0.0,0.0,0.0,0.0,0.0,0.0,0.0,0.0,0.0,0.0,0.0,0.0,0.0,0.0,0.0,0.0,0.0,0.0,0.0,0.0,0.0,0.0,0.0,0.0,0.0,0.0,0.0,0.0,0.0,0.0,0.0,0.0,0.0,0.0,0.0,0.0,0.0,0.0,0.0,0.0,0.0,0.0,0.0,0.0,0.0,0.0,0.0,0.0,0.0,0.0,0.0,0.0,0.0,0.0,0.0,0.0,0.0,0.0,0.0,0.0,0.0,0.0,0.0,0.0,0.0,0.0,0.0,0.0,0.0,0.0,0.0,0.0,0.0,0.0,0.0,0.0,0.0,0.0,0.0,0.0,0.0,0.0,0.0,0.0,0.0,0.0,0.0,0.0,0.0
LAC,2020,1526,413,627,4548.0,31,10.0,34.0,219.0,4,1,4718.0,2304.0,226.0,88.56761071633949,2,15.947523614391507,1.941356278271171,466,1784.0,12,8.0,2.0,111.0,-57.03692457289428,0,413,611,4548.0,31,3.0,2.0,4636.0,2304.0,226.0,141.0537545479422,2,58.86188959918491,16.0,16.0,35.199999999999996,0.0,1175.1200000000001,1588.1200000000001,0.0,0.0,0.0,0.0,0.0,0.0,0.0,0.0,0.0,0.0,0.0,0.0,0.0,0.0,0.0,0.0,0.0,0.0,0.0,0.0,0.0,0.0,0.0,0.0,0.0,0.0,0.0,0.0,0.0,0.0,0.0,0.0,0.0,0.0,0.0,0.0,0.0,0.0,0.0,0.0,0.0,0.0,0.0,0.0,0.0,0.0,0.0,0.0,0.0,0.0,0.0,0.0,0.0,0.0,0.0,0.0,0.0,0.0,0.0,0.0,0.0,0.0,0.0,0.0,0.0,0.0,0.0,0.0,0.0,0.0,0.0,0.0,0.0,0.0,0.0,0.0,0.0,0.0,0.0,0.0,0.0,0.0,0.0,0.0,0.0,0.0,0.0,0.0,0.0,0.0,0.0,0.0
LAC,2021,1779,443,674,5014.0,38,15.0,31.0,214.0,1,0,5082.0,2403.0,256.0,114.92408747669968,6,18.029528127166124,2.1980162866419444,423,1834.0,18,3.0,2.0,112.0,-14.62736151683873,1,443,659,5014.0,38,5.0,3.0,4983.0,2403.0,256.0,161.92204151920745,6,92.81753119750567,17.0,17.0,37.4,1.0,1365.3600000000001,1808.3600000000001,0.0,0.0,0.0,0.0,0.0,0.0,0.0,0.0,0.0,0.0,0.0,0.0,0.0,0.0,0.0,0.0,0.0,0.0,0.0,0.0,0.0,0.0,0.0,0.0,0.0,0.0,0.0,0.0,0.0,0.0,0.0,0.0,0.0,0.0,0.0,0.0,0.0,0.0,0.0,0.0,0.0,0.0,0.0,0.0,0.0,0.0,0.0,0.0,0.0,0.0,0.0,0.0,0.0,0.0,0.0,0.0,0.0,0.0,0.0,0.0,0.0,0.0,0.0,0.0,0.0,0.0,0.0,0.0,0.0,0.0,0.0,0.0,0.0,0.0,0.0,0.0,0.0,0.0,0.0,0.0,0.0,0.0,0.0,0.0,0.0,0.0,0.0,0.0,0.0,0.0,0.0,0.0
LAC,2022,1815,510,754,5064.0,27,10.0,42.0,227.0,5,3,4760.0,2702.0,245.0,32.480212938406794,2,20.105320155343048,1.8429618965446481,427,1591.0,17,7.0,2.0,97.0,-12.658411482533184,0,510,729,5064.0,27,6.0,3.0,4567.0,2702.0,245.0,105.35647634226032,2,42.07031448022907,18.0,18.0,39.6,0.0,1212.06,1722.06,0.0,0.0,0.0,0.0,0.0,0.0,0.0,0.0,0.0,0.0,0.0,0.0,0.0,0.0,0.0,0.0,0.0,0.0,0.0,0.0,0.0,0.0,0.0,0.0,0.0,0.0,0.0,0.0,0.0,0.0,0.0,0.0,0.0,0.0,0.0,0.0,0.0,0.0,0.0,0.0,0.0,0.0,0.0,0.0,0.0,0.0,0.0,0.0,0.0,0.0,0.0,0.0,0.0,0.0,0.0,0.0,0.0,0.0,0.0,0.0,0.0,0.0,0.0,0.0,0.0,0.0,0.0,0.0,0.0,0.0,0.0,0.0,0.0,0.0,0.0,0.0,0.0,0.0,0.0,0.0,0.0,0.0,0.0,0.0,0.0,0.0,0.0,0.0,0.0,0.0,0.0,0.0
LAC,2023,1747,409,632,4312.0,24,8.0,43.0,355.0,8,5,4733.0,2176.0,204.0,-3.633253678434251,1,19.37625082324319,1.1378662245665165,431,1642.0,11,6.0,3.0,89.0,-70.58481183499111,0,409,614,4312.0,24,8.0,4.0,4594.0,2177.0,204.0,97.42597195043487,1,63.01335381993136,17.0,17.0,37.4,1.0,1043.88,1452.88,0.0,0.0,0.0,0.0,0.0,0.0,0.0,0.0,0.0,0.0,0.0,0.0,0.0,0.0,0.0,0.0,0.0,0.0,0.0,0.0,0.0,0.0,0.0,0.0,0.0,0.0,0.0,0.0,0.0,0.0,0.0,0.0,0.0,0.0,0.0,0.0,0.0,0.0,0.0,0.0,0.0,0.0,0.0,0.0,0.0,0.0,0.0,0.0,0.0,0.0,0.0,0.0,0.0,0.0,0.0,0.0,0.0,0.0,0.0,0.0,0.0,0.0,0.0,0.0,0.0,0.0,0.0,0.0,0.0,0.0,0.0,0.0,0.0,0.0,0.0,0.0,0.0,0.0,0.0,0.0,0.0,0.0,0.0,0.0,0.0,0.0,0.0,0.0,0.0,0.0,0.0,0.0
LAC,2024,2031,350,542,4143.0,24,7.0,48.0,303.0,4,1,4768.0,1816.0,185.0,37.24301198308112,3,19.320003125002557,1.968536253142843,481,1932.0,17,4.0,2.0,114.0,-27.839759545342346,0,350,523,4143.0,24,5.0,2.0,4615.0,1816.0,185.0,112.98665314100481,3,143.29500321187018,18.0,18.0,39.6,0.0,1103.22,1453.22,0.0,0.0,0.0,0.0,0.0,0.0,0.0,0.0,0.0,0.0,0.0,0.0,0.0,0.0,0.0,0.0,0.0,0.0,0.0,0.0,0.0,0.0,0.0,0.0,0.0,0.0,0.0,0.0,0.0,0.0,0.0,0.0,0.0,0.0,0.0,0.0,0.0,0.0,0.0,0.0,0.0,0.0,0.0,0.0,0.0,0.0,0.0,0.0,0.0,0.0,0.0,0.0,0.0,0.0,0.0,0.0,0.0,0.0,0.0,0.0,0.0,0.0,0.0,0.0,0.0,0.0,0.0,0.0,0.0,0.0,0.0,0.0,0.0,0.0,0.0,0.0,0.0,0.0,0.0,0.0,0.0,0.0,0.0,0.0,0.0,0.0,0.0,0.0,0.0,0.0,0.0,0.0
LAC,2025,6080,386,600,4112.0,26,0.0,0.0,0.0,6,3,4781.0,1833.0,193.0,-36.63235139513979,0,21.06834681826521,0.0,488,2154.0,10,5.0,1.0,123.0,-8.035777244208674,1,386,574,4112.0,26,6.0,2.0,4646.0,1833.0,193.0,82.81721122872365,0,76.40457282075607,18.0,17.6250962513531,39.33756737594717,0.0,1073.08,1459.0800000000002,14.0,66.0,-384.0,38.95346981620952,158.0,72.0,46.0,8.0,54.0,37.0,14.0,3.0,158.0,72.0,46.0,8.0,634.0,18.0,456.0,97.0,383.0,12.0,50.0,289.0,96.0,20.0,129.0,86.0,0.0,1.0,1.0,0.0,9.0,8.0,5.0,11.0,0.0,99.0,762.0,15.0,4.0,2.0,19.0,8.0,21.0,136.0,71.0,1761.0,39.0,42.0,3.0,0.0,772.0,17.0,0.0,8.0,14.0,12.0,5.0,0.0,0.0,0.0,1.0,1.0,1.0,0.0,1486.0,136.0,0.0,34.0,35.0,1.0,0.0,14.5,2.0,2.0,0.0,0.0,76.0,65.0,0.0,945.0,3082.0,26.0,7.0,7.0,5.0,23.0,23.0,307.0,1.0,2675.0
LV,2006,1442,263,483,2850.0,7,24.0,72.0,430.0,7,7,4384.0,949.0,144.0,-147.74884081098327,0,14.26078136244501,0.145875160084446,394,1519.0,5,16.0,8.0,73.0,-82.12624916190912,0,263,263,2850.0,7,7.0,6.0,1878.0,948.0,144.0,198.92728314146092,0,109.77221196248682,16.0,16.0,35.199999999999996,0.0,560.9,823.9,0.0,0.0,0.0,0.0,0.0,0.0,0.0,0.0,0.0,0.0,0.0,0.0,0.0,0.0,0.0,0.0,0.0,0.0,0.0,0.0,0.0,0.0,0.0,0.0,0.0,0.0,0.0,0.0,0.0,0.0,0.0,0.0,0.0,0.0,0.0,0.0,0.0,0.0,0.0,0.0,0.0,0.0,0.0,0.0,0.0,0.0,0.0,0.0,0.0,0.0,0.0,0.0,0.0,0.0,0.0,0.0,0.0,0.0,0.0,0.0,0.0,0.0,0.0,0.0,0.0,0.0,0.0,0.0,0.0,0.0,0.0,0.0,0.0,0.0,0.0,0.0,0.0,0.0,0.0,0.0,0.0,0.0,0.0,0.0,0.0,0.0,0.0,0.0,0.0,0.0,0.0,0.0
LV,2007,1250,260,451,2894.0,17,20.0,42.0,274.0,16,5,3707.0,1151.0,133.0,-42.88520246392715,2,17.173378698613742,0.7424175313557889,507,2098.0,11,13.0,5.0,111.0,-46.172077465785186,0,260,260,2894.0,17,2.0,2.0,1652.0,1151.0,133.0,204.13971598601225,2,164.47093376143047,16.0,16.0,35.199999999999996,0.0,794.96,1054.96,0.0,0.0,0.0,0.0,0.0,0.0,0.0,0.0,0.0,0.0,0.0,0.0,0.0,0.0,0.0,0.0,0.0,0.0,0.0,0.0,0.0,0.0,0.0,0.0,0.0,0.0,0.0,0.0,0.0,0.0,0.0,0.0,0.0,0.0,0.0,0.0,0.0,0.0,0.0,0.0,0.0,0.0,0.0,0.0,0.0,0.0,0.0,0.0,0.0,0.0,0.0,0.0,0.0,0.0,0.0,0.0,0.0,0.0,0.0,0.0,0.0,0.0,0.0,0.0,0.0,0.0,0.0,0.0,0.0,0.0,0.0,0.0,0.0,0.0,0.0,0.0,0.0,0.0,0.0,0.0,0.0,0.0,0.0,0.0,0.0,0.0,0.0,0.0,0.0,0.0,0.0,0.0
LV,2008,1267,222,421,2639.0,13,11.0,39.0,273.0,13,6,3948.0,1159.0,123.0,-91.8462316786469,0,13.712422865800272,0.761222508151076,459,1987.0,9,12.0,5.0,87.0,-61.832871872954165,0,222,222,2639.0,13,0.0,0.0,1476.0,1159.0,123.0,187.08289483263388,0,74.78631478852382,16.0,16.0,35.199999999999996,5.0,738.16,960.16,0.0,0.0,0.0,0.0,0.0,0.0,0.0,0.0,0.0,0.0,0.0,0.0,0.0,0.0,0.0,0.0,0.0,0.0,0.0,0.0,0.0,0.0,0.0,0.0,0.0,0.0,0.0,0.0,0.0,0.0,0.0,0.0,0.0,0.0,0.0,0.0,0.0,0.0,0.0,0.0,0.0,0.0,0.0,0.0,0.0,0.0,0.0,0.0,0.0,0.0,0.0,0.0,0.0,0.0,0.0,0.0,0.0,0.0,0.0,0.0,0.0,0.0,0.0,0.0,0.0,0.0,0.0,0.0,0.0,0.0,0.0,0.0,0.0,0.0,0.0,0.0,0.0,0.0,0.0,0.0,0.0,0.0,0.0,0.0,0.0,0.0,0.0,0.0,0.0,0.0,0.0,0.0
LV,2009,1481,255,485,2875.0,10,18.0,48.0,318.0,12,8,4568.0,1287.0,131.0,-143.11395722521348,0,15.453063942380865,0.5728459845091215,411,1701.0,7,8.0,5.0,81.0,-45.10998537025259,0,255,477,2875.0,10,2.0,1.0,4539.0,1287.0,131.0,-55.96163171021007,0,55.058871201243456,16.0,16.0,35.199999999999996,0.0,650.6,905.6,0.0,0.0,0.0,0.0,0.0,0.0,0.0,0.0,0.0,0.0,0.0,0.0,0.0,0.0,0.0,0.0,0.0,0.0,0.0,0.0,0.0,0.0,0.0,0.0,0.0,0.0,0.0,0.0,0.0,0.0,0.0,0.0,0.0,0.0,0.0,0.0,0.0,0.0,0.0,0.0,0.0,0.0,0.0,0.0,0.0,0.0,0.0,0.0,0.0,0.0,0.0,0.0,0.0,0.0,0.0,0.0,0.0,0.0,0.0,0.0,0.0,0.0,0.0,0.0,0.0,0.0,0.0,0.0,0.0,0.0,0.0,0.0,0.0,0.0,0.0,0.0,0.0,0.0,0.0,0.0,0.0,0.0,0.0,0.0,0.0,0.0,0.0,0.0,0.0,0.0,0.0,0.0
LV,2010,1431,280,493,3472.0,18,16.0,44.0,291.0,10,2,4244.0,1801.0,159.0,-11.75757427200484,0,17.359176284274884,1.2208277497363722,503,2493.0,19,10.0,4.0,113.0,3.9063668245898917,0,280,486,3472.0,18,4.0,2.0,4248.0,1796.0,159.0,42.00681572977371,0,197.119904672995,16.0,16.0,35.199999999999996,4.0,1005.38,1285.38,0.0,0.0,0.0,0.0,0.0,0.0,0.0,0.0,0.0,0.0,0.0,0.0,0.0,0.0,0.0,0.0,0.0,0.0,0.0,0.0,0.0,0.0,0.0,0.0,0.0,0.0,0.0,0.0,0.0,0.0,0.0,0.0,0.0,0.0,0.0,0.0,0.0,0.0,0.0,0.0,0.0,0.0,0.0,0.0,0.0,0.0,0.0,0.0,0.0,0.0,0.0,0.0,0.0,0.0,0.0,0.0,0.0,0.0,0.0,0.0,0.0,0.0,0.0,0.0,0.0,0.0,0.0,0.0,0.0,0.0,0.0,0.0,0.0,0.0,0.0,0.0,0.0,0.0,0.0,0.0,0.0,0.0,0.0,0.0,0.0,0.0,0.0,0.0,0.0,0.0,0.0,0.0
LV,2011,1477,315,524,4119.0,20,23.0,25.0,157.0,3,1,5412.0,1610.0,186.0,40.45943467226406,0,20.94279365255637,1.92110494314686,466,2110.0,16,7.0,3.0,110.0,-14.890229116410794,0,315,519,4119.0,20,4.0,3.0,5406.0,1610.0,186.0,69.25451650999983,0,64.51722330168339,16.0,16.0,35.199999999999996,1.0,1029.66,1344.66,0.0,0.0,0.0,0.0,0.0,0.0,0.0,0.0,0.0,0.0,0.0,0.0,0.0,0.0,0.0,0.0,0.0,0.0,0.0,0.0,0.0,0.0,0.0,0.0,0.0,0.0,0.0,0.0,0.0,0.0,0.0,0.0,0.0,0.0,0.0,0.0,0.0,0.0,0.0,0.0,0.0,0.0,0.0,0.0,0.0,0.0,0.0,0.0,0.0,0.0,0.0,0.0,0.0,0.0,0.0,0.0,0.0,0.0,0.0,0.0,0.0,0.0,0.0,0.0,0.0,0.0,0.0,0.0,0.0,0.0,0.0,0.0,0.0,0.0,0.0,0.0,0.0,0.0,0.0,0.0,0.0,0.0,0.0,0.0,0.0,0.0,0.0,0.0,0.0,0.0,0.0,0.0
LV,2012,1447,376,629,4292.0,24,16.0,27.0,208.0,5,4,5300.0,2027.0,200.0,5.593594091834758,2,33.41352072409528,1.1620351699862748,376,1420.0,4,4.0,2.0,72.0,-75.07913322164396,0,376,624,4292.0,24,6.0,2.0,5270.0,2027.0,200.0,55.0724788723232,2,91.38502061522107,16.0,16.0,35.199999999999996,0.0,966.88,1342.88,0.0,0.0,0.0,0.0,0.0,0.0,0.0,0.0,0.0,0.0,0.0,0.0,0.0,0.0,0.0,0.0,0.0,0.0,0.0,0.0,0.0,0.0,0.0,0.0,0.0,0.0,0.0,0.0,0.0,0.0,0.0,0.0,0.0,0.0,0.0,0.0,0.0,0.0,0.0,0.0,0.0,0.0,0.0,0.0,0.0,0.0,0.0,0.0,0.0,0.0,0.0,0.0,0.0,0.0,0.0,0.0,0.0,0.0,0.0,0.0,0.0,0.0,0.0,0.0,0.0,0.0,0.0,0.0,0.0,0.0,0.0,0.0,0.0,0.0,0.0,0.0,0.0,0.0,0.0,0.0,0.0,0.0,0.0,0.0,0.0,0.0,0.0,0.0,0.0,0.0,0.0,0.0
LV,2013,1521,298,519,3629.0,17,20.0,44.0,289.0,8,2,4185.0,1723.0,168.0,-40.550876960369735,0,19.78026161642007,0.5914920010982138,437,2000.0,16,7.0,4.0,90.0,-18.504723191374353,0,298,508,3629.0,17,2.0,2.0,4179.0,1729.0,168.0,31.146120641339916,0,70.36022283526029,16.0,16.0,35.199999999999996,2.0,930.0600000000001,1228.06,0.0,0.0,0.0,0.0,0.0,0.0,0.0,0.0,0.0,0.0,0.0,0.0,0.0,0.0,0.0,0.0,0.0,0.0,0.0,0.0,0.0,0.0,0.0,0.0,0.0,0.0,0.0,0.0,0.0,0.0,0.0,0.0,0.0,0.0,0.0,0.0,0.0,0.0,0.0,0.0,0.0,0.0,0.0,0.0,0.0,0.0,0.0,0.0,0.0,0.0,0.0,0.0,0.0,0.0,0.0,0.0,0.0,0.0,0.0,0.0,0.0,0.0,0.0,0.0,0.0,0.0,0.0,0.0,0.0,0.0,0.0,0.0,0.0,0.0,0.0,0.0,0.0,0.0,0.0,0.0,0.0,0.0,0.0,0.0,0.0,0.0,0.0,0.0,0.0,0.0,0.0,0.0
LV,2014,1669,365,629,3456.0,22,16.0,28.0,181.0,7,3,4949.0,1544.0,173.0,-89.8696871776597,0,13.210707581885773,0.4250537683607123,337,1240.0,4,9.0,4.0,56.0,-79.37201191589352,0,365,619,3456.0,22,6.0,2.0,4941.0,1544.0,173.0,-38.97596381420034,0,93.60924463456286,16.0,16.0,35.2,1.0,807.84,1172.84,0.0,0.0,0.0,0.0,0.0,0.0,0.0,0.0,0.0,0.0,0.0,0.0,0.0,0.0,0.0,0.0,0.0,0.0,0.0,0.0,0.0,0.0,0.0,0.0,0.0,0.0,0.0,0.0,0.0,0.0,0.0,0.0,0.0,0.0,0.0,0.0,0.0,0.0,0.0,0.0,0.0,0.0,0.0,0.0,0.0,0.0,0.0,0.0,0.0,0.0,0.0,0.0,0.0,0.0,0.0,0.0,0.0,0.0,0.0,0.0,0.0,0.0,0.0,0.0,0.0,0.0,0.0,0.0,0.0,0.0,0.0,0.0,0.0,0.0,0.0,0.0,0.0,0.0,0.0,0.0,0.0,0.0,0.0,0.0,0.0,0.0,0.0,0.0,0.0,0.0,0.0,0.0
LV,2015,1595,373,605,4129.0,34,14.0,33.0,250.0,7,2,4743.0,1849.0,193.0,-8.94029042927497,1,15.883354128534831,1.1089188883723264,370,1457.0,7,7.0,3.0,74.0,-41.62655356005947,0,373,601,4141.0,34,5.0,1.0,4722.0,1861.0,193.0,53.13398795661373,1,31.70621986991269,16.0,16.0,35.199999999999996,0.0,1070.96,1443.96,0.0,0.0,0.0,0.0,0.0,0.0,0.0,0.0,0.0,0.0,0.0,0.0,0.0,0.0,0.0,0.0,0.0,0.0,0.0,0.0,0.0,0.0,0.0,0.0,0.0,0.0,0.0,0.0,0.0,0.0,0.0,0.0,0.0,0.0,0.0,0.0,0.0,0.0,0.0,0.0,0.0,0.0,0.0,0.0,0.0,0.0,0.0,0.0,0.0,0.0,0.0,0.0,0.0,0.0,0.0,0.0,0.0,0.0,0.0,0.0,0.0,0.0,0.0,0.0,0.0,0.0,0.0,0.0,0.0,0.0,0.0,0.0,0.0,0.0,0.0,0.0,0.0,0.0,0.0,0.0,0.0,0.0,0.0,0.0,0.0,0.0,0.0,0.0,0.0,0.0,0.0,0.0
LV,2016,1804,397,641,4298.0,30,10.0,21.0,108.0,4,3,5029.0,1938.0,209.0,34.44771436939209,5,16.621744665907233,1.5802023451689236,455,1986.0,18,8.0,4.0,101.0,-36.225686069184775,0,397,634,4298.0,30,4.0,0.0,4973.0,1938.0,209.0,83.72572921355672,5,55.85580164029003,17.0,17.0,37.4,0.0,1194.32,1591.32,0.0,0.0,0.0,0.0,0.0,0.0,0.0,0.0,0.0,0.0,0.0,0.0,0.0,0.0,0.0,0.0,0.0,0.0,0.0,0.0,0.0,0.0,0.0,0.0,0.0,0.0,0.0,0.0,0.0,0.0,0.0,0.0,0.0,0.0,0.0,0.0,0.0,0.0,0.0,0.0,0.0,0.0,0.0,0.0,0.0,0.0,0.0,0.0,0.0,0.0,0.0,0.0,0.0,0.0,0.0,0.0,0.0,0.0,0.0,0.0,0.0,0.0,0.0,0.0,0.0,0.0,0.0,0.0,0.0,0.0,0.0,0.0,0.0,0.0,0.0,0.0,0.0,0.0,0.0,0.0,0.0,0.0,0.0,0.0,0.0,0.0,0.0,0.0,0.0,0.0,0.0,0.0
LV,2017,1455,347,558,3761.0,23,14.0,24.0,130.0,4,1,4655.0,1686.0,178.0,20.925395273870986,2,14.947457515827328,1.5367235440208848,370,1554.0,13,8.0,3.0,78.0,-39.24673329683711,0,347,552,3761.0,23,9.0,7.0,4616.0,1686.0,178.0,36.05326390965323,2,50.74624625773642,16.0,16.0,35.199999999999996,0.0,947.94,1294.94,0.0,0.0,0.0,0.0,0.0,0.0,0.0,0.0,0.0,0.0,0.0,0.0,0.0,0.0,0.0,0.0,0.0,0.0,0.0,0.0,0.0,0.0,0.0,0.0,0.0,0.0,0.0,0.0,0.0,0.0,0.0,0.0,0.0,0.0,0.0,0.0,0.0,0.0,0.0,0.0,0.0,0.0,0.0,0.0,0.0,0.0,0.0,0.0,0.0,0.0,0.0,0.0,0.0,0.0,0.0,0.0,0.0,0.0,0.0,0.0,0.0,0.0,0.0,0.0,0.0,0.0,0.0,0.0,0.0,0.0,0.0,0.0,0.0,0.0,0.0,0.0,0.0,0.0,0.0,0.0,0.0,0.0,0.0,0.0,0.0,0.0,0.0,0.0,0.0,0.0,0.0,0.0
LV,2018,1490,382,556,4057.0,19,10.0,52.0,306.0,11,7,3785.0,1995.0,197.0,-3.8110776160712625,1,19.443751490766907,1.6991331607954,387,1628.0,9,7.0,6.0,86.0,-50.01584026600705,0,382,530,4057.0,19,2.0,1.0,3691.0,1995.0,197.0,106.19174889668588,1,195.01249002182473,16.0,16.0,35.199999999999996,1.0,936.7800000000001,1318.78,0.0,0.0,0.0,0.0,0.0,0.0,0.0,0.0,0.0,0.0,0.0,0.0,0.0,0.0,0.0,0.0,0.0,0.0,0.0,0.0,0.0,0.0,0.0,0.0,0.0,0.0,0.0,0.0,0.0,0.0,0.0,0.0,0.0,0.0,0.0,0.0,0.0,0.0,0.0,0.0,0.0,0.0,0.0,0.0,0.0,0.0,0.0,0.0,0.0,0.0,0.0,0.0,0.0,0.0,0.0,0.0,0.0,0.0,0.0,0.0,0.0,0.0,0.0,0.0,0.0,0.0,0.0,0.0,0.0,0.0,0.0,0.0,0.0,0.0,0.0,0.0,0.0,0.0,0.0,0.0,0.0,0.0,0.0,0.0,0.0,0.0,0.0,0.0,0.0,0.0,0.0,0.0
LV,2019,1551,367,523,4110.0,22,8.0,29.0,184.0,2,0,3467.0,2153.0,194.0,100.16933469213346,0,21.51411961952337,2.4207448601533668,437,1893.0,13,9.0,4.0,104.0,-36.45828627902968,0,367,491,4110.0,22,4.0,3.0,3287.0,2153.0,194.0,152.2795495400672,0,189.48593897274296,16.0,16.0,35.2,0.0,1032.7,1399.7,0.0,0.0,0.0,0.0,0.0,0.0,0.0,0.0,0.0,0.0,0.0,0.0,0.0,0.0,0.0,0.0,0.0,0.0,0.0,0.0,0.0,0.0,0.0,0.0,0.0,0.0,0.0,0.0,0.0,0.0,0.0,0.0,0.0,0.0,0.0,0.0,0.0,0.0,0.0,0.0,0.0,0.0,0.0,0.0,0.0,0.0,0.0,0.0,0.0,0.0,0.0,0.0,0.0,0.0,0.0,0.0,0.0,0.0,0.0,0.0,0.0,0.0,0.0,0.0,0.0,0.0,0.0,0.0,0.0,0.0,0.0,0.0,0.0,0.0,0.0,0.0,0.0,0.0,0.0,0.0,0.0,0.0,0.0,0.0,0.0,0.0,0.0,0.0,0.0,0.0,0.0,0.0
LV,2020,1629,369,551,4383.0,28,10.0,28.0,166.0,8,7,4492.0,2056.0,206.0,67.2934581011265,1,21.04900110951462,2.3991550373857415,457,1916.0,20,9.0,4.0,121.0,-7.604624947761252,0,369,523,4383.0,28,4.0,4.0,4396.0,2056.0,206.0,139.91350951420932,1,262.2241908310856,16.0,16.0,35.199999999999996,0.0,1159.22,1528.22,0.0,0.0,0.0,0.0,0.0,0.0,0.0,0.0,0.0,0.0,0.0,0.0,0.0,0.0,0.0,0.0,0.0,0.0,0.0,0.0,0.0,0.0,0.0,0.0,0.0,0.0,0.0,0.0,0.0,0.0,0.0,0.0,0.0,0.0,0.0,0.0,0.0,0.0,0.0,0.0,0.0,0.0,0.0,0.0,0.0,0.0,0.0,0.0,0.0,0.0,0.0,0.0,0.0,0.0,0.0,0.0,0.0,0.0,0.0,0.0,0.0,0.0,0.0,0.0,0.0,0.0,0.0,0.0,0.0,0.0,0.0,0.0,0.0,0.0,0.0,0.0,0.0,0.0,0.0,0.0,0.0,0.0,0.0,0.0,0.0,0.0,0.0,0.0,0.0,0.0,0.0,0.0
LV,2021,1786,458,682,5118.0,24,15.0,43.0,269.0,10,6,5526.0,2414.0,232.0,39.53546671257028,0,17.669643850274124,1.990398959916952,428,1720.0,14,9.0,2.0,99.0,-46.11467470540591,0,458,652,5118.0,24,5.0,3.0,5342.0,2414.0,232.0,130.00268444426422,0,96.35862966477285,18.0,18.0,39.6,0.0,1160.52,1618.52,0.0,0.0,0.0,0.0,0.0,0.0,0.0,0.0,0.0,0.0,0.0,0.0,0.0,0.0,0.0,0.0,0.0,0.0,0.0,0.0,0.0,0.0,0.0,0.0,0.0,0.0,0.0,0.0,0.0,0.0,0.0,0.0,0.0,0.0,0.0,0.0,0.0,0.0,0.0,0.0,0.0,0.0,0.0,0.0,0.0,0.0,0.0,0.0,0.0,0.0,0.0,0.0,0.0,0.0,0.0,0.0,0.0,0.0,0.0,0.0,0.0,0.0,0.0,0.0,0.0,0.0,0.0,0.0,0.0,0.0,0.0,0.0,0.0,0.0,0.0,0.0,0.0,0.0,0.0,0.0,0.0,0.0,0.0,0.0,0.0,0.0,0.0,0.0,0.0,0.0,0.0,0.0
LV,2022,1518,359,586,4182.0,28,17.0,35.0,248.0,5,1,5359.0,1780.0,193.0,22.412045271227132,0,14.156219337226862,1.3373993242940452,428,2057.0,12,4.0,0.0,122.0,-7.768669671427147,0,359,558,4182.0,28,5.0,2.0,5227.0,1780.0,193.0,88.13238166452523,0,134.3084083062834,17.0,17.0,37.4,0.0,1103.18,1462.18,0.0,0.0,0.0,0.0,0.0,0.0,0.0,0.0,0.0,0.0,0.0,0.0,0.0,0.0,0.0,0.0,0.0,0.0,0.0,0.0,0.0,0.0,0.0,0.0,0.0,0.0,0.0,0.0,0.0,0.0,0.0,0.0,0.0,0.0,0.0,0.0,0.0,0.0,0.0,0.0,0.0,0.0,0.0,0.0,0.0,0.0,0.0,0.0,0.0,0.0,0.0,0.0,0.0,0.0,0.0,0.0,0.0,0.0,0.0,0.0,0.0,0.0,0.0,0.0,0.0,0.0,0.0,0.0,0.0,0.0,0.0,0.0,0.0,0.0,0.0,0.0,0.0,0.0,0.0,0.0,0.0,0.0,0.0,0.0,0.0,0.0,0.0,0.0,0.0,0.0,0.0,0.0
LV,2023,1521,348,557,3666.0,20,18.0,40.0,286.0,3,2,4281.0,1611.0,182.0,-45.00359071377129,1,18.215453814664766,1.4010053815349435,413,1542.0,11,5.0,2.0,83.0,-56.24707497704474,1,348,531,3661.0,20,2.0,1.0,4213.0,1606.0,182.0,50.4991500818397,1,109.4019103617205,17.0,17.0,37.4,0.0,892.94,1240.94,0.0,0.0,0.0,0.0,0.0,0.0,0.0,0.0,0.0,0.0,0.0,0.0,0.0,0.0,0.0,0.0,0.0,0.0,0.0,0.0,0.0,0.0,0.0,0.0,0.0,0.0,0.0,0.0,0.0,0.0,0.0,0.0,0.0,0.0,0.0,0.0,0.0,0.0,0.0,0.0,0.0,0.0,0.0,0.0,0.0,0.0,0.0,0.0,0.0,0.0,0.0,0.0,0.0,0.0,0.0,0.0,0.0,0.0,0.0,0.0,0.0,0.0,0.0,0.0,0.0,0.0,0.0,0.0,0.0,0.0,0.0,0.0,0.0,0.0,0.0,0.0,0.0,0.0,0.0,0.0,0.0,0.0,0.0,0.0,0.0,0.0,0.0,0.0,0.0,0.0,0.0,0.0
LV,2024,1460,410,635,4117.0,19,16.0,50.0,320.0,6,5,4455.0,2061.0,209.0,-62.07633084732313,1,30.788946571744685,1.076984412397609,380,1357.0,10,10.0,8.0,78.0,-91.980991300372,1,410,592,4117.0,19,0.0,0.0,4103.0,2061.0,209.0,71.90517451194705,1,90.3249394955953,17.0,17.0,37.4,0.0,910.08,1320.0800000000002,0.0,0.0,0.0,0.0,0.0,0.0,0.0,0.0,0.0,0.0,0.0,0.0,0.0,0.0,0.0,0.0,0.0,0.0,0.0,0.0,0.0,0.0,0.0,0.0,0.0,0.0,0.0,0.0,0.0,0.0,0.0,0.0,0.0,0.0,0.0,0.0,0.0,0.0,0.0,0.0,0.0,0.0,0.0,0.0,0.0,0.0,0.0,0.0,0.0,0.0,0.0,0.0,0.0,0.0,0.0,0.0,0.0,0.0,0.0,0.0,0.0,0.0,0.0,0.0,0.0,0.0,0.0,0.0,0.0,0.0,0.0,0.0,0.0,0.0,0.0,0.0,0.0,0.0,0.0,0.0,0.0,0.0,0.0,0.0,0.0,0.0,0.0,0.0,0.0,0.0,0.0,0.0
LV,2025,5525,340,515,3315.0,20,0.0,0.0,0.0,3,1,3208.0,1806.0,161.0,-107.57279016847852,1,31.678375717436612,0.0,369,1317.0,5,3.0,2.0,67.0,-96.84002493454122,0,340,494,3315.0,20,2.0,0.0,3199.0,1806.0,161.0,18.74553884094692,1,85.28487644666131,17.0,17.045302445068813,37.43171171154817,0.0,785.8000000000001,1125.8,19.0,64.0,-464.0,-72.84681344825765,128.0,59.0,37.0,3.0,31.0,20.0,5.0,2.0,128.0,59.0,37.0,3.0,658.0,24.0,512.0,103.0,363.0,10.0,36.0,212.0,82.0,8.0,63.0,52.0,0.0,1.0,1.0,0.0,6.0,-4.0,8.0,3.0,0.0,111.0,918.0,7.0,5.0,2.0,12.0,4.0,29.0,173.0,68.0,1845.0,22.0,27.0,4.0,1.0,516.0,10.333333333333332,0.0,5.0,6.0,6.0,4.0,1.0,0.0,0.0,0.0,2.0,2.0,0.0,869.0,211.0,54.0,21.0,22.0,1.0,0.0,11.666666666666666,1.0,2.0,0.0,1.0,114.0,72.0,2.0,932.0,3409.0,24.0,18.0,4.0,4.0,13.0,33.0,400.0,2.0,2929.0
MIA,2006,1274,342,591,3577.0,16,19.0,39.0,283.0,5,0,4834.0,1545.0,180.0,-64.13851231943242,2,13.58641958020242,0.7434081356168147,404,1663.0,7,9.0,5.0,82.0,-59.41798457134757,0,342,342,3564.0,16,1.0,0.0,2019.0,1532.0,179.0,268.07503800122834,2,294.58774618125796,16.0,16.0,35.199999999999996,0.0,827.7800000000001,1169.78,0.0,0.0,0.0,0.0,0.0,0.0,0.0,0.0,0.0,0.0,0.0,0.0,0.0,0.0,0.0,0.0,0.0,0.0,0.0,0.0,0.0,0.0,0.0,0.0,0.0,0.0,0.0,0.0,0.0,0.0,0.0,0.0,0.0,0.0,0.0,0.0,0.0,0.0,0.0,0.0,0.0,0.0,0.0,0.0,0.0,0.0,0.0,0.0,0.0,0.0,0.0,0.0,0.0,0.0,0.0,0.0,0.0,0.0,0.0,0.0,0.0,0.0,0.0,0.0,0.0,0.0,0.0,0.0,0.0,0.0,0.0,0.0,0.0,0.0,0.0,0.0,0.0,0.0,0.0,0.0,0.0,0.0,0.0,0.0,0.0,0.0,0.0,0.0,0.0,0.0,0.0,0.0
MIA,2007,1251,318,558,3319.0,12,16.0,40.0,269.0,9,6,4550.0,1434.0,162.0,-61.18473039987205,1,13.476348690833568,0.8095267592797458,391,1559.0,14,10.0,4.0,107.0,-14.592851718583399,1,318,318,3321.0,12,2.0,1.0,1885.0,1436.0,162.0,249.2528287970941,1,193.257405718765,16.0,16.0,35.199999999999996,1.0,782.76,1100.76,0.0,0.0,0.0,0.0,0.0,0.0,0.0,0.0,0.0,0.0,0.0,0.0,0.0,0.0,0.0,0.0,0.0,0.0,0.0,0.0,0.0,0.0,0.0,0.0,0.0,0.0,0.0,0.0,0.0,0.0,0.0,0.0,0.0,0.0,0.0,0.0,0.0,0.0,0.0,0.0,0.0,0.0,0.0,0.0,0.0,0.0,0.0,0.0,0.0,0.0,0.0,0.0,0.0,0.0,0.0,0.0,0.0,0.0,0.0,0.0,0.0,0.0,0.0,0.0,0.0,0.0,0.0,0.0,0.0,0.0,0.0,0.0,0.0,0.0,0.0,0.0,0.0,0.0,0.0,0.0,0.0,0.0,0.0,0.0,0.0,0.0,0.0,0.0,0.0,0.0,0.0,0.0
MIA,2008,1580,355,529,4003.0,21,11.0,27.0,153.0,2,1,4255.0,1572.0,195.0,83.58871985145012,0,20.799530776829553,2.6358362887906224,471,1945.0,18,8.0,4.0,116.0,-30.710322908867177,0,355,355,4006.0,21,6.0,1.0,2431.0,1575.0,195.0,286.7914066925786,0,190.80129211572108,17.0,17.0,37.4,0.0,1039.22,1394.22,0.0,0.0,0.0,0.0,0.0,0.0,0.0,0.0,0.0,0.0,0.0,0.0,0.0,0.0,0.0,0.0,0.0,0.0,0.0,0.0,0.0,0.0,0.0,0.0,0.0,0.0,0.0,0.0,0.0,0.0,0.0,0.0,0.0,0.0,0.0,0.0,0.0,0.0,0.0,0.0,0.0,0.0,0.0,0.0,0.0,0.0,0.0,0.0,0.0,0.0,0.0,0.0,0.0,0.0,0.0,0.0,0.0,0.0,0.0,0.0,0.0,0.0,0.0,0.0,0.0,0.0,0.0,0.0,0.0,0.0,0.0,0.0,0.0,0.0,0.0,0.0,0.0,0.0,0.0,0.0,0.0,0.0,0.0,0.0,0.0,0.0,0.0,0.0,0.0,0.0,0.0,0.0
MIA,2009,1639,331,545,3396.0,15,19.0,34.0,226.0,4,1,4575.0,1314.0,188.0,-0.8503924886547267,0,15.79761899920092,1.5548217569139806,509,2231.0,22,11.0,4.0,129.0,14.033955398667064,1,331,535,3396.0,15,6.0,3.0,4548.0,1314.0,188.0,41.97324438926986,0,161.054473098615,16.0,16.0,35.199999999999996,2.0,940.5400000000001,1271.54,0.0,0.0,0.0,0.0,0.0,0.0,0.0,0.0,0.0,0.0,0.0,0.0,0.0,0.0,0.0,0.0,0.0,0.0,0.0,0.0,0.0,0.0,0.0,0.0,0.0,0.0,0.0,0.0,0.0,0.0,0.0,0.0,0.0,0.0,0.0,0.0,0.0,0.0,0.0,0.0,0.0,0.0,0.0,0.0,0.0,0.0,0.0,0.0,0.0,0.0,0.0,0.0,0.0,0.0,0.0,0.0,0.0,0.0,0.0,0.0,0.0,0.0,0.0,0.0,0.0,0.0,0.0,0.0,0.0,0.0,0.0,0.0,0.0,0.0,0.0,0.0,0.0,0.0,0.0,0.0,0.0,0.0,0.0,0.0,0.0,0.0,0.0,0.0,0.0,0.0,0.0,0.0
MIA,2010,1448,336,558,3752.0,17,20.0,38.0,228.0,1,1,4733.0,1448.0,189.0,-15.255392576398465,0,17.142918132480176,1.2017918131484524,444,1646.0,8,13.0,5.0,91.0,-56.10601613265337,0,336,552,3752.0,17,3.0,2.0,4678.0,1446.0,189.0,42.037280199290144,0,86.51570776320847,16.0,16.0,35.2,0.0,851.88,1187.88,0.0,0.0,0.0,0.0,0.0,0.0,0.0,0.0,0.0,0.0,0.0,0.0,0.0,0.0,0.0,0.0,0.0,0.0,0.0,0.0,0.0,0.0,0.0,0.0,0.0,0.0,0.0,0.0,0.0,0.0,0.0,0.0,0.0,0.0,0.0,0.0,0.0,0.0,0.0,0.0,0.0,0.0,0.0,0.0,0.0,0.0,0.0,0.0,0.0,0.0,0.0,0.0,0.0,0.0,0.0,0.0,0.0,0.0,0.0,0.0,0.0,0.0,0.0,0.0,0.0,0.0,0.0,0.0,0.0,0.0,0.0,0.0,0.0,0.0,0.0,0.0,0.0,0.0,0.0,0.0,0.0,0.0,0.0,0.0,0.0,0.0,0.0,0.0,0.0,0.0,0.0,0.0
MIA,2011,1317,280,469,3425.0,20,13.0,52.0,334.0,9,4,4589.0,1194.0,166.0,4.8996066125735505,0,13.49577575544308,1.7504924069202343,469,1987.0,11,13.0,5.0,89.0,-38.1279880601507,0,280,465,3425.0,20,3.0,3.0,4580.0,1194.0,166.0,75.04463822846031,0,160.5909294426115,16.0,16.0,35.2,1.0,900.2,1180.2,0.0,0.0,0.0,0.0,0.0,0.0,0.0,0.0,0.0,0.0,0.0,0.0,0.0,0.0,0.0,0.0,0.0,0.0,0.0,0.0,0.0,0.0,0.0,0.0,0.0,0.0,0.0,0.0,0.0,0.0,0.0,0.0,0.0,0.0,0.0,0.0,0.0,0.0,0.0,0.0,0.0,0.0,0.0,0.0,0.0,0.0,0.0,0.0,0.0,0.0,0.0,0.0,0.0,0.0,0.0,0.0,0.0,0.0,0.0,0.0,0.0,0.0,0.0,0.0,0.0,0.0,0.0,0.0,0.0,0.0,0.0,0.0,0.0,0.0,0.0,0.0,0.0,0.0,0.0,0.0,0.0,0.0,0.0,0.0,0.0,0.0,0.0,0.0,0.0,0.0,0.0,0.0
MIA,2012,1425,293,504,3425.0,13,13.0,37.0,243.0,5,3,4341.0,1271.0,158.0,-21.491818809159746,2,14.353482306261892,1.1415339551501944,440,1802.0,15,13.0,6.0,93.0,-31.682870219291303,0,293,500,3425.0,13,4.0,2.0,4321.0,1271.0,158.0,26.448309056962472,2,115.59814053826244,16.0,16.0,35.2,3.0,857.7,1150.7,0.0,0.0,0.0,0.0,0.0,0.0,0.0,0.0,0.0,0.0,0.0,0.0,0.0,0.0,0.0,0.0,0.0,0.0,0.0,0.0,0.0,0.0,0.0,0.0,0.0,0.0,0.0,0.0,0.0,0.0,0.0,0.0,0.0,0.0,0.0,0.0,0.0,0.0,0.0,0.0,0.0,0.0,0.0,0.0,0.0,0.0,0.0,0.0,0.0,0.0,0.0,0.0,0.0,0.0,0.0,0.0,0.0,0.0,0.0,0.0,0.0,0.0,0.0,0.0,0.0,0.0,0.0,0.0,0.0,0.0,0.0,0.0,0.0,0.0,0.0,0.0,0.0,0.0,0.0,0.0,0.0,0.0,0.0,0.0,0.0,0.0,0.0,0.0,0.0,0.0,0.0,0.0
MIA,2013,1380,357,594,3966.0,24,19.0,58.0,399.0,7,4,5690.0,1535.0,205.0,-1.980463101682279,0,12.31102491983004,1.0341705274027888,349,1440.0,8,5.0,3.0,61.0,-43.955796203395074,0,357,582,3966.0,24,0.0,0.0,5671.0,1535.0,205.0,95.00111409907316,0,97.42347124163895,16.0,16.0,35.2,0.0,935.24,1292.24,0.0,0.0,0.0,0.0,0.0,0.0,0.0,0.0,0.0,0.0,0.0,0.0,0.0,0.0,0.0,0.0,0.0,0.0,0.0,0.0,0.0,0.0,0.0,0.0,0.0,0.0,0.0,0.0,0.0,0.0,0.0,0.0,0.0,0.0,0.0,0.0,0.0,0.0,0.0,0.0,0.0,0.0,0.0,0.0,0.0,0.0,0.0,0.0,0.0,0.0,0.0,0.0,0.0,0.0,0.0,0.0,0.0,0.0,0.0,0.0,0.0,0.0,0.0,0.0,0.0,0.0,0.0,0.0,0.0,0.0,0.0,0.0,0.0,0.0,0.0,0.0,0.0,0.0,0.0,0.0,0.0,0.0,0.0,0.0,0.0,0.0,0.0,0.0,0.0,0.0,0.0,0.0
MIA,2014,1569,394,595,4066.0,27,12.0,46.0,337.0,4,1,4616.0,1876.0,226.0,29.305019724184053,0,15.554487008488923,1.7556428923199994,399,1872.0,12,8.0,4.0,99.0,-31.120871337398572,1,394,593,4066.0,27,7.0,2.0,4607.0,1876.0,226.0,96.66549545327818,0,194.5397894405493,16.0,16.0,35.2,0.0,1062.44,1456.44,0.0,0.0,0.0,0.0,0.0,0.0,0.0,0.0,0.0,0.0,0.0,0.0,0.0,0.0,0.0,0.0,0.0,0.0,0.0,0.0,0.0,0.0,0.0,0.0,0.0,0.0,0.0,0.0,0.0,0.0,0.0,0.0,0.0,0.0,0.0,0.0,0.0,0.0,0.0,0.0,0.0,0.0,0.0,0.0,0.0,0.0,0.0,0.0,0.0,0.0,0.0,0.0,0.0,0.0,0.0,0.0,0.0,0.0,0.0,0.0,0.0,0.0,0.0,0.0,0.0,0.0,0.0,0.0,0.0,0.0,0.0,0.0,0.0,0.0,0.0,0.0,0.0,0.0,0.0,0.0,0.0,0.0,0.0,0.0,0.0,0.0,0.0,0.0,0.0,0.0,0.0,0.0
MIA,2015,1419,365,588,4231.0,24,12.0,45.0,420.0,8,3,5154.0,1876.0,194.0,0.3043286796660549,1,23.708092565644456,1.3631525417351003,344,1496.0,11,4.0,2.0,72.0,-34.05319175939637,1,365,581,4231.0,24,2.0,1.0,5078.0,1876.0,194.0,74.03453651191921,1,139.9423318520545,16.0,16.0,35.199999999999996,1.0,1023.94,1388.94,0.0,0.0,0.0,0.0,0.0,0.0,0.0,0.0,0.0,0.0,0.0,0.0,0.0,0.0,0.0,0.0,0.0,0.0,0.0,0.0,0.0,0.0,0.0,0.0,0.0,0.0,0.0,0.0,0.0,0.0,0.0,0.0,0.0,0.0,0.0,0.0,0.0,0.0,0.0,0.0,0.0,0.0,0.0,0.0,0.0,0.0,0.0,0.0,0.0,0.0,0.0,0.0,0.0,0.0,0.0,0.0,0.0,0.0,0.0,0.0,0.0,0.0,0.0,0.0,0.0,0.0,0.0,0.0,0.0,0.0,0.0,0.0,0.0,0.0,0.0,0.0,0.0,0.0,0.0,0.0,0.0,0.0,0.0,0.0,0.0,0.0,0.0,0.0,0.0,0.0,0.0,0.0
MIA,2016,1550,345,513,4005.0,28,16.0,35.0,252.0,8,4,4054.0,1885.0,183.0,38.17719188684412,1,18.609852828475663,2.284150183075875,426,1876.0,14,10.0,2.0,91.0,-35.2113084829152,0,345,503,4005.0,28,2.0,2.0,4040.0,1885.0,183.0,94.4041223998376,1,154.27199995307484,17.0,17.0,37.4,3.0,1086.3,1431.3,0.0,0.0,0.0,0.0,0.0,0.0,0.0,0.0,0.0,0.0,0.0,0.0,0.0,0.0,0.0,0.0,0.0,0.0,0.0,0.0,0.0,0.0,0.0,0.0,0.0,0.0,0.0,0.0,0.0,0.0,0.0,0.0,0.0,0.0,0.0,0.0,0.0,0.0,0.0,0.0,0.0,0.0,0.0,0.0,0.0,0.0,0.0,0.0,0.0,0.0,0.0,0.0,0.0,0.0,0.0,0.0,0.0,0.0,0.0,0.0,0.0,0.0,0.0,0.0,0.0,0.0,0.0,0.0,0.0,0.0,0.0,0.0,0.0,0.0,0.0,0.0,0.0,0.0,0.0,0.0,0.0,0.0,0.0,0.0,0.0,0.0,0.0,0.0,0.0,0.0,0.0,0.0
MIA,2017,1366,373,602,3792.0,24,21.0,33.0,257.0,4,0,4884.0,1681.0,187.0,-48.9277553124979,0,15.52944436479261,1.447515499441431,360,1388.0,4,5.0,3.0,66.0,-57.20098666582973,1,373,588,3792.0,24,10.0,4.0,4831.0,1681.0,187.0,-7.771559619699771,0,36.83889394846109,16.0,16.0,35.199999999999996,0.0,879.6800000000001,1252.68,0.0,0.0,0.0,0.0,0.0,0.0,0.0,0.0,0.0,0.0,0.0,0.0,0.0,0.0,0.0,0.0,0.0,0.0,0.0,0.0,0.0,0.0,0.0,0.0,0.0,0.0,0.0,0.0,0.0,0.0,0.0,0.0,0.0,0.0,0.0,0.0,0.0,0.0,0.0,0.0,0.0,0.0,0.0,0.0,0.0,0.0,0.0,0.0,0.0,0.0,0.0,0.0,0.0,0.0,0.0,0.0,0.0,0.0,0.0,0.0,0.0,0.0,0.0,0.0,0.0,0.0,0.0,0.0,0.0,0.0,0.0,0.0,0.0,0.0,0.0,0.0,0.0,0.0,0.0,0.0,0.0,0.0,0.0,0.0,0.0,0.0,0.0,0.0,0.0,0.0,0.0,0.0
MIA,2018,1425,292,455,3309.0,26,13.0,52.0,409.0,4,3,3699.0,1777.0,153.0,-55.22100594109631,1,21.170831951385658,1.5899255036936502,371,1738.0,7,7.0,5.0,75.0,-39.23008330604103,0,292,435,3309.0,26,1.0,1.0,3530.0,1777.0,153.0,61.656730643291844,1,129.10840008568695,16.0,16.0,35.199999999999996,2.0,911.0600000000001,1203.06,0.0,0.0,0.0,0.0,0.0,0.0,0.0,0.0,0.0,0.0,0.0,0.0,0.0,0.0,0.0,0.0,0.0,0.0,0.0,0.0,0.0,0.0,0.0,0.0,0.0,0.0,0.0,0.0,0.0,0.0,0.0,0.0,0.0,0.0,0.0,0.0,0.0,0.0,0.0,0.0,0.0,0.0,0.0,0.0,0.0,0.0,0.0,0.0,0.0,0.0,0.0,0.0,0.0,0.0,0.0,0.0,0.0,0.0,0.0,0.0,0.0,0.0,0.0,0.0,0.0,0.0,0.0,0.0,0.0,0.0,0.0,0.0,0.0,0.0,0.0,0.0,0.0,0.0,0.0,0.0,0.0,0.0,0.0,0.0,0.0,0.0,0.0,0.0,0.0,0.0,0.0,0.0
MIA,2019,1554,371,615,4117.0,22,18.0,58.0,313.0,4,1,5463.0,1581.0,210.0,-26.47825992766242,1,17.656460046989924,1.1693821899104166,349,1152.0,10,7.0,2.0,63.0,-57.854647973559864,0,371,606,4117.0,22,7.0,4.0,5432.0,1581.0,210.0,47.76137599172252,1,59.79505480090097,16.0,16.0,35.199999999999996,1.0,931.58,1302.58,0.0,0.0,0.0,0.0,0.0,0.0,0.0,0.0,0.0,0.0,0.0,0.0,0.0,0.0,0.0,0.0,0.0,0.0,0.0,0.0,0.0,0.0,0.0,0.0,0.0,0.0,0.0,0.0,0.0,0.0,0.0,0.0,0.0,0.0,0.0,0.0,0.0,0.0,0.0,0.0,0.0,0.0,0.0,0.0,0.0,0.0,0.0,0.0,0.0,0.0,0.0,0.0,0.0,0.0,0.0,0.0,0.0,0.0,0.0,0.0,0.0,0.0,0.0,0.0,0.0,0.0,0.0,0.0,0.0,0.0,0.0,0.0,0.0,0.0,0.0,0.0,0.0,0.0,0.0,0.0,0.0,0.0,0.0,0.0,0.0,0.0,0.0,0.0,0.0,0.0,0.0,0.0
MIA,2020,1661,370,559,3937.0,24,13.0,34.0,201.0,3,1,4272.0,1655.0,207.0,34.92770213042737,3,18.1826336749108,2.288398766758429,428,1688.0,15,5.0,4.0,100.0,-34.99215665996371,1,370,547,3937.0,24,3.0,1.0,4258.0,1654.0,207.0,89.55635924528795,3,37.1293264979299,16.0,16.0,35.2,1.0,1031.98,1401.98,0.0,0.0,0.0,0.0,0.0,0.0,0.0,0.0,0.0,0.0,0.0,0.0,0.0,0.0,0.0,0.0,0.0,0.0,0.0,0.0,0.0,0.0,0.0,0.0,0.0,0.0,0.0,0.0,0.0,0.0,0.0,0.0,0.0,0.0,0.0,0.0,0.0,0.0,0.0,0.0,0.0,0.0,0.0,0.0,0.0,0.0,0.0,0.0,0.0,0.0,0.0,0.0,0.0,0.0,0.0,0.0,0.0,0.0,0.0,0.0,0.0,0.0,0.0,0.0,0.0,0.0,0.0,0.0,0.0,0.0,0.0,0.0,0.0,0.0,0.0,0.0,0.0,0.0,0.0,0.0,0.0,0.0,0.0,0.0,0.0,0.0,0.0,0.0,0.0,0.0,0.0,0.0
MIA,2021,1733,404,615,3936.0,21,14.0,40.0,285.0,13,4,4471.0,1739.0,206.0,-5.695039533838315,2,18.506451350976622,1.4975558763123837,442,1568.0,12,5.0,2.0,87.0,-58.10777029026223,0,404,599,3936.0,21,2.0,1.0,4437.0,1739.0,206.0,78.50924750957718,2,133.57623915142284,17.0,17.0,37.4,1.0,961.84,1365.8400000000001,0.0,0.0,0.0,0.0,0.0,0.0,0.0,0.0,0.0,0.0,0.0,0.0,0.0,0.0,0.0,0.0,0.0,0.0,0.0,0.0,0.0,0.0,0.0,0.0,0.0,0.0,0.0,0.0,0.0,0.0,0.0,0.0,0.0,0.0,0.0,0.0,0.0,0.0,0.0,0.0,0.0,0.0,0.0,0.0,0.0,0.0,0.0,0.0,0.0,0.0,0.0,0.0,0.0,0.0,0.0,0.0,0.0,0.0,0.0,0.0,0.0,0.0,0.0,0.0,0.0,0.0,0.0,0.0,0.0,0.0,0.0,0.0,0.0,0.0,0.0,0.0,0.0,0.0,0.0,0.0,0.0,0.0,0.0,0.0,0.0,0.0,0.0,0.0,0.0,0.0,0.0,0.0
MIA,2022,1878,386,629,4985.0,31,17.0,39.0,285.0,5,2,5817.0,1895.0,232.0,53.0876315602578,1,22.86039352252665,1.8216363710872132,410,1728.0,13,5.0,2.0,96.0,-20.65866392639333,0,386,604,4985.0,31,3.0,2.0,5720.0,1895.0,232.0,138.8628501370983,1,181.52017973133354,18.0,18.0,39.6,1.0,1222.7,1608.7,0.0,0.0,0.0,0.0,0.0,0.0,0.0,0.0,0.0,0.0,0.0,0.0,0.0,0.0,0.0,0.0,0.0,0.0,0.0,0.0,0.0,0.0,0.0,0.0,0.0,0.0,0.0,0.0,0.0,0.0,0.0,0.0,0.0,0.0,0.0,0.0,0.0,0.0,0.0,0.0,0.0,0.0,0.0,0.0,0.0,0.0,0.0,0.0,0.0,0.0,0.0,0.0,0.0,0.0,0.0,0.0,0.0,0.0,0.0,0.0,0.0,0.0,0.0,0.0,0.0,0.0,0.0,0.0,0.0,0.0,0.0,0.0,0.0,0.0,0.0,0.0,0.0,0.0,0.0,0.0,0.0,0.0,0.0,0.0,0.0,0.0,0.0,0.0,0.0,0.0,0.0,0.0
MIA,2023,1820,413,605,4897.0,31,16.0,33.0,195.0,3,0,4595.0,2318.0,231.0,99.59143746741495,0,23.67814967558653,2.50136172361965,474,2384.0,27,13.0,7.0,118.0,-10.691225327567134,0,413,587,4897.0,31,4.0,2.0,4562.0,2317.0,231.0,155.6202819534298,0,140.3524601517655,18.0,18.0,39.6,0.0,1345.98,1758.98,0.0,0.0,0.0,0.0,0.0,0.0,0.0,0.0,0.0,0.0,0.0,0.0,0.0,0.0,0.0,0.0,0.0,0.0,0.0,0.0,0.0,0.0,0.0,0.0,0.0,0.0,0.0,0.0,0.0,0.0,0.0,0.0,0.0,0.0,0.0,0.0,0.0,0.0,0.0,0.0,0.0,0.0,0.0,0.0,0.0,0.0,0.0,0.0,0.0,0.0,0.0,0.0,0.0,0.0,0.0,0.0,0.0,0.0,0.0,0.0,0.0,0.0,0.0,0.0,0.0,0.0,0.0,0.0,0.0,0.0,0.0,0.0,0.0,0.0,0.0,0.0,0.0,0.0,0.0,0.0,0.0,0.0,0.0,0.0,0.0,0.0,0.0,0.0,0.0,0.0,0.0,0.0
MIA,2024,1779,413,591,4036.0,22,10.0,43.0,299.0,10,3,3711.0,2210.0,221.0,44.21688643186295,2,21.685490610632026,2.0437849882118155,448,1795.0,12,10.0,5.0,90.0,-83.32380278255759,0,413,568,4036.0,22,4.0,1.0,3610.0,2212.0,221.0,141.9071060536225,2,140.9710798626749,17.0,17.0,37.4,0.0,1006.5400000000001,1419.54,0.0,0.0,0.0,0.0,0.0,0.0,0.0,0.0,0.0,0.0,0.0,0.0,0.0,0.0,0.0,0.0,0.0,0.0,0.0,0.0,0.0,0.0,0.0,0.0,0.0,0.0,0.0,0.0,0.0,0.0,0.0,0.0,0.0,0.0,0.0,0.0,0.0,0.0,0.0,0.0,0.0,0.0,0.0,0.0,0.0,0.0,0.0,0.0,0.0,0.0,0.0,0.0,0.0,0.0,0.0,0.0,0.0,0.0,0.0,0.0,0.0,0.0,0.0,0.0,0.0,0.0,0.0,0.0,0.0,0.0,0.0,0.0,0.0,0.0,0.0,0.0,0.0,0.0,0.0,0.0,0.0,0.0,0.0,0.0,0.0,0.0,0.0,0.0,0.0,0.0,0.0,0.0
MIA,2025,5402,322,479,3322.0,23,0.0,0.0,0.0,2,1,3362.0,1807.0,174.0,4.929832002705847,1,18.96224164497763,0.0,432,2044.0,14,11.0,2.0,104.0,-12.381004214884621,0,322,462,3322.0,23,3.0,2.0,3300.0,1807.0,174.0,66.50963335442844,1,61.09615357725047,17.0,16.728849774377718,37.2101948420644,1.0,947.48,1269.48,18.0,38.0,-254.0,-10.971874507196201,139.0,72.0,43.0,6.0,55.0,43.0,16.0,4.0,138.0,72.0,43.0,6.0,629.0,26.0,526.0,74.0,302.0,11.0,39.0,242.0,79.0,9.0,102.0,53.0,0.0,0.0,1.0,10.0,12.0,-20.0,11.0,19.0,0.0,115.0,890.0,10.0,9.0,1.0,19.0,6.0,21.0,279.0,65.0,1716.0,27.0,29.0,2.0,0.0,629.0,13.333333333333332,0.0,5.0,8.0,11.0,3.0,0.0,0.0,0.0,1.0,0.0,1.0,0.0,1072.0,92.0,0.0,34.0,35.0,1.0,0.0,12.75,1.0,1.0,0.0,0.0,29.0,63.0,0.0,930.0,3005.0,21.0,5.0,11.0,3.0,19.0,25.0,259.0,1.0,2686.0
MIN,2006,1479,332,540,3402.0,14,20.0,41.0,279.0,10,3,4151.0,1722.0,160.0,-102.89843391590318,0,37.92428621387094,1.2617672372348596,444,1822.0,12,8.0,6.0,86.0,-40.63475822237479,0,332,332,3402.0,13,7.0,2.0,1680.0,1722.0,160.0,222.27804098251104,0,137.0804793450385,16.0,16.0,35.199999999999996,1.0,808.48,1140.48,0.0,0.0,0.0,0.0,0.0,0.0,0.0,0.0,0.0,0.0,0.0,0.0,0.0,0.0,0.0,0.0,0.0,0.0,0.0,0.0,0.0,0.0,0.0,0.0,0.0,0.0,0.0,0.0,0.0,0.0,0.0,0.0,0.0,0.0,0.0,0.0,0.0,0.0,0.0,0.0,0.0,0.0,0.0,0.0,0.0,0.0,0.0,0.0,0.0,0.0,0.0,0.0,0.0,0.0,0.0,0.0,0.0,0.0,0.0,0.0,0.0,0.0,0.0,0.0,0.0,0.0,0.0,0.0,0.0,0.0,0.0,0.0,0.0,0.0,0.0,0.0,0.0,0.0,0.0,0.0,0.0,0.0,0.0,0.0,0.0,0.0,0.0,0.0,0.0,0.0,0.0,0.0
MIN,2007,1366,249,432,2934.0,12,14.0,37.0,193.0,4,2,3653.0,1386.0,139.0,-10.41224981709711,0,20.33971235180908,1.5005158930183622,495,2634.0,22,13.0,7.0,130.0,-2.8669372463123786,3,249,249,2934.0,12,4.0,4.0,1548.0,1386.0,139.0,206.70507865711556,0,266.63078231466193,16.0,16.0,35.199999999999996,1.0,884.1600000000001,1133.16,0.0,0.0,0.0,0.0,0.0,0.0,0.0,0.0,0.0,0.0,0.0,0.0,0.0,0.0,0.0,0.0,0.0,0.0,0.0,0.0,0.0,0.0,0.0,0.0,0.0,0.0,0.0,0.0,0.0,0.0,0.0,0.0,0.0,0.0,0.0,0.0,0.0,0.0,0.0,0.0,0.0,0.0,0.0,0.0,0.0,0.0,0.0,0.0,0.0,0.0,0.0,0.0,0.0,0.0,0.0,0.0,0.0,0.0,0.0,0.0,0.0,0.0,0.0,0.0,0.0,0.0,0.0,0.0,0.0,0.0,0.0,0.0,0.0,0.0,0.0,0.0,0.0,0.0,0.0,0.0,0.0,0.0,0.0,0.0,0.0,0.0,0.0,0.0,0.0,0.0,0.0,0.0
MIN,2008,1401,282,487,3381.0,22,18.0,45.0,273.0,6,2,4147.0,1538.0,159.0,-37.064214551614015,0,18.452054278192474,1.3180975401708113,552,2478.0,17,13.0,6.0,124.0,-29.08880530638052,0,282,283,3381.0,22,5.0,3.0,1841.0,1538.0,159.0,260.1883855780007,0,142.1160369403561,17.0,17.0,37.4,2.0,997.14,1279.14,0.0,0.0,0.0,0.0,0.0,0.0,0.0,0.0,0.0,0.0,0.0,0.0,0.0,0.0,0.0,0.0,0.0,0.0,0.0,0.0,0.0,0.0,0.0,0.0,0.0,0.0,0.0,0.0,0.0,0.0,0.0,0.0,0.0,0.0,0.0,0.0,0.0,0.0,0.0,0.0,0.0,0.0,0.0,0.0,0.0,0.0,0.0,0.0,0.0,0.0,0.0,0.0,0.0,0.0,0.0,0.0,0.0,0.0,0.0,0.0,0.0,0.0,0.0,0.0,0.0,0.0,0.0,0.0,0.0,0.0,0.0,0.0,0.0,0.0,0.0,0.0,0.0,0.0,0.0,0.0,0.0,0.0,0.0,0.0,0.0,0.0,0.0,0.0,0.0,0.0,0.0,0.0
MIN,2009,1737,421,624,4947.0,39,9.0,37.0,267.0,2,2,4914.0,2364.0,248.0,170.95185485772066,0,37.32271471257421,3.7412762375060375,536,2192.0,22,12.0,7.0,113.0,-83.64548900116009,0,421,619,4947.0,39,3.0,3.0,4906.0,2364.0,248.0,229.00050774979107,0,176.6226408141649,18.0,18.0,39.6,2.0,1403.78,1824.78,0.0,0.0,0.0,0.0,0.0,0.0,0.0,0.0,0.0,0.0,0.0,0.0,0.0,0.0,0.0,0.0,0.0,0.0,0.0,0.0,0.0,0.0,0.0,0.0,0.0,0.0,0.0,0.0,0.0,0.0,0.0,0.0,0.0,0.0,0.0,0.0,0.0,0.0,0.0,0.0,0.0,0.0,0.0,0.0,0.0,0.0,0.0,0.0,0.0,0.0,0.0,0.0,0.0,0.0,0.0,0.0,0.0,0.0,0.0,0.0,0.0,0.0,0.0,0.0,0.0,0.0,0.0,0.0,0.0,0.0,0.0,0.0,0.0,0.0,0.0,0.0,0.0,0.0,0.0,0.0,0.0,0.0,0.0,0.0,0.0,0.0,0.0,0.0,0.0,0.0,0.0,0.0
MIN,2010,1497,305,505,3327.0,14,26.0,36.0,230.0,4,2,4353.0,1565.0,159.0,-80.97489008512359,1,16.39602995738117,0.7904417765938964,441,1942.0,16,7.0,5.0,104.0,-33.538859330717244,0,305,503,3327.0,14,3.0,3.0,4344.0,1565.0,159.0,-31.415526475296545,1,153.28647476674274,16.0,16.0,35.199999999999996,1.0,833.98,1138.98,0.0,0.0,0.0,0.0,0.0,0.0,0.0,0.0,0.0,0.0,0.0,0.0,0.0,0.0,0.0,0.0,0.0,0.0,0.0,0.0,0.0,0.0,0.0,0.0,0.0,0.0,0.0,0.0,0.0,0.0,0.0,0.0,0.0,0.0,0.0,0.0,0.0,0.0,0.0,0.0,0.0,0.0,0.0,0.0,0.0,0.0,0.0,0.0,0.0,0.0,0.0,0.0,0.0,0.0,0.0,0.0,0.0,0.0,0.0,0.0,0.0,0.0,0.0,0.0,0.0,0.0,0.0,0.0,0.0,0.0,0.0,0.0,0.0,0.0,0.0,0.0,0.0,0.0,0.0,0.0,0.0,0.0,0.0,0.0,0.0,0.0,0.0,0.0,0.0,0.0,0.0,0.0
MIN,2011,1454,286,510,3255.0,20,17.0,49.0,298.0,7,3,4503.0,1396.0,159.0,-73.07273827174372,0,14.862730886974886,0.9768121916284805,448,2318.0,18,7.0,1.0,118.0,31.87206425709003,0,286,506,3255.0,20,5.0,4.0,4453.0,1404.0,159.0,-3.1252985861847487,0,102.86225939897538,16.0,16.0,35.199999999999996,1.0,951.5,1237.5,0.0,0.0,0.0,0.0,0.0,0.0,0.0,0.0,0.0,0.0,0.0,0.0,0.0,0.0,0.0,0.0,0.0,0.0,0.0,0.0,0.0,0.0,0.0,0.0,0.0,0.0,0.0,0.0,0.0,0.0,0.0,0.0,0.0,0.0,0.0,0.0,0.0,0.0,0.0,0.0,0.0,0.0,0.0,0.0,0.0,0.0,0.0,0.0,0.0,0.0,0.0,0.0,0.0,0.0,0.0,0.0,0.0,0.0,0.0,0.0,0.0,0.0,0.0,0.0,0.0,0.0,0.0,0.0,0.0,0.0,0.0,0.0,0.0,0.0,0.0,0.0,0.0,0.0,0.0,0.0,0.0,0.0,0.0,0.0,0.0,0.0,0.0,0.0,0.0,0.0,0.0,0.0
MIN,2012,1515,311,513,3115.0,19,13.0,35.0,207.0,6,5,3731.0,1669.0,169.0,-19.171117210737286,1,14.501741145638876,0.8827037049550273,515,2801.0,16,9.0,6.0,124.0,9.548670701390343,1,311,506,3115.0,19,3.0,1.0,3704.0,1669.0,169.0,45.310575619897406,1,92.01841847890695,17.0,17.0,37.4,2.0,970.2,1281.2,0.0,0.0,0.0,0.0,0.0,0.0,0.0,0.0,0.0,0.0,0.0,0.0,0.0,0.0,0.0,0.0,0.0,0.0,0.0,0.0,0.0,0.0,0.0,0.0,0.0,0.0,0.0,0.0,0.0,0.0,0.0,0.0,0.0,0.0,0.0,0.0,0.0,0.0,0.0,0.0,0.0,0.0,0.0,0.0,0.0,0.0,0.0,0.0,0.0,0.0,0.0,0.0,0.0,0.0,0.0,0.0,0.0,0.0,0.0,0.0,0.0,0.0,0.0,0.0,0.0,0.0,0.0,0.0,0.0,0.0,0.0,0.0,0.0,0.0,0.0,0.0,0.0,0.0,0.0,0.0,0.0,0.0,0.0,0.0,0.0,0.0,0.0,0.0,0.0,0.0,0.0,0.0
MIN,2013,1480,325,546,3645.0,18,19.0,44.0,218.0,6,4,4720.0,1584.0,173.0,-54.78539659690069,0,15.511375881401243,1.4093213236100885,423,2081.0,23,9.0,5.0,105.0,17.467643558195512,0,325,535,3645.0,18,3.0,1.0,4621.0,1584.0,173.0,20.643639031620694,0,94.46113378642919,16.0,16.0,35.199999999999996,3.0,996.4000000000001,1321.4,0.0,0.0,0.0,0.0,0.0,0.0,0.0,0.0,0.0,0.0,0.0,0.0,0.0,0.0,0.0,0.0,0.0,0.0,0.0,0.0,0.0,0.0,0.0,0.0,0.0,0.0,0.0,0.0,0.0,0.0,0.0,0.0,0.0,0.0,0.0,0.0,0.0,0.0,0.0,0.0,0.0,0.0,0.0,0.0,0.0,0.0,0.0,0.0,0.0,0.0,0.0,0.0,0.0,0.0,0.0,0.0,0.0,0.0,0.0,0.0,0.0,0.0,0.0,0.0,0.0,0.0,0.0,0.0,0.0,0.0,0.0,0.0,0.0,0.0,0.0,0.0,0.0,0.0,0.0,0.0,0.0,0.0,0.0,0.0,0.0,0.0,0.0,0.0,0.0,0.0,0.0,0.0
MIN,2014,1460,322,517,3566.0,18,18.0,51.0,322.0,4,0,3943.0,1836.0,171.0,-33.66603158386419,2,18.25156155200513,1.099591582286272,413,1804.0,12,3.0,1.0,90.0,-5.307392932334558,2,322,510,3566.0,17,3.0,0.0,3945.0,1836.0,171.0,44.342690111170654,2,112.77666884422617,16.0,16.0,35.199999999999996,2.0,911.64,1233.64,0.0,0.0,0.0,0.0,0.0,0.0,0.0,0.0,0.0,0.0,0.0,0.0,0.0,0.0,0.0,0.0,0.0,0.0,0.0,0.0,0.0,0.0,0.0,0.0,0.0,0.0,0.0,0.0,0.0,0.0,0.0,0.0,0.0,0.0,0.0,0.0,0.0,0.0,0.0,0.0,0.0,0.0,0.0,0.0,0.0,0.0,0.0,0.0,0.0,0.0,0.0,0.0,0.0,0.0,0.0,0.0,0.0,0.0,0.0,0.0,0.0,0.0,0.0,0.0,0.0,0.0,0.0,0.0,0.0,0.0,0.0,0.0,0.0,0.0,0.0,0.0,0.0,0.0,0.0,0.0,0.0,0.0,0.0,0.0,0.0,0.0,0.0,0.0,0.0,0.0,0.0,0.0
MIN,2015,1849,311,478,3392.0,14,9.0,48.0,339.0,5,2,3407.0,1895.0,159.0,-9.415879145332369,0,21.39764646351104,1.8522977365258357,503,2269.0,18,9.0,4.0,117.0,-5.387594269205692,1,311,467,3392.0,14,5.0,2.0,3314.0,1895.0,159.0,60.09788385238551,0,69.29068668559283,17.0,17.0,37.4,3.0,935.7800000000001,1246.78,0.0,0.0,0.0,0.0,0.0,0.0,0.0,0.0,0.0,0.0,0.0,0.0,0.0,0.0,0.0,0.0,0.0,0.0,0.0,0.0,0.0,0.0,0.0,0.0,0.0,0.0,0.0,0.0,0.0,0.0,0.0,0.0,0.0,0.0,0.0,0.0,0.0,0.0,0.0,0.0,0.0,0.0,0.0,0.0,0.0,0.0,0.0,0.0,0.0,0.0,0.0,0.0,0.0,0.0,0.0,0.0,0.0,0.0,0.0,0.0,0.0,0.0,0.0,0.0,0.0,0.0,0.0,0.0,0.0,0.0,0.0,0.0,0.0,0.0,0.0,0.0,0.0,0.0,0.0,0.0,0.0,0.0,0.0,0.0,0.0,0.0,0.0,0.0,0.0,0.0,0.0,0.0
MIN,2016,1456,414,588,4119.0,20,5.0,38.0,283.0,9,5,3874.0,2030.0,209.0,41.851959526662384,0,19.673011394288952,1.85725098547747,380,1205.0,9,3.0,2.0,66.0,-98.66656271510774,1,414,585,4119.0,20,1.0,0.0,3874.0,2030.0,209.0,124.42847873217767,0,223.72715896145775,16.0,16.0,35.199999999999996,3.0,947.1600000000001,1361.16,0.0,0.0,0.0,0.0,0.0,0.0,0.0,0.0,0.0,0.0,0.0,0.0,0.0,0.0,0.0,0.0,0.0,0.0,0.0,0.0,0.0,0.0,0.0,0.0,0.0,0.0,0.0,0.0,0.0,0.0,0.0,0.0,0.0,0.0,0.0,0.0,0.0,0.0,0.0,0.0,0.0,0.0,0.0,0.0,0.0,0.0,0.0,0.0,0.0,0.0,0.0,0.0,0.0,0.0,0.0,0.0,0.0,0.0,0.0,0.0,0.0,0.0,0.0,0.0,0.0,0.0,0.0,0.0,0.0,0.0,0.0,0.0,0.0,0.0,0.0,0.0,0.0,0.0,0.0,0.0,0.0,0.0,0.0,0.0,0.0,0.0,0.0,0.0,0.0,0.0,0.0,0.0
MIN,2017,1746,410,615,4518.0,27,11.0,30.0,194.0,2,2,4616.0,2261.0,225.0,53.76866619029201,1,20.211967060090274,2.6021884363481895,548,2122.0,17,4.0,3.0,111.0,-69.2127942657158,1,410,607,4518.0,27,4.0,2.0,4537.0,2261.0,225.0,110.8794789245399,1,33.91060067150906,18.0,18.0,39.6,0.0,1186.72,1596.72,0.0,0.0,0.0,0.0,0.0,0.0,0.0,0.0,0.0,0.0,0.0,0.0,0.0,0.0,0.0,0.0,0.0,0.0,0.0,0.0,0.0,0.0,0.0,0.0,0.0,0.0,0.0,0.0,0.0,0.0,0.0,0.0,0.0,0.0,0.0,0.0,0.0,0.0,0.0,0.0,0.0,0.0,0.0,0.0,0.0,0.0,0.0,0.0,0.0,0.0,0.0,0.0,0.0,0.0,0.0,0.0,0.0,0.0,0.0,0.0,0.0,0.0,0.0,0.0,0.0,0.0,0.0,0.0,0.0,0.0,0.0,0.0,0.0,0.0,0.0,0.0,0.0,0.0,0.0,0.0,0.0,0.0,0.0,0.0,0.0,0.0,0.0,0.0,0.0,0.0,0.0,0.0
MIN,2018,1342,425,606,4298.0,30,10.0,40.0,262.0,5,5,4396.0,1947.0,218.0,-12.061679241282334,3,16.573498786879597,1.5165524597091962,357,1493.0,9,7.0,4.0,66.0,-69.90428128130719,0,425,592,4298.0,30,1.0,1.0,4271.0,1947.0,218.0,83.51517138341134,3,128.5332219010733,16.0,16.0,35.2,0.0,1077.02,1502.02,0.0,0.0,0.0,0.0,0.0,0.0,0.0,0.0,0.0,0.0,0.0,0.0,0.0,0.0,0.0,0.0,0.0,0.0,0.0,0.0,0.0,0.0,0.0,0.0,0.0,0.0,0.0,0.0,0.0,0.0,0.0,0.0,0.0,0.0,0.0,0.0,0.0,0.0,0.0,0.0,0.0,0.0,0.0,0.0,0.0,0.0,0.0,0.0,0.0,0.0,0.0,0.0,0.0,0.0,0.0,0.0,0.0,0.0,0.0,0.0,0.0,0.0,0.0,0.0,0.0,0.0,0.0,0.0,0.0,0.0,0.0,0.0,0.0,0.0,0.0,0.0,0.0,0.0,0.0,0.0,0.0,0.0,0.0,0.0,0.0,0.0,0.0,0.0,0.0,0.0,0.0,0.0
MIN,2019,1839,359,526,4143.0,28,9.0,37.0,268.0,6,3,3973.0,2031.0,188.0,76.86249446798442,1,21.459989934787263,2.9078186734786833,526,2290.0,21,10.0,4.0,115.0,-32.69165977503078,0,359,502,4143.0,28,8.0,4.0,3743.0,2031.0,188.0,149.94224981739578,1,6.03424500351335,18.0,18.0,39.6,0.0,1179.02,1538.02,0.0,0.0,0.0,0.0,0.0,0.0,0.0,0.0,0.0,0.0,0.0,0.0,0.0,0.0,0.0,0.0,0.0,0.0,0.0,0.0,0.0,0.0,0.0,0.0,0.0,0.0,0.0,0.0,0.0,0.0,0.0,0.0,0.0,0.0,0.0,0.0,0.0,0.0,0.0,0.0,0.0,0.0,0.0,0.0,0.0,0.0,0.0,0.0,0.0,0.0,0.0,0.0,0.0,0.0,0.0,0.0,0.0,0.0,0.0,0.0,0.0,0.0,0.0,0.0,0.0,0.0,0.0,0.0,0.0,0.0,0.0,0.0,0.0,0.0,0.0,0.0,0.0,0.0,0.0,0.0,0.0,0.0,0.0,0.0,0.0,0.0,0.0,0.0,0.0,0.0,0.0,0.0
MIN,2020,1376,349,516,4265.0,35,13.0,39.0,256.0,8,4,4103.0,1936.0,212.0,91.6894228925342,5,21.899808499296064,2.557740877313698,468,2283.0,20,5.0,3.0,139.0,6.827150240107752,3,349,485,4265.0,35,4.0,2.0,3879.0,1936.0,212.0,175.15825040136997,5,58.57301163366379,16.0,16.0,35.2,0.0,1277.4,1626.4,0.0,0.0,0.0,0.0,0.0,0.0,0.0,0.0,0.0,0.0,0.0,0.0,0.0,0.0,0.0,0.0,0.0,0.0,0.0,0.0,0.0,0.0,0.0,0.0,0.0,0.0,0.0,0.0,0.0,0.0,0.0,0.0,0.0,0.0,0.0,0.0,0.0,0.0,0.0,0.0,0.0,0.0,0.0,0.0,0.0,0.0,0.0,0.0,0.0,0.0,0.0,0.0,0.0,0.0,0.0,0.0,0.0,0.0,0.0,0.0,0.0,0.0,0.0,0.0,0.0,0.0,0.0,0.0,0.0,0.0,0.0,0.0,0.0,0.0,0.0,0.0,0.0,0.0,0.0,0.0,0.0,0.0,0.0,0.0,0.0,0.0,0.0,0.0,0.0,0.0,0.0,0.0
MIN,2021,1480,398,604,4450.0,34,7.0,30.0,212.0,10,2,4842.0,1944.0,202.0,60.21775565399799,0,17.06020911033899,1.7963378329324926,449,1930.0,10,6.0,3.0,103.0,-39.527566743166176,1,398,578,4450.0,34,3.0,1.0,4555.0,1944.0,202.0,133.00899782018598,0,103.47164637403574,17.0,17.0,37.4,2.0,1204.0,1602.0,0.0,0.0,0.0,0.0,0.0,0.0,0.0,0.0,0.0,0.0,0.0,0.0,0.0,0.0,0.0,0.0,0.0,0.0,0.0,0.0,0.0,0.0,0.0,0.0,0.0,0.0,0.0,0.0,0.0,0.0,0.0,0.0,0.0,0.0,0.0,0.0,0.0,0.0,0.0,0.0,0.0,0.0,0.0,0.0,0.0,0.0,0.0,0.0,0.0,0.0,0.0,0.0,0.0,0.0,0.0,0.0,0.0,0.0,0.0,0.0,0.0,0.0,0.0,0.0,0.0,0.0,0.0,0.0,0.0,0.0,0.0,0.0,0.0,0.0,0.0,0.0,0.0,0.0,0.0,0.0,0.0,0.0,0.0,0.0,0.0,0.0,0.0,0.0,0.0,0.0,0.0,0.0
MIN,2022,1828,480,712,5089.0,32,15.0,47.0,334.0,6,4,5277.0,2246.0,260.0,36.525747213656054,3,24.957817402432728,2.4335903157753216,420,1722.0,19,5.0,3.0,96.0,-44.36051481923456,0,480,680,5089.0,32,3.0,1.0,5076.0,2243.0,260.0,151.03244635502475,3,58.91101053101779,18.0,18.0,39.6,1.0,1290.66,1770.66,0.0,0.0,0.0,0.0,0.0,0.0,0.0,0.0,0.0,0.0,0.0,0.0,0.0,0.0,0.0,0.0,0.0,0.0,0.0,0.0,0.0,0.0,0.0,0.0,0.0,0.0,0.0,0.0,0.0,0.0,0.0,0.0,0.0,0.0,0.0,0.0,0.0,0.0,0.0,0.0,0.0,0.0,0.0,0.0,0.0,0.0,0.0,0.0,0.0,0.0,0.0,0.0,0.0,0.0,0.0,0.0,0.0,0.0,0.0,0.0,0.0,0.0,0.0,0.0,0.0,0.0,0.0,0.0,0.0,0.0,0.0,0.0,0.0,0.0,0.0,0.0,0.0,0.0,0.0,0.0,0.0,0.0,0.0,0.0,0.0,0.0,0.0,0.0,0.0,0.0,0.0,0.0
MIN,2023,1543,424,631,4700.0,30,19.0,47.0,341.0,10,7,4930.0,1926.0,220.0,1.628503280533927,1,22.088574723093238,2.191708264081753,393,1553.0,7,7.0,4.0,79.0,-28.493426313111108,0,424,606,4700.0,30,4.0,2.0,4814.0,1926.0,220.0,103.96479918769872,1,114.02878168454824,17.0,17.0,37.4,0.0,1095.3,1519.3,0.0,0.0,0.0,0.0,0.0,0.0,0.0,0.0,0.0,0.0,0.0,0.0,0.0,0.0,0.0,0.0,0.0,0.0,0.0,0.0,0.0,0.0,0.0,0.0,0.0,0.0,0.0,0.0,0.0,0.0,0.0,0.0,0.0,0.0,0.0,0.0,0.0,0.0,0.0,0.0,0.0,0.0,0.0,0.0,0.0,0.0,0.0,0.0,0.0,0.0,0.0,0.0,0.0,0.0,0.0,0.0,0.0,0.0,0.0,0.0,0.0,0.0,0.0,0.0,0.0,0.0,0.0,0.0,0.0,0.0,0.0,0.0,0.0,0.0,0.0,0.0,0.0,0.0,0.0,0.0,0.0,0.0,0.0,0.0,0.0,0.0,0.0,0.0,0.0,0.0,0.0,0.0
MIN,2024,1775,389,588,4624.0,36,13.0,58.0,418.0,6,3,5045.0,1893.0,221.0,28.94415428717591,0,23.05725618536693,2.3822982445225342,479,1961.0,9,6.0,3.0,105.0,-32.56810858551716,0,389,557,4624.0,36,4.0,3.0,4901.0,1892.0,221.0,162.35332649472352,0,91.61373594690266,18.0,18.0,39.6,0.0,1213.46,1602.46,0.0,0.0,0.0,0.0,0.0,0.0,0.0,0.0,0.0,0.0,0.0,0.0,0.0,0.0,0.0,0.0,0.0,0.0,0.0,0.0,0.0,0.0,0.0,0.0,0.0,0.0,0.0,0.0,0.0,0.0,0.0,0.0,0.0,0.0,0.0,0.0,0.0,0.0,0.0,0.0,0.0,0.0,0.0,0.0,0.0,0.0,0.0,0.0,0.0,0.0,0.0,0.0,0.0,0.0,0.0,0.0,0.0,0.0,0.0,0.0,0.0,0.0,0.0,0.0,0.0,0.0,0.0,0.0,0.0,0.0,0.0,0.0,0.0,0.0,0.0,0.0,0.0,0.0,0.0,0.0,0.0,0.0,0.0,0.0,0.0,0.0,0.0,0.0,0.0,0.0,0.0,0.0
MIN,2025,5571,298,484,3208.0,18,0.0,0.0,0.0,6,3,3757.0,1531.0,157.0,-101.06956126373714,2,25.166976826258164,0.0,410,1841.0,15,8.0,2.0,102.0,-12.985479250163696,0,298,468,3208.0,18,2.0,1.0,3726.0,1531.0,157.0,26.331830222460393,2,83.87311084397697,17.0,16.868020536542634,37.30761437557984,0.0,857.22,1155.22,21.0,60.0,-374.0,-32.57525064723086,131.0,65.0,39.0,5.0,53.0,38.0,7.0,1.0,131.0,65.0,39.0,5.0,619.0,23.0,583.0,107.0,463.0,18.0,49.0,327.0,98.0,8.0,154.0,55.0,1.0,2.0,1.0,41.0,12.0,-35.0,13.0,74.0,1.0,114.0,898.0,14.0,9.0,2.0,23.0,9.0,32.0,303.0,67.0,1741.0,33.0,35.0,2.0,0.0,755.0,14.5,0.0,6.0,9.0,7.0,10.0,1.0,0.0,0.0,0.0,0.0,2.0,0.0,1369.0,104.0,0.0,31.0,31.0,0.0,0.0,14.0,0.0,0.0,0.0,0.0,0.0,65.0,0.0,910.0,3184.0,25.0,7.0,6.0,3.0,22.0,27.0,231.0,0.0,2893.0
NE,2006,2223,397,647,4318.0,30,16.0,33.0,212.0,13,4,5338.0,1943.0,216.0,84.74662312603712,2,19.727406494131838,2.1650904364458046,581,2269.0,22,9.0,6.0,143.0,-23.117198037408187,1,397,397,4318.0,30,6.0,4.0,2375.0,1934.0,216.0,337.8820939070362,2,148.03979333431107,19.0,19.0,41.8,1.0,1219.42,1616.42,0.0,0.0,0.0,0.0,0.0,0.0,0.0,0.0,0.0,0.0,0.0,0.0,0.0,0.0,0.0,0.0,0.0,0.0,0.0,0.0,0.0,0.0,0.0,0.0,0.0,0.0,0.0,0.0,0.0,0.0,0.0,0.0,0.0,0.0,0.0,0.0,0.0,0.0,0.0,0.0,0.0,0.0,0.0,0.0,0.0,0.0,0.0,0.0,0.0,0.0,0.0,0.0,0.0,0.0,0.0,0.0,0.0,0.0,0.0,0.0,0.0,0.0,0.0,0.0,0.0,0.0,0.0,0.0,0.0,0.0,0.0,0.0,0.0,0.0,0.0,0.0,0.0,0.0,0.0,0.0,0.0,0.0,0.0,0.0,0.0,0.0,0.0,0.0,0.0,0.0,0.0,0.0
NE,2007,1853,480,695,5596.0,56,12.0,29.0,180.0,6,4,5538.0,2588.0,283.0,264.32904681047046,0,29.018659107554207,4.407117313701814,527,2188.0,20,2.0,1.0,151.0,11.685288311640988,1,480,480,5596.0,56,4.0,0.0,3008.0,2573.0,283.0,510.28186504375606,0,237.5270938381076,19.0,19.0,41.8,2.0,1662.24,2142.2400000000002,0.0,0.0,0.0,0.0,0.0,0.0,0.0,0.0,0.0,0.0,0.0,0.0,0.0,0.0,0.0,0.0,0.0,0.0,0.0,0.0,0.0,0.0,0.0,0.0,0.0,0.0,0.0,0.0,0.0,0.0,0.0,0.0,0.0,0.0,0.0,0.0,0.0,0.0,0.0,0.0,0.0,0.0,0.0,0.0,0.0,0.0,0.0,0.0,0.0,0.0,0.0,0.0,0.0,0.0,0.0,0.0,0.0,0.0,0.0,0.0,0.0,0.0,0.0,0.0,0.0,0.0,0.0,0.0,0.0,0.0,0.0,0.0,0.0,0.0,0.0,0.0,0.0,0.0,0.0,0.0,0.0,0.0,0.0,0.0,0.0,0.0,0.0,0.0,0.0,0.0,0.0,0.0
NE,2008,1293,340,536,3790.0,21,11.0,45.0,221.0,4,3,3983.0,2095.0,186.0,70.88168854799984,2,18.701991745068227,2.497757824185656,515,2279.0,21,4.0,2.0,145.0,33.78624541815384,0,340,342,3790.0,21,4.0,4.0,1710.0,2095.0,186.0,289.79022061273037,2,124.72962113075363,16.0,16.0,35.2,1.0,1068.5,1408.5,0.0,0.0,0.0,0.0,0.0,0.0,0.0,0.0,0.0,0.0,0.0,0.0,0.0,0.0,0.0,0.0,0.0,0.0,0.0,0.0,0.0,0.0,0.0,0.0,0.0,0.0,0.0,0.0,0.0,0.0,0.0,0.0,0.0,0.0,0.0,0.0,0.0,0.0,0.0,0.0,0.0,0.0,0.0,0.0,0.0,0.0,0.0,0.0,0.0,0.0,0.0,0.0,0.0,0.0,0.0,0.0,0.0,0.0,0.0,0.0,0.0,0.0,0.0,0.0,0.0,0.0,0.0,0.0,0.0,0.0,0.0,0.0,0.0,0.0,0.0,0.0,0.0,0.0,0.0,0.0,0.0,0.0,0.0,0.0,0.0,0.0,0.0,0.0,0.0,0.0,0.0,0.0
NE,2009,1598,413,634,4694.0,30,16.0,21.0,126.0,5,3,5079.0,2398.0,231.0,103.80158441105316,1,21.679403847628716,2.7136936798848286,484,1985.0,19,7.0,5.0,118.0,-20.598021537297008,0,413,631,4694.0,30,3.0,2.0,5036.0,2393.0,231.0,147.8956577506013,1,103.28850337860764,17.0,17.0,37.4,0.0,1221.66,1634.66,0.0,0.0,0.0,0.0,0.0,0.0,0.0,0.0,0.0,0.0,0.0,0.0,0.0,0.0,0.0,0.0,0.0,0.0,0.0,0.0,0.0,0.0,0.0,0.0,0.0,0.0,0.0,0.0,0.0,0.0,0.0,0.0,0.0,0.0,0.0,0.0,0.0,0.0,0.0,0.0,0.0,0.0,0.0,0.0,0.0,0.0,0.0,0.0,0.0,0.0,0.0,0.0,0.0,0.0,0.0,0.0,0.0,0.0,0.0,0.0,0.0,0.0,0.0,0.0,0.0,0.0,0.0,0.0,0.0,0.0,0.0,0.0,0.0,0.0,0.0,0.0,0.0,0.0,0.0,0.0,0.0,0.0,0.0,0.0,0.0,0.0,0.0,0.0,0.0,0.0,0.0,0.0
NE,2010,1775,360,552,4321.0,39,6.0,30.0,215.0,3,1,4330.0,2098.0,215.0,148.68656436779708,0,18.967371329156087,2.967219235656324,482,2086.0,19,4.0,1.0,125.0,37.59651455154261,1,360,547,4321.0,39,2.0,2.0,4293.0,2098.0,215.0,193.01943472276602,0,99.98348596384444,17.0,17.0,37.4,4.0,1323.54,1683.54,0.0,0.0,0.0,0.0,0.0,0.0,0.0,0.0,0.0,0.0,0.0,0.0,0.0,0.0,0.0,0.0,0.0,0.0,0.0,0.0,0.0,0.0,0.0,0.0,0.0,0.0,0.0,0.0,0.0,0.0,0.0,0.0,0.0,0.0,0.0,0.0,0.0,0.0,0.0,0.0,0.0,0.0,0.0,0.0,0.0,0.0,0.0,0.0,0.0,0.0,0.0,0.0,0.0,0.0,0.0,0.0,0.0,0.0,0.0,0.0,0.0,0.0,0.0,0.0,0.0,0.0,0.0,0.0,0.0,0.0,0.0,0.0,0.0,0.0,0.0,0.0,0.0,0.0,0.0,0.0,0.0,0.0,0.0,0.0,0.0,0.0,0.0,0.0,0.0,0.0,0.0,0.0
NE,2011,1983,477,723,6135.0,47,16.0,35.0,188.0,4,2,6061.0,2934.0,311.0,237.64082734638225,0,21.397288273144234,3.4839300124796924,518,2089.0,20,3.0,0.0,130.0,17.604381328109326,2,477,718,6133.0,47,2.0,2.0,6018.0,2934.0,311.0,284.4159818025568,0,117.51664241469243,19.0,19.0,41.8,1.0,1627.6000000000001,2104.6,0.0,0.0,0.0,0.0,0.0,0.0,0.0,0.0,0.0,0.0,0.0,0.0,0.0,0.0,0.0,0.0,0.0,0.0,0.0,0.0,0.0,0.0,0.0,0.0,0.0,0.0,0.0,0.0,0.0,0.0,0.0,0.0,0.0,0.0,0.0,0.0,0.0,0.0,0.0,0.0,0.0,0.0,0.0,0.0,0.0,0.0,0.0,0.0,0.0,0.0,0.0,0.0,0.0,0.0,0.0,0.0,0.0,0.0,0.0,0.0,0.0,0.0,0.0,0.0,0.0,0.0,0.0,0.0,0.0,0.0,0.0,0.0,0.0,0.0,0.0,0.0,0.0,0.0,0.0,0.0,0.0,0.0,0.0,0.0,0.0,0.0,0.0,0.0,0.0,0.0,0.0,0.0
NE,2012,1723,456,735,5508.0,39,11.0,28.0,191.0,1,0,6277.0,2570.0,290.0,204.4035097382865,0,18.141193861519177,2.993104353006565,575,2414.0,27,7.0,4.0,165.0,22.05865964085721,0,456,726,5508.0,38,5.0,3.0,6276.0,2570.0,290.0,242.6122987358747,0,135.88559767007155,18.0,18.0,39.6,3.0,1540.52,1996.52,0.0,0.0,0.0,0.0,0.0,0.0,0.0,0.0,0.0,0.0,0.0,0.0,0.0,0.0,0.0,0.0,0.0,0.0,0.0,0.0,0.0,0.0,0.0,0.0,0.0,0.0,0.0,0.0,0.0,0.0,0.0,0.0,0.0,0.0,0.0,0.0,0.0,0.0,0.0,0.0,0.0,0.0,0.0,0.0,0.0,0.0,0.0,0.0,0.0,0.0,0.0,0.0,0.0,0.0,0.0,0.0,0.0,0.0,0.0,0.0,0.0,0.0,0.0,0.0,0.0,0.0,0.0,0.0,0.0,0.0,0.0,0.0,0.0,0.0,0.0,0.0,0.0,0.0,0.0,0.0,0.0,0.0,0.0,0.0,0.0,0.0,0.0,0.0,0.0,0.0,0.0,0.0
NE,2013,1825,417,691,4818.0,26,11.0,44.0,290.0,7,2,5910.0,2199.0,249.0,83.14888885548575,2,15.425576986932418,1.7900995321389188,532,2363.0,26,10.0,6.0,127.0,-17.027353932491817,1,417,681,4818.0,26,2.0,1.0,5809.0,2199.0,249.0,163.54042391434146,2,7.83726369111872,18.0,18.0,39.6,0.0,1296.82,1713.82,0.0,0.0,0.0,0.0,0.0,0.0,0.0,0.0,0.0,0.0,0.0,0.0,0.0,0.0,0.0,0.0,0.0,0.0,0.0,0.0,0.0,0.0,0.0,0.0,0.0,0.0,0.0,0.0,0.0,0.0,0.0,0.0,0.0,0.0,0.0,0.0,0.0,0.0,0.0,0.0,0.0,0.0,0.0,0.0,0.0,0.0,0.0,0.0,0.0,0.0,0.0,0.0,0.0,0.0,0.0,0.0,0.0,0.0,0.0,0.0,0.0,0.0,0.0,0.0,0.0,0.0,0.0,0.0,0.0,0.0,0.0,0.0,0.0,0.0,0.0,0.0,0.0,0.0,0.0,0.0,0.0,0.0,0.0,0.0,0.0,0.0,0.0,0.0,0.0,0.0,0.0,0.0
NE,2014,2042,486,745,5263.0,45,13.0,30.0,194.0,5,3,5870.0,2428.0,284.0,149.15093698719642,0,45.275220458157015,2.9119487845545162,512,1975.0,17,2.0,0.0,115.0,-14.915760853053571,0,486,736,5263.0,45,5.0,1.0,5847.0,2428.0,284.0,202.9080236296704,0,103.44720966884302,19.0,19.0,41.8,4.0,1476.32,1962.32,0.0,0.0,0.0,0.0,0.0,0.0,0.0,0.0,0.0,0.0,0.0,0.0,0.0,0.0,0.0,0.0,0.0,0.0,0.0,0.0,0.0,0.0,0.0,0.0,0.0,0.0,0.0,0.0,0.0,0.0,0.0,0.0,0.0,0.0,0.0,0.0,0.0,0.0,0.0,0.0,0.0,0.0,0.0,0.0,0.0,0.0,0.0,0.0,0.0,0.0,0.0,0.0,0.0,0.0,0.0,0.0,0.0,0.0,0.0,0.0,0.0,0.0,0.0,0.0,0.0,0.0,0.0,0.0,0.0,0.0,0.0,0.0,0.0,0.0,0.0,0.0,0.0,0.0,0.0,0.0,0.0,0.0,0.0,0.0,0.0,0.0,0.0,0.0,0.0,0.0,0.0,0.0
NE,2015,1760,459,727,5424.0,39,9.0,42.0,243.0,5,2,5671.0,2697.0,259.0,126.20891654542113,0,24.562143357867402,2.1050440835349935,414,1486.0,16,2.0,0.0,93.0,-16.246810524770975,0,459,721,5424.0,39,4.0,2.0,5656.0,2697.0,259.0,185.9526099220751,0,56.68093703023474,18.0,18.0,39.6,0.0,1367.96,1826.96,0.0,0.0,0.0,0.0,0.0,0.0,0.0,0.0,0.0,0.0,0.0,0.0,0.0,0.0,0.0,0.0,0.0,0.0,0.0,0.0,0.0,0.0,0.0,0.0,0.0,0.0,0.0,0.0,0.0,0.0,0.0,0.0,0.0,0.0,0.0,0.0,0.0,0.0,0.0,0.0,0.0,0.0,0.0,0.0,0.0,0.0,0.0,0.0,0.0,0.0,0.0,0.0,0.0,0.0,0.0,0.0,0.0,0.0,0.0,0.0,0.0,0.0,0.0,0.0,0.0,0.0,0.0,0.0,0.0,0.0,0.0,0.0,0.0,0.0,0.0,0.0,0.0,0.0,0.0,0.0,0.0,0.0,0.0,0.0,0.0,0.0,0.0,0.0,0.0,0.0,0.0,0.0
NE,2016,1979,461,693,5593.0,39,5.0,33.0,190.0,6,1,5569.0,2734.0,258.0,190.5798740674599,2,26.766789642661674,3.2170788434481548,561,2131.0,23,10.0,3.0,130.0,-41.933485209029314,1,461,686,5593.0,39,3.0,3.0,5562.0,2734.0,258.0,228.48195155873498,2,137.7313364008286,19.0,19.0,41.8,1.0,1516.1200000000001,1977.1200000000001,0.0,0.0,0.0,0.0,0.0,0.0,0.0,0.0,0.0,0.0,0.0,0.0,0.0,0.0,0.0,0.0,0.0,0.0,0.0,0.0,0.0,0.0,0.0,0.0,0.0,0.0,0.0,0.0,0.0,0.0,0.0,0.0,0.0,0.0,0.0,0.0,0.0,0.0,0.0,0.0,0.0,0.0,0.0,0.0,0.0,0.0,0.0,0.0,0.0,0.0,0.0,0.0,0.0,0.0,0.0,0.0,0.0,0.0,0.0,0.0,0.0,0.0,0.0,0.0,0.0,0.0,0.0,0.0,0.0,0.0,0.0,0.0,0.0,0.0,0.0,0.0,0.0,0.0,0.0,0.0,0.0,0.0,0.0,0.0,0.0,0.0,0.0,0.0,0.0,0.0,0.0,0.0
NE,2017,2107,479,728,5771.0,40,8.0,39.0,218.0,7,3,6700.0,2462.0,291.0,181.26213280077263,2,17.39699673235697,3.1860095670330804,516,2149.0,20,4.0,2.0,122.0,-22.776865154969652,0,479,723,5771.0,40,3.0,1.0,6679.0,2462.0,291.0,250.8479509639047,2,140.19925204909896,19.0,19.0,41.8,1.0,1528.8400000000001,2007.8400000000001,0.0,0.0,0.0,0.0,0.0,0.0,0.0,0.0,0.0,0.0,0.0,0.0,0.0,0.0,0.0,0.0,0.0,0.0,0.0,0.0,0.0,0.0,0.0,0.0,0.0,0.0,0.0,0.0,0.0,0.0,0.0,0.0,0.0,0.0,0.0,0.0,0.0,0.0,0.0,0.0,0.0,0.0,0.0,0.0,0.0,0.0,0.0,0.0,0.0,0.0,0.0,0.0,0.0,0.0,0.0,0.0,0.0,0.0,0.0,0.0,0.0,0.0,0.0,0.0,0.0,0.0,0.0,0.0,0.0,0.0,0.0,0.0,0.0,0.0,0.0,0.0,0.0,0.0,0.0,0.0,0.0,0.0,0.0,0.0,0.0,0.0,0.0,0.0,0.0,0.0,0.0,0.0
NE,2018,1974,463,699,5358.0,31,14.0,22.0,156.0,5,2,5326.0,2670.0,256.0,116.58319121952306,0,20.610206046599703,2.4111324563795193,592,2522.0,27,2.0,1.0,162.0,4.954754404895499,0,463,681,5358.0,31,2.0,2.0,5240.0,2670.0,256.0,162.55605569893515,0,146.37555315841234,19.0,19.0,41.8,2.0,1448.3200000000002,1911.32,0.0,0.0,0.0,0.0,0.0,0.0,0.0,0.0,0.0,0.0,0.0,0.0,0.0,0.0,0.0,0.0,0.0,0.0,0.0,0.0,0.0,0.0,0.0,0.0,0.0,0.0,0.0,0.0,0.0,0.0,0.0,0.0,0.0,0.0,0.0,0.0,0.0,0.0,0.0,0.0,0.0,0.0,0.0,0.0,0.0,0.0,0.0,0.0,0.0,0.0,0.0,0.0,0.0,0.0,0.0,0.0,0.0,0.0,0.0,0.0,0.0,0.0,0.0,0.0,0.0,0.0,0.0,0.0,0.0,0.0,0.0,0.0,0.0,0.0,0.0,0.0,0.0,0.0,0.0,0.0,0.0,0.0,0.0,0.0,0.0,0.0,0.0,0.0,0.0,0.0,0.0,0.0
NE,2019,1629,398,657,4362.0,25,10.0,28.0,192.0,3,1,4980.0,2067.0,208.0,25.76705376088556,1,21.527295843458838,1.3611535620126023,469,1801.0,18,2.0,1.0,116.0,-32.68991544576381,1,398,622,4362.0,25,4.0,2.0,4819.0,2067.0,208.0,93.60368309459605,1,208.57493357859525,17.0,17.0,37.4,2.0,1138.78,1536.78,0.0,0.0,0.0,0.0,0.0,0.0,0.0,0.0,0.0,0.0,0.0,0.0,0.0,0.0,0.0,0.0,0.0,0.0,0.0,0.0,0.0,0.0,0.0,0.0,0.0,0.0,0.0,0.0,0.0,0.0,0.0,0.0,0.0,0.0,0.0,0.0,0.0,0.0,0.0,0.0,0.0,0.0,0.0,0.0,0.0,0.0,0.0,0.0,0.0,0.0,0.0,0.0,0.0,0.0,0.0,0.0,0.0,0.0,0.0,0.0,0.0,0.0,0.0,0.0,0.0,0.0,0.0,0.0,0.0,0.0,0.0,0.0,0.0,0.0,0.0,0.0,0.0,0.0,0.0,0.0,0.0,0.0,0.0,0.0,0.0,0.0,0.0,0.0,0.0,0.0,0.0,0.0
NE,2020,1390,283,440,3124.0,12,14.0,37.0,234.0,2,1,2995.0,1534.0,157.0,-23.781566673060272,1,26.061731174273866,0.9625782604343275,502,2346.0,20,8.0,1.0,143.0,30.686814093263568,0,283,420,3124.0,12,6.0,2.0,2936.0,1534.0,157.0,36.891645937316994,1,143.5607819244197,16.0,16.0,35.199999999999996,2.0,891.96,1174.96,0.0,0.0,0.0,0.0,0.0,0.0,0.0,0.0,0.0,0.0,0.0,0.0,0.0,0.0,0.0,0.0,0.0,0.0,0.0,0.0,0.0,0.0,0.0,0.0,0.0,0.0,0.0,0.0,0.0,0.0,0.0,0.0,0.0,0.0,0.0,0.0,0.0,0.0,0.0,0.0,0.0,0.0,0.0,0.0,0.0,0.0,0.0,0.0,0.0,0.0,0.0,0.0,0.0,0.0,0.0,0.0,0.0,0.0,0.0,0.0,0.0,0.0,0.0,0.0,0.0,0.0,0.0,0.0,0.0,0.0,0.0,0.0,0.0,0.0,0.0,0.0,0.0,0.0,0.0,0.0,0.0,0.0,0.0,0.0,0.0,0.0,0.0,0.0,0.0,0.0,0.0,0.0
NE,2021,1715,388,573,4330.0,26,15.0,31.0,257.0,4,2,4531.0,2041.0,200.0,79.27007976234603,2,33.9527864163791,2.130476970724933,509,2240.0,24,7.0,3.0,144.0,7.689905201891456,1,388,559,4330.0,26,5.0,4.0,4490.0,2041.0,200.0,127.37530884069142,2,63.07649760003441,18.0,18.0,39.6,0.0,1196.2,1584.2,0.0,0.0,0.0,0.0,0.0,0.0,0.0,0.0,0.0,0.0,0.0,0.0,0.0,0.0,0.0,0.0,0.0,0.0,0.0,0.0,0.0,0.0,0.0,0.0,0.0,0.0,0.0,0.0,0.0,0.0,0.0,0.0,0.0,0.0,0.0,0.0,0.0,0.0,0.0,0.0,0.0,0.0,0.0,0.0,0.0,0.0,0.0,0.0,0.0,0.0,0.0,0.0,0.0,0.0,0.0,0.0,0.0,0.0,0.0,0.0,0.0,0.0,0.0,0.0,0.0,0.0,0.0,0.0,0.0,0.0,0.0,0.0,0.0,0.0,0.0,0.0,0.0,0.0,0.0,0.0,0.0,0.0,0.0,0.0,0.0,0.0,0.0,0.0,0.0,0.0,0.0,0.0
NE,2022,1521,358,540,3815.0,19,14.0,41.0,279.0,5,3,4111.0,1837.0,166.0,-22.84769617834063,1,18.961522277069964,1.1575783780615772,425,1832.0,12,7.0,2.0,98.0,-27.580703984924014,0,358,518,3815.0,19,7.0,3.0,4090.0,1837.0,166.0,59.23388060270761,1,106.28736559126699,17.0,17.0,37.4,1.0,945.3000000000001,1303.3,0.0,0.0,0.0,0.0,0.0,0.0,0.0,0.0,0.0,0.0,0.0,0.0,0.0,0.0,0.0,0.0,0.0,0.0,0.0,0.0,0.0,0.0,0.0,0.0,0.0,0.0,0.0,0.0,0.0,0.0,0.0,0.0,0.0,0.0,0.0,0.0,0.0,0.0,0.0,0.0,0.0,0.0,0.0,0.0,0.0,0.0,0.0,0.0,0.0,0.0,0.0,0.0,0.0,0.0,0.0,0.0,0.0,0.0,0.0,0.0,0.0,0.0,0.0,0.0,0.0,0.0,0.0,0.0,0.0,0.0,0.0,0.0,0.0,0.0,0.0,0.0,0.0,0.0,0.0,0.0,0.0,0.0,0.0,0.0,0.0,0.0,0.0,0.0,0.0,0.0,0.0,0.0
NE,2023,1525,351,557,3392.0,16,21.0,48.0,323.0,4,2,4096.0,1848.0,153.0,-136.83542627106158,0,21.775479410978825,0.38508637331531714,415,1627.0,9,3.0,2.0,93.0,-36.617252844170444,0,351,541,3389.0,16,5.0,4.0,3999.0,1845.0,153.0,-61.77649977762425,0,56.7207495625301,17.0,17.0,37.4,2.0,805.2800000000001,1156.28,0.0,0.0,0.0,0.0,0.0,0.0,0.0,0.0,0.0,0.0,0.0,0.0,0.0,0.0,0.0,0.0,0.0,0.0,0.0,0.0,0.0,0.0,0.0,0.0,0.0,0.0,0.0,0.0,0.0,0.0,0.0,0.0,0.0,0.0,0.0,0.0,0.0,0.0,0.0,0.0,0.0,0.0,0.0,0.0,0.0,0.0,0.0,0.0,0.0,0.0,0.0,0.0,0.0,0.0,0.0,0.0,0.0,0.0,0.0,0.0,0.0,0.0,0.0,0.0,0.0,0.0,0.0,0.0,0.0,0.0,0.0,0.0,0.0,0.0,0.0,0.0,0.0,0.0,0.0,0.0,0.0,0.0,0.0,0.0,0.0,0.0,0.0,0.0,0.0,0.0,0.0,0.0
NE,2024,1629,342,529,3343.0,18,11.0,52.0,348.0,8,5,3846.0,1701.0,167.0,-55.309237036389064,3,16.35736252369728,1.3626327967004932,446,1969.0,11,14.0,6.0,101.0,-31.5295208289553,0,342,500,3343.0,18,4.0,1.0,3700.0,1701.0,167.0,63.346435404488005,3,50.63396985689022,17.0,17.0,37.4,0.0,876.9200000000001,1218.92,0.0,0.0,0.0,0.0,0.0,0.0,0.0,0.0,0.0,0.0,0.0,0.0,0.0,0.0,0.0,0.0,0.0,0.0,0.0,0.0,0.0,0.0,0.0,0.0,0.0,0.0,0.0,0.0,0.0,0.0,0.0,0.0,0.0,0.0,0.0,0.0,0.0,0.0,0.0,0.0,0.0,0.0,0.0,0.0,0.0,0.0,0.0,0.0,0.0,0.0,0.0,0.0,0.0,0.0,0.0,0.0,0.0,0.0,0.0,0.0,0.0,0.0,0.0,0.0,0.0,0.0,0.0,0.0,0.0,0.0,0.0,0.0,0.0,0.0,0.0,0.0,0.0,0.0,0.0,0.0,0.0,0.0,0.0,0.0,0.0,0.0,0.0,0.0,0.0,0.0,0.0,0.0
NE,2025,8248,431,623,5287.0,37,0.0,0.0,0.0,13,6,5856.0,2202.0,241.0,120.43434864553198,1,22.936807211829592,0.0,611,2662.0,23,7.0,5.0,152.0,-23.961958192366374,2,431,596,5287.0,37,2.0,1.0,5588.0,2202.0,241.0,252.5632165512113,1,211.60161737327195,21.0,20.09173198911559,45.56421239238091,3.0,1492.38,1923.38,12.0,69.0,-334.0,138.82703380313376,209.0,121.0,83.0,8.0,65.0,50.0,19.0,5.0,209.0,121.0,83.0,8.0,734.0,29.0,591.0,110.0,449.0,14.0,47.0,300.0,121.0,15.0,182.0,96.0,2.0,2.0,0.0,0.0,14.0,-34.0,12.0,22.0,1.0,101.0,932.0,22.0,5.0,1.0,27.0,12.0,30.0,424.0,70.0,1788.0,31.0,38.0,6.0,1.0,611.0,12.966666666666667,2.0,8.0,10.0,7.0,4.0,0.0,0.0,0.0,0.0,5.0,0.0,1.0,1088.0,280.0,38.0,60.0,62.0,2.0,0.0,20.333333333333332,1.0,1.0,0.0,0.0,52.0,78.0,0.0,1185.0,3538.0,31.0,9.0,6.0,5.0,28.0,30.0,318.0,1.0,3120.0
NO,2006,1690,420,662,5229.0,30,14.0,29.0,174.0,10,4,4690.0,2488.0,231.0,108.98291727172371,2,22.860094542168135,2.372566695988292,520,2022.0,23,10.0,5.0,116.0,-31.49073632377614,0,420,420,5229.0,30,5.0,4.0,2741.0,2460.0,231.0,406.3598722402121,2,185.77474140169085,18.0,18.0,39.6,2.0,1338.26,1758.26,0.0,0.0,0.0,0.0,0.0,0.0,0.0,0.0,0.0,0.0,0.0,0.0,0.0,0.0,0.0,0.0,0.0,0.0,0.0,0.0,0.0,0.0,0.0,0.0,0.0,0.0,0.0,0.0,0.0,0.0,0.0,0.0,0.0,0.0,0.0,0.0,0.0,0.0,0.0,0.0,0.0,0.0,0.0,0.0,0.0,0.0,0.0,0.0,0.0,0.0,0.0,0.0,0.0,0.0,0.0,0.0,0.0,0.0,0.0,0.0,0.0,0.0,0.0,0.0,0.0,0.0,0.0,0.0,0.0,0.0,0.0,0.0,0.0,0.0,0.0,0.0,0.0,0.0,0.0,0.0,0.0,0.0,0.0,0.0,0.0,0.0,0.0,0.0,0.0,0.0,0.0,0.0
NO,2007,1509,443,655,4428.0,28,18.0,15.0,100.0,8,4,4459.0,2050.0,233.0,53.030763382990074,0,16.62933064257723,2.2165245824716333,390,1461.0,14,11.0,5.0,93.0,-39.05308436883289,4,443,445,4428.0,28,4.0,2.0,2400.0,2047.0,233.0,318.9181510097094,0,151.06260071589708,16.0,16.0,35.2,0.0,1080.02,1523.02,0.0,0.0,0.0,0.0,0.0,0.0,0.0,0.0,0.0,0.0,0.0,0.0,0.0,0.0,0.0,0.0,0.0,0.0,0.0,0.0,0.0,0.0,0.0,0.0,0.0,0.0,0.0,0.0,0.0,0.0,0.0,0.0,0.0,0.0,0.0,0.0,0.0,0.0,0.0,0.0,0.0,0.0,0.0,0.0,0.0,0.0,0.0,0.0,0.0,0.0,0.0,0.0,0.0,0.0,0.0,0.0,0.0,0.0,0.0,0.0,0.0,0.0,0.0,0.0,0.0,0.0,0.0,0.0,0.0,0.0,0.0,0.0,0.0,0.0,0.0,0.0,0.0,0.0,0.0,0.0,0.0,0.0,0.0,0.0,0.0,0.0,0.0,0.0,0.0,0.0,0.0,0.0
NO,2008,1416,413,636,5069.0,34,18.0,13.0,92.0,1,1,5023.0,2311.0,232.0,156.66589267160705,0,18.381395284409304,2.6003548499996434,398,1594.0,20,8.0,3.0,103.0,-24.624347150135982,0,413,413,5069.0,34,6.0,3.0,2758.0,2308.0,232.0,399.9229290493324,0,180.44873297970952,16.0,16.0,35.199999999999996,3.0,1297.06,1710.06,0.0,0.0,0.0,0.0,0.0,0.0,0.0,0.0,0.0,0.0,0.0,0.0,0.0,0.0,0.0,0.0,0.0,0.0,0.0,0.0,0.0,0.0,0.0,0.0,0.0,0.0,0.0,0.0,0.0,0.0,0.0,0.0,0.0,0.0,0.0,0.0,0.0,0.0,0.0,0.0,0.0,0.0,0.0,0.0,0.0,0.0,0.0,0.0,0.0,0.0,0.0,0.0,0.0,0.0,0.0,0.0,0.0,0.0,0.0,0.0,0.0,0.0,0.0,0.0,0.0,0.0,0.0,0.0,0.0,0.0,0.0,0.0,0.0,0.0,0.0,0.0,0.0,0.0,0.0,0.0,0.0,0.0,0.0,0.0,0.0,0.0,0.0,0.0,0.0,0.0,0.0,0.0
NO,2009,2094,450,646,5222.0,42,12.0,23.0,159.0,10,6,5020.0,2399.0,254.0,180.42264422455332,1,21.053227269736013,3.6762754104053856,542,2405.0,24,7.0,4.0,132.0,-5.5808601106177145,0,450,639,5222.0,42,5.0,2.0,5003.0,2399.0,254.0,218.23942244766985,1,125.1283971329799,19.0,19.0,41.8,2.0,1503.5800000000002,1953.58,0.0,0.0,0.0,0.0,0.0,0.0,0.0,0.0,0.0,0.0,0.0,0.0,0.0,0.0,0.0,0.0,0.0,0.0,0.0,0.0,0.0,0.0,0.0,0.0,0.0,0.0,0.0,0.0,0.0,0.0,0.0,0.0,0.0,0.0,0.0,0.0,0.0,0.0,0.0,0.0,0.0,0.0,0.0,0.0,0.0,0.0,0.0,0.0,0.0,0.0,0.0,0.0,0.0,0.0,0.0,0.0,0.0,0.0,0.0,0.0,0.0,0.0,0.0,0.0,0.0,0.0,0.0,0.0,0.0,0.0,0.0,0.0,0.0,0.0,0.0,0.0,0.0,0.0,0.0,0.0,0.0,0.0,0.0,0.0,0.0,0.0,0.0,0.0,0.0,0.0,0.0,0.0
NO,2010,1781,489,721,5040.0,35,22.0,27.0,202.0,9,2,5374.0,2252.0,258.0,98.61354487956791,0,19.32462309420128,2.465972621388805,402,1596.0,11,9.0,5.0,101.0,-43.31399780666235,0,489,706,5040.0,35,2.0,1.0,5337.0,2252.0,258.0,165.48684128523317,0,38.37031399817444,17.0,17.0,37.4,0.0,1221.2,1710.2,0.0,0.0,0.0,0.0,0.0,0.0,0.0,0.0,0.0,0.0,0.0,0.0,0.0,0.0,0.0,0.0,0.0,0.0,0.0,0.0,0.0,0.0,0.0,0.0,0.0,0.0,0.0,0.0,0.0,0.0,0.0,0.0,0.0,0.0,0.0,0.0,0.0,0.0,0.0,0.0,0.0,0.0,0.0,0.0,0.0,0.0,0.0,0.0,0.0,0.0,0.0,0.0,0.0,0.0,0.0,0.0,0.0,0.0,0.0,0.0,0.0,0.0,0.0,0.0,0.0,0.0,0.0,0.0,0.0,0.0,0.0,0.0,0.0,0.0,0.0,0.0,0.0,0.0,0.0,0.0,0.0,0.0,0.0,0.0,0.0,0.0,0.0,0.0,0.0,0.0,0.0,0.0
NO,2011,1868,548,771,6492.0,53,16.0,29.0,192.0,1,1,5940.0,2915.0,325.0,261.92473927115026,3,31.06336991816182,3.7743588445595133,484,2344.0,19,3.0,3.0,130.0,5.917992384063945,0,548,765,6492.0,53,5.0,4.0,5918.0,2915.0,325.0,289.1962169373967,3,48.468247523845335,18.0,18.0,39.6,2.0,1763.28,2311.28,0.0,0.0,0.0,0.0,0.0,0.0,0.0,0.0,0.0,0.0,0.0,0.0,0.0,0.0,0.0,0.0,0.0,0.0,0.0,0.0,0.0,0.0,0.0,0.0,0.0,0.0,0.0,0.0,0.0,0.0,0.0,0.0,0.0,0.0,0.0,0.0,0.0,0.0,0.0,0.0,0.0,0.0,0.0,0.0,0.0,0.0,0.0,0.0,0.0,0.0,0.0,0.0,0.0,0.0,0.0,0.0,0.0,0.0,0.0,0.0,0.0,0.0,0.0,0.0,0.0,0.0,0.0,0.0,0.0,0.0,0.0,0.0,0.0,0.0,0.0,0.0,0.0,0.0,0.0,0.0,0.0,0.0,0.0,0.0,0.0,0.0,0.0,0.0,0.0,0.0,0.0,0.0
NO,2012,1536,423,671,5187.0,43,19.0,26.0,190.0,5,1,5473.0,2163.0,267.0,116.15252937814172,0,17.9862020143211,2.299946046790267,370,1577.0,10,0.0,0.0,64.0,-11.827227067489133,1,423,655,5187.0,43,7.0,2.0,5420.0,2163.0,267.0,164.9578628522828,0,176.51766848522024,16.0,16.0,35.199999999999996,1.0,1337.88,1760.88,0.0,0.0,0.0,0.0,0.0,0.0,0.0,0.0,0.0,0.0,0.0,0.0,0.0,0.0,0.0,0.0,0.0,0.0,0.0,0.0,0.0,0.0,0.0,0.0,0.0,0.0,0.0,0.0,0.0,0.0,0.0,0.0,0.0,0.0,0.0,0.0,0.0,0.0,0.0,0.0,0.0,0.0,0.0,0.0,0.0,0.0,0.0,0.0,0.0,0.0,0.0,0.0,0.0,0.0,0.0,0.0,0.0,0.0,0.0,0.0,0.0,0.0,0.0,0.0,0.0,0.0,0.0,0.0,0.0,0.0,0.0,0.0,0.0,0.0,0.0,0.0,0.0,0.0,0.0,0.0,0.0,0.0,0.0,0.0,0.0,0.0,0.0,0.0,0.0,0.0,0.0,0.0
NO,2013,2225,490,724,5721.0,41,14.0,40.0,253.0,7,2,5856.0,2602.0,271.0,149.80785257929537,0,18.52866126879602,2.826096421600057,453,1766.0,12,2.0,2.0,107.0,-19.33789039817365,1,490,716,5721.0,41,1.0,0.0,5854.0,2602.0,271.0,216.13168559991078,0,34.13479654400851,18.0,18.0,39.6,0.0,1425.54,1915.54,0.0,0.0,0.0,0.0,0.0,0.0,0.0,0.0,0.0,0.0,0.0,0.0,0.0,0.0,0.0,0.0,0.0,0.0,0.0,0.0,0.0,0.0,0.0,0.0,0.0,0.0,0.0,0.0,0.0,0.0,0.0,0.0,0.0,0.0,0.0,0.0,0.0,0.0,0.0,0.0,0.0,0.0,0.0,0.0,0.0,0.0,0.0,0.0,0.0,0.0,0.0,0.0,0.0,0.0,0.0,0.0,0.0,0.0,0.0,0.0,0.0,0.0,0.0,0.0,0.0,0.0,0.0,0.0,0.0,0.0,0.0,0.0,0.0,0.0,0.0,0.0,0.0,0.0,0.0,0.0,0.0,0.0,0.0,0.0,0.0,0.0,0.0,0.0,0.0,0.0,0.0,0.0
NO,2014,1627,456,659,4952.0,33,17.0,30.0,188.0,5,3,5072.0,2173.0,258.0,100.03986441302229,0,16.102021349789666,2.474547353833903,406,1818.0,16,6.0,3.0,101.0,-14.285153567764663,0,456,649,4952.0,33,8.0,6.0,5036.0,2173.0,258.0,143.4245842278731,0,21.14288678000423,16.0,16.0,35.199999999999996,0.0,1243.08,1699.08,0.0,0.0,0.0,0.0,0.0,0.0,0.0,0.0,0.0,0.0,0.0,0.0,0.0,0.0,0.0,0.0,0.0,0.0,0.0,0.0,0.0,0.0,0.0,0.0,0.0,0.0,0.0,0.0,0.0,0.0,0.0,0.0,0.0,0.0,0.0,0.0,0.0,0.0,0.0,0.0,0.0,0.0,0.0,0.0,0.0,0.0,0.0,0.0,0.0,0.0,0.0,0.0,0.0,0.0,0.0,0.0,0.0,0.0,0.0,0.0,0.0,0.0,0.0,0.0,0.0,0.0,0.0,0.0,0.0,0.0,0.0,0.0,0.0,0.0,0.0,0.0,0.0,0.0,0.0,0.0,0.0,0.0,0.0,0.0,0.0,0.0,0.0,0.0,0.0,0.0,0.0,0.0
NO,2015,1499,460,667,5205.0,32,12.0,32.0,235.0,5,2,5208.0,2535.0,247.0,122.10325621110624,0,18.644418738325534,2.221812726467609,397,1491.0,16,3.0,1.0,98.0,-31.80380957820074,1,460,663,5205.0,32,6.0,4.0,5197.0,2538.0,247.0,161.2344771848973,0,96.75446886641178,16.0,16.0,35.199999999999996,2.0,1269.8,1729.8,0.0,0.0,0.0,0.0,0.0,0.0,0.0,0.0,0.0,0.0,0.0,0.0,0.0,0.0,0.0,0.0,0.0,0.0,0.0,0.0,0.0,0.0,0.0,0.0,0.0,0.0,0.0,0.0,0.0,0.0,0.0,0.0,0.0,0.0,0.0,0.0,0.0,0.0,0.0,0.0,0.0,0.0,0.0,0.0,0.0,0.0,0.0,0.0,0.0,0.0,0.0,0.0,0.0,0.0,0.0,0.0,0.0,0.0,0.0,0.0,0.0,0.0,0.0,0.0,0.0,0.0,0.0,0.0,0.0,0.0,0.0,0.0,0.0,0.0,0.0,0.0,0.0,0.0,0.0,0.0,0.0,0.0,0.0,0.0,0.0,0.0,0.0,0.0,0.0,0.0,0.0,0.0
NO,2016,1560,472,674,5258.0,38,15.0,27.0,184.0,5,4,4817.0,2438.0,265.0,118.16384587745262,0,20.409983247963613,2.386811593186469,404,1742.0,17,2.0,2.0,105.0,-10.621310887486604,2,472,664,5258.0,38,7.0,2.0,4824.0,2438.0,265.0,172.06942465148273,0,103.19601305764,16.0,16.0,35.199999999999996,0.0,1350.32,1822.3200000000002,0.0,0.0,0.0,0.0,0.0,0.0,0.0,0.0,0.0,0.0,0.0,0.0,0.0,0.0,0.0,0.0,0.0,0.0,0.0,0.0,0.0,0.0,0.0,0.0,0.0,0.0,0.0,0.0,0.0,0.0,0.0,0.0,0.0,0.0,0.0,0.0,0.0,0.0,0.0,0.0,0.0,0.0,0.0,0.0,0.0,0.0,0.0,0.0,0.0,0.0,0.0,0.0,0.0,0.0,0.0,0.0,0.0,0.0,0.0,0.0,0.0,0.0,0.0,0.0,0.0,0.0,0.0,0.0,0.0,0.0,0.0,0.0,0.0,0.0,0.0,0.0,0.0,0.0,0.0,0.0,0.0,0.0,0.0,0.0,0.0,0.0,0.0,0.0,0.0,0.0,0.0,0.0
NO,2017,1699,434,610,5004.0,28,11.0,23.0,168.0,4,0,4149.0,2638.0,236.0,128.2349076471267,0,23.52591011509773,2.7465135172558477,490,2191.0,25,5.0,3.0,119.0,-4.407028391922546,1,434,600,5004.0,28,6.0,5.0,4135.0,2638.0,236.0,158.40835222430917,0,111.44932052369104,18.0,18.0,39.6,2.0,1325.66,1759.66,0.0,0.0,0.0,0.0,0.0,0.0,0.0,0.0,0.0,0.0,0.0,0.0,0.0,0.0,0.0,0.0,0.0,0.0,0.0,0.0,0.0,0.0,0.0,0.0,0.0,0.0,0.0,0.0,0.0,0.0,0.0,0.0,0.0,0.0,0.0,0.0,0.0,0.0,0.0,0.0,0.0,0.0,0.0,0.0,0.0,0.0,0.0,0.0,0.0,0.0,0.0,0.0,0.0,0.0,0.0,0.0,0.0,0.0,0.0,0.0,0.0,0.0,0.0,0.0,0.0,0.0,0.0,0.0,0.0,0.0,0.0,0.0,0.0,0.0,0.0,0.0,0.0,0.0,0.0,0.0,0.0,0.0,0.0,0.0,0.0,0.0,0.0,0.0,0.0,0.0,0.0,0.0
NO,2018,1983,435,598,4724.0,37,9.0,24.0,157.0,4,1,4381.0,2167.0,236.0,161.21150081957524,1,23.652982546432774,3.382938945430137,523,2210.0,26,7.0,3.0,148.0,-16.927057545160228,3,435,587,4724.0,37,7.0,4.0,4338.0,2167.0,236.0,186.54658594447443,1,132.3919030286307,18.0,18.0,39.6,0.0,1384.3600000000001,1819.3600000000001,0.0,0.0,0.0,0.0,0.0,0.0,0.0,0.0,0.0,0.0,0.0,0.0,0.0,0.0,0.0,0.0,0.0,0.0,0.0,0.0,0.0,0.0,0.0,0.0,0.0,0.0,0.0,0.0,0.0,0.0,0.0,0.0,0.0,0.0,0.0,0.0,0.0,0.0,0.0,0.0,0.0,0.0,0.0,0.0,0.0,0.0,0.0,0.0,0.0,0.0,0.0,0.0,0.0,0.0,0.0,0.0,0.0,0.0,0.0,0.0,0.0,0.0,0.0,0.0,0.0,0.0,0.0,0.0,0.0,0.0,0.0,0.0,0.0,0.0,0.0,0.0,0.0,0.0,0.0,0.0,0.0,0.0,0.0,0.0,0.0,0.0,0.0,0.0,0.0,0.0,0.0,0.0
NO,2019,1701,445,615,4689.0,37,7.0,28.0,218.0,2,1,3992.0,2344.0,242.0,104.10950360455698,0,27.007853924642326,2.4922222402614143,422,1835.0,13,3.0,1.0,103.0,-25.6990569826753,0,445,592,4689.0,37,2.0,0.0,3927.0,2344.0,242.0,172.79256371230926,0,47.35394022852566,17.0,17.0,37.4,1.0,1275.96,1720.96,0.0,0.0,0.0,0.0,0.0,0.0,0.0,0.0,0.0,0.0,0.0,0.0,0.0,0.0,0.0,0.0,0.0,0.0,0.0,0.0,0.0,0.0,0.0,0.0,0.0,0.0,0.0,0.0,0.0,0.0,0.0,0.0,0.0,0.0,0.0,0.0,0.0,0.0,0.0,0.0,0.0,0.0,0.0,0.0,0.0,0.0,0.0,0.0,0.0,0.0,0.0,0.0,0.0,0.0,0.0,0.0,0.0,0.0,0.0,0.0,0.0,0.0,0.0,0.0,0.0,0.0,0.0,0.0,0.0,0.0,0.0,0.0,0.0,0.0,0.0,0.0,0.0,0.0,0.0,0.0,0.0,0.0,0.0,0.0,0.0,0.0,0.0,0.0,0.0,0.0,0.0,0.0
NO,2020,2039,418,596,4400.0,32,11.0,30.0,190.0,10,5,3645.0,2161.0,220.0,67.41089151677222,0,29.8453086044827,2.0012505785338046,554,2492.0,31,10.0,3.0,163.0,11.98514729307338,0,418,579,4400.0,32,5.0,2.0,3599.0,2161.0,220.0,138.71193958598403,0,239.50073445019692,18.0,18.0,39.6,0.0,1329.2,1747.2,0.0,0.0,0.0,0.0,0.0,0.0,0.0,0.0,0.0,0.0,0.0,0.0,0.0,0.0,0.0,0.0,0.0,0.0,0.0,0.0,0.0,0.0,0.0,0.0,0.0,0.0,0.0,0.0,0.0,0.0,0.0,0.0,0.0,0.0,0.0,0.0,0.0,0.0,0.0,0.0,0.0,0.0,0.0,0.0,0.0,0.0,0.0,0.0,0.0,0.0,0.0,0.0,0.0,0.0,0.0,0.0,0.0,0.0,0.0,0.0,0.0,0.0,0.0,0.0,0.0,0.0,0.0,0.0,0.0,0.0,0.0,0.0,0.0,0.0,0.0,0.0,0.0,0.0,0.0,0.0,0.0,0.0,0.0,0.0,0.0,0.0,0.0,0.0,0.0,0.0,0.0,0.0
NO,2021,1693,293,504,3437.0,29,13.0,37.0,251.0,6,2,3745.0,1687.0,165.0,-28.422659151199717,0,24.21873657029426,1.7428354243080195,510,1991.0,12,2.0,1.0,113.0,-50.95995940658594,0,293,474,3437.0,29,3.0,1.0,3662.0,1687.0,165.0,66.7362491509786,0,178.42612494466582,17.0,17.0,37.4,0.0,1008.2800000000001,1301.28,0.0,0.0,0.0,0.0,0.0,0.0,0.0,0.0,0.0,0.0,0.0,0.0,0.0,0.0,0.0,0.0,0.0,0.0,0.0,0.0,0.0,0.0,0.0,0.0,0.0,0.0,0.0,0.0,0.0,0.0,0.0,0.0,0.0,0.0,0.0,0.0,0.0,0.0,0.0,0.0,0.0,0.0,0.0,0.0,0.0,0.0,0.0,0.0,0.0,0.0,0.0,0.0,0.0,0.0,0.0,0.0,0.0,0.0,0.0,0.0,0.0,0.0,0.0,0.0,0.0,0.0,0.0,0.0,0.0,0.0,0.0,0.0,0.0,0.0,0.0,0.0,0.0,0.0,0.0,0.0,0.0,0.0,0.0,0.0,0.0,0.0,0.0,0.0,0.0,0.0,0.0,0.0
NO,2022,1557,338,512,3969.0,24,14.0,38.0,277.0,5,1,4550.0,1622.0,181.0,23.56385562727322,2,27.961070898293627,1.4103804934939639,465,1982.0,12,8.0,4.0,103.0,-52.04551779127007,1,338,493,3969.0,24,7.0,5.0,4410.0,1622.0,181.0,82.93170972812165,2,271.56153190848994,17.0,17.0,37.4,0.0,1027.8600000000001,1365.8600000000001,0.0,0.0,0.0,0.0,0.0,0.0,0.0,0.0,0.0,0.0,0.0,0.0,0.0,0.0,0.0,0.0,0.0,0.0,0.0,0.0,0.0,0.0,0.0,0.0,0.0,0.0,0.0,0.0,0.0,0.0,0.0,0.0,0.0,0.0,0.0,0.0,0.0,0.0,0.0,0.0,0.0,0.0,0.0,0.0,0.0,0.0,0.0,0.0,0.0,0.0,0.0,0.0,0.0,0.0,0.0,0.0,0.0,0.0,0.0,0.0,0.0,0.0,0.0,0.0,0.0,0.0,0.0,0.0,0.0,0.0,0.0,0.0,0.0,0.0,0.0,0.0,0.0,0.0,0.0,0.0,0.0,0.0,0.0,0.0,0.0,0.0,0.0,0.0,0.0,0.0,0.0,0.0
NO,2023,1646,406,606,4225.0,28,11.0,35.0,235.0,5,2,5016.0,1799.0,199.0,17.58844462342101,2,24.651106756496098,1.8932852363835875,480,1742.0,13,6.0,3.0,112.0,-54.31703623810511,2,406,579,4225.0,28,0.0,0.0,4845.0,1799.0,199.0,103.75490752326581,2,167.227617960259,17.0,17.0,37.4,1.0,1109.7,1515.7,0.0,0.0,0.0,0.0,0.0,0.0,0.0,0.0,0.0,0.0,0.0,0.0,0.0,0.0,0.0,0.0,0.0,0.0,0.0,0.0,0.0,0.0,0.0,0.0,0.0,0.0,0.0,0.0,0.0,0.0,0.0,0.0,0.0,0.0,0.0,0.0,0.0,0.0,0.0,0.0,0.0,0.0,0.0,0.0,0.0,0.0,0.0,0.0,0.0,0.0,0.0,0.0,0.0,0.0,0.0,0.0,0.0,0.0,0.0,0.0,0.0,0.0,0.0,0.0,0.0,0.0,0.0,0.0,0.0,0.0,0.0,0.0,0.0,0.0,0.0,0.0,0.0,0.0,0.0,0.0,0.0,0.0,0.0,0.0,0.0,0.0,0.0,0.0,0.0,0.0,0.0,0.0
NO,2024,1671,340,551,3730.0,21,12.0,37.0,242.0,6,3,4430.0,1836.0,167.0,-43.39690765938399,1,20.597409388876976,1.111946989586186,444,1954.0,15,2.0,0.0,111.0,1.1473400271549448,0,340,517,3730.0,21,6.0,2.0,4192.0,1836.0,167.0,30.616014238799043,1,98.93245022193237,17.0,17.0,37.4,1.0,993.6,1333.6000000000001,0.0,0.0,0.0,0.0,0.0,0.0,0.0,0.0,0.0,0.0,0.0,0.0,0.0,0.0,0.0,0.0,0.0,0.0,0.0,0.0,0.0,0.0,0.0,0.0,0.0,0.0,0.0,0.0,0.0,0.0,0.0,0.0,0.0,0.0,0.0,0.0,0.0,0.0,0.0,0.0,0.0,0.0,0.0,0.0,0.0,0.0,0.0,0.0,0.0,0.0,0.0,0.0,0.0,0.0,0.0,0.0,0.0,0.0,0.0,0.0,0.0,0.0,0.0,0.0,0.0,0.0,0.0,0.0,0.0,0.0,0.0,0.0,0.0,0.0,0.0,0.0,0.0,0.0,0.0,0.0,0.0,0.0,0.0,0.0,0.0,0.0,0.0,0.0,0.0,0.0,0.0,0.0
NO,2025,5622,397,591,4027.0,19,0.0,0.0,0.0,5,2,4787.0,1696.0,183.0,-24.032739877901985,0,17.62997727604684,0.0,435,1603.0,9,6.0,4.0,101.0,-50.20769786957997,1,397,565,4027.0,19,5.0,5.0,4678.0,1696.0,183.0,55.273109901337804,0,72.24153392598146,17.0,16.65925734354477,37.16148014048134,0.0,924.08,1321.08,12.0,49.0,-299.0,-117.36320067139606,164.0,65.0,33.0,6.0,34.0,23.0,5.0,0.0,164.0,65.0,33.0,6.0,624.0,22.0,502.0,90.0,363.0,11.0,44.0,287.0,84.0,10.0,99.0,79.0,1.0,1.0,0.0,0.0,6.0,-2.0,10.0,141.0,2.0,112.0,891.0,14.0,4.0,0.0,18.0,12.0,24.0,219.0,66.0,1665.0,30.0,42.0,12.0,0.0,633.0,11.833333333333334,0.0,8.0,10.0,5.0,7.0,0.0,0.0,0.0,2.0,5.0,4.0,1.0,1181.0,573.0,0.0,28.0,28.0,0.0,0.0,15.0,0.0,0.0,0.0,0.0,0.0,56.0,2.0,874.0,2511.0,18.0,6.0,10.0,4.0,11.0,25.0,268.0,1.0,2163.0
NYG,2006,1361,317,550,3405.0,27,19.0,26.0,193.0,7,1,4577.0,1363.0,170.0,-10.93543722938568,0,12.720446250384619,0.952255867552956,486,2307.0,14,7.0,3.0,128.0,-2.7484171577429457,0,317,325,3405.0,26,5.0,3.0,2060.0,1363.0,170.0,252.36212513800962,0,160.08784447403852,17.0,17.0,37.4,0.0,1003.4,1320.4,0.0,0.0,0.0,0.0,0.0,0.0,0.0,0.0,0.0,0.0,0.0,0.0,0.0,0.0,0.0,0.0,0.0,0.0,0.0,0.0,0.0,0.0,0.0,0.0,0.0,0.0,0.0,0.0,0.0,0.0,0.0,0.0,0.0,0.0,0.0,0.0,0.0,0.0,0.0,0.0,0.0,0.0,0.0,0.0,0.0,0.0,0.0,0.0,0.0,0.0,0.0,0.0,0.0,0.0,0.0,0.0,0.0,0.0,0.0,0.0,0.0,0.0,0.0,0.0,0.0,0.0,0.0,0.0,0.0,0.0,0.0,0.0,0.0,0.0,0.0,0.0,0.0,0.0,0.0,0.0,0.0,0.0,0.0,0.0,0.0,0.0,0.0,0.0,0.0,0.0,0.0,0.0
NYG,2007,1855,374,662,4233.0,29,21.0,37.0,269.0,10,6,5922.0,1600.0,213.0,-24.063870911587575,0,16.093754491085473,1.4911877102362112,586,2565.0,19,13.0,5.0,140.0,-5.68089894298747,0,374,375,4233.0,29,3.0,2.0,2631.0,1600.0,213.0,335.8035736370662,0,98.15674666328657,20.0,20.0,44.0,1.0,1191.1200000000001,1565.1200000000001,0.0,0.0,0.0,0.0,0.0,0.0,0.0,0.0,0.0,0.0,0.0,0.0,0.0,0.0,0.0,0.0,0.0,0.0,0.0,0.0,0.0,0.0,0.0,0.0,0.0,0.0,0.0,0.0,0.0,0.0,0.0,0.0,0.0,0.0,0.0,0.0,0.0,0.0,0.0,0.0,0.0,0.0,0.0,0.0,0.0,0.0,0.0,0.0,0.0,0.0,0.0,0.0,0.0,0.0,0.0,0.0,0.0,0.0,0.0,0.0,0.0,0.0,0.0,0.0,0.0,0.0,0.0,0.0,0.0,0.0,0.0,0.0,0.0,0.0,0.0,0.0,0.0,0.0,0.0,0.0,0.0,0.0,0.0,0.0,0.0,0.0,0.0,0.0,0.0,0.0,0.0,0.0
NYG,2008,1535,313,520,3522.0,23,12.0,28.0,176.0,5,2,4711.0,1298.0,184.0,43.250155509619944,1,14.959603574692483,1.9826315195348698,534,2656.0,19,7.0,1.0,137.0,14.987991223112596,0,313,313,3522.0,23,3.0,1.0,2224.0,1298.0,184.0,298.2719698624646,1,145.60027851759648,17.0,17.0,37.4,1.0,1080.68,1393.68,0.0,0.0,0.0,0.0,0.0,0.0,0.0,0.0,0.0,0.0,0.0,0.0,0.0,0.0,0.0,0.0,0.0,0.0,0.0,0.0,0.0,0.0,0.0,0.0,0.0,0.0,0.0,0.0,0.0,0.0,0.0,0.0,0.0,0.0,0.0,0.0,0.0,0.0,0.0,0.0,0.0,0.0,0.0,0.0,0.0,0.0,0.0,0.0,0.0,0.0,0.0,0.0,0.0,0.0,0.0,0.0,0.0,0.0,0.0,0.0,0.0,0.0,0.0,0.0,0.0,0.0,0.0,0.0,0.0,0.0,0.0,0.0,0.0,0.0,0.0,0.0,0.0,0.0,0.0,0.0,0.0,0.0,0.0,0.0,0.0,0.0,0.0,0.0,0.0,0.0,0.0,0.0
NYG,2009,1446,338,542,4246.0,28,14.0,32.0,227.0,9,6,4781.0,1875.0,194.0,89.9610445161667,0,20.075838562375306,3.2489535908954106,443,1837.0,14,12.0,7.0,103.0,-36.907260292393815,0,338,534,4246.0,28,4.0,1.0,4757.0,1866.0,194.0,151.45841157132855,0,73.19741803198247,16.0,16.0,35.2,1.0,1092.14,1430.14,0.0,0.0,0.0,0.0,0.0,0.0,0.0,0.0,0.0,0.0,0.0,0.0,0.0,0.0,0.0,0.0,0.0,0.0,0.0,0.0,0.0,0.0,0.0,0.0,0.0,0.0,0.0,0.0,0.0,0.0,0.0,0.0,0.0,0.0,0.0,0.0,0.0,0.0,0.0,0.0,0.0,0.0,0.0,0.0,0.0,0.0,0.0,0.0,0.0,0.0,0.0,0.0,0.0,0.0,0.0,0.0,0.0,0.0,0.0,0.0,0.0,0.0,0.0,0.0,0.0,0.0,0.0,0.0,0.0,0.0,0.0,0.0,0.0,0.0,0.0,0.0,0.0,0.0,0.0,0.0,0.0,0.0,0.0,0.0,0.0,0.0,0.0,0.0,0.0,0.0,0.0,0.0
NYG,2010,1312,339,539,4002.0,31,25.0,16.0,117.0,5,3,4991.0,1611.0,192.0,43.21750294362546,0,12.875841339120035,1.7519749687767159,480,2200.0,17,12.0,11.0,112.0,-63.76106250517033,1,339,534,4002.0,31,3.0,2.0,4946.0,1611.0,192.0,73.62218757029741,0,57.30859191136072,16.0,16.0,35.2,0.0,1112.28,1451.28,0.0,0.0,0.0,0.0,0.0,0.0,0.0,0.0,0.0,0.0,0.0,0.0,0.0,0.0,0.0,0.0,0.0,0.0,0.0,0.0,0.0,0.0,0.0,0.0,0.0,0.0,0.0,0.0,0.0,0.0,0.0,0.0,0.0,0.0,0.0,0.0,0.0,0.0,0.0,0.0,0.0,0.0,0.0,0.0,0.0,0.0,0.0,0.0,0.0,0.0,0.0,0.0,0.0,0.0,0.0,0.0,0.0,0.0,0.0,0.0,0.0,0.0,0.0,0.0,0.0,0.0,0.0,0.0,0.0,0.0,0.0,0.0,0.0,0.0,0.0,0.0,0.0,0.0,0.0,0.0,0.0,0.0,0.0,0.0,0.0,0.0,0.0,0.0,0.0,0.0,0.0,0.0
NYG,2011,2261,465,752,6152.0,38,17.0,39.0,274.0,7,4,7127.0,2582.0,277.0,135.87031258448928,0,18.05547629956377,2.8093432002680605,523,1893.0,19,7.0,1.0,105.0,-64.41533319769147,4,465,744,6152.0,38,3.0,2.0,7049.0,2582.0,277.0,212.6361201584937,0,20.083700343948255,20.0,20.0,44.0,0.0,1504.58,1969.58,0.0,0.0,0.0,0.0,0.0,0.0,0.0,0.0,0.0,0.0,0.0,0.0,0.0,0.0,0.0,0.0,0.0,0.0,0.0,0.0,0.0,0.0,0.0,0.0,0.0,0.0,0.0,0.0,0.0,0.0,0.0,0.0,0.0,0.0,0.0,0.0,0.0,0.0,0.0,0.0,0.0,0.0,0.0,0.0,0.0,0.0,0.0,0.0,0.0,0.0,0.0,0.0,0.0,0.0,0.0,0.0,0.0,0.0,0.0,0.0,0.0,0.0,0.0,0.0,0.0,0.0,0.0,0.0,0.0,0.0,0.0,0.0,0.0,0.0,0.0,0.0,0.0,0.0,0.0,0.0,0.0,0.0,0.0,0.0,0.0,0.0,0.0,0.0,0.0,0.0,0.0,0.0
NYG,2012,1399,323,539,3967.0,26,15.0,20.0,142.0,5,1,5132.0,1406.0,187.0,56.602434252741816,0,27.743245208999603,1.922212559086701,409,1862.0,18,6.0,5.0,103.0,-2.2643789231650366,1,323,535,3967.0,26,0.0,0.0,5083.0,1406.0,187.0,94.24965838861333,0,116.00513952140548,16.0,16.0,35.2,1.0,1075.58,1398.58,0.0,0.0,0.0,0.0,0.0,0.0,0.0,0.0,0.0,0.0,0.0,0.0,0.0,0.0,0.0,0.0,0.0,0.0,0.0,0.0,0.0,0.0,0.0,0.0,0.0,0.0,0.0,0.0,0.0,0.0,0.0,0.0,0.0,0.0,0.0,0.0,0.0,0.0,0.0,0.0,0.0,0.0,0.0,0.0,0.0,0.0,0.0,0.0,0.0,0.0,0.0,0.0,0.0,0.0,0.0,0.0,0.0,0.0,0.0,0.0,0.0,0.0,0.0,0.0,0.0,0.0,0.0,0.0,0.0,0.0,0.0,0.0,0.0,0.0,0.0,0.0,0.0,0.0,0.0,0.0,0.0,0.0,0.0,0.0,0.0,0.0,0.0,0.0,0.0,0.0,0.0,0.0
NYG,2013,1382,325,567,3875.0,18,29.0,40.0,287.0,4,1,5372.0,1490.0,176.0,-59.53432665751099,0,16.448683066718853,0.5576060665050694,381,1332.0,11,12.0,7.0,77.0,-80.62633375056254,1,325,560,3875.0,18,4.0,3.0,5364.0,1490.0,176.0,-6.464797375872893,0,86.2519115953928,16.0,16.0,35.199999999999996,1.0,849.7,1174.7,0.0,0.0,0.0,0.0,0.0,0.0,0.0,0.0,0.0,0.0,0.0,0.0,0.0,0.0,0.0,0.0,0.0,0.0,0.0,0.0,0.0,0.0,0.0,0.0,0.0,0.0,0.0,0.0,0.0,0.0,0.0,0.0,0.0,0.0,0.0,0.0,0.0,0.0,0.0,0.0,0.0,0.0,0.0,0.0,0.0,0.0,0.0,0.0,0.0,0.0,0.0,0.0,0.0,0.0,0.0,0.0,0.0,0.0,0.0,0.0,0.0,0.0,0.0,0.0,0.0,0.0,0.0,0.0,0.0,0.0,0.0,0.0,0.0,0.0,0.0,0.0,0.0,0.0,0.0,0.0,0.0,0.0,0.0,0.0,0.0,0.0,0.0,0.0,0.0,0.0,0.0,0.0
NYG,2014,1381,383,607,4470.0,30,14.0,30.0,198.0,8,4,5023.0,1981.0,218.0,64.64183932520103,0,18.704717076192974,2.0132278597107343,449,1603.0,13,1.0,0.0,83.0,-57.08259835200134,0,383,599,4470.0,30,6.0,6.0,4988.0,1981.0,218.0,99.97041625757123,0,45.8175245754696,16.0,16.0,35.199999999999996,0.0,1116.1,1499.1,0.0,0.0,0.0,0.0,0.0,0.0,0.0,0.0,0.0,0.0,0.0,0.0,0.0,0.0,0.0,0.0,0.0,0.0,0.0,0.0,0.0,0.0,0.0,0.0,0.0,0.0,0.0,0.0,0.0,0.0,0.0,0.0,0.0,0.0,0.0,0.0,0.0,0.0,0.0,0.0,0.0,0.0,0.0,0.0,0.0,0.0,0.0,0.0,0.0,0.0,0.0,0.0,0.0,0.0,0.0,0.0,0.0,0.0,0.0,0.0,0.0,0.0,0.0,0.0,0.0,0.0,0.0,0.0,0.0,0.0,0.0,0.0,0.0,0.0,0.0,0.0,0.0,0.0,0.0,0.0,0.0,0.0,0.0,0.0,0.0,0.0,0.0,0.0,0.0,0.0,0.0,0.0
NYG,2015,1544,392,623,4500.0,36,14.0,27.0,157.0,8,3,4709.0,2113.0,208.0,62.41986116923445,0,17.405225098424715,2.089832686258728,403,1609.0,5,4.0,2.0,76.0,-46.541900584601784,1,392,615,4504.0,36,5.0,2.0,4717.0,2117.0,208.0,118.07843664806602,0,112.02575768531602,16.0,16.0,35.199999999999996,2.0,1153.3,1545.3,0.0,0.0,0.0,0.0,0.0,0.0,0.0,0.0,0.0,0.0,0.0,0.0,0.0,0.0,0.0,0.0,0.0,0.0,0.0,0.0,0.0,0.0,0.0,0.0,0.0,0.0,0.0,0.0,0.0,0.0,0.0,0.0,0.0,0.0,0.0,0.0,0.0,0.0,0.0,0.0,0.0,0.0,0.0,0.0,0.0,0.0,0.0,0.0,0.0,0.0,0.0,0.0,0.0,0.0,0.0,0.0,0.0,0.0,0.0,0.0,0.0,0.0,0.0,0.0,0.0,0.0,0.0,0.0,0.0,0.0,0.0,0.0,0.0,0.0,0.0,0.0,0.0,0.0,0.0,0.0,0.0,0.0,0.0,0.0,0.0,0.0,0.0,0.0,0.0,0.0,0.0,0.0
NYG,2016,1533,400,642,4326.0,27,17.0,24.0,152.0,8,5,5163.0,2140.0,202.0,-12.817264302436177,0,14.882911671662306,0.9720851799424779,415,1482.0,6,2.0,1.0,76.0,-62.005032179665626,0,400,641,4326.0,27,7.0,4.0,5167.0,2140.0,202.0,31.109526684181382,0,60.507587040798654,17.0,17.0,37.4,1.0,1011.84,1411.8400000000001,0.0,0.0,0.0,0.0,0.0,0.0,0.0,0.0,0.0,0.0,0.0,0.0,0.0,0.0,0.0,0.0,0.0,0.0,0.0,0.0,0.0,0.0,0.0,0.0,0.0,0.0,0.0,0.0,0.0,0.0,0.0,0.0,0.0,0.0,0.0,0.0,0.0,0.0,0.0,0.0,0.0,0.0,0.0,0.0,0.0,0.0,0.0,0.0,0.0,0.0,0.0,0.0,0.0,0.0,0.0,0.0,0.0,0.0,0.0,0.0,0.0,0.0,0.0,0.0,0.0,0.0,0.0,0.0,0.0,0.0,0.0,0.0,0.0,0.0,0.0,0.0,0.0,0.0,0.0,0.0,0.0,0.0,0.0,0.0,0.0,0.0,0.0,0.0,0.0,0.0,0.0,0.0
NYG,2017,1413,373,608,3680.0,20,14.0,35.0,201.0,13,7,4391.0,1727.0,178.0,-73.66082943699615,0,14.521685737031113,0.5020978812202752,394,1549.0,6,5.0,1.0,66.0,-53.669813312381216,1,373,603,3680.0,20,1.0,0.0,4350.0,1727.0,178.0,11.763874416859082,0,113.00398413932902,16.0,16.0,35.199999999999996,0.0,864.1,1237.1,0.0,0.0,0.0,0.0,0.0,0.0,0.0,0.0,0.0,0.0,0.0,0.0,0.0,0.0,0.0,0.0,0.0,0.0,0.0,0.0,0.0,0.0,0.0,0.0,0.0,0.0,0.0,0.0,0.0,0.0,0.0,0.0,0.0,0.0,0.0,0.0,0.0,0.0,0.0,0.0,0.0,0.0,0.0,0.0,0.0,0.0,0.0,0.0,0.0,0.0,0.0,0.0,0.0,0.0,0.0,0.0,0.0,0.0,0.0,0.0,0.0,0.0,0.0,0.0,0.0,0.0,0.0,0.0,0.0,0.0,0.0,0.0,0.0,0.0,0.0,0.0,0.0,0.0,0.0,0.0,0.0,0.0,0.0,0.0,0.0,0.0,0.0,0.0,0.0,0.0,0.0,0.0
NYG,2018,1406,382,583,4405.0,23,12.0,47.0,358.0,7,4,4373.0,2200.0,208.0,30.609429217604266,3,20.95959482362222,1.622370046993298,354,1650.0,13,0.0,0.0,71.0,-8.906853887141743,1,382,574,4405.0,23,3.0,1.0,4300.0,2200.0,208.0,119.65405293790262,3,90.44721093460707,16.0,16.0,35.199999999999996,0.0,1069.7,1451.7,0.0,0.0,0.0,0.0,0.0,0.0,0.0,0.0,0.0,0.0,0.0,0.0,0.0,0.0,0.0,0.0,0.0,0.0,0.0,0.0,0.0,0.0,0.0,0.0,0.0,0.0,0.0,0.0,0.0,0.0,0.0,0.0,0.0,0.0,0.0,0.0,0.0,0.0,0.0,0.0,0.0,0.0,0.0,0.0,0.0,0.0,0.0,0.0,0.0,0.0,0.0,0.0,0.0,0.0,0.0,0.0,0.0,0.0,0.0,0.0,0.0,0.0,0.0,0.0,0.0,0.0,0.0,0.0,0.0,0.0,0.0,0.0,0.0,0.0,0.0,0.0,0.0,0.0,0.0,0.0,0.0,0.0,0.0,0.0,0.0,0.0,0.0,0.0,0.0,0.0,0.0,0.0
NYG,2019,1237,376,607,4070.0,30,17.0,43.0,339.0,14,9,4889.0,1812.0,187.0,-48.38841088283362,2,15.490087892418881,0.9515421741170377,362,1685.0,11,8.0,4.0,89.0,-21.407020198723778,0,376,588,4070.0,30,5.0,2.0,4721.0,1813.0,187.0,68.80762868902974,2,95.30188100131696,16.0,16.0,35.199999999999996,1.0,1054.3,1430.3,0.0,0.0,0.0,0.0,0.0,0.0,0.0,0.0,0.0,0.0,0.0,0.0,0.0,0.0,0.0,0.0,0.0,0.0,0.0,0.0,0.0,0.0,0.0,0.0,0.0,0.0,0.0,0.0,0.0,0.0,0.0,0.0,0.0,0.0,0.0,0.0,0.0,0.0,0.0,0.0,0.0,0.0,0.0,0.0,0.0,0.0,0.0,0.0,0.0,0.0,0.0,0.0,0.0,0.0,0.0,0.0,0.0,0.0,0.0,0.0,0.0,0.0,0.0,0.0,0.0,0.0,0.0,0.0,0.0,0.0,0.0,0.0,0.0,0.0,0.0,0.0,0.0,0.0,0.0,0.0,0.0,0.0,0.0,0.0,0.0,0.0,0.0,0.0,0.0,0.0,0.0,0.0
NYG,2020,1517,321,517,3336.0,12,11.0,50.0,310.0,9,5,3991.0,1264.0,178.0,-33.85327110437499,2,14.727169104860767,0.9219539221368074,399,1768.0,13,5.0,3.0,91.0,-20.365699570535945,0,321,500,3336.0,12,3.0,2.0,3911.0,1264.0,178.0,55.79291100362366,2,162.85993227304692,16.0,16.0,35.199999999999996,0.0,807.84,1128.84,0.0,0.0,0.0,0.0,0.0,0.0,0.0,0.0,0.0,0.0,0.0,0.0,0.0,0.0,0.0,0.0,0.0,0.0,0.0,0.0,0.0,0.0,0.0,0.0,0.0,0.0,0.0,0.0,0.0,0.0,0.0,0.0,0.0,0.0,0.0,0.0,0.0,0.0,0.0,0.0,0.0,0.0,0.0,0.0,0.0,0.0,0.0,0.0,0.0,0.0,0.0,0.0,0.0,0.0,0.0,0.0,0.0,0.0,0.0,0.0,0.0,0.0,0.0,0.0,0.0,0.0,0.0,0.0,0.0,0.0,0.0,0.0,0.0,0.0,0.0,0.0,0.0,0.0,0.0,0.0,0.0,0.0,0.0,0.0,0.0,0.0,0.0,0.0,0.0,0.0,0.0,0.0
NYG,2021,1683,351,593,3463.0,15,20.0,38.0,267.0,12,6,4363.0,1621.0,171.0,-131.1479566302411,1,18.755171036757716,0.5355068177601174,419,1688.0,8,4.0,2.0,90.0,-38.10357024139816,3,351,564,3463.0,15,4.0,2.0,4112.0,1621.0,171.0,-25.523966156993282,1,25.684795387113994,17.0,17.0,37.4,0.0,801.62,1152.6200000000001,0.0,0.0,0.0,0.0,0.0,0.0,0.0,0.0,0.0,0.0,0.0,0.0,0.0,0.0,0.0,0.0,0.0,0.0,0.0,0.0,0.0,0.0,0.0,0.0,0.0,0.0,0.0,0.0,0.0,0.0,0.0,0.0,0.0,0.0,0.0,0.0,0.0,0.0,0.0,0.0,0.0,0.0,0.0,0.0,0.0,0.0,0.0,0.0,0.0,0.0,0.0,0.0,0.0,0.0,0.0,0.0,0.0,0.0,0.0,0.0,0.0,0.0,0.0,0.0,0.0,0.0,0.0,0.0,0.0,0.0,0.0,0.0,0.0,0.0,0.0,0.0,0.0,0.0,0.0,0.0,0.0,0.0,0.0,0.0,0.0,0.0,0.0,0.0,0.0,0.0,0.0,0.0
NYG,2022,1810,385,582,3867.0,19,7.0,57.0,312.0,6,3,3749.0,1931.0,193.0,8.399047389616683,3,22.911017125416063,2.30013265042976,570,2779.0,24,5.0,1.0,166.0,44.161427315197486,0,385,548,3867.0,19,4.0,3.0,3535.0,1931.0,193.0,98.71651908315546,3,105.62434630190562,19.0,19.0,41.8,0.0,1137.28,1522.28,0.0,0.0,0.0,0.0,0.0,0.0,0.0,0.0,0.0,0.0,0.0,0.0,0.0,0.0,0.0,0.0,0.0,0.0,0.0,0.0,0.0,0.0,0.0,0.0,0.0,0.0,0.0,0.0,0.0,0.0,0.0,0.0,0.0,0.0,0.0,0.0,0.0,0.0,0.0,0.0,0.0,0.0,0.0,0.0,0.0,0.0,0.0,0.0,0.0,0.0,0.0,0.0,0.0,0.0,0.0,0.0,0.0,0.0,0.0,0.0,0.0,0.0,0.0,0.0,0.0,0.0,0.0,0.0,0.0,0.0,0.0,0.0,0.0,0.0,0.0,0.0,0.0,0.0,0.0,0.0,0.0,0.0,0.0,0.0,0.0,0.0,0.0,0.0,0.0,0.0,0.0,0.0
NYG,2023,1564,338,518,3351.0,15,12.0,85.0,465.0,5,1,3786.0,1601.0,141.0,-109.18800819481375,0,21.818002815387857,1.168552228925022,454,1874.0,10,8.0,3.0,97.0,-67.19274832808959,1,338,485,3351.0,15,3.0,1.0,3599.0,1601.0,141.0,35.081644750838855,0,167.41060361097348,17.0,17.0,37.4,1.0,840.5400000000001,1178.54,0.0,0.0,0.0,0.0,0.0,0.0,0.0,0.0,0.0,0.0,0.0,0.0,0.0,0.0,0.0,0.0,0.0,0.0,0.0,0.0,0.0,0.0,0.0,0.0,0.0,0.0,0.0,0.0,0.0,0.0,0.0,0.0,0.0,0.0,0.0,0.0,0.0,0.0,0.0,0.0,0.0,0.0,0.0,0.0,0.0,0.0,0.0,0.0,0.0,0.0,0.0,0.0,0.0,0.0,0.0,0.0,0.0,0.0,0.0,0.0,0.0,0.0,0.0,0.0,0.0,0.0,0.0,0.0,0.0,0.0,0.0,0.0,0.0,0.0,0.0,0.0,0.0,0.0,0.0,0.0,0.0,0.0,0.0,0.0,0.0,0.0,0.0,0.0,0.0,0.0,0.0,0.0
NYG,2024,1387,366,591,3521.0,15,13.0,48.0,293.0,8,4,4019.0,1737.0,170.0,-92.46662862966379,1,17.2478194487992,1.3648700094262882,424,1783.0,13,6.0,5.0,104.0,-28.013763415283847,0,366,554,3521.0,15,3.0,0.0,3867.0,1737.0,170.0,30.82044176394624,1,48.84834891705106,17.0,17.0,37.4,2.0,871.24,1237.24,0.0,0.0,0.0,0.0,0.0,0.0,0.0,0.0,0.0,0.0,0.0,0.0,0.0,0.0,0.0,0.0,0.0,0.0,0.0,0.0,0.0,0.0,0.0,0.0,0.0,0.0,0.0,0.0,0.0,0.0,0.0,0.0,0.0,0.0,0.0,0.0,0.0,0.0,0.0,0.0,0.0,0.0,0.0,0.0,0.0,0.0,0.0,0.0,0.0,0.0,0.0,0.0,0.0,0.0,0.0,0.0,0.0,0.0,0.0,0.0,0.0,0.0,0.0,0.0,0.0,0.0,0.0,0.0,0.0,0.0,0.0,0.0,0.0,0.0,0.0,0.0,0.0,0.0,0.0,0.0,0.0,0.0,0.0,0.0,0.0,0.0,0.0,0.0,0.0,0.0,0.0,0.0
NYG,2025,4897,323,526,3703.0,21,0.0,0.0,0.0,5,2,4473.0,1767.0,160.0,6.615660495767449,2,18.824888930845326,0.0,511,2195.0,22,5.0,2.0,141.0,14.640233598655975,1,323,503,3703.0,21,3.0,2.0,4312.0,1767.0,160.0,82.42191073067954,2,100.95111207071997,17.0,16.37387728915177,36.96171410240624,1.0,1063.92,1386.92,10.0,48.0,-229.0,-114.6517050488836,141.0,76.0,52.0,9.0,59.0,38.0,10.0,0.0,141.0,76.0,52.0,9.0,627.0,24.0,476.0,90.0,377.0,9.0,38.0,258.0,96.0,9.0,226.0,77.0,0.0,0.0,0.0,0.0,5.0,-4.0,6.0,47.0,1.0,114.0,1000.0,11.0,3.0,2.0,14.0,7.0,26.0,223.0,70.0,1942.0,23.0,26.0,3.0,0.0,410.0,10.5,1.0,8.0,10.0,3.0,1.0,0.0,0.0,0.0,0.0,1.0,2.0,0.0,731.0,148.0,0.0,36.0,41.0,4.0,1.0,13.966666666666667,0.0,0.0,0.0,0.0,0.0,59.0,0.0,874.0,2627.0,17.0,6.0,4.0,4.0,18.0,27.0,368.0,2.0,2179.0
NYJ,2006,1576,337,529,3651.0,18,17.0,36.0,221.0,6,5,3992.0,1571.0,173.0,9.470603804220252,0,15.849939703128102,1.9108660101991732,508,1809.0,15,6.0,2.0,102.0,-52.5460021924842,0,337,337,3642.0,18,3.0,1.0,2080.0,1562.0,173.0,273.6869011227115,0,178.4973101344724,17.0,17.0,37.4,2.0,923.14,1260.14,0.0,0.0,0.0,0.0,0.0,0.0,0.0,0.0,0.0,0.0,0.0,0.0,0.0,0.0,0.0,0.0,0.0,0.0,0.0,0.0,0.0,0.0,0.0,0.0,0.0,0.0,0.0,0.0,0.0,0.0,0.0,0.0,0.0,0.0,0.0,0.0,0.0,0.0,0.0,0.0,0.0,0.0,0.0,0.0,0.0,0.0,0.0,0.0,0.0,0.0,0.0,0.0,0.0,0.0,0.0,0.0,0.0,0.0,0.0,0.0,0.0,0.0,0.0,0.0,0.0,0.0,0.0,0.0,0.0,0.0,0.0,0.0,0.0,0.0,0.0,0.0,0.0,0.0,0.0,0.0,0.0,0.0,0.0,0.0,0.0,0.0,0.0,0.0,0.0,0.0,0.0,0.0
NYJ,2007,1132,310,512,3331.0,15,19.0,53.0,316.0,6,1,4155.0,1316.0,173.0,-53.123336362140684,1,16.382317970882983,1.2004564442655705,446,1701.0,6,8.0,2.0,92.0,-34.68171445052842,0,310,310,3331.0,15,2.0,2.0,2015.0,1316.0,173.0,245.6330939790603,1,116.25895572097083,16.0,16.0,35.199999999999996,4.0,802.44,1112.44,0.0,0.0,0.0,0.0,0.0,0.0,0.0,0.0,0.0,0.0,0.0,0.0,0.0,0.0,0.0,0.0,0.0,0.0,0.0,0.0,0.0,0.0,0.0,0.0,0.0,0.0,0.0,0.0,0.0,0.0,0.0,0.0,0.0,0.0,0.0,0.0,0.0,0.0,0.0,0.0,0.0,0.0,0.0,0.0,0.0,0.0,0.0,0.0,0.0,0.0,0.0,0.0,0.0,0.0,0.0,0.0,0.0,0.0,0.0,0.0,0.0,0.0,0.0,0.0,0.0,0.0,0.0,0.0,0.0,0.0,0.0,0.0,0.0,0.0,0.0,0.0,0.0,0.0,0.0,0.0,0.0,0.0,0.0,0.0,0.0,0.0,0.0,0.0,0.0,0.0,0.0,0.0
NYJ,2008,1316,347,529,3516.0,22,23.0,30.0,213.0,5,2,4133.0,1668.0,186.0,17.805311110528777,1,15.274412532614615,1.9203889368857916,422,2004.0,20,9.0,2.0,94.0,13.515550204733927,1,347,349,3511.0,22,3.0,2.0,1843.0,1658.0,186.0,288.88371076996924,1,89.08073633400763,16.0,16.0,35.199999999999996,1.0,986.14,1333.14,0.0,0.0,0.0,0.0,0.0,0.0,0.0,0.0,0.0,0.0,0.0,0.0,0.0,0.0,0.0,0.0,0.0,0.0,0.0,0.0,0.0,0.0,0.0,0.0,0.0,0.0,0.0,0.0,0.0,0.0,0.0,0.0,0.0,0.0,0.0,0.0,0.0,0.0,0.0,0.0,0.0,0.0,0.0,0.0,0.0,0.0,0.0,0.0,0.0,0.0,0.0,0.0,0.0,0.0,0.0,0.0,0.0,0.0,0.0,0.0,0.0,0.0,0.0,0.0,0.0,0.0,0.0,0.0,0.0,0.0,0.0,0.0,0.0,0.0,0.0,0.0,0.0,0.0,0.0,0.0,0.0,0.0,0.0,0.0,0.0,0.0,0.0,0.0,0.0,0.0,0.0,0.0
NYJ,2009,1893,252,461,3180.0,16,23.0,31.0,223.0,9,3,4331.0,1294.0,158.0,-58.471554937555595,2,26.093142226086115,1.3698901063845057,717,3182.0,24,9.0,4.0,149.0,-5.430475424611673,0,252,454,3180.0,16,3.0,2.0,4320.0,1294.0,158.0,-11.287229254614816,2,25.22492868320701,19.0,19.0,41.8,2.0,1023.4000000000001,1275.4,0.0,0.0,0.0,0.0,0.0,0.0,0.0,0.0,0.0,0.0,0.0,0.0,0.0,0.0,0.0,0.0,0.0,0.0,0.0,0.0,0.0,0.0,0.0,0.0,0.0,0.0,0.0,0.0,0.0,0.0,0.0,0.0,0.0,0.0,0.0,0.0,0.0,0.0,0.0,0.0,0.0,0.0,0.0,0.0,0.0,0.0,0.0,0.0,0.0,0.0,0.0,0.0,0.0,0.0,0.0,0.0,0.0,0.0,0.0,0.0,0.0,0.0,0.0,0.0,0.0,0.0,0.0,0.0,0.0,0.0,0.0,0.0,0.0,0.0,0.0,0.0,0.0,0.0,0.0,0.0,0.0,0.0,0.0,0.0,0.0,0.0,0.0,0.0,0.0,0.0,0.0,0.0
NYJ,2010,1845,342,614,4036.0,25,15.0,31.0,197.0,6,2,5686.0,1604.0,203.0,7.438573866576844,1,16.312917323465143,1.395982110316425,622,2732.0,17,14.0,5.0,135.0,-19.25909058621511,0,342,607,4036.0,25,4.0,1.0,5689.0,1595.0,203.0,58.58313474596448,1,136.21918821678975,19.0,19.0,41.8,2.0,1160.24,1502.24,0.0,0.0,0.0,0.0,0.0,0.0,0.0,0.0,0.0,0.0,0.0,0.0,0.0,0.0,0.0,0.0,0.0,0.0,0.0,0.0,0.0,0.0,0.0,0.0,0.0,0.0,0.0,0.0,0.0,0.0,0.0,0.0,0.0,0.0,0.0,0.0,0.0,0.0,0.0,0.0,0.0,0.0,0.0,0.0,0.0,0.0,0.0,0.0,0.0,0.0,0.0,0.0,0.0,0.0,0.0,0.0,0.0,0.0,0.0,0.0,0.0,0.0,0.0,0.0,0.0,0.0,0.0,0.0,0.0,0.0,0.0,0.0,0.0,0.0,0.0,0.0,0.0,0.0,0.0,0.0,0.0,0.0,0.0,0.0,0.0,0.0,0.0,0.0,0.0,0.0,0.0,0.0
NYJ,2011,1435,310,547,3542.0,26,18.0,40.0,245.0,4,4,4446.0,1557.0,173.0,-56.7825158953907,0,16.448246844649994,1.1144457858858046,443,1692.0,14,8.0,4.0,92.0,-26.408731909272937,0,310,541,3542.0,26,3.0,2.0,4463.0,1557.0,173.0,6.734514742172863,0,154.37432684190668,16.0,16.0,35.199999999999996,2.0,965.08,1275.0800000000002,0.0,0.0,0.0,0.0,0.0,0.0,0.0,0.0,0.0,0.0,0.0,0.0,0.0,0.0,0.0,0.0,0.0,0.0,0.0,0.0,0.0,0.0,0.0,0.0,0.0,0.0,0.0,0.0,0.0,0.0,0.0,0.0,0.0,0.0,0.0,0.0,0.0,0.0,0.0,0.0,0.0,0.0,0.0,0.0,0.0,0.0,0.0,0.0,0.0,0.0,0.0,0.0,0.0,0.0,0.0,0.0,0.0,0.0,0.0,0.0,0.0,0.0,0.0,0.0,0.0,0.0,0.0,0.0,0.0,0.0,0.0,0.0,0.0,0.0,0.0,0.0,0.0,0.0,0.0,0.0,0.0,0.0,0.0,0.0,0.0,0.0,0.0,0.0,0.0,0.0,0.0,0.0
NYJ,2012,1623,272,493,3178.0,14,19.0,47.0,287.0,10,7,4398.0,1124.0,162.0,-80.07755784186745,0,17.80123148398252,0.7459141577960092,494,1896.0,12,9.0,3.0,102.0,-24.26153268785274,0,272,488,3178.0,14,7.0,5.0,4372.0,1124.0,162.0,-11.964807866150705,0,126.10402530893195,16.0,16.0,35.2,2.0,790.52,1062.52,0.0,0.0,0.0,0.0,0.0,0.0,0.0,0.0,0.0,0.0,0.0,0.0,0.0,0.0,0.0,0.0,0.0,0.0,0.0,0.0,0.0,0.0,0.0,0.0,0.0,0.0,0.0,0.0,0.0,0.0,0.0,0.0,0.0,0.0,0.0,0.0,0.0,0.0,0.0,0.0,0.0,0.0,0.0,0.0,0.0,0.0,0.0,0.0,0.0,0.0,0.0,0.0,0.0,0.0,0.0,0.0,0.0,0.0,0.0,0.0,0.0,0.0,0.0,0.0,0.0,0.0,0.0,0.0,0.0,0.0,0.0,0.0,0.0,0.0,0.0,0.0,0.0,0.0,0.0,0.0,0.0,0.0,0.0,0.0,0.0,0.0,0.0,0.0,0.0,0.0,0.0,0.0
NYJ,2013,1526,266,480,3270.0,13,22.0,47.0,338.0,4,3,4326.0,1345.0,154.0,-70.14806218309914,0,19.129090886787818,1.136516217077661,493,2158.0,12,8.0,2.0,105.0,-28.77030353142158,0,266,478,3270.0,13,1.0,1.0,4321.0,1345.0,154.0,6.125533249159016,0,110.74073040533578,16.0,16.0,35.2,1.0,825.6,1091.6000000000001,0.0,0.0,0.0,0.0,0.0,0.0,0.0,0.0,0.0,0.0,0.0,0.0,0.0,0.0,0.0,0.0,0.0,0.0,0.0,0.0,0.0,0.0,0.0,0.0,0.0,0.0,0.0,0.0,0.0,0.0,0.0,0.0,0.0,0.0,0.0,0.0,0.0,0.0,0.0,0.0,0.0,0.0,0.0,0.0,0.0,0.0,0.0,0.0,0.0,0.0,0.0,0.0,0.0,0.0,0.0,0.0,0.0,0.0,0.0,0.0,0.0,0.0,0.0,0.0,0.0,0.0,0.0,0.0,0.0,0.0,0.0,0.0,0.0,0.0,0.0,0.0,0.0,0.0,0.0,0.0,0.0,0.0,0.0,0.0,0.0,0.0,0.0,0.0,0.0,0.0,0.0,0.0
NYJ,2014,1550,287,498,3206.0,16,15.0,47.0,260.0,6,2,4128.0,1506.0,154.0,-59.50602659934494,0,18.275285942295387,0.6444859842612009,507,2243.0,11,10.0,5.0,111.0,-30.931582795904312,0,287,482,3206.0,16,3.0,0.0,4090.0,1506.0,154.0,27.463194396702708,0,101.27867265048191,16.0,16.0,35.2,0.0,855.1400000000001,1142.14,0.0,0.0,0.0,0.0,0.0,0.0,0.0,0.0,0.0,0.0,0.0,0.0,0.0,0.0,0.0,0.0,0.0,0.0,0.0,0.0,0.0,0.0,0.0,0.0,0.0,0.0,0.0,0.0,0.0,0.0,0.0,0.0,0.0,0.0,0.0,0.0,0.0,0.0,0.0,0.0,0.0,0.0,0.0,0.0,0.0,0.0,0.0,0.0,0.0,0.0,0.0,0.0,0.0,0.0,0.0,0.0,0.0,0.0,0.0,0.0,0.0,0.0,0.0,0.0,0.0,0.0,0.0,0.0,0.0,0.0,0.0,0.0,0.0,0.0,0.0,0.0,0.0,0.0,0.0,0.0,0.0,0.0,0.0,0.0,0.0,0.0,0.0,0.0,0.0,0.0,0.0,0.0
NYJ,2015,1307,362,604,4170.0,33,16.0,22.0,113.0,2,2,5545.0,1889.0,210.0,73.83009702011127,0,14.152819560768494,2.135833098556563,448,1868.0,11,7.0,2.0,99.0,-41.214747631782714,0,362,602,4170.0,33,6.0,3.0,5544.0,1889.0,210.0,97.92770285936189,0,-25.407260532724624,16.0,16.0,35.199999999999996,0.0,1120.6000000000001,1482.6000000000001,0.0,0.0,0.0,0.0,0.0,0.0,0.0,0.0,0.0,0.0,0.0,0.0,0.0,0.0,0.0,0.0,0.0,0.0,0.0,0.0,0.0,0.0,0.0,0.0,0.0,0.0,0.0,0.0,0.0,0.0,0.0,0.0,0.0,0.0,0.0,0.0,0.0,0.0,0.0,0.0,0.0,0.0,0.0,0.0,0.0,0.0,0.0,0.0,0.0,0.0,0.0,0.0,0.0,0.0,0.0,0.0,0.0,0.0,0.0,0.0,0.0,0.0,0.0,0.0,0.0,0.0,0.0,0.0,0.0,0.0,0.0,0.0,0.0,0.0,0.0,0.0,0.0,0.0,0.0,0.0,0.0,0.0,0.0,0.0,0.0,0.0,0.0,0.0,0.0,0.0,0.0,0.0
NYJ,2016,1381,311,550,3645.0,16,25.0,35.0,179.0,8,2,4902.0,1603.0,166.0,-56.27953888069109,0,16.39666736249418,0.7563690686907878,418,1802.0,10,6.0,3.0,96.0,-16.739167575648857,1,311,546,3645.0,16,3.0,3.0,4896.0,1603.0,166.0,-18.366998594202727,0,133.82782681351162,16.0,16.0,35.199999999999996,1.0,852.5,1163.5,0.0,0.0,0.0,0.0,0.0,0.0,0.0,0.0,0.0,0.0,0.0,0.0,0.0,0.0,0.0,0.0,0.0,0.0,0.0,0.0,0.0,0.0,0.0,0.0,0.0,0.0,0.0,0.0,0.0,0.0,0.0,0.0,0.0,0.0,0.0,0.0,0.0,0.0,0.0,0.0,0.0,0.0,0.0,0.0,0.0,0.0,0.0,0.0,0.0,0.0,0.0,0.0,0.0,0.0,0.0,0.0,0.0,0.0,0.0,0.0,0.0,0.0,0.0,0.0,0.0,0.0,0.0,0.0,0.0,0.0,0.0,0.0,0.0,0.0,0.0,0.0,0.0,0.0,0.0,0.0,0.0,0.0,0.0,0.0,0.0,0.0,0.0,0.0,0.0,0.0,0.0,0.0
NYJ,2017,1373,323,510,3501.0,19,12.0,47.0,319.0,8,3,3941.0,1526.0,157.0,-18.085123093451273,0,20.34424578881736,1.3519770625569987,427,1702.0,13,6.0,3.0,77.0,-46.65897090780286,1,323,496,3503.0,19,5.0,3.0,3900.0,1528.0,157.0,70.00115092895192,0,176.15986742623414,16.0,16.0,35.199999999999996,0.0,888.5400000000001,1211.54,0.0,0.0,0.0,0.0,0.0,0.0,0.0,0.0,0.0,0.0,0.0,0.0,0.0,0.0,0.0,0.0,0.0,0.0,0.0,0.0,0.0,0.0,0.0,0.0,0.0,0.0,0.0,0.0,0.0,0.0,0.0,0.0,0.0,0.0,0.0,0.0,0.0,0.0,0.0,0.0,0.0,0.0,0.0,0.0,0.0,0.0,0.0,0.0,0.0,0.0,0.0,0.0,0.0,0.0,0.0,0.0,0.0,0.0,0.0,0.0,0.0,0.0,0.0,0.0,0.0,0.0,0.0,0.0,0.0,0.0,0.0,0.0,0.0,0.0,0.0,0.0,0.0,0.0,0.0,0.0,0.0,0.0,0.0,0.0,0.0,0.0,0.0,0.0,0.0,0.0,0.0,0.0
NYJ,2018,1437,299,524,3404.0,18,19.0,37.0,239.0,1,1,4637.0,1586.0,157.0,-45.55749299280272,0,12.494015338257608,0.8722628023015274,409,1619.0,11,9.0,5.0,84.0,-65.96545635908032,0,299,505,3404.0,18,5.0,3.0,4555.0,1586.0,157.0,6.594466871640563,0,118.92176598073665,16.0,16.0,35.2,2.0,840.46,1139.46,0.0,0.0,0.0,0.0,0.0,0.0,0.0,0.0,0.0,0.0,0.0,0.0,0.0,0.0,0.0,0.0,0.0,0.0,0.0,0.0,0.0,0.0,0.0,0.0,0.0,0.0,0.0,0.0,0.0,0.0,0.0,0.0,0.0,0.0,0.0,0.0,0.0,0.0,0.0,0.0,0.0,0.0,0.0,0.0,0.0,0.0,0.0,0.0,0.0,0.0,0.0,0.0,0.0,0.0,0.0,0.0,0.0,0.0,0.0,0.0,0.0,0.0,0.0,0.0,0.0,0.0,0.0,0.0,0.0,0.0,0.0,0.0,0.0,0.0,0.0,0.0,0.0,0.0,0.0,0.0,0.0,0.0,0.0,0.0,0.0,0.0,0.0,0.0,0.0,0.0,0.0,0.0
NYJ,2019,1428,323,521,3443.0,19,16.0,52.0,332.0,8,4,4213.0,1741.0,162.0,-79.34906681477469,3,14.369488222587576,1.2703767399734733,383,1257.0,6,5.0,0.0,61.0,-68.9384022979252,0,323,492,3443.0,19,3.0,2.0,4031.0,1741.0,162.0,24.543869292148834,3,65.72223329878166,16.0,16.0,35.199999999999996,2.0,813.72,1136.72,0.0,0.0,0.0,0.0,0.0,0.0,0.0,0.0,0.0,0.0,0.0,0.0,0.0,0.0,0.0,0.0,0.0,0.0,0.0,0.0,0.0,0.0,0.0,0.0,0.0,0.0,0.0,0.0,0.0,0.0,0.0,0.0,0.0,0.0,0.0,0.0,0.0,0.0,0.0,0.0,0.0,0.0,0.0,0.0,0.0,0.0,0.0,0.0,0.0,0.0,0.0,0.0,0.0,0.0,0.0,0.0,0.0,0.0,0.0,0.0,0.0,0.0,0.0,0.0,0.0,0.0,0.0,0.0,0.0,0.0,0.0,0.0,0.0,0.0,0.0,0.0,0.0,0.0,0.0,0.0,0.0,0.0,0.0,0.0,0.0,0.0,0.0,0.0,0.0,0.0,0.0,0.0
NYJ,2020,1304,292,499,3115.0,16,14.0,43.0,319.0,4,2,4246.0,1513.0,146.0,-84.20495587617401,1,16.302580373316065,0.7831924308282108,406,1683.0,9,2.0,1.0,94.0,-42.63800344243854,0,292,463,3115.0,16,2.0,2.0,4026.0,1516.0,146.0,11.603283076817837,1,81.79716894015384,16.0,16.0,35.199999999999996,0.0,784.4,1076.4,0.0,0.0,0.0,0.0,0.0,0.0,0.0,0.0,0.0,0.0,0.0,0.0,0.0,0.0,0.0,0.0,0.0,0.0,0.0,0.0,0.0,0.0,0.0,0.0,0.0,0.0,0.0,0.0,0.0,0.0,0.0,0.0,0.0,0.0,0.0,0.0,0.0,0.0,0.0,0.0,0.0,0.0,0.0,0.0,0.0,0.0,0.0,0.0,0.0,0.0,0.0,0.0,0.0,0.0,0.0,0.0,0.0,0.0,0.0,0.0,0.0,0.0,0.0,0.0,0.0,0.0,0.0,0.0,0.0,0.0,0.0,0.0,0.0,0.0,0.0,0.0,0.0,0.0,0.0,0.0,0.0,0.0,0.0,0.0,0.0,0.0,0.0,0.0,0.0,0.0,0.0,0.0
NYJ,2021,1750,357,603,3959.0,20,20.0,53.0,418.0,6,2,4349.0,2002.0,195.0,-74.50330914390196,2,23.07550734769536,0.8473297154986641,380,1667.0,14,1.0,1.0,87.0,-11.117855076978987,2,357,581,3959.0,20,6.0,4.0,4240.0,2002.0,195.0,30.818288470914922,2,213.66743146796261,17.0,17.0,37.4,1.0,968.96,1325.96,0.0,0.0,0.0,0.0,0.0,0.0,0.0,0.0,0.0,0.0,0.0,0.0,0.0,0.0,0.0,0.0,0.0,0.0,0.0,0.0,0.0,0.0,0.0,0.0,0.0,0.0,0.0,0.0,0.0,0.0,0.0,0.0,0.0,0.0,0.0,0.0,0.0,0.0,0.0,0.0,0.0,0.0,0.0,0.0,0.0,0.0,0.0,0.0,0.0,0.0,0.0,0.0,0.0,0.0,0.0,0.0,0.0,0.0,0.0,0.0,0.0,0.0,0.0,0.0,0.0,0.0,0.0,0.0,0.0,0.0,0.0,0.0,0.0,0.0,0.0,0.0,0.0,0.0,0.0,0.0,0.0,0.0,0.0,0.0,0.0,0.0,0.0,0.0,0.0,0.0,0.0,0.0
NYJ,2022,1663,357,627,4040.0,15,14.0,42.0,317.0,9,6,5173.0,1836.0,191.0,-65.89640805568236,0,18.189858745370994,0.7640293527748168,405,1686.0,13,4.0,1.0,79.0,-22.201714271087233,0,357,588,4043.0,15,6.0,2.0,4898.0,1839.0,191.0,36.14259570572116,0,54.66571101587601,17.0,17.0,37.4,1.0,922.5,1279.5,0.0,0.0,0.0,0.0,0.0,0.0,0.0,0.0,0.0,0.0,0.0,0.0,0.0,0.0,0.0,0.0,0.0,0.0,0.0,0.0,0.0,0.0,0.0,0.0,0.0,0.0,0.0,0.0,0.0,0.0,0.0,0.0,0.0,0.0,0.0,0.0,0.0,0.0,0.0,0.0,0.0,0.0,0.0,0.0,0.0,0.0,0.0,0.0,0.0,0.0,0.0,0.0,0.0,0.0,0.0,0.0,0.0,0.0,0.0,0.0,0.0,0.0,0.0,0.0,0.0,0.0,0.0,0.0,0.0,0.0,0.0,0.0,0.0,0.0,0.0,0.0,0.0,0.0,0.0,0.0,0.0,0.0,0.0,0.0,0.0,0.0,0.0,0.0,0.0,0.0,0.0,0.0
NYJ,2023,1650,356,601,3373.0,11,15.0,64.0,454.0,12,6,4000.0,1782.0,156.0,-186.67697739486795,1,19.572439759886024,-0.09324817155451409,388,1647.0,7,11.0,6.0,77.0,-72.10987586137789,2,356,563,3373.0,11,2.0,2.0,3794.0,1782.0,156.0,-37.82288228520783,1,18.81088211667207,17.0,17.0,37.4,1.0,744.9200000000001,1100.92,0.0,0.0,0.0,0.0,0.0,0.0,0.0,0.0,0.0,0.0,0.0,0.0,0.0,0.0,0.0,0.0,0.0,0.0,0.0,0.0,0.0,0.0,0.0,0.0,0.0,0.0,0.0,0.0,0.0,0.0,0.0,0.0,0.0,0.0,0.0,0.0,0.0,0.0,0.0,0.0,0.0,0.0,0.0,0.0,0.0,0.0,0.0,0.0,0.0,0.0,0.0,0.0,0.0,0.0,0.0,0.0,0.0,0.0,0.0,0.0,0.0,0.0,0.0,0.0,0.0,0.0,0.0,0.0,0.0,0.0,0.0,0.0,0.0,0.0,0.0,0.0,0.0,0.0,0.0,0.0,0.0,0.0,0.0,0.0,0.0,0.0,0.0,0.0,0.0,0.0,0.0,0.0
NYJ,2024,1536,385,607,4016.0,31,11.0,40.0,302.0,5,2,4119.0,2187.0,201.0,21.024283988213732,3,20.414083950585642,1.9031842214722916,363,1561.0,8,7.0,1.0,83.0,-25.107942152627174,2,385,589,4016.0,31,3.0,3.0,3964.0,2190.0,201.0,89.97460057133475,3,207.083846313336,17.0,17.0,37.4,1.0,1064.34,1449.34,0.0,0.0,0.0,0.0,0.0,0.0,0.0,0.0,0.0,0.0,0.0,0.0,0.0,0.0,0.0,0.0,0.0,0.0,0.0,0.0,0.0,0.0,0.0,0.0,0.0,0.0,0.0,0.0,0.0,0.0,0.0,0.0,0.0,0.0,0.0,0.0,0.0,0.0,0.0,0.0,0.0,0.0,0.0,0.0,0.0,0.0,0.0,0.0,0.0,0.0,0.0,0.0,0.0,0.0,0.0,0.0,0.0,0.0,0.0,0.0,0.0,0.0,0.0,0.0,0.0,0.0,0.0,0.0,0.0,0.0,0.0,0.0,0.0,0.0,0.0,0.0,0.0,0.0,0.0,0.0,0.0,0.0,0.0,0.0,0.0,0.0,0.0,0.0,0.0,0.0,0.0,0.0
NYJ,2025,5401,298,494,2784.0,15,0.0,0.0,0.0,5,3,3404.0,1334.0,136.0,-100.8781004056025,4,18.414342089352242,0.0,456,2096.0,11,6.0,5.0,115.0,-30.92052308557818,2,298,472,2784.0,15,1.0,0.0,3218.0,1334.0,136.0,7.011750382386015,4,4.316255597546391,17.0,16.16608463314066,36.81625924319846,4.0,817.36,1115.3600000000001,13.0,60.0,-399.0,-139.01555048829093,110.0,41.0,27.0,3.0,53.0,41.0,13.0,3.0,111.0,41.0,26.0,3.0,610.0,20.0,554.0,77.0,294.0,9.0,26.0,175.0,58.0,0.0,0.0,66.0,0.0,0.0,0.0,50.0,7.0,-1.0,4.0,25.0,0.0,112.0,918.0,12.0,5.0,0.0,17.0,10.0,34.0,456.0,74.0,2210.0,28.0,29.0,1.0,0.0,687.0,14.666666666666666,0.0,5.0,9.0,7.0,7.0,0.0,0.0,0.0,0.0,0.0,1.0,0.0,1125.0,55.0,0.0,22.0,22.0,0.0,0.0,12.0,1.0,1.0,0.0,0.0,56.0,71.0,0.0,899.0,3317.0,32.0,1.0,18.0,6.0,25.0,21.0,133.0,0.0,3064.0
PHI,2006,1675,355,605,4667.0,33,9.0,31.0,213.0,6,4,5311.0,2179.0,205.0,68.33405356430309,1,19.97328227913832,2.1156345501037217,467,2292.0,16,8.0,3.0,122.0,-2.3909320662622022,0,355,372,4667.0,32,6.0,4.0,2540.0,2183.0,205.0,342.06694597050836,1,271.95957849784264,18.0,18.0,39.6,0.0,1266.5800000000002,1621.5800000000002,0.0,0.0,0.0,0.0,0.0,0.0,0.0,0.0,0.0,0.0,0.0,0.0,0.0,0.0,0.0,0.0,0.0,0.0,0.0,0.0,0.0,0.0,0.0,0.0,0.0,0.0,0.0,0.0,0.0,0.0,0.0,0.0,0.0,0.0,0.0,0.0,0.0,0.0,0.0,0.0,0.0,0.0,0.0,0.0,0.0,0.0,0.0,0.0,0.0,0.0,0.0,0.0,0.0,0.0,0.0,0.0,0.0,0.0,0.0,0.0,0.0,0.0,0.0,0.0,0.0,0.0,0.0,0.0,0.0,0.0,0.0,0.0,0.0,0.0,0.0,0.0,0.0,0.0,0.0,0.0,0.0,0.0,0.0,0.0,0.0,0.0,0.0,0.0,0.0,0.0,0.0,0.0
PHI,2007,1338,350,577,4005.0,25,15.0,49.0,250.0,8,4,4649.0,1744.0,186.0,22.484508242395098,0,14.968927788300116,1.7426195267191311,421,1974.0,12,3.0,2.0,118.0,7.8961096448568755,0,350,351,4005.0,24,3.0,2.0,2256.0,1744.0,186.0,317.0217417669477,0,119.07191164341388,16.0,16.0,35.199999999999996,0.0,1028.1000000000001,1378.1000000000001,0.0,0.0,0.0,0.0,0.0,0.0,0.0,0.0,0.0,0.0,0.0,0.0,0.0,0.0,0.0,0.0,0.0,0.0,0.0,0.0,0.0,0.0,0.0,0.0,0.0,0.0,0.0,0.0,0.0,0.0,0.0,0.0,0.0,0.0,0.0,0.0,0.0,0.0,0.0,0.0,0.0,0.0,0.0,0.0,0.0,0.0,0.0,0.0,0.0,0.0,0.0,0.0,0.0,0.0,0.0,0.0,0.0,0.0,0.0,0.0,0.0,0.0,0.0,0.0,0.0,0.0,0.0,0.0,0.0,0.0,0.0,0.0,0.0,0.0,0.0,0.0,0.0,0.0,0.0,0.0,0.0,0.0,0.0,0.0,0.0,0.0,0.0,0.0,0.0,0.0,0.0,0.0
PHI,2008,2051,435,727,4950.0,28,20.0,29.0,188.0,6,6,6059.0,2145.0,245.0,41.20377786740091,0,19.41473369826222,2.372767009873479,495,1924.0,16,4.0,1.0,105.0,-39.63631437814113,0,435,436,4950.0,28,5.0,3.0,2801.0,2145.0,245.0,394.2227881317787,0,254.527914619717,19.0,19.0,41.8,2.0,1213.4,1648.4,0.0,0.0,0.0,0.0,0.0,0.0,0.0,0.0,0.0,0.0,0.0,0.0,0.0,0.0,0.0,0.0,0.0,0.0,0.0,0.0,0.0,0.0,0.0,0.0,0.0,0.0,0.0,0.0,0.0,0.0,0.0,0.0,0.0,0.0,0.0,0.0,0.0,0.0,0.0,0.0,0.0,0.0,0.0,0.0,0.0,0.0,0.0,0.0,0.0,0.0,0.0,0.0,0.0,0.0,0.0,0.0,0.0,0.0,0.0,0.0,0.0,0.0,0.0,0.0,0.0,0.0,0.0,0.0,0.0,0.0,0.0,0.0,0.0,0.0,0.0,0.0,0.0,0.0,0.0,0.0,0.0,0.0,0.0,0.0,0.0,0.0,0.0,0.0,0.0,0.0,0.0,0.0
PHI,2009,1606,355,592,4686.0,29,14.0,44.0,320.0,9,4,5079.0,2178.0,195.0,36.49691609808292,2,23.132082486102426,1.8530373826736428,395,1700.0,14,8.0,4.0,87.0,-13.938167926905017,0,355,581,4686.0,29,4.0,2.0,5018.0,2178.0,195.0,119.77761714391364,2,104.81648295232759,17.0,17.0,37.4,2.0,1172.04,1527.04,0.0,0.0,0.0,0.0,0.0,0.0,0.0,0.0,0.0,0.0,0.0,0.0,0.0,0.0,0.0,0.0,0.0,0.0,0.0,0.0,0.0,0.0,0.0,0.0,0.0,0.0,0.0,0.0,0.0,0.0,0.0,0.0,0.0,0.0,0.0,0.0,0.0,0.0,0.0,0.0,0.0,0.0,0.0,0.0,0.0,0.0,0.0,0.0,0.0,0.0,0.0,0.0,0.0,0.0,0.0,0.0,0.0,0.0,0.0,0.0,0.0,0.0,0.0,0.0,0.0,0.0,0.0,0.0,0.0,0.0,0.0,0.0,0.0,0.0,0.0,0.0,0.0,0.0,0.0,0.0,0.0,0.0,0.0,0.0,0.0,0.0,0.0,0.0,0.0,0.0,0.0,0.0
PHI,2010,1454,368,597,4507.0,29,14.0,52.0,331.0,11,4,5295.0,2072.0,201.0,56.25434994655972,1,17.560032641153224,2.512150417090292,449,2406.0,19,7.0,3.0,122.0,49.05320544192904,0,368,584,4507.0,29,7.0,3.0,5284.0,2066.0,201.0,135.27665511647245,1,-17.01208529547263,17.0,17.0,37.4,1.0,1237.58,1605.58,0.0,0.0,0.0,0.0,0.0,0.0,0.0,0.0,0.0,0.0,0.0,0.0,0.0,0.0,0.0,0.0,0.0,0.0,0.0,0.0,0.0,0.0,0.0,0.0,0.0,0.0,0.0,0.0,0.0,0.0,0.0,0.0,0.0,0.0,0.0,0.0,0.0,0.0,0.0,0.0,0.0,0.0,0.0,0.0,0.0,0.0,0.0,0.0,0.0,0.0,0.0,0.0,0.0,0.0,0.0,0.0,0.0,0.0,0.0,0.0,0.0,0.0,0.0,0.0,0.0,0.0,0.0,0.0,0.0,0.0,0.0,0.0,0.0,0.0,0.0,0.0,0.0,0.0,0.0,0.0,0.0,0.0,0.0,0.0,0.0,0.0,0.0,0.0,0.0,0.0,0.0,0.0
PHI,2011,1452,330,554,4276.0,22,25.0,32.0,166.0,5,2,5379.0,1683.0,197.0,37.87625910387852,0,14.82762174935093,1.9848719739794678,450,2276.0,20,9.0,4.0,134.0,31.46228777685075,0,330,542,4276.0,22,3.0,2.0,5314.0,1683.0,197.0,77.2788804954178,0,125.77043580122806,16.0,16.0,35.2,0.0,1100.24,1430.24,0.0,0.0,0.0,0.0,0.0,0.0,0.0,0.0,0.0,0.0,0.0,0.0,0.0,0.0,0.0,0.0,0.0,0.0,0.0,0.0,0.0,0.0,0.0,0.0,0.0,0.0,0.0,0.0,0.0,0.0,0.0,0.0,0.0,0.0,0.0,0.0,0.0,0.0,0.0,0.0,0.0,0.0,0.0,0.0,0.0,0.0,0.0,0.0,0.0,0.0,0.0,0.0,0.0,0.0,0.0,0.0,0.0,0.0,0.0,0.0,0.0,0.0,0.0,0.0,0.0,0.0,0.0,0.0,0.0,0.0,0.0,0.0,0.0,0.0,0.0,0.0,0.0,0.0,0.0,0.0,0.0,0.0,0.0,0.0,0.0,0.0,0.0,0.0,0.0,0.0,0.0,0.0
PHI,2012,1414,367,618,4075.0,18,15.0,48.0,284.0,9,4,5281.0,1830.0,190.0,-18.05867911533959,0,17.42961541420816,1.3564057441064938,413,1874.0,10,18.0,10.0,111.0,-54.928963135008715,0,367,598,4075.0,18,5.0,3.0,5175.0,1844.0,190.0,69.33781257835854,0,75.61871544014775,16.0,16.0,35.199999999999996,1.0,939.9,1306.9,0.0,0.0,0.0,0.0,0.0,0.0,0.0,0.0,0.0,0.0,0.0,0.0,0.0,0.0,0.0,0.0,0.0,0.0,0.0,0.0,0.0,0.0,0.0,0.0,0.0,0.0,0.0,0.0,0.0,0.0,0.0,0.0,0.0,0.0,0.0,0.0,0.0,0.0,0.0,0.0,0.0,0.0,0.0,0.0,0.0,0.0,0.0,0.0,0.0,0.0,0.0,0.0,0.0,0.0,0.0,0.0,0.0,0.0,0.0,0.0,0.0,0.0,0.0,0.0,0.0,0.0,0.0,0.0,0.0,0.0,0.0,0.0,0.0,0.0,0.0,0.0,0.0,0.0,0.0,0.0,0.0,0.0,0.0,0.0,0.0,0.0,0.0,0.0,0.0,0.0,0.0,0.0
PHI,2013,1511,333,541,4601.0,34,9.0,48.0,315.0,8,4,5237.0,2081.0,207.0,91.68467898903155,2,21.431702885306233,2.9042696698520247,522,2628.0,20,5.0,2.0,138.0,7.590201687288124,1,333,526,4603.0,34,3.0,2.0,5171.0,2083.0,207.0,181.615621972638,2,84.49183320321578,17.0,17.0,37.4,0.0,1343.14,1676.14,0.0,0.0,0.0,0.0,0.0,0.0,0.0,0.0,0.0,0.0,0.0,0.0,0.0,0.0,0.0,0.0,0.0,0.0,0.0,0.0,0.0,0.0,0.0,0.0,0.0,0.0,0.0,0.0,0.0,0.0,0.0,0.0,0.0,0.0,0.0,0.0,0.0,0.0,0.0,0.0,0.0,0.0,0.0,0.0,0.0,0.0,0.0,0.0,0.0,0.0,0.0,0.0,0.0,0.0,0.0,0.0,0.0,0.0,0.0,0.0,0.0,0.0,0.0,0.0,0.0,0.0,0.0,0.0,0.0,0.0,0.0,0.0,0.0,0.0,0.0,0.0,0.0,0.0,0.0,0.0,0.0,0.0,0.0,0.0,0.0,0.0,0.0,0.0,0.0,0.0,0.0,0.0
PHI,2014,1481,384,621,4581.0,27,21.0,32.0,225.0,6,3,5585.0,2104.0,218.0,48.430704680732156,0,14.753904114640186,1.500864675577879,474,1992.0,16,10.0,6.0,109.0,-58.24028490039603,0,384,612,4581.0,27,5.0,5.0,5527.0,2105.0,218.0,90.90350670000682,0,150.10966321018688,16.0,16.0,35.199999999999996,7.0,1178.54,1562.54,0.0,0.0,0.0,0.0,0.0,0.0,0.0,0.0,0.0,0.0,0.0,0.0,0.0,0.0,0.0,0.0,0.0,0.0,0.0,0.0,0.0,0.0,0.0,0.0,0.0,0.0,0.0,0.0,0.0,0.0,0.0,0.0,0.0,0.0,0.0,0.0,0.0,0.0,0.0,0.0,0.0,0.0,0.0,0.0,0.0,0.0,0.0,0.0,0.0,0.0,0.0,0.0,0.0,0.0,0.0,0.0,0.0,0.0,0.0,0.0,0.0,0.0,0.0,0.0,0.0,0.0,0.0,0.0,0.0,0.0,0.0,0.0,0.0,0.0,0.0,0.0,0.0,0.0,0.0,0.0,0.0,0.0,0.0,0.0,0.0,0.0,0.0,0.0,0.0,0.0,0.0,0.0
PHI,2015,1565,405,623,4341.0,23,18.0,37.0,254.0,7,2,4245.0,2255.0,193.0,-8.604878421846788,0,18.228026959875095,0.9357584134461225,442,1743.0,15,10.0,8.0,110.0,-42.227795778370506,0,405,620,4341.0,23,6.0,3.0,4247.0,2255.0,193.0,43.96468911476258,0,-102.13374066440018,16.0,16.0,35.199999999999996,3.0,1058.04,1463.04,0.0,0.0,0.0,0.0,0.0,0.0,0.0,0.0,0.0,0.0,0.0,0.0,0.0,0.0,0.0,0.0,0.0,0.0,0.0,0.0,0.0,0.0,0.0,0.0,0.0,0.0,0.0,0.0,0.0,0.0,0.0,0.0,0.0,0.0,0.0,0.0,0.0,0.0,0.0,0.0,0.0,0.0,0.0,0.0,0.0,0.0,0.0,0.0,0.0,0.0,0.0,0.0,0.0,0.0,0.0,0.0,0.0,0.0,0.0,0.0,0.0,0.0,0.0,0.0,0.0,0.0,0.0,0.0,0.0,0.0,0.0,0.0,0.0,0.0,0.0,0.0,0.0,0.0,0.0,0.0,0.0,0.0,0.0,0.0,0.0,0.0,0.0,0.0,0.0,0.0,0.0,0.0
PHI,2016,1554,380,609,3798.0,16,14.0,33.0,213.0,9,2,4552.0,1768.0,192.0,10.906907391698711,1,17.35088867607991,1.0466148917224747,438,1813.0,16,9.0,4.0,114.0,-32.37053259353885,3,380,604,3798.0,16,3.0,0.0,4533.0,1768.0,192.0,64.4566704412657,1,108.63653282393973,16.0,16.0,35.199999999999996,2.0,951.02,1331.02,0.0,0.0,0.0,0.0,0.0,0.0,0.0,0.0,0.0,0.0,0.0,0.0,0.0,0.0,0.0,0.0,0.0,0.0,0.0,0.0,0.0,0.0,0.0,0.0,0.0,0.0,0.0,0.0,0.0,0.0,0.0,0.0,0.0,0.0,0.0,0.0,0.0,0.0,0.0,0.0,0.0,0.0,0.0,0.0,0.0,0.0,0.0,0.0,0.0,0.0,0.0,0.0,0.0,0.0,0.0,0.0,0.0,0.0,0.0,0.0,0.0,0.0,0.0,0.0,0.0,0.0,0.0,0.0,0.0,0.0,0.0,0.0,0.0,0.0,0.0,0.0,0.0,0.0,0.0,0.0,0.0,0.0,0.0,0.0,0.0,0.0,0.0,0.0,0.0,0.0,0.0,0.0
PHI,2017,2307,419,671,4939.0,45,10.0,38.0,244.0,7,2,6181.0,2045.0,243.0,124.22617224608915,4,21.50132867556936,2.9042806168385225,562,2485.0,12,14.0,5.0,129.0,-32.50548996402209,2,419,662,4939.0,45,2.0,2.0,6153.0,2045.0,243.0,201.1429724367377,4,149.68563843558678,19.0,19.0,41.8,0.0,1443.96,1862.96,0.0,0.0,0.0,0.0,0.0,0.0,0.0,0.0,0.0,0.0,0.0,0.0,0.0,0.0,0.0,0.0,0.0,0.0,0.0,0.0,0.0,0.0,0.0,0.0,0.0,0.0,0.0,0.0,0.0,0.0,0.0,0.0,0.0,0.0,0.0,0.0,0.0,0.0,0.0,0.0,0.0,0.0,0.0,0.0,0.0,0.0,0.0,0.0,0.0,0.0,0.0,0.0,0.0,0.0,0.0,0.0,0.0,0.0,0.0,0.0,0.0,0.0,0.0,0.0,0.0,0.0,0.0,0.0,0.0,0.0,0.0,0.0,0.0,0.0,0.0,0.0,0.0,0.0,0.0,0.0,0.0,0.0,0.0,0.0,0.0,0.0,0.0,0.0,0.0,0.0,0.0,0.0
PHI,2018,1733,465,670,4991.0,32,15.0,41.0,257.0,13,8,5092.0,2336.0,249.0,61.622706305459175,1,20.545609459405824,2.3544825454082123,437,1661.0,13,5.0,2.0,98.0,-38.72242198360428,4,465,663,4996.0,32,5.0,1.0,5090.0,2345.0,249.0,156.51804918650382,1,124.53501547633002,18.0,18.0,39.6,0.0,1223.34,1688.34,0.0,0.0,0.0,0.0,0.0,0.0,0.0,0.0,0.0,0.0,0.0,0.0,0.0,0.0,0.0,0.0,0.0,0.0,0.0,0.0,0.0,0.0,0.0,0.0,0.0,0.0,0.0,0.0,0.0,0.0,0.0,0.0,0.0,0.0,0.0,0.0,0.0,0.0,0.0,0.0,0.0,0.0,0.0,0.0,0.0,0.0,0.0,0.0,0.0,0.0,0.0,0.0,0.0,0.0,0.0,0.0,0.0,0.0,0.0,0.0,0.0,0.0,0.0,0.0,0.0,0.0,0.0,0.0,0.0,0.0,0.0,0.0,0.0,0.0,0.0,0.0,0.0,0.0,0.0,0.0,0.0,0.0,0.0,0.0,0.0,0.0,0.0,0.0,0.0,0.0,0.0,0.0
PHI,2019,1389,410,641,4240.0,27,8.0,44.0,245.0,12,4,5087.0,1903.0,224.0,31.75696469811101,2,16.813555449087396,1.6099168008086386,480,2059.0,16,9.0,4.0,111.0,-35.63107069345128,2,410,629,4240.0,27,6.0,4.0,4950.0,1903.0,224.0,88.3389490802513,2,-20.361808069411563,17.0,17.0,37.4,0.0,1137.5,1547.5,0.0,0.0,0.0,0.0,0.0,0.0,0.0,0.0,0.0,0.0,0.0,0.0,0.0,0.0,0.0,0.0,0.0,0.0,0.0,0.0,0.0,0.0,0.0,0.0,0.0,0.0,0.0,0.0,0.0,0.0,0.0,0.0,0.0,0.0,0.0,0.0,0.0,0.0,0.0,0.0,0.0,0.0,0.0,0.0,0.0,0.0,0.0,0.0,0.0,0.0,0.0,0.0,0.0,0.0,0.0,0.0,0.0,0.0,0.0,0.0,0.0,0.0,0.0,0.0,0.0,0.0,0.0,0.0,0.0,0.0,0.0,0.0,0.0,0.0,0.0,0.0,0.0,0.0,0.0,0.0,0.0,0.0,0.0,0.0,0.0,0.0,0.0,0.0,0.0,0.0,0.0,0.0
PHI,2020,1572,334,598,3728.0,22,20.0,65.0,401.0,10,3,5357.0,1482.0,177.0,-95.47632948889657,5,17.48488115950487,0.28339160976533895,403,2027.0,16,15.0,6.0,114.0,-5.397413149214117,2,334,561,3728.0,22,1.0,0.0,5062.0,1482.0,177.0,35.3205538945334,5,106.16434134130904,16.0,16.0,35.2,1.0,1012.62,1346.6200000000001,0.0,0.0,0.0,0.0,0.0,0.0,0.0,0.0,0.0,0.0,0.0,0.0,0.0,0.0,0.0,0.0,0.0,0.0,0.0,0.0,0.0,0.0,0.0,0.0,0.0,0.0,0.0,0.0,0.0,0.0,0.0,0.0,0.0,0.0,0.0,0.0,0.0,0.0,0.0,0.0,0.0,0.0,0.0,0.0,0.0,0.0,0.0,0.0,0.0,0.0,0.0,0.0,0.0,0.0,0.0,0.0,0.0,0.0,0.0,0.0,0.0,0.0,0.0,0.0,0.0,0.0,0.0,0.0,0.0,0.0,0.0,0.0,0.0,0.0,0.0,0.0,0.0,0.0,0.0,0.0,0.0,0.0,0.0,0.0,0.0,0.0,0.0,0.0,0.0,0.0,0.0,0.0
PHI,2021,1623,330,537,3843.0,21,12.0,33.0,195.0,8,1,4695.0,1901.0,177.0,22.709714007659198,4,16.128803019601364,2.0628921452584192,567,2810.0,26,6.0,4.0,166.0,40.54567991368331,2,330,511,3843.0,21,2.0,1.0,4421.0,1901.0,177.0,95.97944399482881,4,155.8671896549966,18.0,18.0,39.6,0.0,1169.02,1499.02,0.0,0.0,0.0,0.0,0.0,0.0,0.0,0.0,0.0,0.0,0.0,0.0,0.0,0.0,0.0,0.0,0.0,0.0,0.0,0.0,0.0,0.0,0.0,0.0,0.0,0.0,0.0,0.0,0.0,0.0,0.0,0.0,0.0,0.0,0.0,0.0,0.0,0.0,0.0,0.0,0.0,0.0,0.0,0.0,0.0,0.0,0.0,0.0,0.0,0.0,0.0,0.0,0.0,0.0,0.0,0.0,0.0,0.0,0.0,0.0,0.0,0.0,0.0,0.0,0.0,0.0,0.0,0.0,0.0,0.0,0.0,0.0,0.0,0.0,0.0,0.0,0.0,0.0,0.0,0.0,0.0,0.0,0.0,0.0,0.0,0.0,0.0,0.0,0.0,0.0,0.0,0.0
PHI,2022,2087,408,623,4943.0,28,9.0,48.0,267.0,7,2,5233.0,2282.0,220.0,97.76925874912638,0,22.44639389657095,2.721162235430827,664,3040.0,42,9.0,3.0,202.0,67.59810920166565,3,408,587,4943.0,28,6.0,6.0,5023.0,2288.0,220.0,163.25325772261658,0,184.68952198836845,20.0,20.0,44.0,0.0,1494.02,1902.02,0.0,0.0,0.0,0.0,0.0,0.0,0.0,0.0,0.0,0.0,0.0,0.0,0.0,0.0,0.0,0.0,0.0,0.0,0.0,0.0,0.0,0.0,0.0,0.0,0.0,0.0,0.0,0.0,0.0,0.0,0.0,0.0,0.0,0.0,0.0,0.0,0.0,0.0,0.0,0.0,0.0,0.0,0.0,0.0,0.0,0.0,0.0,0.0,0.0,0.0,0.0,0.0,0.0,0.0,0.0,0.0,0.0,0.0,0.0,0.0,0.0,0.0,0.0,0.0,0.0,0.0,0.0,0.0,0.0,0.0,0.0,0.0,0.0,0.0,0.0,0.0,0.0,0.0,0.0,0.0,0.0,0.0,0.0,0.0,0.0,0.0,0.0,0.0,0.0,0.0,0.0,0.0
PHI,2023,1613,394,598,4317.0,25,16.0,42.0,249.0,6,2,5119.0,1888.0,206.0,60.56986785656325,0,22.88815481288839,2.3249212330753006,525,2232.0,22,9.0,5.0,152.0,4.2692978472887315,1,394,557,4317.0,25,5.0,4.0,4707.0,1888.0,206.0,126.64300915153231,0,68.58857476988663,18.0,18.0,39.6,0.0,1157.58,1551.58,0.0,0.0,0.0,0.0,0.0,0.0,0.0,0.0,0.0,0.0,0.0,0.0,0.0,0.0,0.0,0.0,0.0,0.0,0.0,0.0,0.0,0.0,0.0,0.0,0.0,0.0,0.0,0.0,0.0,0.0,0.0,0.0,0.0,0.0,0.0,0.0,0.0,0.0,0.0,0.0,0.0,0.0,0.0,0.0,0.0,0.0,0.0,0.0,0.0,0.0,0.0,0.0,0.0,0.0,0.0,0.0,0.0,0.0,0.0,0.0,0.0,0.0,0.0,0.0,0.0,0.0,0.0,0.0,0.0,0.0,0.0,0.0,0.0,0.0,0.0,0.0,0.0,0.0,0.0,0.0,0.0,0.0,0.0,0.0,0.0,0.0,0.0,0.0,0.0,0.0,0.0,0.0
PHI,2024,2047,368,540,4243.0,29,7.0,58.0,423.0,7,3,4106.0,1955.0,203.0,80.95219989388964,0,23.83060011171934,3.3859602861088502,770,3866.0,40,6.0,3.0,201.0,62.396481852209284,3,368,503,4243.0,29,2.0,0.0,3881.0,1955.0,203.0,217.62638439866691,0,167.0689356615964,21.0,21.0,46.199999999999996,0.0,1490.6200000000001,1858.6200000000001,0.0,0.0,0.0,0.0,0.0,0.0,0.0,0.0,0.0,0.0,0.0,0.0,0.0,0.0,0.0,0.0,0.0,0.0,0.0,0.0,0.0,0.0,0.0,0.0,0.0,0.0,0.0,0.0,0.0,0.0,0.0,0.0,0.0,0.0,0.0,0.0,0.0,0.0,0.0,0.0,0.0,0.0,0.0,0.0,0.0,0.0,0.0,0.0,0.0,0.0,0.0,0.0,0.0,0.0,0.0,0.0,0.0,0.0,0.0,0.0,0.0,0.0,0.0,0.0,0.0,0.0,0.0,0.0,0.0,0.0,0.0,0.0,0.0,0.0,0.0,0.0,0.0,0.0,0.0,0.0,0.0,0.0,0.0,0.0,0.0,0.0,0.0,0.0,0.0,0.0,0.0,0.0
PHI,2025,5931,338,532,3666.0,27,0.0,0.0,0.0,3,1,4796.0,1452.0,173.0,28.606681282057117,0,16.308678205516692,0.0,514,2128.0,18,4.0,2.0,125.0,-10.47441287159014,1,338,498,3666.0,27,2.0,2.0,4507.0,1452.0,173.0,95.05823344799714,0,138.20118524467145,18.0,16.909090283867997,38.836363198707595,2.0,1094.04,1432.04,7.0,36.0,-196.0,90.8497619381896,137.0,74.0,43.0,9.0,56.0,40.0,10.0,3.0,137.0,74.0,43.0,9.0,674.0,21.0,503.0,74.0,311.0,13.0,43.0,255.0,107.0,14.0,130.0,95.0,1.0,3.0,1.0,96.0,6.0,-18.0,9.0,5.0,0.0,126.0,1127.0,11.0,5.0,2.0,16.0,8.0,22.0,239.0,61.0,1472.0,22.0,29.0,7.0,0.0,608.0,12.8,0.0,3.0,7.0,8.0,4.0,0.0,0.0,0.0,0.0,3.0,4.0,0.0,896.0,351.0,0.0,42.0,44.0,2.0,0.0,16.5,0.0,0.0,0.0,0.0,0.0,76.0,0.0,1040.0,3799.0,21.0,12.0,7.0,9.0,13.0,35.0,362.0,0.0,3257.0
PIT,2006,1419,312,523,4026.0,23,23.0,49.0,293.0,3,1,4922.0,1703.0,201.0,34.55372352099601,0,22.086478485013256,2.4552009991041883,469,1989.0,16,12.0,7.0,100.0,-41.66709413364313,0,312,312,4026.0,23,4.0,3.0,2323.0,1703.0,201.0,327.9883172903889,0,110.4084538916561,16.0,16.0,35.199999999999996,1.0,1026.54,1338.54,0.0,0.0,0.0,0.0,0.0,0.0,0.0,0.0,0.0,0.0,0.0,0.0,0.0,0.0,0.0,0.0,0.0,0.0,0.0,0.0,0.0,0.0,0.0,0.0,0.0,0.0,0.0,0.0,0.0,0.0,0.0,0.0,0.0,0.0,0.0,0.0,0.0,0.0,0.0,0.0,0.0,0.0,0.0,0.0,0.0,0.0,0.0,0.0,0.0,0.0,0.0,0.0,0.0,0.0,0.0,0.0,0.0,0.0,0.0,0.0,0.0,0.0,0.0,0.0,0.0,0.0,0.0,0.0,0.0,0.0,0.0,0.0,0.0,0.0,0.0,0.0,0.0,0.0,0.0,0.0,0.0,0.0,0.0,0.0,0.0,0.0,0.0,0.0,0.0,0.0,0.0,0.0
PIT,2007,1443,312,485,3759.0,36,17.0,53.0,387.0,9,4,4690.0,1375.0,196.0,77.6762727840426,2,18.57661149799275,2.896799483002841,536,2207.0,11,7.0,3.0,113.0,-40.25413304772221,0,312,312,3759.0,36,1.0,0.0,2384.0,1375.0,196.0,349.7632794701199,2,167.57232286648795,17.0,17.0,37.4,1.0,1138.96,1450.96,0.0,0.0,0.0,0.0,0.0,0.0,0.0,0.0,0.0,0.0,0.0,0.0,0.0,0.0,0.0,0.0,0.0,0.0,0.0,0.0,0.0,0.0,0.0,0.0,0.0,0.0,0.0,0.0,0.0,0.0,0.0,0.0,0.0,0.0,0.0,0.0,0.0,0.0,0.0,0.0,0.0,0.0,0.0,0.0,0.0,0.0,0.0,0.0,0.0,0.0,0.0,0.0,0.0,0.0,0.0,0.0,0.0,0.0,0.0,0.0,0.0,0.0,0.0,0.0,0.0,0.0,0.0,0.0,0.0,0.0,0.0,0.0,0.0,0.0,0.0,0.0,0.0,0.0,0.0,0.0,0.0,0.0,0.0,0.0,0.0,0.0,0.0,0.0,0.0,0.0,0.0,0.0
PIT,2008,1935,358,597,4312.0,22,16.0,57.0,371.0,10,5,5356.0,1776.0,208.0,25.33697055775696,0,25.84986240895268,2.372411700399177,554,1959.0,20,5.0,3.0,110.0,-64.41087704698711,0,358,358,4312.0,22,7.0,2.0,2536.0,1771.0,208.0,347.301608327845,0,189.7494596958362,19.0,19.0,41.8,1.0,1093.58,1451.58,0.0,0.0,0.0,0.0,0.0,0.0,0.0,0.0,0.0,0.0,0.0,0.0,0.0,0.0,0.0,0.0,0.0,0.0,0.0,0.0,0.0,0.0,0.0,0.0,0.0,0.0,0.0,0.0,0.0,0.0,0.0,0.0,0.0,0.0,0.0,0.0,0.0,0.0,0.0,0.0,0.0,0.0,0.0,0.0,0.0,0.0,0.0,0.0,0.0,0.0,0.0,0.0,0.0,0.0,0.0,0.0,0.0,0.0,0.0,0.0,0.0,0.0,0.0,0.0,0.0,0.0,0.0,0.0,0.0,0.0,0.0,0.0,0.0,0.0,0.0,0.0,0.0,0.0,0.0,0.0,0.0,0.0,0.0,0.0,0.0,0.0,0.0,0.0,0.0,0.0,0.0,0.0
PIT,2009,1287,351,536,4496.0,28,14.0,50.0,348.0,4,2,4868.0,1877.0,210.0,80.71689575336433,0,17.281768257054924,2.2366243751831765,429,1790.0,10,6.0,5.0,96.0,-26.786297772248588,0,351,534,4496.0,28,6.0,2.0,4842.0,1877.0,210.0,156.70565844890612,0,117.58547519156397,16.0,16.0,35.2,0.0,1102.44,1453.44,0.0,0.0,0.0,0.0,0.0,0.0,0.0,0.0,0.0,0.0,0.0,0.0,0.0,0.0,0.0,0.0,0.0,0.0,0.0,0.0,0.0,0.0,0.0,0.0,0.0,0.0,0.0,0.0,0.0,0.0,0.0,0.0,0.0,0.0,0.0,0.0,0.0,0.0,0.0,0.0,0.0,0.0,0.0,0.0,0.0,0.0,0.0,0.0,0.0,0.0,0.0,0.0,0.0,0.0,0.0,0.0,0.0,0.0,0.0,0.0,0.0,0.0,0.0,0.0,0.0,0.0,0.0,0.0,0.0,0.0,0.0,0.0,0.0,0.0,0.0,0.0,0.0,0.0,0.0,0.0,0.0,0.0,0.0,0.0,0.0,0.0,0.0,0.0,0.0,0.0,0.0,0.0
PIT,2010,2073,352,570,4512.0,26,13.0,52.0,337.0,6,3,5448.0,1826.0,206.0,73.0453567099284,0,23.12922814375645,2.708539662556588,568,2287.0,20,12.0,6.0,131.0,-34.149779009564,3,352,558,4512.0,26,3.0,2.0,5419.0,1826.0,206.0,152.7447405206484,0,129.78030686197036,19.0,19.0,41.8,1.0,1204.38,1556.38,0.0,0.0,0.0,0.0,0.0,0.0,0.0,0.0,0.0,0.0,0.0,0.0,0.0,0.0,0.0,0.0,0.0,0.0,0.0,0.0,0.0,0.0,0.0,0.0,0.0,0.0,0.0,0.0,0.0,0.0,0.0,0.0,0.0,0.0,0.0,0.0,0.0,0.0,0.0,0.0,0.0,0.0,0.0,0.0,0.0,0.0,0.0,0.0,0.0,0.0,0.0,0.0,0.0,0.0,0.0,0.0,0.0,0.0,0.0,0.0,0.0,0.0,0.0,0.0,0.0,0.0,0.0,0.0,0.0,0.0,0.0,0.0,0.0,0.0,0.0,0.0,0.0,0.0,0.0,0.0,0.0,0.0,0.0,0.0,0.0,0.0,0.0,0.0,0.0,0.0,0.0,0.0
PIT,2011,1675,363,579,4622.0,22,16.0,47.0,324.0,8,5,5452.0,1970.0,232.0,87.11722374626787,0,18.72167680917683,2.259329685852627,457,2059.0,14,5.0,4.0,105.0,-11.594802387384306,0,363,577,4622.0,22,4.0,4.0,5452.0,1970.0,232.0,152.27472054340748,0,128.8611701528457,17.0,17.0,37.4,1.0,1104.98,1467.98,0.0,0.0,0.0,0.0,0.0,0.0,0.0,0.0,0.0,0.0,0.0,0.0,0.0,0.0,0.0,0.0,0.0,0.0,0.0,0.0,0.0,0.0,0.0,0.0,0.0,0.0,0.0,0.0,0.0,0.0,0.0,0.0,0.0,0.0,0.0,0.0,0.0,0.0,0.0,0.0,0.0,0.0,0.0,0.0,0.0,0.0,0.0,0.0,0.0,0.0,0.0,0.0,0.0,0.0,0.0,0.0,0.0,0.0,0.0,0.0,0.0,0.0,0.0,0.0,0.0,0.0,0.0,0.0,0.0,0.0,0.0,0.0,0.0,0.0,0.0,0.0,0.0,0.0,0.0,0.0,0.0,0.0,0.0,0.0,0.0,0.0,0.0,0.0,0.0,0.0,0.0,0.0
PIT,2012,1598,354,574,4012.0,27,14.0,37.0,225.0,7,2,4949.0,1846.0,202.0,57.22435750932881,1,14.340030417365472,1.8201041362883457,412,1537.0,8,8.0,6.0,80.0,-56.85732399774909,0,354,563,4012.0,27,11.0,6.0,4942.0,1848.0,202.0,113.28949548053426,1,102.29383811379046,16.0,16.0,35.199999999999996,0.0,981.38,1335.38,0.0,0.0,0.0,0.0,0.0,0.0,0.0,0.0,0.0,0.0,0.0,0.0,0.0,0.0,0.0,0.0,0.0,0.0,0.0,0.0,0.0,0.0,0.0,0.0,0.0,0.0,0.0,0.0,0.0,0.0,0.0,0.0,0.0,0.0,0.0,0.0,0.0,0.0,0.0,0.0,0.0,0.0,0.0,0.0,0.0,0.0,0.0,0.0,0.0,0.0,0.0,0.0,0.0,0.0,0.0,0.0,0.0,0.0,0.0,0.0,0.0,0.0,0.0,0.0,0.0,0.0,0.0,0.0,0.0,0.0,0.0,0.0,0.0,0.0,0.0,0.0,0.0,0.0,0.0,0.0,0.0,0.0,0.0,0.0,0.0,0.0,0.0,0.0,0.0,0.0,0.0,0.0
PIT,2013,1440,377,586,4306.0,28,14.0,43.0,289.0,6,5,4958.0,2057.0,207.0,66.04283509447079,0,17.398041435450242,1.8005525326622365,394,1383.0,9,6.0,3.0,81.0,-64.24743056745237,1,377,579,4301.0,28,3.0,2.0,4946.0,2054.0,207.0,140.59984806039716,0,73.09025019683544,16.0,16.0,35.199999999999996,1.0,1034.64,1411.64,0.0,0.0,0.0,0.0,0.0,0.0,0.0,0.0,0.0,0.0,0.0,0.0,0.0,0.0,0.0,0.0,0.0,0.0,0.0,0.0,0.0,0.0,0.0,0.0,0.0,0.0,0.0,0.0,0.0,0.0,0.0,0.0,0.0,0.0,0.0,0.0,0.0,0.0,0.0,0.0,0.0,0.0,0.0,0.0,0.0,0.0,0.0,0.0,0.0,0.0,0.0,0.0,0.0,0.0,0.0,0.0,0.0,0.0,0.0,0.0,0.0,0.0,0.0,0.0,0.0,0.0,0.0,0.0,0.0,0.0,0.0,0.0,0.0,0.0,0.0,0.0,0.0,0.0,0.0,0.0,0.0,0.0,0.0,0.0,0.0,0.0,0.0,0.0,0.0,0.0,0.0,0.0
PIT,2014,1555,444,660,5353.0,34,12.0,38.0,209.0,4,3,5688.0,2405.0,258.0,156.6178893301058,4,23.696908852198817,2.7035225885428806,442,1820.0,10,8.0,3.0,103.0,-46.7087327995823,0,444,649,5359.0,34,5.0,5.0,5676.0,2410.0,258.0,192.21693426842563,4,127.70103827123233,17.0,17.0,37.4,2.0,1314.02,1758.02,0.0,0.0,0.0,0.0,0.0,0.0,0.0,0.0,0.0,0.0,0.0,0.0,0.0,0.0,0.0,0.0,0.0,0.0,0.0,0.0,0.0,0.0,0.0,0.0,0.0,0.0,0.0,0.0,0.0,0.0,0.0,0.0,0.0,0.0,0.0,0.0,0.0,0.0,0.0,0.0,0.0,0.0,0.0,0.0,0.0,0.0,0.0,0.0,0.0,0.0,0.0,0.0,0.0,0.0,0.0,0.0,0.0,0.0,0.0,0.0,0.0,0.0,0.0,0.0,0.0,0.0,0.0,0.0,0.0,0.0,0.0,0.0,0.0,0.0,0.0,0.0,0.0,0.0,0.0,0.0,0.0,0.0,0.0,0.0,0.0,0.0,0.0,0.0,0.0,0.0,0.0,0.0
PIT,2015,1616,435,663,5401.0,27,22.0,40.0,285.0,3,1,6420.0,2284.0,227.0,57.689147945149784,8,25.018359018717547,3.086629276337341,436,1976.0,17,7.0,2.0,101.0,-17.5970933817962,0,435,656,5404.0,27,3.0,3.0,6404.0,2286.0,227.0,110.79970667367041,8,287.83964973941255,18.0,18.0,39.6,1.0,1308.04,1743.04,0.0,0.0,0.0,0.0,0.0,0.0,0.0,0.0,0.0,0.0,0.0,0.0,0.0,0.0,0.0,0.0,0.0,0.0,0.0,0.0,0.0,0.0,0.0,0.0,0.0,0.0,0.0,0.0,0.0,0.0,0.0,0.0,0.0,0.0,0.0,0.0,0.0,0.0,0.0,0.0,0.0,0.0,0.0,0.0,0.0,0.0,0.0,0.0,0.0,0.0,0.0,0.0,0.0,0.0,0.0,0.0,0.0,0.0,0.0,0.0,0.0,0.0,0.0,0.0,0.0,0.0,0.0,0.0,0.0,0.0,0.0,0.0,0.0,0.0,0.0,0.0,0.0,0.0,0.0,0.0,0.0,0.0,0.0,0.0,0.0,0.0,0.0,0.0,0.0,0.0,0.0,0.0
PIT,2016,1882,445,692,5112.0,36,19.0,23.0,190.0,6,2,5980.0,2347.0,245.0,96.99184216934,4,17.739910471959966,2.4986562976319906,498,2164.0,16,6.0,1.0,119.0,-6.749193302292031,0,445,686,5112.0,36,2.0,1.0,5966.0,2347.0,245.0,138.1887073978223,4,98.69546938786004,19.0,19.0,41.8,0.0,1358.08,1803.08,0.0,0.0,0.0,0.0,0.0,0.0,0.0,0.0,0.0,0.0,0.0,0.0,0.0,0.0,0.0,0.0,0.0,0.0,0.0,0.0,0.0,0.0,0.0,0.0,0.0,0.0,0.0,0.0,0.0,0.0,0.0,0.0,0.0,0.0,0.0,0.0,0.0,0.0,0.0,0.0,0.0,0.0,0.0,0.0,0.0,0.0,0.0,0.0,0.0,0.0,0.0,0.0,0.0,0.0,0.0,0.0,0.0,0.0,0.0,0.0,0.0,0.0,0.0,0.0,0.0,0.0,0.0,0.0,0.0,0.0,0.0,0.0,0.0,0.0,0.0,0.0,0.0,0.0,0.0,0.0,0.0,0.0,0.0,0.0,0.0,0.0,0.0,0.0,0.0,0.0,0.0,0.0
PIT,2017,1603,422,649,5011.0,34,16.0,26.0,161.0,3,3,5671.0,2463.0,241.0,101.2251415428469,2,17.7503139917732,2.439534719251264,455,1750.0,13,4.0,2.0,100.0,-39.51841567000568,0,422,642,5011.0,34,4.0,0.0,5670.0,2463.0,241.0,155.79310097655548,2,70.91812088028749,17.0,17.0,37.4,2.0,1272.54,1694.54,0.0,0.0,0.0,0.0,0.0,0.0,0.0,0.0,0.0,0.0,0.0,0.0,0.0,0.0,0.0,0.0,0.0,0.0,0.0,0.0,0.0,0.0,0.0,0.0,0.0,0.0,0.0,0.0,0.0,0.0,0.0,0.0,0.0,0.0,0.0,0.0,0.0,0.0,0.0,0.0,0.0,0.0,0.0,0.0,0.0,0.0,0.0,0.0,0.0,0.0,0.0,0.0,0.0,0.0,0.0,0.0,0.0,0.0,0.0,0.0,0.0,0.0,0.0,0.0,0.0,0.0,0.0,0.0,0.0,0.0,0.0,0.0,0.0,0.0,0.0,0.0,0.0,0.0,0.0,0.0,0.0,0.0,0.0,0.0,0.0,0.0,0.0,0.0,0.0,0.0,0.0,0.0
PIT,2018,1543,459,689,5174.0,35,17.0,24.0,166.0,7,2,5327.0,2821.0,251.0,135.7263588941487,4,20.048743277598994,2.502716978394222,345,1445.0,16,4.0,2.0,88.0,-13.144225551808944,0,459,676,5174.0,35,7.0,4.0,5233.0,2820.0,251.0,160.85373735928306,4,-82.91318426388132,16.0,16.0,35.199999999999996,0.0,1280.8600000000001,1739.8600000000001,0.0,0.0,0.0,0.0,0.0,0.0,0.0,0.0,0.0,0.0,0.0,0.0,0.0,0.0,0.0,0.0,0.0,0.0,0.0,0.0,0.0,0.0,0.0,0.0,0.0,0.0,0.0,0.0,0.0,0.0,0.0,0.0,0.0,0.0,0.0,0.0,0.0,0.0,0.0,0.0,0.0,0.0,0.0,0.0,0.0,0.0,0.0,0.0,0.0,0.0,0.0,0.0,0.0,0.0,0.0,0.0,0.0,0.0,0.0,0.0,0.0,0.0,0.0,0.0,0.0,0.0,0.0,0.0,0.0,0.0,0.0,0.0,0.0,0.0,0.0,0.0,0.0,0.0,0.0,0.0,0.0,0.0,0.0,0.0,0.0,0.0,0.0,0.0,0.0,0.0,0.0,0.0
PIT,2019,1541,315,510,3214.0,18,19.0,32.0,233.0,9,1,4026.0,1751.0,147.0,-55.97542185582838,0,19.889209642239994,1.4738935146458034,395,1447.0,7,5.0,3.0,75.0,-99.56568982751338,0,315,485,3214.0,18,7.0,4.0,3888.0,1751.0,147.0,-1.3428220017422507,0,106.74103197989129,16.0,16.0,35.199999999999996,1.0,768.66,1083.66,0.0,0.0,0.0,0.0,0.0,0.0,0.0,0.0,0.0,0.0,0.0,0.0,0.0,0.0,0.0,0.0,0.0,0.0,0.0,0.0,0.0,0.0,0.0,0.0,0.0,0.0,0.0,0.0,0.0,0.0,0.0,0.0,0.0,0.0,0.0,0.0,0.0,0.0,0.0,0.0,0.0,0.0,0.0,0.0,0.0,0.0,0.0,0.0,0.0,0.0,0.0,0.0,0.0,0.0,0.0,0.0,0.0,0.0,0.0,0.0,0.0,0.0,0.0,0.0,0.0,0.0,0.0,0.0,0.0,0.0,0.0,0.0,0.0,0.0,0.0,0.0,0.0,0.0,0.0,0.0,0.0,0.0,0.0,0.0,0.0,0.0,0.0,0.0,0.0,0.0,0.0,0.0
PIT,2020,1730,475,724,4630.0,39,15.0,14.0,126.0,2,0,5222.0,2254.0,235.0,70.60812135487714,3,15.691112232966093,1.8589849904309514,389,1403.0,13,7.0,2.0,86.0,-66.459206900576,0,475,720,4630.0,39,8.0,3.0,5197.0,2254.0,235.0,87.15093871769415,3,68.4382133310433,17.0,17.0,37.4,0.0,1228.5,1703.5,0.0,0.0,0.0,0.0,0.0,0.0,0.0,0.0,0.0,0.0,0.0,0.0,0.0,0.0,0.0,0.0,0.0,0.0,0.0,0.0,0.0,0.0,0.0,0.0,0.0,0.0,0.0,0.0,0.0,0.0,0.0,0.0,0.0,0.0,0.0,0.0,0.0,0.0,0.0,0.0,0.0,0.0,0.0,0.0,0.0,0.0,0.0,0.0,0.0,0.0,0.0,0.0,0.0,0.0,0.0,0.0,0.0,0.0,0.0,0.0,0.0,0.0,0.0,0.0,0.0,0.0,0.0,0.0,0.0,0.0,0.0,0.0,0.0,0.0,0.0,0.0,0.0,0.0,0.0,0.0,0.0,0.0,0.0,0.0,0.0,0.0,0.0,0.0,0.0,0.0,0.0,0.0
PIT,2021,1834,454,708,4232.0,25,11.0,40.0,253.0,11,5,4759.0,2162.0,219.0,-59.97424937910678,2,17.93056353643637,0.9896513600102994,431,1639.0,10,1.0,0.0,88.0,-19.28973833226741,0,454,697,4232.0,25,5.0,4.0,4735.0,2162.0,219.0,7.8925715891195605,2,245.89398619900652,18.0,18.0,39.6,1.0,1040.38,1494.38,0.0,0.0,0.0,0.0,0.0,0.0,0.0,0.0,0.0,0.0,0.0,0.0,0.0,0.0,0.0,0.0,0.0,0.0,0.0,0.0,0.0,0.0,0.0,0.0,0.0,0.0,0.0,0.0,0.0,0.0,0.0,0.0,0.0,0.0,0.0,0.0,0.0,0.0,0.0,0.0,0.0,0.0,0.0,0.0,0.0,0.0,0.0,0.0,0.0,0.0,0.0,0.0,0.0,0.0,0.0,0.0,0.0,0.0,0.0,0.0,0.0,0.0,0.0,0.0,0.0,0.0,0.0,0.0,0.0,0.0,0.0,0.0,0.0,0.0,0.0,0.0,0.0,0.0,0.0,0.0,0.0,0.0,0.0,0.0,0.0,0.0,0.0,0.0,0.0,0.0,0.0,0.0
PIT,2022,1692,364,571,3661.0,12,14.0,38.0,250.0,1,1,4708.0,1428.0,189.0,-0.8470195797513966,3,16.600411958994876,1.8863592270062333,500,2073.0,16,6.0,1.0,129.0,5.6126348292362005,0,364,548,3661.0,12,2.0,1.0,4502.0,1428.0,189.0,64.15829703497373,3,83.76637118604512,17.0,17.0,37.4,0.0,913.84,1277.84,0.0,0.0,0.0,0.0,0.0,0.0,0.0,0.0,0.0,0.0,0.0,0.0,0.0,0.0,0.0,0.0,0.0,0.0,0.0,0.0,0.0,0.0,0.0,0.0,0.0,0.0,0.0,0.0,0.0,0.0,0.0,0.0,0.0,0.0,0.0,0.0,0.0,0.0,0.0,0.0,0.0,0.0,0.0,0.0,0.0,0.0,0.0,0.0,0.0,0.0,0.0,0.0,0.0,0.0,0.0,0.0,0.0,0.0,0.0,0.0,0.0,0.0,0.0,0.0,0.0,0.0,0.0,0.0,0.0,0.0,0.0,0.0,0.0,0.0,0.0,0.0,0.0,0.0,0.0,0.0,0.0,0.0,0.0,0.0,0.0,0.0,0.0,0.0,0.0,0.0,0.0,0.0
PIT,2023,1635,345,545,3650.0,15,10.0,37.0,269.0,2,1,4067.0,1845.0,167.0,-46.95934622688104,1,20.4886669642897,1.420767511350475,510,2116.0,16,9.0,3.0,121.0,-38.91104904716116,0,345,522,3650.0,15,8.0,3.0,3985.0,1844.0,167.0,26.888001517851237,1,66.76586763162304,18.0,18.0,39.6,0.0,938.6,1283.6000000000001,0.0,0.0,0.0,0.0,0.0,0.0,0.0,0.0,0.0,0.0,0.0,0.0,0.0,0.0,0.0,0.0,0.0,0.0,0.0,0.0,0.0,0.0,0.0,0.0,0.0,0.0,0.0,0.0,0.0,0.0,0.0,0.0,0.0,0.0,0.0,0.0,0.0,0.0,0.0,0.0,0.0,0.0,0.0,0.0,0.0,0.0,0.0,0.0,0.0,0.0,0.0,0.0,0.0,0.0,0.0,0.0,0.0,0.0,0.0,0.0,0.0,0.0,0.0,0.0,0.0,0.0,0.0,0.0,0.0,0.0,0.0,0.0,0.0,0.0,0.0,0.0,0.0,0.0,0.0,0.0,0.0,0.0,0.0,0.0,0.0,0.0,0.0,0.0,0.0,0.0,0.0,0.0
PIT,2024,1908,341,529,3877.0,23,6.0,53.0,362.0,5,3,4195.0,1774.0,167.0,13.974269588836489,0,18.9525509181347,2.0138536990007174,544,2195.0,14,8.0,4.0,124.0,-50.747496956685914,0,341,486,3879.0,23,5.0,3.0,3831.0,1776.0,167.0,124.22137610067213,0,110.30054450719881,18.0,18.0,39.6,1.0,1050.48,1391.48,0.0,0.0,0.0,0.0,0.0,0.0,0.0,0.0,0.0,0.0,0.0,0.0,0.0,0.0,0.0,0.0,0.0,0.0,0.0,0.0,0.0,0.0,0.0,0.0,0.0,0.0,0.0,0.0,0.0,0.0,0.0,0.0,0.0,0.0,0.0,0.0,0.0,0.0,0.0,0.0,0.0,0.0,0.0,0.0,0.0,0.0,0.0,0.0,0.0,0.0,0.0,0.0,0.0,0.0,0.0,0.0,0.0,0.0,0.0,0.0,0.0,0.0,0.0,0.0,0.0,0.0,0.0,0.0,0.0,0.0,0.0,0.0,0.0,0.0,0.0,0.0,0.0,0.0,0.0,0.0,0.0,0.0,0.0,0.0,0.0,0.0,0.0,0.0,0.0,0.0,0.0,0.0
PIT,2025,6347,383,584,3780.0,26,0.0,0.0,0.0,6,3,3570.0,2448.0,167.0,3.9843741688507706,1,24.921623568991524,0.0,425,1819.0,16,3.0,0.0,114.0,-1.5101365500641393,0,383,553,3780.0,26,6.0,3.0,3457.0,2448.0,167.0,81.56910658170364,1,38.920273419690986,18.0,17.58605491157614,39.3102384381033,0.0,1039.1000000000001,1422.1,10.0,35.0,-228.0,-7.016780931302641,143.0,70.0,43.0,7.0,47.0,32.0,11.0,3.0,143.0,70.0,43.0,7.0,702.0,17.0,579.0,92.0,372.0,19.0,51.0,297.0,115.0,16.0,182.0,96.0,1.0,1.0,1.0,0.0,9.0,-10.0,14.0,28.0,2.0,114.0,874.0,17.0,2.0,3.0,19.0,7.0,29.0,261.0,67.0,1624.0,29.0,34.0,4.0,1.0,646.0,12.083333333333334,0.0,6.0,4.0,10.0,8.0,1.0,0.0,0.0,1.0,1.0,2.0,0.0,1234.0,190.0,30.0,42.0,43.0,0.0,1.0,14.666666666666666,0.0,0.0,0.0,0.0,0.0,68.0,0.0,944.0,3096.0,30.0,3.0,10.0,3.0,24.0,28.0,197.0,0.0,2839.0
SEA,2006,1592,328,581,3804.0,29,25.0,51.0,328.0,5,5,5807.0,1205.0,182.0,-39.0705867803847,1,13.356450050731485,1.1983939434181514,548,2139.0,10,9.0,4.0,130.0,-53.77605210969776,0,328,328,3804.0,29,5.0,3.0,2599.0,1200.0,182.0,307.87703140494983,1,153.18946149558573,18.0,18.0,39.6,1.0,1032.46,1360.46,0.0,0.0,0.0,0.0,0.0,0.0,0.0,0.0,0.0,0.0,0.0,0.0,0.0,0.0,0.0,0.0,0.0,0.0,0.0,0.0,0.0,0.0,0.0,0.0,0.0,0.0,0.0,0.0,0.0,0.0,0.0,0.0,0.0,0.0,0.0,0.0,0.0,0.0,0.0,0.0,0.0,0.0,0.0,0.0,0.0,0.0,0.0,0.0,0.0,0.0,0.0,0.0,0.0,0.0,0.0,0.0,0.0,0.0,0.0,0.0,0.0,0.0,0.0,0.0,0.0,0.0,0.0,0.0,0.0,0.0,0.0,0.0,0.0,0.0,0.0,0.0,0.0,0.0,0.0,0.0,0.0,0.0,0.0,0.0,0.0,0.0,0.0,0.0,0.0,0.0,0.0,0.0
SEA,2007,1695,410,655,4604.0,32,15.0,39.0,241.0,7,3,5371.0,1912.0,230.0,56.23978389447378,1,18.54270827145705,1.9272807652375825,469,1732.0,11,8.0,4.0,100.0,-74.12813997804132,0,410,411,4604.0,32,3.0,3.0,2693.0,1912.0,230.0,354.8157385518033,1,152.60285644130082,18.0,18.0,39.6,3.0,1175.76,1585.76,0.0,0.0,0.0,0.0,0.0,0.0,0.0,0.0,0.0,0.0,0.0,0.0,0.0,0.0,0.0,0.0,0.0,0.0,0.0,0.0,0.0,0.0,0.0,0.0,0.0,0.0,0.0,0.0,0.0,0.0,0.0,0.0,0.0,0.0,0.0,0.0,0.0,0.0,0.0,0.0,0.0,0.0,0.0,0.0,0.0,0.0,0.0,0.0,0.0,0.0,0.0,0.0,0.0,0.0,0.0,0.0,0.0,0.0,0.0,0.0,0.0,0.0,0.0,0.0,0.0,0.0,0.0,0.0,0.0,0.0,0.0,0.0,0.0,0.0,0.0,0.0,0.0,0.0,0.0,0.0,0.0,0.0,0.0,0.0,0.0,0.0,0.0,0.0,0.0,0.0,0.0,0.0
SEA,2008,1376,262,474,2831.0,18,15.0,36.0,214.0,4,2,3949.0,1231.0,142.0,-32.56218231626439,0,12.49165485919902,0.8843637843426287,417,1768.0,10,6.0,5.0,103.0,-16.847862335451005,0,262,262,2831.0,18,4.0,2.0,1600.0,1231.0,142.0,213.97647568139067,0,176.9134325844397,16.0,16.0,35.199999999999996,0.0,765.14,1027.14,0.0,0.0,0.0,0.0,0.0,0.0,0.0,0.0,0.0,0.0,0.0,0.0,0.0,0.0,0.0,0.0,0.0,0.0,0.0,0.0,0.0,0.0,0.0,0.0,0.0,0.0,0.0,0.0,0.0,0.0,0.0,0.0,0.0,0.0,0.0,0.0,0.0,0.0,0.0,0.0,0.0,0.0,0.0,0.0,0.0,0.0,0.0,0.0,0.0,0.0,0.0,0.0,0.0,0.0,0.0,0.0,0.0,0.0,0.0,0.0,0.0,0.0,0.0,0.0,0.0,0.0,0.0,0.0,0.0,0.0,0.0,0.0,0.0,0.0,0.0,0.0,0.0,0.0,0.0,0.0,0.0,0.0,0.0,0.0,0.0,0.0,0.0,0.0,0.0,0.0,0.0,0.0
SEA,2009,1523,372,609,3771.0,20,19.0,41.0,268.0,8,4,4260.0,2077.0,184.0,-49.32101162496271,0,28.83154292504202,0.8399150021954461,395,1566.0,7,11.0,3.0,80.0,-61.96467377318443,0,372,604,3771.0,20,6.0,4.0,4275.0,2077.0,184.0,21.486317713592207,0,34.00087540785515,16.0,16.0,35.2,0.0,866.5400000000001,1238.54,0.0,0.0,0.0,0.0,0.0,0.0,0.0,0.0,0.0,0.0,0.0,0.0,0.0,0.0,0.0,0.0,0.0,0.0,0.0,0.0,0.0,0.0,0.0,0.0,0.0,0.0,0.0,0.0,0.0,0.0,0.0,0.0,0.0,0.0,0.0,0.0,0.0,0.0,0.0,0.0,0.0,0.0,0.0,0.0,0.0,0.0,0.0,0.0,0.0,0.0,0.0,0.0,0.0,0.0,0.0,0.0,0.0,0.0,0.0,0.0,0.0,0.0,0.0,0.0,0.0,0.0,0.0,0.0,0.0,0.0,0.0,0.0,0.0,0.0,0.0,0.0,0.0,0.0,0.0,0.0,0.0,0.0,0.0,0.0,0.0,0.0,0.0,0.0,0.0,0.0,0.0,0.0
SEA,2010,2068,372,625,4063.0,21,21.0,39.0,217.0,7,5,5227.0,1691.0,186.0,-31.080930610804092,2,19.455517495579045,1.1097273293836076,421,1608.0,14,4.0,1.0,86.0,-50.543893908867474,0,372,618,4063.0,21,3.0,2.0,5198.0,1691.0,186.0,30.637473650920274,2,62.60380517492692,18.0,18.0,39.6,4.0,997.62,1369.6200000000001,0.0,0.0,0.0,0.0,0.0,0.0,0.0,0.0,0.0,0.0,0.0,0.0,0.0,0.0,0.0,0.0,0.0,0.0,0.0,0.0,0.0,0.0,0.0,0.0,0.0,0.0,0.0,0.0,0.0,0.0,0.0,0.0,0.0,0.0,0.0,0.0,0.0,0.0,0.0,0.0,0.0,0.0,0.0,0.0,0.0,0.0,0.0,0.0,0.0,0.0,0.0,0.0,0.0,0.0,0.0,0.0,0.0,0.0,0.0,0.0,0.0,0.0,0.0,0.0,0.0,0.0,0.0,0.0,0.0,0.0,0.0,0.0,0.0,0.0,0.0,0.0,0.0,0.0,0.0,0.0,0.0,0.0,0.0,0.0,0.0,0.0,0.0,0.0,0.0,0.0,0.0,0.0
SEA,2011,1687,299,509,3444.0,15,14.0,50.0,339.0,8,5,4604.0,1496.0,153.0,-32.90851415265206,0,15.347058769019357,1.2927557405282304,443,1756.0,15,8.0,4.0,89.0,-51.72727794476172,0,299,501,3444.0,15,1.0,0.0,4568.0,1496.0,153.0,67.3710020778189,0,62.41023948784044,16.0,16.0,35.2,1.0,857.76,1156.76,0.0,0.0,0.0,0.0,0.0,0.0,0.0,0.0,0.0,0.0,0.0,0.0,0.0,0.0,0.0,0.0,0.0,0.0,0.0,0.0,0.0,0.0,0.0,0.0,0.0,0.0,0.0,0.0,0.0,0.0,0.0,0.0,0.0,0.0,0.0,0.0,0.0,0.0,0.0,0.0,0.0,0.0,0.0,0.0,0.0,0.0,0.0,0.0,0.0,0.0,0.0,0.0,0.0,0.0,0.0,0.0,0.0,0.0,0.0,0.0,0.0,0.0,0.0,0.0,0.0,0.0,0.0,0.0,0.0,0.0,0.0,0.0,0.0,0.0,0.0,0.0,0.0,0.0,0.0,0.0,0.0,0.0,0.0,0.0,0.0,0.0,0.0,0.0,0.0,0.0,0.0,0.0
SEA,2012,1885,298,467,3806.0,30,11.0,40.0,251.0,4,2,4749.0,1519.0,181.0,106.44542899933053,1,18.029243652846258,3.2102286955017925,601,2926.0,19,10.0,5.0,150.0,7.294894605756189,0,298,463,3806.0,30,3.0,2.0,4684.0,1525.0,181.0,167.78405935460702,1,205.5322977620473,18.0,18.0,39.6,4.0,1227.44,1525.44,0.0,0.0,0.0,0.0,0.0,0.0,0.0,0.0,0.0,0.0,0.0,0.0,0.0,0.0,0.0,0.0,0.0,0.0,0.0,0.0,0.0,0.0,0.0,0.0,0.0,0.0,0.0,0.0,0.0,0.0,0.0,0.0,0.0,0.0,0.0,0.0,0.0,0.0,0.0,0.0,0.0,0.0,0.0,0.0,0.0,0.0,0.0,0.0,0.0,0.0,0.0,0.0,0.0,0.0,0.0,0.0,0.0,0.0,0.0,0.0,0.0,0.0,0.0,0.0,0.0,0.0,0.0,0.0,0.0,0.0,0.0,0.0,0.0,0.0,0.0,0.0,0.0,0.0,0.0,0.0,0.0,0.0,0.0,0.0,0.0,0.0,0.0,0.0,0.0,0.0,0.0,0.0
SEA,2013,1910,310,489,4032.0,30,9.0,51.0,294.0,9,6,4538.0,1709.0,183.0,90.82464321573266,0,23.06122276100963,3.293836164169729,602,2612.0,18,7.0,1.0,133.0,-37.73724605289383,0,310,474,4032.0,30,5.0,1.0,4444.0,1709.0,183.0,186.38998801789236,0,132.80819894582288,19.0,19.0,41.8,1.0,1205.68,1515.68,0.0,0.0,0.0,0.0,0.0,0.0,0.0,0.0,0.0,0.0,0.0,0.0,0.0,0.0,0.0,0.0,0.0,0.0,0.0,0.0,0.0,0.0,0.0,0.0,0.0,0.0,0.0,0.0,0.0,0.0,0.0,0.0,0.0,0.0,0.0,0.0,0.0,0.0,0.0,0.0,0.0,0.0,0.0,0.0,0.0,0.0,0.0,0.0,0.0,0.0,0.0,0.0,0.0,0.0,0.0,0.0,0.0,0.0,0.0,0.0,0.0,0.0,0.0,0.0,0.0,0.0,0.0,0.0,0.0,0.0,0.0,0.0,0.0,0.0,0.0,0.0,0.0,0.0,0.0,0.0,0.0,0.0,0.0,0.0,0.0,0.0,0.0,0.0,0.0,0.0,0.0,0.0
SEA,2014,2097,329,527,4235.0,27,12.0,52.0,300.0,6,0,4709.0,2110.0,190.0,55.90698883996281,1,20.88144111643192,2.6398741059618835,617,3218.0,23,12.0,2.0,167.0,34.306372167370384,0,329,503,4235.0,27,3.0,2.0,4433.0,2110.0,190.0,135.01621507586447,1,143.60076187198027,19.0,19.0,41.8,1.0,1300.7,1629.7,0.0,0.0,0.0,0.0,0.0,0.0,0.0,0.0,0.0,0.0,0.0,0.0,0.0,0.0,0.0,0.0,0.0,0.0,0.0,0.0,0.0,0.0,0.0,0.0,0.0,0.0,0.0,0.0,0.0,0.0,0.0,0.0,0.0,0.0,0.0,0.0,0.0,0.0,0.0,0.0,0.0,0.0,0.0,0.0,0.0,0.0,0.0,0.0,0.0,0.0,0.0,0.0,0.0,0.0,0.0,0.0,0.0,0.0,0.0,0.0,0.0,0.0,0.0,0.0,0.0,0.0,0.0,0.0,0.0,0.0,0.0,0.0,0.0,0.0,0.0,0.0,0.0,0.0,0.0,0.0,0.0,0.0,0.0,0.0,0.0,0.0,0.0,0.0,0.0,0.0,0.0,0.0
SEA,2015,1917,377,563,4569.0,38,11.0,53.0,325.0,4,2,4887.0,2030.0,217.0,123.07923114118896,0,22.173055305981617,3.080282041144482,540,2443.0,10,8.0,4.0,135.0,-33.960719245839186,1,377,544,4571.0,38,3.0,1.0,4829.0,2032.0,217.0,222.1178057427685,0,108.82420845325694,18.0,18.0,39.6,2.0,1302.16,1679.16,0.0,0.0,0.0,0.0,0.0,0.0,0.0,0.0,0.0,0.0,0.0,0.0,0.0,0.0,0.0,0.0,0.0,0.0,0.0,0.0,0.0,0.0,0.0,0.0,0.0,0.0,0.0,0.0,0.0,0.0,0.0,0.0,0.0,0.0,0.0,0.0,0.0,0.0,0.0,0.0,0.0,0.0,0.0,0.0,0.0,0.0,0.0,0.0,0.0,0.0,0.0,0.0,0.0,0.0,0.0,0.0,0.0,0.0,0.0,0.0,0.0,0.0,0.0,0.0,0.0,0.0,0.0,0.0,0.0,0.0,0.0,0.0,0.0,0.0,0.0,0.0,0.0,0.0,0.0,0.0,0.0,0.0,0.0,0.0,0.0,0.0,0.0,0.0,0.0,0.0,0.0,0.0
SEA,2016,1992,408,627,4871.0,27,14.0,48.0,329.0,8,0,5444.0,1994.0,225.0,69.4758990983492,1,24.466796058598852,2.750928303431021,462,1869.0,14,6.0,3.0,101.0,-38.6574829489835,0,408,606,4871.0,27,6.0,3.0,5312.0,1995.0,225.0,148.43439523573682,1,213.99682326452574,18.0,18.0,39.6,0.0,1186.8400000000001,1594.8400000000001,0.0,0.0,0.0,0.0,0.0,0.0,0.0,0.0,0.0,0.0,0.0,0.0,0.0,0.0,0.0,0.0,0.0,0.0,0.0,0.0,0.0,0.0,0.0,0.0,0.0,0.0,0.0,0.0,0.0,0.0,0.0,0.0,0.0,0.0,0.0,0.0,0.0,0.0,0.0,0.0,0.0,0.0,0.0,0.0,0.0,0.0,0.0,0.0,0.0,0.0,0.0,0.0,0.0,0.0,0.0,0.0,0.0,0.0,0.0,0.0,0.0,0.0,0.0,0.0,0.0,0.0,0.0,0.0,0.0,0.0,0.0,0.0,0.0,0.0,0.0,0.0,0.0,0.0,0.0,0.0,0.0,0.0,0.0,0.0,0.0,0.0,0.0,0.0,0.0,0.0,0.0,0.0
SEA,2017,1455,340,555,3979.0,34,12.0,43.0,322.0,8,3,5439.0,1599.0,183.0,23.40568113374603,2,12.161896601071357,1.8973999560524233,409,1629.0,4,7.0,1.0,84.0,-43.771717408272615,0,340,526,3979.0,34,1.0,1.0,5233.0,1599.0,183.0,113.74315531058225,2,166.34862725423736,16.0,16.0,35.199999999999996,1.0,1063.96,1403.96,0.0,0.0,0.0,0.0,0.0,0.0,0.0,0.0,0.0,0.0,0.0,0.0,0.0,0.0,0.0,0.0,0.0,0.0,0.0,0.0,0.0,0.0,0.0,0.0,0.0,0.0,0.0,0.0,0.0,0.0,0.0,0.0,0.0,0.0,0.0,0.0,0.0,0.0,0.0,0.0,0.0,0.0,0.0,0.0,0.0,0.0,0.0,0.0,0.0,0.0,0.0,0.0,0.0,0.0,0.0,0.0,0.0,0.0,0.0,0.0,0.0,0.0,0.0,0.0,0.0,0.0,0.0,0.0,0.0,0.0,0.0,0.0,0.0,0.0,0.0,0.0,0.0,0.0,0.0,0.0,0.0,0.0,0.0,0.0,0.0,0.0,0.0,0.0,0.0,0.0,0.0,0.0
SEA,2018,1620,298,454,3681.0,36,7.0,52.0,362.0,7,2,4057.0,1483.0,162.0,66.59545031110204,1,15.827745356054878,3.050641543173095,558,2633.0,16,6.0,2.0,138.0,13.290572474310768,2,298,427,3681.0,36,4.0,0.0,3899.0,1483.0,162.0,174.18979506204363,1,83.7282294982724,17.0,17.0,37.4,0.0,1220.64,1518.64,0.0,0.0,0.0,0.0,0.0,0.0,0.0,0.0,0.0,0.0,0.0,0.0,0.0,0.0,0.0,0.0,0.0,0.0,0.0,0.0,0.0,0.0,0.0,0.0,0.0,0.0,0.0,0.0,0.0,0.0,0.0,0.0,0.0,0.0,0.0,0.0,0.0,0.0,0.0,0.0,0.0,0.0,0.0,0.0,0.0,0.0,0.0,0.0,0.0,0.0,0.0,0.0,0.0,0.0,0.0,0.0,0.0,0.0,0.0,0.0,0.0,0.0,0.0,0.0,0.0,0.0,0.0,0.0,0.0,0.0,0.0,0.0,0.0,0.0,0.0,0.0,0.0,0.0,0.0,0.0,0.0,0.0,0.0,0.0,0.0,0.0,0.0,0.0,0.0,0.0,0.0,0.0
SEA,2019,1676,380,578,4712.0,33,6.0,54.0,338.0,5,0,5570.0,1946.0,215.0,111.05548901295147,1,16.146835917461754,3.0217951606377778,531,2374.0,18,13.0,7.0,133.0,-42.37465348774978,0,380,551,4712.0,33,8.0,6.0,5215.0,1946.0,215.0,178.52535018835744,1,116.89042668649347,18.0,18.0,39.6,0.0,1301.08,1681.08,0.0,0.0,0.0,0.0,0.0,0.0,0.0,0.0,0.0,0.0,0.0,0.0,0.0,0.0,0.0,0.0,0.0,0.0,0.0,0.0,0.0,0.0,0.0,0.0,0.0,0.0,0.0,0.0,0.0,0.0,0.0,0.0,0.0,0.0,0.0,0.0,0.0,0.0,0.0,0.0,0.0,0.0,0.0,0.0,0.0,0.0,0.0,0.0,0.0,0.0,0.0,0.0,0.0,0.0,0.0,0.0,0.0,0.0,0.0,0.0,0.0,0.0,0.0,0.0,0.0,0.0,0.0,0.0,0.0,0.0,0.0,0.0,0.0,0.0,0.0,0.0,0.0,0.0,0.0,0.0,0.0,0.0,0.0,0.0,0.0,0.0,0.0,0.0,0.0,0.0,0.0,0.0
SEA,2020,1655,399,590,4419.0,42,14.0,53.0,336.0,2,2,5226.0,1881.0,221.0,63.382471390472865,1,16.379563893519897,2.651991416293335,436,2107.0,15,6.0,2.0,117.0,8.529054516715906,0,399,563,4419.0,42,3.0,0.0,4889.0,1881.0,221.0,164.39541032644317,1,93.95059782495332,17.0,17.0,37.4,0.0,1307.3600000000001,1706.3600000000001,0.0,0.0,0.0,0.0,0.0,0.0,0.0,0.0,0.0,0.0,0.0,0.0,0.0,0.0,0.0,0.0,0.0,0.0,0.0,0.0,0.0,0.0,0.0,0.0,0.0,0.0,0.0,0.0,0.0,0.0,0.0,0.0,0.0,0.0,0.0,0.0,0.0,0.0,0.0,0.0,0.0,0.0,0.0,0.0,0.0,0.0,0.0,0.0,0.0,0.0,0.0,0.0,0.0,0.0,0.0,0.0,0.0,0.0,0.0,0.0,0.0,0.0,0.0,0.0,0.0,0.0,0.0,0.0,0.0,0.0,0.0,0.0,0.0,0.0,0.0,0.0,0.0,0.0,0.0,0.0,0.0,0.0,0.0,0.0,0.0,0.0,0.0,0.0,0.0,0.0,0.0,0.0
SEA,2021,1617,324,495,3815.0,30,7.0,46.0,383.0,5,2,4619.0,1743.0,166.0,15.269291091702414,1,16.588153914793725,2.1719946105255534,413,2074.0,18,4.0,1.0,106.0,16.348847755579502,0,324,474,3815.0,30,6.0,3.0,4429.0,1743.0,166.0,100.99414453433094,1,143.02392982227528,17.0,17.0,37.4,1.0,1133.5,1457.5,0.0,0.0,0.0,0.0,0.0,0.0,0.0,0.0,0.0,0.0,0.0,0.0,0.0,0.0,0.0,0.0,0.0,0.0,0.0,0.0,0.0,0.0,0.0,0.0,0.0,0.0,0.0,0.0,0.0,0.0,0.0,0.0,0.0,0.0,0.0,0.0,0.0,0.0,0.0,0.0,0.0,0.0,0.0,0.0,0.0,0.0,0.0,0.0,0.0,0.0,0.0,0.0,0.0,0.0,0.0,0.0,0.0,0.0,0.0,0.0,0.0,0.0,0.0,0.0,0.0,0.0,0.0,0.0,0.0,0.0,0.0,0.0,0.0,0.0,0.0,0.0,0.0,0.0,0.0,0.0,0.0,0.0,0.0,0.0,0.0,0.0,0.0,0.0,0.0,0.0,0.0,0.0
SEA,2022,1767,424,608,4535.0,32,13.0,49.0,373.0,6,3,4645.0,1857.0,220.0,27.666354523584413,0,19.379472576980362,2.283744071772016,450,2146.0,13,5.0,3.0,112.0,-11.27889849949295,0,424,587,4535.0,32,4.0,4.0,4595.0,1857.0,220.0,109.66102288937631,0,176.54152390522088,18.0,18.0,39.6,1.0,1207.5,1631.5,0.0,0.0,0.0,0.0,0.0,0.0,0.0,0.0,0.0,0.0,0.0,0.0,0.0,0.0,0.0,0.0,0.0,0.0,0.0,0.0,0.0,0.0,0.0,0.0,0.0,0.0,0.0,0.0,0.0,0.0,0.0,0.0,0.0,0.0,0.0,0.0,0.0,0.0,0.0,0.0,0.0,0.0,0.0,0.0,0.0,0.0,0.0,0.0,0.0,0.0,0.0,0.0,0.0,0.0,0.0,0.0,0.0,0.0,0.0,0.0,0.0,0.0,0.0,0.0,0.0,0.0,0.0,0.0,0.0,0.0,0.0,0.0,0.0,0.0,0.0,0.0,0.0,0.0,0.0,0.0,0.0,0.0,0.0,0.0,0.0,0.0,0.0,0.0,0.0,0.0,0.0,0.0
SEA,2023,1616,371,575,4167.0,23,12.0,38.0,257.0,4,2,4121.0,2019.0,189.0,31.268961976085965,2,19.10620791968574,1.6583047734925846,382,1580.0,11,2.0,1.0,93.0,-21.4680270041887,0,371,547,4167.0,23,0.0,0.0,4028.0,2019.0,189.0,119.74094489784794,2,92.44988522688851,17.0,17.0,37.4,0.0,1015.38,1386.38,0.0,0.0,0.0,0.0,0.0,0.0,0.0,0.0,0.0,0.0,0.0,0.0,0.0,0.0,0.0,0.0,0.0,0.0,0.0,0.0,0.0,0.0,0.0,0.0,0.0,0.0,0.0,0.0,0.0,0.0,0.0,0.0,0.0,0.0,0.0,0.0,0.0,0.0,0.0,0.0,0.0,0.0,0.0,0.0,0.0,0.0,0.0,0.0,0.0,0.0,0.0,0.0,0.0,0.0,0.0,0.0,0.0,0.0,0.0,0.0,0.0,0.0,0.0,0.0,0.0,0.0,0.0,0.0,0.0,0.0,0.0,0.0,0.0,0.0,0.0,0.0,0.0,0.0,0.0,0.0,0.0,0.0,0.0,0.0,0.0,0.0,0.0,0.0,0.0,0.0,0.0,0.0
SEA,2024,1520,413,593,4379.0,21,16.0,54.0,359.0,4,0,4114.0,2188.0,211.0,11.264787470504082,0,22.4989788983958,1.8200299325137594,383,1627.0,17,5.0,0.0,88.0,-20.498744777141415,0,413,569,4347.0,21,4.0,3.0,4040.0,2156.0,210.0,102.07258898683997,0,56.77857404218785,17.0,17.0,37.4,1.0,1052.56,1465.56,0.0,0.0,0.0,0.0,0.0,0.0,0.0,0.0,0.0,0.0,0.0,0.0,0.0,0.0,0.0,0.0,0.0,0.0,0.0,0.0,0.0,0.0,0.0,0.0,0.0,0.0,0.0,0.0,0.0,0.0,0.0,0.0,0.0,0.0,0.0,0.0,0.0,0.0,0.0,0.0,0.0,0.0,0.0,0.0,0.0,0.0,0.0,0.0,0.0,0.0,0.0,0.0,0.0,0.0,0.0,0.0,0.0,0.0,0.0,0.0,0.0,0.0,0.0,0.0,0.0,0.0,0.0,0.0,0.0,0.0,0.0,0.0,0.0,0.0,0.0,0.0,0.0,0.0,0.0,0.0,0.0,0.0,0.0,0.0,0.0,0.0,0.0,0.0,0.0,0.0,0.0,0.0
SEA,2025,7486,381,572,4735.0,30,0.0,0.0,0.0,7,5,4570.0,2081.0,216.0,92.02079081516379,2,24.875197065598616,0.0,598,2487.0,23,8.0,3.0,148.0,-40.170550467669344,1,381,541,4735.0,30,9.0,3.0,4455.0,2081.0,216.0,169.19060886023635,2,142.97451049018167,20.0,19.449559790868793,43.61469185360816,5.0,1337.6000000000001,1718.6000000000001,15.0,33.0,-237.0,38.17037064731452,197.0,98.0,62.0,14.0,68.0,46.0,21.0,1.0,197.0,98.0,62.0,14.0,759.0,26.0,590.0,101.0,452.0,15.0,56.0,390.0,141.0,21.0,332.0,116.0,2.0,2.0,0.0,8.0,11.0,-13.0,11.0,65.0,2.0,102.0,827.0,19.0,9.0,4.0,28.0,13.0,31.0,464.0,50.0,1454.0,49.0,56.0,6.0,1.0,853.0,16.216666666666665,0.0,8.0,17.0,15.0,9.0,0.0,0.0,1.0,1.0,2.0,1.0,1.0,1928.0,267.0,53.0,59.0,59.0,0.0,0.0,19.0,1.0,2.0,1.0,0.0,113.0,67.0,0.0,1006.0,3258.0,30.0,7.0,11.0,3.0,21.0,25.0,303.0,1.0,2895.0
SF,2006,1137,259,445,2901.0,16,15.0,37.0,209.0,7,2,3493.0,1410.0,132.0,-36.793828618612835,0,15.021879736151567,1.1670453153253655,436,2179.0,12,9.0,9.0,97.0,-32.45431802223475,0,259,259,2901.0,16,4.0,3.0,1491.0,1410.0,132.0,206.01212472668874,0,89.5762095382756,16.0,16.0,35.2,0.0,798.0400000000001,1057.04,0.0,0.0,0.0,0.0,0.0,0.0,0.0,0.0,0.0,0.0,0.0,0.0,0.0,0.0,0.0,0.0,0.0,0.0,0.0,0.0,0.0,0.0,0.0,0.0,0.0,0.0,0.0,0.0,0.0,0.0,0.0,0.0,0.0,0.0,0.0,0.0,0.0,0.0,0.0,0.0,0.0,0.0,0.0,0.0,0.0,0.0,0.0,0.0,0.0,0.0,0.0,0.0,0.0,0.0,0.0,0.0,0.0,0.0,0.0,0.0,0.0,0.0,0.0,0.0,0.0,0.0,0.0,0.0,0.0,0.0,0.0,0.0,0.0,0.0,0.0,0.0,0.0,0.0,0.0,0.0,0.0,0.0,0.0,0.0,0.0,0.0,0.0,0.0,0.0,0.0,0.0,0.0
SF,2007,1222,274,514,2685.0,15,18.0,54.0,362.0,11,7,4127.0,1209.0,140.0,-165.60129096424083,0,14.627069420900826,0.3150795934175299,357,1477.0,8,10.0,5.0,65.0,-64.12359884580803,0,274,275,2685.0,15,6.0,2.0,1489.0,1204.0,140.0,183.34284327469948,0,244.6140388703962,16.0,16.0,35.199999999999996,0.0,657.6,931.6,0.0,0.0,0.0,0.0,0.0,0.0,0.0,0.0,0.0,0.0,0.0,0.0,0.0,0.0,0.0,0.0,0.0,0.0,0.0,0.0,0.0,0.0,0.0,0.0,0.0,0.0,0.0,0.0,0.0,0.0,0.0,0.0,0.0,0.0,0.0,0.0,0.0,0.0,0.0,0.0,0.0,0.0,0.0,0.0,0.0,0.0,0.0,0.0,0.0,0.0,0.0,0.0,0.0,0.0,0.0,0.0,0.0,0.0,0.0,0.0,0.0,0.0,0.0,0.0,0.0,0.0,0.0,0.0,0.0,0.0,0.0,0.0,0.0,0.0,0.0,0.0,0.0,0.0,0.0,0.0,0.0,0.0,0.0,0.0,0.0,0.0,0.0,0.0,0.0,0.0,0.0,0.0
SF,2008,1305,309,509,3724.0,22,19.0,55.0,345.0,13,5,4113.0,1728.0,176.0,-29.02853203058641,1,17.452650272599588,1.6677358082782494,397,1599.0,10,14.0,7.0,83.0,-40.96160846115474,0,309,309,3724.0,21,5.0,2.0,1996.0,1726.0,176.0,277.1747742533262,1,283.30682520668796,16.0,16.0,35.199999999999996,3.0,911.26,1220.26,0.0,0.0,0.0,0.0,0.0,0.0,0.0,0.0,0.0,0.0,0.0,0.0,0.0,0.0,0.0,0.0,0.0,0.0,0.0,0.0,0.0,0.0,0.0,0.0,0.0,0.0,0.0,0.0,0.0,0.0,0.0,0.0,0.0,0.0,0.0,0.0,0.0,0.0,0.0,0.0,0.0,0.0,0.0,0.0,0.0,0.0,0.0,0.0,0.0,0.0,0.0,0.0,0.0,0.0,0.0,0.0,0.0,0.0,0.0,0.0,0.0,0.0,0.0,0.0,0.0,0.0,0.0,0.0,0.0,0.0,0.0,0.0,0.0,0.0,0.0,0.0,0.0,0.0,0.0,0.0,0.0,0.0,0.0,0.0,0.0,0.0,0.0,0.0,0.0,0.0,0.0,0.0
SF,2009,1292,312,528,3293.0,23,14.0,40.0,241.0,5,2,3644.0,1622.0,137.0,-36.57051763445507,0,16.769136622125828,0.8661631618914187,371,1600.0,12,4.0,2.0,77.0,-36.50521722522777,0,312,521,3293.0,23,2.0,2.0,3642.0,1622.0,137.0,26.875617994484656,0,120.2894641629117,16.0,16.0,35.199999999999996,2.0,895.02,1207.02,0.0,0.0,0.0,0.0,0.0,0.0,0.0,0.0,0.0,0.0,0.0,0.0,0.0,0.0,0.0,0.0,0.0,0.0,0.0,0.0,0.0,0.0,0.0,0.0,0.0,0.0,0.0,0.0,0.0,0.0,0.0,0.0,0.0,0.0,0.0,0.0,0.0,0.0,0.0,0.0,0.0,0.0,0.0,0.0,0.0,0.0,0.0,0.0,0.0,0.0,0.0,0.0,0.0,0.0,0.0,0.0,0.0,0.0,0.0,0.0,0.0,0.0,0.0,0.0,0.0,0.0,0.0,0.0,0.0,0.0,0.0,0.0,0.0,0.0,0.0,0.0,0.0,0.0,0.0,0.0,0.0,0.0,0.0,0.0,0.0,0.0,0.0,0.0,0.0,0.0,0.0,0.0
SF,2010,1329,282,500,3613.0,19,15.0,44.0,257.0,7,2,4145.0,1868.0,149.0,-26.910888721098694,1,16.88508110922797,0.8618524041858848,401,1657.0,10,6.0,2.0,85.0,-34.862454032766806,0,282,488,3613.0,19,3.0,2.0,4102.0,1862.0,149.0,48.080054803493034,1,27.80804785603618,16.0,16.0,35.199999999999996,2.0,895.52,1177.52,0.0,0.0,0.0,0.0,0.0,0.0,0.0,0.0,0.0,0.0,0.0,0.0,0.0,0.0,0.0,0.0,0.0,0.0,0.0,0.0,0.0,0.0,0.0,0.0,0.0,0.0,0.0,0.0,0.0,0.0,0.0,0.0,0.0,0.0,0.0,0.0,0.0,0.0,0.0,0.0,0.0,0.0,0.0,0.0,0.0,0.0,0.0,0.0,0.0,0.0,0.0,0.0,0.0,0.0,0.0,0.0,0.0,0.0,0.0,0.0,0.0,0.0,0.0,0.0,0.0,0.0,0.0,0.0,0.0,0.0,0.0,0.0,0.0,0.0,0.0,0.0,0.0,0.0,0.0,0.0,0.0,0.0,0.0,0.0,0.0,0.0,0.0,0.0,0.0,0.0,0.0,0.0
SF,2011,1836,313,519,3688.0,23,5.0,51.0,316.0,7,3,3992.0,1703.0,166.0,24.16233780532825,1,20.030483971396716,1.5662016461687787,548,2337.0,15,7.0,2.0,113.0,-38.716159926481254,0,313,516,3688.0,23,4.0,1.0,3968.0,1703.0,166.0,98.29888477665101,1,123.76959480820511,18.0,18.0,39.6,2.0,1064.02,1377.02,0.0,0.0,0.0,0.0,0.0,0.0,0.0,0.0,0.0,0.0,0.0,0.0,0.0,0.0,0.0,0.0,0.0,0.0,0.0,0.0,0.0,0.0,0.0,0.0,0.0,0.0,0.0,0.0,0.0,0.0,0.0,0.0,0.0,0.0,0.0,0.0,0.0,0.0,0.0,0.0,0.0,0.0,0.0,0.0,0.0,0.0,0.0,0.0,0.0,0.0,0.0,0.0,0.0,0.0,0.0,0.0,0.0,0.0,0.0,0.0,0.0,0.0,0.0,0.0,0.0,0.0,0.0,0.0,0.0,0.0,0.0,0.0,0.0,0.0,0.0,0.0,0.0,0.0,0.0,0.0,0.0,0.0,0.0,0.0,0.0,0.0,0.0,0.0,0.0,0.0,0.0,0.0
SF,2012,2043,338,516,4349.0,27,10.0,46.0,285.0,5,1,4789.0,1764.0,207.0,108.01140035500862,0,25.453232430221327,3.3964621849509538,593,3145.0,26,13.0,4.0,160.0,46.24313030893593,0,338,511,4349.0,27,6.0,3.0,4730.0,1764.0,207.0,164.2620533854731,0,144.5278932360652,19.0,19.0,41.8,0.0,1313.3600000000001,1651.3600000000001,0.0,0.0,0.0,0.0,0.0,0.0,0.0,0.0,0.0,0.0,0.0,0.0,0.0,0.0,0.0,0.0,0.0,0.0,0.0,0.0,0.0,0.0,0.0,0.0,0.0,0.0,0.0,0.0,0.0,0.0,0.0,0.0,0.0,0.0,0.0,0.0,0.0,0.0,0.0,0.0,0.0,0.0,0.0,0.0,0.0,0.0,0.0,0.0,0.0,0.0,0.0,0.0,0.0,0.0,0.0,0.0,0.0,0.0,0.0,0.0,0.0,0.0,0.0,0.0,0.0,0.0,0.0,0.0,0.0,0.0,0.0,0.0,0.0,0.0,0.0,0.0,0.0,0.0,0.0,0.0,0.0,0.0,0.0,0.0,0.0,0.0,0.0,0.0,0.0,0.0,0.0,0.0
SF,2013,1958,289,501,3786.0,24,11.0,45.0,257.0,5,4,4866.0,1491.0,179.0,65.90327113047918,0,15.126540685100322,2.241230975616021,597,2655.0,21,8.0,5.0,136.0,-27.9797297594409,0,289,494,3786.0,24,4.0,1.0,4814.0,1491.0,179.0,139.64752173323043,0,131.5657347104015,19.0,19.0,41.8,2.0,1131.54,1420.54,0.0,0.0,0.0,0.0,0.0,0.0,0.0,0.0,0.0,0.0,0.0,0.0,0.0,0.0,0.0,0.0,0.0,0.0,0.0,0.0,0.0,0.0,0.0,0.0,0.0,0.0,0.0,0.0,0.0,0.0,0.0,0.0,0.0,0.0,0.0,0.0,0.0,0.0,0.0,0.0,0.0,0.0,0.0,0.0,0.0,0.0,0.0,0.0,0.0,0.0,0.0,0.0,0.0,0.0,0.0,0.0,0.0,0.0,0.0,0.0,0.0,0.0,0.0,0.0,0.0,0.0,0.0,0.0,0.0,0.0,0.0,0.0,0.0,0.0,0.0,0.0,0.0,0.0,0.0,0.0,0.0,0.0,0.0,0.0,0.0,0.0,0.0,0.0,0.0,0.0,0.0,0.0
SF,2014,1421,292,487,3407.0,20,10.0,52.0,344.0,4,3,4737.0,1393.0,165.0,3.442206039439599,0,12.968669016941938,1.2423590426870934,470,2176.0,10,10.0,7.0,104.0,-55.19507517085769,0,292,484,3407.0,20,2.0,1.0,4712.0,1393.0,165.0,85.2865532831551,0,140.87061887865553,16.0,16.0,35.199999999999996,0.0,912.58,1204.58,0.0,0.0,0.0,0.0,0.0,0.0,0.0,0.0,0.0,0.0,0.0,0.0,0.0,0.0,0.0,0.0,0.0,0.0,0.0,0.0,0.0,0.0,0.0,0.0,0.0,0.0,0.0,0.0,0.0,0.0,0.0,0.0,0.0,0.0,0.0,0.0,0.0,0.0,0.0,0.0,0.0,0.0,0.0,0.0,0.0,0.0,0.0,0.0,0.0,0.0,0.0,0.0,0.0,0.0,0.0,0.0,0.0,0.0,0.0,0.0,0.0,0.0,0.0,0.0,0.0,0.0,0.0,0.0,0.0,0.0,0.0,0.0,0.0,0.0,0.0,0.0,0.0,0.0,0.0,0.0,0.0,0.0,0.0,0.0,0.0,0.0,0.0,0.0,0.0,0.0,0.0,0.0
SF,2015,1464,322,526,3646.0,16,12.0,53.0,330.0,3,1,3902.0,1923.0,154.0,-58.25289586175746,1,14.97127854634112,0.8050676701398675,390,1544.0,7,8.0,1.0,83.0,-21.80701015430707,0,322,525,3646.0,16,4.0,1.0,3888.0,1923.0,154.0,14.176351771708724,1,147.7165071097447,16.0,16.0,35.2,0.0,840.84,1162.8400000000001,0.0,0.0,0.0,0.0,0.0,0.0,0.0,0.0,0.0,0.0,0.0,0.0,0.0,0.0,0.0,0.0,0.0,0.0,0.0,0.0,0.0,0.0,0.0,0.0,0.0,0.0,0.0,0.0,0.0,0.0,0.0,0.0,0.0,0.0,0.0,0.0,0.0,0.0,0.0,0.0,0.0,0.0,0.0,0.0,0.0,0.0,0.0,0.0,0.0,0.0,0.0,0.0,0.0,0.0,0.0,0.0,0.0,0.0,0.0,0.0,0.0,0.0,0.0,0.0,0.0,0.0,0.0,0.0,0.0,0.0,0.0,0.0,0.0,0.0,0.0,0.0,0.0,0.0,0.0,0.0,0.0,0.0,0.0,0.0,0.0,0.0,0.0,0.0,0.0,0.0,0.0,0.0
SF,2016,1461,287,491,3166.0,21,10.0,47.0,255.0,7,1,4013.0,1470.0,152.0,-42.01739106312349,0,13.289047542069659,0.31581697823790367,458,2019.0,15,8.0,6.0,116.0,-20.732199308580807,2,287,487,3166.0,21,7.0,4.0,3981.0,1470.0,152.0,11.565185771213548,0,52.17161425602261,16.0,16.0,35.199999999999996,0.0,907.14,1194.14,0.0,0.0,0.0,0.0,0.0,0.0,0.0,0.0,0.0,0.0,0.0,0.0,0.0,0.0,0.0,0.0,0.0,0.0,0.0,0.0,0.0,0.0,0.0,0.0,0.0,0.0,0.0,0.0,0.0,0.0,0.0,0.0,0.0,0.0,0.0,0.0,0.0,0.0,0.0,0.0,0.0,0.0,0.0,0.0,0.0,0.0,0.0,0.0,0.0,0.0,0.0,0.0,0.0,0.0,0.0,0.0,0.0,0.0,0.0,0.0,0.0,0.0,0.0,0.0,0.0,0.0,0.0,0.0,0.0,0.0,0.0,0.0,0.0,0.0,0.0,0.0,0.0,0.0,0.0,0.0,0.0,0.0,0.0,0.0,0.0,0.0,0.0,0.0,0.0,0.0,0.0,0.0
SF,2017,1512,362,607,4235.0,15,15.0,43.0,310.0,4,3,4816.0,1904.0,206.0,-11.680246264545776,0,16.048621952308576,1.4488697714694243,408,1662.0,15,7.0,2.0,88.0,-21.79132004074186,0,362,599,4235.0,15,2.0,2.0,4789.0,1904.0,206.0,63.29215466941761,0,177.66187899967986,16.0,16.0,35.199999999999996,0.0,955.1,1317.1,0.0,0.0,0.0,0.0,0.0,0.0,0.0,0.0,0.0,0.0,0.0,0.0,0.0,0.0,0.0,0.0,0.0,0.0,0.0,0.0,0.0,0.0,0.0,0.0,0.0,0.0,0.0,0.0,0.0,0.0,0.0,0.0,0.0,0.0,0.0,0.0,0.0,0.0,0.0,0.0,0.0,0.0,0.0,0.0,0.0,0.0,0.0,0.0,0.0,0.0,0.0,0.0,0.0,0.0,0.0,0.0,0.0,0.0,0.0,0.0,0.0,0.0,0.0,0.0,0.0,0.0,0.0,0.0,0.0,0.0,0.0,0.0,0.0,0.0,0.0,0.0,0.0,0.0,0.0,0.0,0.0,0.0,0.0,0.0,0.0,0.0,0.0,0.0,0.0,0.0,0.0,0.0
SF,2018,1386,331,532,4247.0,26,20.0,48.0,380.0,6,3,3807.0,2316.0,201.0,5.298840607999226,2,19.077029427092672,1.424618621893134,423,1902.0,7,12.0,6.0,98.0,-48.44378758701906,0,331,515,4247.0,26,3.0,1.0,3760.0,2316.0,201.0,100.28313149637236,2,245.73218683675051,16.0,16.0,35.199999999999996,1.0,1040.78,1371.78,0.0,0.0,0.0,0.0,0.0,0.0,0.0,0.0,0.0,0.0,0.0,0.0,0.0,0.0,0.0,0.0,0.0,0.0,0.0,0.0,0.0,0.0,0.0,0.0,0.0,0.0,0.0,0.0,0.0,0.0,0.0,0.0,0.0,0.0,0.0,0.0,0.0,0.0,0.0,0.0,0.0,0.0,0.0,0.0,0.0,0.0,0.0,0.0,0.0,0.0,0.0,0.0,0.0,0.0,0.0,0.0,0.0,0.0,0.0,0.0,0.0,0.0,0.0,0.0,0.0,0.0,0.0,0.0,0.0,0.0,0.0,0.0,0.0,0.0,0.0,0.0,0.0,0.0,0.0,0.0,0.0,0.0,0.0,0.0,0.0,0.0,0.0,0.0,0.0,0.0,0.0,0.0
SF,2019,1943,368,536,4456.0,30,16.0,40.0,263.0,5,4,3570.0,2405.0,220.0,87.12492616495707,2,27.644736074418297,2.4699438118984336,609,2917.0,30,9.0,4.0,143.0,-10.047621836803968,0,368,524,4456.0,30,3.0,1.0,3484.0,2405.0,220.0,175.88209223247233,2,148.30133558574266,19.0,19.0,41.8,0.0,1353.54,1721.54,0.0,0.0,0.0,0.0,0.0,0.0,0.0,0.0,0.0,0.0,0.0,0.0,0.0,0.0,0.0,0.0,0.0,0.0,0.0,0.0,0.0,0.0,0.0,0.0,0.0,0.0,0.0,0.0,0.0,0.0,0.0,0.0,0.0,0.0,0.0,0.0,0.0,0.0,0.0,0.0,0.0,0.0,0.0,0.0,0.0,0.0,0.0,0.0,0.0,0.0,0.0,0.0,0.0,0.0,0.0,0.0,0.0,0.0,0.0,0.0,0.0,0.0,0.0,0.0,0.0,0.0,0.0,0.0,0.0,0.0,0.0,0.0,0.0,0.0,0.0,0.0,0.0,0.0,0.0,0.0,0.0,0.0,0.0,0.0,0.0,0.0,0.0,0.0,0.0,0.0,0.0,0.0
SF,2020,1501,371,570,4320.0,25,17.0,39.0,287.0,9,7,3783.0,2297.0,217.0,38.059141447774984,1,25.048577539334946,2.5129538438085834,437,1889.0,19,5.0,3.0,101.0,-28.998723299960147,0,371,554,4320.0,25,1.0,0.0,3710.0,2297.0,217.0,134.9015487141137,1,140.45916566911785,16.0,16.0,35.199999999999996,0.0,1107.7,1478.7,0.0,0.0,0.0,0.0,0.0,0.0,0.0,0.0,0.0,0.0,0.0,0.0,0.0,0.0,0.0,0.0,0.0,0.0,0.0,0.0,0.0,0.0,0.0,0.0,0.0,0.0,0.0,0.0,0.0,0.0,0.0,0.0,0.0,0.0,0.0,0.0,0.0,0.0,0.0,0.0,0.0,0.0,0.0,0.0,0.0,0.0,0.0,0.0,0.0,0.0,0.0,0.0,0.0,0.0,0.0,0.0,0.0,0.0,0.0,0.0,0.0,0.0,0.0,0.0,0.0,0.0,0.0,0.0,0.0,0.0,0.0,0.0,0.0,0.0,0.0,0.0,0.0,0.0,0.0,0.0,0.0,0.0,0.0,0.0,0.0,0.0,0.0,0.0,0.0,0.0,0.0,0.0
SF,2021,2015,386,588,4972.0,28,17.0,37.0,241.0,4,2,4429.0,2572.0,230.0,104.52632481212214,1,27.826809075078643,2.5381655784256654,586,2491.0,24,6.0,1.0,143.0,-21.20485670352568,1,386,569,4972.0,28,9.0,4.0,4390.0,2572.0,230.0,161.53235266970654,1,220.10027325623298,20.0,20.0,44.0,1.0,1333.18,1719.18,0.0,0.0,0.0,0.0,0.0,0.0,0.0,0.0,0.0,0.0,0.0,0.0,0.0,0.0,0.0,0.0,0.0,0.0,0.0,0.0,0.0,0.0,0.0,0.0,0.0,0.0,0.0,0.0,0.0,0.0,0.0,0.0,0.0,0.0,0.0,0.0,0.0,0.0,0.0,0.0,0.0,0.0,0.0,0.0,0.0,0.0,0.0,0.0,0.0,0.0,0.0,0.0,0.0,0.0,0.0,0.0,0.0,0.0,0.0,0.0,0.0,0.0,0.0,0.0,0.0,0.0,0.0,0.0,0.0,0.0,0.0,0.0,0.0,0.0,0.0,0.0,0.0,0.0,0.0,0.0,0.0,0.0,0.0,0.0,0.0,0.0,0.0,0.0,0.0,0.0,0.0,0.0
SF,2022,2001,386,589,4692.0,33,9.0,37.0,230.0,2,2,4225.0,2570.0,218.0,122.99349054924747,1,39.184381402414914,2.467762649248243,593,2735.0,23,9.0,6.0,155.0,-37.58475688034215,0,386,572,4692.0,33,4.0,3.0,4031.0,2570.0,218.0,186.27409323211683,1,204.69778787078343,20.0,20.0,44.0,0.0,1362.38,1748.38,0.0,0.0,0.0,0.0,0.0,0.0,0.0,0.0,0.0,0.0,0.0,0.0,0.0,0.0,0.0,0.0,0.0,0.0,0.0,0.0,0.0,0.0,0.0,0.0,0.0,0.0,0.0,0.0,0.0,0.0,0.0,0.0,0.0,0.0,0.0,0.0,0.0,0.0,0.0,0.0,0.0,0.0,0.0,0.0,0.0,0.0,0.0,0.0,0.0,0.0,0.0,0.0,0.0,0.0,0.0,0.0,0.0,0.0,0.0,0.0,0.0,0.0,0.0,0.0,0.0,0.0,0.0,0.0,0.0,0.0,0.0,0.0,0.0,0.0,0.0,0.0,0.0,0.0,0.0,0.0,0.0,0.0,0.0,0.0,0.0,0.0,0.0,0.0,0.0,0.0,0.0,0.0
SF,2023,2032,403,600,5372.0,37,13.0,38.0,213.0,6,3,4931.0,2592.0,246.0,165.97921423545102,0,24.685143018815147,4.025333815687434,587,2765.0,32,6.0,3.0,170.0,17.803578457770897,0,403,574,5372.0,37,3.0,1.0,4701.0,2592.0,246.0,242.9294385449517,0,214.57506182813194,20.0,20.0,44.0,0.0,1550.58,1953.58,0.0,0.0,0.0,0.0,0.0,0.0,0.0,0.0,0.0,0.0,0.0,0.0,0.0,0.0,0.0,0.0,0.0,0.0,0.0,0.0,0.0,0.0,0.0,0.0,0.0,0.0,0.0,0.0,0.0,0.0,0.0,0.0,0.0,0.0,0.0,0.0,0.0,0.0,0.0,0.0,0.0,0.0,0.0,0.0,0.0,0.0,0.0,0.0,0.0,0.0,0.0,0.0,0.0,0.0,0.0,0.0,0.0,0.0,0.0,0.0,0.0,0.0,0.0,0.0,0.0,0.0,0.0,0.0,0.0,0.0,0.0,0.0,0.0,0.0,0.0,0.0,0.0,0.0,0.0,0.0,0.0,0.0,0.0,0.0,0.0,0.0,0.0,0.0,0.0,0.0,0.0,0.0
SF,2024,1481,349,533,4424.0,23,16.0,36.0,190.0,8,4,4528.0,1861.0,204.0,69.31216889322172,0,18.524251836844023,2.112601735203149,457,2163.0,17,7.0,3.0,120.0,-0.31894785433052064,0,349,513,4425.0,23,4.0,1.0,4420.0,1862.0,203.0,137.69813891043668,0,135.56478294863967,17.0,17.0,37.4,1.0,1125.76,1474.76,0.0,0.0,0.0,0.0,0.0,0.0,0.0,0.0,0.0,0.0,0.0,0.0,0.0,0.0,0.0,0.0,0.0,0.0,0.0,0.0,0.0,0.0,0.0,0.0,0.0,0.0,0.0,0.0,0.0,0.0,0.0,0.0,0.0,0.0,0.0,0.0,0.0,0.0,0.0,0.0,0.0,0.0,0.0,0.0,0.0,0.0,0.0,0.0,0.0,0.0,0.0,0.0,0.0,0.0,0.0,0.0,0.0,0.0,0.0,0.0,0.0,0.0,0.0,0.0,0.0,0.0,0.0,0.0,0.0,0.0,0.0,0.0,0.0,0.0,0.0,0.0,0.0,0.0,0.0,0.0,0.0,0.0,0.0,0.0,0.0,0.0,0.0,0.0,0.0,0.0,0.0,0.0
SF,2025,6406,434,637,4753.0,36,0.0,0.0,0.0,7,5,4810.0,2031.0,260.0,100.83504528204654,2,20.476889313382145,0.0,533,2000.0,15,4.0,0.0,129.0,-28.340078300860633,0,434,607,4753.0,36,4.0,3.0,4578.0,2031.0,260.0,161.38645643984148,2,226.25006203824395,19.0,18.11296949369965,41.179078645589755,0.0,1269.42,1703.42,19.0,30.0,-182.0,144.96366937782395,207.0,88.0,55.0,6.0,48.0,30.0,4.0,1.0,207.0,88.0,55.0,6.0,677.0,20.0,594.0,78.0,305.0,13.0,23.0,178.0,62.0,6.0,168.0,59.0,1.0,3.0,0.0,0.0,8.0,3.0,10.0,0.0,0.0,96.0,751.0,15.0,3.0,2.0,18.0,8.0,29.0,307.0,61.0,1605.0,36.0,39.0,2.0,1.0,721.0,15.0,0.0,7.0,10.0,12.0,7.0,0.0,0.0,1.0,0.0,0.0,0.0,1.0,1441.0,91.0,36.0,42.0,47.0,3.0,2.0,15.5,2.0,2.0,0.0,0.0,76.0,48.0,0.0,835.0,2073.0,24.0,2.0,6.0,1.0,17.0,22.0,281.0,1.0,1772.0
TB,2006,1336,296,535,2994.0,14,18.0,33.0,196.0,8,4,3541.0,1355.0,133.0,-119.5225506636433,0,22.777324750744427,0.43077691202760127,404,1523.0,6,10.0,6.0,82.0,-51.25657656665698,0,296,296,2994.0,14,5.0,3.0,1639.0,1355.0,133.0,185.74840315476135,0,135.82184690299047,16.0,16.0,35.199999999999996,0.0,685.46,981.46,0.0,0.0,0.0,0.0,0.0,0.0,0.0,0.0,0.0,0.0,0.0,0.0,0.0,0.0,0.0,0.0,0.0,0.0,0.0,0.0,0.0,0.0,0.0,0.0,0.0,0.0,0.0,0.0,0.0,0.0,0.0,0.0,0.0,0.0,0.0,0.0,0.0,0.0,0.0,0.0,0.0,0.0,0.0,0.0,0.0,0.0,0.0,0.0,0.0,0.0,0.0,0.0,0.0,0.0,0.0,0.0,0.0,0.0,0.0,0.0,0.0,0.0,0.0,0.0,0.0,0.0,0.0,0.0,0.0,0.0,0.0,0.0,0.0,0.0,0.0,0.0,0.0,0.0,0.0,0.0,0.0,0.0,0.0,0.0,0.0,0.0,0.0,0.0,0.0,0.0,0.0,0.0
TB,2007,1471,339,529,3786.0,19,10.0,37.0,227.0,3,1,3781.0,1913.0,173.0,37.06473537389435,0,22.688720885846397,2.1761271387508083,471,1941.0,16,6.0,4.0,106.0,-29.77380263358849,0,339,340,3786.0,19,6.0,5.0,1871.0,1913.0,173.0,253.9214497616095,0,247.43556996352953,17.0,17.0,37.4,1.0,976.14,1315.14,0.0,0.0,0.0,0.0,0.0,0.0,0.0,0.0,0.0,0.0,0.0,0.0,0.0,0.0,0.0,0.0,0.0,0.0,0.0,0.0,0.0,0.0,0.0,0.0,0.0,0.0,0.0,0.0,0.0,0.0,0.0,0.0,0.0,0.0,0.0,0.0,0.0,0.0,0.0,0.0,0.0,0.0,0.0,0.0,0.0,0.0,0.0,0.0,0.0,0.0,0.0,0.0,0.0,0.0,0.0,0.0,0.0,0.0,0.0,0.0,0.0,0.0,0.0,0.0,0.0,0.0,0.0,0.0,0.0,0.0,0.0,0.0,0.0,0.0,0.0,0.0,0.0,0.0,0.0,0.0,0.0,0.0,0.0,0.0,0.0,0.0,0.0,0.0,0.0,0.0,0.0,0.0
TB,2008,1358,355,562,3788.0,18,13.0,33.0,172.0,6,3,4076.0,1637.0,184.0,19.381412907049164,1,17.879063412346802,1.7013589726641043,450,1840.0,13,6.0,3.0,100.0,-37.62407863157328,0,355,356,3788.0,18,5.0,5.0,2137.0,1637.0,184.0,264.1213535831275,1,198.19407531626504,16.0,16.0,35.199999999999996,3.0,946.32,1301.32,0.0,0.0,0.0,0.0,0.0,0.0,0.0,0.0,0.0,0.0,0.0,0.0,0.0,0.0,0.0,0.0,0.0,0.0,0.0,0.0,0.0,0.0,0.0,0.0,0.0,0.0,0.0,0.0,0.0,0.0,0.0,0.0,0.0,0.0,0.0,0.0,0.0,0.0,0.0,0.0,0.0,0.0,0.0,0.0,0.0,0.0,0.0,0.0,0.0,0.0,0.0,0.0,0.0,0.0,0.0,0.0,0.0,0.0,0.0,0.0,0.0,0.0,0.0,0.0,0.0,0.0,0.0,0.0,0.0,0.0,0.0,0.0,0.0,0.0,0.0,0.0,0.0,0.0,0.0,0.0,0.0,0.0,0.0,0.0,0.0,0.0,0.0,0.0,0.0,0.0,0.0,0.0
TB,2009,1458,280,525,3136.0,18,29.0,32.0,161.0,9,1,4674.0,1116.0,148.0,-102.02800056187897,1,12.879301443718768,0.445486418916815,404,1626.0,5,12.0,3.0,80.0,-49.23307239195737,1,280,518,3137.0,18,0.0,0.0,4653.0,1117.0,148.0,-63.2307053954913,1,100.47013190367967,16.0,16.0,35.199999999999996,3.0,769.74,1049.74,0.0,0.0,0.0,0.0,0.0,0.0,0.0,0.0,0.0,0.0,0.0,0.0,0.0,0.0,0.0,0.0,0.0,0.0,0.0,0.0,0.0,0.0,0.0,0.0,0.0,0.0,0.0,0.0,0.0,0.0,0.0,0.0,0.0,0.0,0.0,0.0,0.0,0.0,0.0,0.0,0.0,0.0,0.0,0.0,0.0,0.0,0.0,0.0,0.0,0.0,0.0,0.0,0.0,0.0,0.0,0.0,0.0,0.0,0.0,0.0,0.0,0.0,0.0,0.0,0.0,0.0,0.0,0.0,0.0,0.0,0.0,0.0,0.0,0.0,0.0,0.0,0.0,0.0,0.0,0.0,0.0,0.0,0.0,0.0,0.0,0.0,0.0,0.0,0.0,0.0,0.0,0.0
TB,2010,1666,306,494,3564.0,26,6.0,30.0,203.0,6,1,4487.0,1561.0,172.0,71.63660812909399,0,18.983846601721822,2.7242426878864605,431,2001.0,9,7.0,6.0,97.0,-21.780732184535115,1,306,487,3564.0,26,6.0,3.0,4448.0,1566.0,172.0,107.07340045566453,0,216.41286458416076,16.0,16.0,35.199999999999996,1.0,989.0600000000001,1295.06,0.0,0.0,0.0,0.0,0.0,0.0,0.0,0.0,0.0,0.0,0.0,0.0,0.0,0.0,0.0,0.0,0.0,0.0,0.0,0.0,0.0,0.0,0.0,0.0,0.0,0.0,0.0,0.0,0.0,0.0,0.0,0.0,0.0,0.0,0.0,0.0,0.0,0.0,0.0,0.0,0.0,0.0,0.0,0.0,0.0,0.0,0.0,0.0,0.0,0.0,0.0,0.0,0.0,0.0,0.0,0.0,0.0,0.0,0.0,0.0,0.0,0.0,0.0,0.0,0.0,0.0,0.0,0.0,0.0,0.0,0.0,0.0,0.0,0.0,0.0,0.0,0.0,0.0,0.0,0.0,0.0,0.0,0.0,0.0,0.0,0.0,0.0,0.0,0.0,0.0,0.0,0.0
TB,2011,1525,365,588,3838.0,17,24.0,32.0,188.0,6,3,4405.0,1682.0,180.0,-44.028274568122306,2,17.175053321554522,1.0201210878057985,346,1458.0,9,8.0,5.0,74.0,-42.10497831814403,0,365,580,3840.0,17,6.0,4.0,4361.0,1686.0,180.0,-5.027557980316421,2,171.13371956640825,16.0,16.0,35.199999999999996,0.0,843.32,1208.32,0.0,0.0,0.0,0.0,0.0,0.0,0.0,0.0,0.0,0.0,0.0,0.0,0.0,0.0,0.0,0.0,0.0,0.0,0.0,0.0,0.0,0.0,0.0,0.0,0.0,0.0,0.0,0.0,0.0,0.0,0.0,0.0,0.0,0.0,0.0,0.0,0.0,0.0,0.0,0.0,0.0,0.0,0.0,0.0,0.0,0.0,0.0,0.0,0.0,0.0,0.0,0.0,0.0,0.0,0.0,0.0,0.0,0.0,0.0,0.0,0.0,0.0,0.0,0.0,0.0,0.0,0.0,0.0,0.0,0.0,0.0,0.0,0.0,0.0,0.0,0.0,0.0,0.0,0.0,0.0,0.0,0.0,0.0,0.0,0.0,0.0,0.0,0.0,0.0,0.0,0.0,0.0
TB,2012,1454,311,566,4144.0,27,17.0,26.0,161.0,8,1,5680.0,1656.0,188.0,26.973199657442002,1,14.021175197070349,1.3293198552836787,416,1837.0,13,3.0,2.0,89.0,-5.257732940363338,0,311,559,4144.0,27,0.0,0.0,5622.0,1656.0,188.0,79.29619895834284,1,177.06439119348224,16.0,16.0,35.199999999999996,1.0,1081.8600000000001,1392.8600000000001,0.0,0.0,0.0,0.0,0.0,0.0,0.0,0.0,0.0,0.0,0.0,0.0,0.0,0.0,0.0,0.0,0.0,0.0,0.0,0.0,0.0,0.0,0.0,0.0,0.0,0.0,0.0,0.0,0.0,0.0,0.0,0.0,0.0,0.0,0.0,0.0,0.0,0.0,0.0,0.0,0.0,0.0,0.0,0.0,0.0,0.0,0.0,0.0,0.0,0.0,0.0,0.0,0.0,0.0,0.0,0.0,0.0,0.0,0.0,0.0,0.0,0.0,0.0,0.0,0.0,0.0,0.0,0.0,0.0,0.0,0.0,0.0,0.0,0.0,0.0,0.0,0.0,0.0,0.0,0.0,0.0,0.0,0.0,0.0,0.0,0.0,0.0,0.0,0.0,0.0,0.0,0.0
TB,2013,1374,291,514,3181.0,22,12.0,47.0,361.0,4,4,4714.0,1136.0,157.0,-54.751627601681975,0,12.63247780513708,0.9138033297861865,420,1612.0,6,7.0,2.0,75.0,-38.73699713523597,0,291,494,3181.0,22,1.0,0.0,4623.0,1136.0,157.0,46.34778196133508,0,44.771332048659545,16.0,16.0,35.199999999999996,0.0,826.5400000000001,1117.54,0.0,0.0,0.0,0.0,0.0,0.0,0.0,0.0,0.0,0.0,0.0,0.0,0.0,0.0,0.0,0.0,0.0,0.0,0.0,0.0,0.0,0.0,0.0,0.0,0.0,0.0,0.0,0.0,0.0,0.0,0.0,0.0,0.0,0.0,0.0,0.0,0.0,0.0,0.0,0.0,0.0,0.0,0.0,0.0,0.0,0.0,0.0,0.0,0.0,0.0,0.0,0.0,0.0,0.0,0.0,0.0,0.0,0.0,0.0,0.0,0.0,0.0,0.0,0.0,0.0,0.0,0.0,0.0,0.0,0.0,0.0,0.0,0.0,0.0,0.0,0.0,0.0,0.0,0.0,0.0,0.0,0.0,0.0,0.0,0.0,0.0,0.0,0.0,0.0,0.0,0.0,0.0
TB,2014,1238,301,531,3623.0,21,20.0,52.0,326.0,10,3,5488.0,1154.0,162.0,-30.409433575594925,0,11.492981387352081,0.9732403111969521,353,1375.0,7,5.0,3.0,72.0,-44.84436322258644,0,301,523,3623.0,21,5.0,4.0,5488.0,1154.0,162.0,29.21971102235816,0,146.14960339857862,16.0,16.0,35.199999999999996,0.0,836.72,1137.72,0.0,0.0,0.0,0.0,0.0,0.0,0.0,0.0,0.0,0.0,0.0,0.0,0.0,0.0,0.0,0.0,0.0,0.0,0.0,0.0,0.0,0.0,0.0,0.0,0.0,0.0,0.0,0.0,0.0,0.0,0.0,0.0,0.0,0.0,0.0,0.0,0.0,0.0,0.0,0.0,0.0,0.0,0.0,0.0,0.0,0.0,0.0,0.0,0.0,0.0,0.0,0.0,0.0,0.0,0.0,0.0,0.0,0.0,0.0,0.0,0.0,0.0,0.0,0.0,0.0,0.0,0.0,0.0,0.0,0.0,0.0,0.0,0.0,0.0,0.0,0.0,0.0,0.0,0.0,0.0,0.0,0.0,0.0,0.0,0.0,0.0,0.0,0.0,0.0,0.0,0.0,0.0
TB,2015,1375,312,535,4042.0,22,15.0,27.0,190.0,3,1,5340.0,1476.0,201.0,49.23681380119149,1,12.848774002047982,1.8196904070640902,455,2162.0,12,9.0,6.0,99.0,-29.15192863283919,0,312,525,4042.0,22,4.0,3.0,5316.0,1476.0,201.0,92.38432717255895,1,81.81837399371354,16.0,16.0,35.199999999999996,0.0,1028.08,1340.08,0.0,0.0,0.0,0.0,0.0,0.0,0.0,0.0,0.0,0.0,0.0,0.0,0.0,0.0,0.0,0.0,0.0,0.0,0.0,0.0,0.0,0.0,0.0,0.0,0.0,0.0,0.0,0.0,0.0,0.0,0.0,0.0,0.0,0.0,0.0,0.0,0.0,0.0,0.0,0.0,0.0,0.0,0.0,0.0,0.0,0.0,0.0,0.0,0.0,0.0,0.0,0.0,0.0,0.0,0.0,0.0,0.0,0.0,0.0,0.0,0.0,0.0,0.0,0.0,0.0,0.0,0.0,0.0,0.0,0.0,0.0,0.0,0.0,0.0,0.0,0.0,0.0,0.0,0.0,0.0,0.0,0.0,0.0,0.0,0.0,0.0,0.0,0.0,0.0,0.0,0.0,0.0
TB,2016,1508,355,578,4165.0,29,18.0,35.0,239.0,6,5,5819.0,1404.0,220.0,58.06554820125659,4,13.641955220424569,2.25758845447533,453,1616.0,8,8.0,4.0,80.0,-65.8286240013506,0,355,571,4165.0,29,1.0,0.0,5783.0,1404.0,220.0,137.7978016619649,4,144.20736403325103,16.0,16.0,35.199999999999996,0.0,1044.7,1399.7,0.0,0.0,0.0,0.0,0.0,0.0,0.0,0.0,0.0,0.0,0.0,0.0,0.0,0.0,0.0,0.0,0.0,0.0,0.0,0.0,0.0,0.0,0.0,0.0,0.0,0.0,0.0,0.0,0.0,0.0,0.0,0.0,0.0,0.0,0.0,0.0,0.0,0.0,0.0,0.0,0.0,0.0,0.0,0.0,0.0,0.0,0.0,0.0,0.0,0.0,0.0,0.0,0.0,0.0,0.0,0.0,0.0,0.0,0.0,0.0,0.0,0.0,0.0,0.0,0.0,0.0,0.0,0.0,0.0,0.0,0.0,0.0,0.0,0.0,0.0,0.0,0.0,0.0,0.0,0.0,0.0,0.0,0.0,0.0,0.0,0.0,0.0,0.0,0.0,0.0,0.0,0.0
TB,2017,1765,378,605,4607.0,26,14.0,40.0,241.0,11,6,6172.0,1642.0,243.0,58.62389549660923,1,13.35677076017593,1.92996843380381,389,1450.0,8,7.0,3.0,76.0,-42.64530437061548,1,378,596,4607.0,26,6.0,4.0,6137.0,1642.0,243.0,131.49796820348132,1,173.282912910407,16.0,16.0,35.199999999999996,2.0,1061.98,1439.98,0.0,0.0,0.0,0.0,0.0,0.0,0.0,0.0,0.0,0.0,0.0,0.0,0.0,0.0,0.0,0.0,0.0,0.0,0.0,0.0,0.0,0.0,0.0,0.0,0.0,0.0,0.0,0.0,0.0,0.0,0.0,0.0,0.0,0.0,0.0,0.0,0.0,0.0,0.0,0.0,0.0,0.0,0.0,0.0,0.0,0.0,0.0,0.0,0.0,0.0,0.0,0.0,0.0,0.0,0.0,0.0,0.0,0.0,0.0,0.0,0.0,0.0,0.0,0.0,0.0,0.0,0.0,0.0,0.0,0.0,0.0,0.0,0.0,0.0,0.0,0.0,0.0,0.0,0.0,0.0,0.0,0.0,0.0,0.0,0.0,0.0,0.0,0.0,0.0,0.0,0.0,0.0
TB,2018,1447,408,625,5358.0,36,26.0,41.0,233.0,7,3,6642.0,1769.0,265.0,103.20116847423236,1,15.941497542305184,3.0003197243910398,389,1523.0,11,5.0,2.0,80.0,-39.13322914140107,0,408,619,5358.0,36,7.0,4.0,6564.0,1769.0,265.0,157.08747949440246,1,147.49580356455274,16.0,16.0,35.199999999999996,0.0,1262.42,1670.42,0.0,0.0,0.0,0.0,0.0,0.0,0.0,0.0,0.0,0.0,0.0,0.0,0.0,0.0,0.0,0.0,0.0,0.0,0.0,0.0,0.0,0.0,0.0,0.0,0.0,0.0,0.0,0.0,0.0,0.0,0.0,0.0,0.0,0.0,0.0,0.0,0.0,0.0,0.0,0.0,0.0,0.0,0.0,0.0,0.0,0.0,0.0,0.0,0.0,0.0,0.0,0.0,0.0,0.0,0.0,0.0,0.0,0.0,0.0,0.0,0.0,0.0,0.0,0.0,0.0,0.0,0.0,0.0,0.0,0.0,0.0,0.0,0.0,0.0,0.0,0.0,0.0,0.0,0.0,0.0,0.0,0.0,0.0,0.0,0.0,0.0,0.0,0.0,0.0,0.0,0.0,0.0
TB,2019,1583,382,630,5127.0,33,30.0,47.0,282.0,9,4,6493.0,1898.0,244.0,42.26322932469711,2,14.393107142195023,1.7996938511854297,409,1521.0,15,6.0,3.0,81.0,-53.93232750880886,3,382,607,5127.0,33,3.0,3.0,6396.0,1898.0,244.0,138.06130142344207,2,107.82669585102803,16.0,16.0,35.199999999999996,0.0,1223.88,1605.88,0.0,0.0,0.0,0.0,0.0,0.0,0.0,0.0,0.0,0.0,0.0,0.0,0.0,0.0,0.0,0.0,0.0,0.0,0.0,0.0,0.0,0.0,0.0,0.0,0.0,0.0,0.0,0.0,0.0,0.0,0.0,0.0,0.0,0.0,0.0,0.0,0.0,0.0,0.0,0.0,0.0,0.0,0.0,0.0,0.0,0.0,0.0,0.0,0.0,0.0,0.0,0.0,0.0,0.0,0.0,0.0,0.0,0.0,0.0,0.0,0.0,0.0,0.0,0.0,0.0,0.0,0.0,0.0,0.0,0.0,0.0,0.0,0.0,0.0,0.0,0.0,0.0,0.0,0.0,0.0,0.0,0.0,0.0,0.0,0.0,0.0,0.0,0.0,0.0,0.0,0.0,0.0
TB,2020,2258,491,764,5837.0,52,15.0,28.0,187.0,3,0,7011.0,2336.0,293.0,173.9604062574874,0,18.07155346138592,3.530386479326965,490,2009.0,20,5.0,2.0,108.0,-31.413493048225774,0,491,741,5837.0,52,6.0,3.0,6900.0,2336.0,293.0,223.89168396496822,0,145.553536159624,20.0,20.0,44.0,0.0,1618.0800000000002,2109.08,0.0,0.0,0.0,0.0,0.0,0.0,0.0,0.0,0.0,0.0,0.0,0.0,0.0,0.0,0.0,0.0,0.0,0.0,0.0,0.0,0.0,0.0,0.0,0.0,0.0,0.0,0.0,0.0,0.0,0.0,0.0,0.0,0.0,0.0,0.0,0.0,0.0,0.0,0.0,0.0,0.0,0.0,0.0,0.0,0.0,0.0,0.0,0.0,0.0,0.0,0.0,0.0,0.0,0.0,0.0,0.0,0.0,0.0,0.0,0.0,0.0,0.0,0.0,0.0,0.0,0.0,0.0,0.0,0.0,0.0,0.0,0.0,0.0,0.0,0.0,0.0,0.0,0.0,0.0,0.0,0.0,0.0,0.0,0.0,0.0,0.0,0.0,0.0,0.0,0.0,0.0,0.0
TB,2021,2116,551,822,5983.0,46,13.0,30.0,203.0,4,3,6490.0,2890.0,301.0,139.5143003055584,0,23.8570290094096,2.6037189184920027,430,1829.0,22,3.0,3.0,119.0,-3.3621940150500507,1,551,805,5983.0,46,4.0,2.0,6378.0,2890.0,301.0,196.17508558368823,0,148.24472330172136,19.0,19.0,41.8,0.0,1572.52,2123.52,0.0,0.0,0.0,0.0,0.0,0.0,0.0,0.0,0.0,0.0,0.0,0.0,0.0,0.0,0.0,0.0,0.0,0.0,0.0,0.0,0.0,0.0,0.0,0.0,0.0,0.0,0.0,0.0,0.0,0.0,0.0,0.0,0.0,0.0,0.0,0.0,0.0,0.0,0.0,0.0,0.0,0.0,0.0,0.0,0.0,0.0,0.0,0.0,0.0,0.0,0.0,0.0,0.0,0.0,0.0,0.0,0.0,0.0,0.0,0.0,0.0,0.0,0.0,0.0,0.0,0.0,0.0,0.0,0.0,0.0,0.0,0.0,0.0,0.0,0.0,0.0,0.0,0.0,0.0,0.0,0.0,0.0,0.0,0.0,0.0,0.0,0.0,0.0,0.0,0.0,0.0,0.0
TB,2022,1859,534,817,5097.0,28,11.0,24.0,177.0,4,2,5522.0,2541.0,260.0,48.378150771690805,3,18.986771295799443,1.513747237685842,398,1360.0,5,5.0,3.0,83.0,-84.68291113711193,0,534,785,5097.0,28,5.0,5.0,5395.0,2541.0,260.0,95.95558686996505,3,4.883343452799102,18.0,18.0,39.6,0.0,1129.58,1663.58,0.0,0.0,0.0,0.0,0.0,0.0,0.0,0.0,0.0,0.0,0.0,0.0,0.0,0.0,0.0,0.0,0.0,0.0,0.0,0.0,0.0,0.0,0.0,0.0,0.0,0.0,0.0,0.0,0.0,0.0,0.0,0.0,0.0,0.0,0.0,0.0,0.0,0.0,0.0,0.0,0.0,0.0,0.0,0.0,0.0,0.0,0.0,0.0,0.0,0.0,0.0,0.0,0.0,0.0,0.0,0.0,0.0,0.0,0.0,0.0,0.0,0.0,0.0,0.0,0.0,0.0,0.0,0.0,0.0,0.0,0.0,0.0,0.0,0.0,0.0,0.0,0.0,0.0,0.0,0.0,0.0,0.0,0.0,0.0,0.0,0.0,0.0,0.0,0.0,0.0,0.0,0.0
TB,2023,1885,412,645,4730.0,34,12.0,48.0,292.0,6,3,5514.0,2272.0,219.0,64.40912614043224,2,17.06161080343028,2.0103392302203247,483,1717.0,8,4.0,1.0,92.0,-76.50988317726974,0,412,624,4733.0,34,7.0,4.0,5338.0,2275.0,219.0,150.19378474512325,2,132.67878461799782,19.0,19.0,41.8,0.0,1190.2,1602.2,0.0,0.0,0.0,0.0,0.0,0.0,0.0,0.0,0.0,0.0,0.0,0.0,0.0,0.0,0.0,0.0,0.0,0.0,0.0,0.0,0.0,0.0,0.0,0.0,0.0,0.0,0.0,0.0,0.0,0.0,0.0,0.0,0.0,0.0,0.0,0.0,0.0,0.0,0.0,0.0,0.0,0.0,0.0,0.0,0.0,0.0,0.0,0.0,0.0,0.0,0.0,0.0,0.0,0.0,0.0,0.0,0.0,0.0,0.0,0.0,0.0,0.0,0.0,0.0,0.0,0.0,0.0,0.0,0.0,0.0,0.0,0.0,0.0,0.0,0.0,0.0,0.0,0.0,0.0,0.0,0.0,0.0,0.0,0.0,0.0,0.0,0.0,0.0,0.0,0.0,0.0,0.0
TB,2024,1649,423,589,4690.0,43,16.0,41.0,250.0,4,1,4106.0,2528.0,236.0,130.02655463594135,1,21.87084758533792,2.8854731256028536,508,2637.0,16,13.0,5.0,141.0,11.912509740728321,0,423,580,4681.0,43,5.0,2.0,3996.0,2519.0,235.0,194.71615209489917,1,98.43545208852409,18.0,18.0,39.6,1.0,1407.4,1830.4,0.0,0.0,0.0,0.0,0.0,0.0,0.0,0.0,0.0,0.0,0.0,0.0,0.0,0.0,0.0,0.0,0.0,0.0,0.0,0.0,0.0,0.0,0.0,0.0,0.0,0.0,0.0,0.0,0.0,0.0,0.0,0.0,0.0,0.0,0.0,0.0,0.0,0.0,0.0,0.0,0.0,0.0,0.0,0.0,0.0,0.0,0.0,0.0,0.0,0.0,0.0,0.0,0.0,0.0,0.0,0.0,0.0,0.0,0.0,0.0,0.0,0.0,0.0,0.0,0.0,0.0,0.0,0.0,0.0,0.0,0.0,0.0,0.0,0.0,0.0,0.0,0.0,0.0,0.0,0.0,0.0,0.0,0.0,0.0,0.0,0.0,0.0,0.0,0.0,0.0,0.0,0.0
TB,2025,5290,351,558,3755.0,26,0.0,0.0,0.0,10,3,4504.0,1975.0,174.0,-11.820976122392981,2,15.415633626378526,0.0,472,1947.0,13,3.0,1.0,115.0,0.8377106911577203,0,351,541,3755.0,26,1.0,1.0,4337.0,1975.0,174.0,63.35860473321414,2,8.791944457371928,17.0,16.32800843356221,36.929605903493545,0.0,1034.4,1385.4,11.0,38.0,-255.0,-58.36642957710849,148.0,78.0,55.0,7.0,48.0,34.0,9.0,1.0,148.0,78.0,55.0,7.0,614.0,17.0,409.0,83.0,420.0,12.0,37.0,283.0,90.0,13.0,120.0,69.0,2.0,2.0,1.0,0.0,12.0,-11.0,10.0,0.0,0.0,120.0,862.0,12.0,6.0,1.0,18.0,5.0,26.0,291.0,61.0,1484.0,32.0,38.0,3.0,3.0,701.0,13.083333333333334,0.0,6.0,9.0,6.0,10.0,1.0,0.0,0.0,1.0,2.0,0.0,0.0,1346.0,131.0,136.0,32.0,33.0,1.0,0.0,15.666666666666666,2.0,2.0,0.0,0.0,75.0,63.0,2.0,892.0,2815.0,29.0,4.0,10.0,4.0,21.0,24.0,205.0,0.0,2530.0
TEN,2006,1357,226,446,2748.0,13,19.0,30.0,153.0,6,1,4301.0,1055.0,133.0,-71.51569294847654,1,11.876991896826313,0.8074343691506648,468,2215.0,15,11.0,3.0,105.0,-11.882174463319458,2,226,226,2748.0,13,4.0,3.0,1693.0,1051.0,133.0,186.72204786897558,1,123.29980335863328,16.0,16.0,35.2,3.0,800.22,1026.22,0.0,0.0,0.0,0.0,0.0,0.0,0.0,0.0,0.0,0.0,0.0,0.0,0.0,0.0,0.0,0.0,0.0,0.0,0.0,0.0,0.0,0.0,0.0,0.0,0.0,0.0,0.0,0.0,0.0,0.0,0.0,0.0,0.0,0.0,0.0,0.0,0.0,0.0,0.0,0.0,0.0,0.0,0.0,0.0,0.0,0.0,0.0,0.0,0.0,0.0,0.0,0.0,0.0,0.0,0.0,0.0,0.0,0.0,0.0,0.0,0.0,0.0,0.0,0.0,0.0,0.0,0.0,0.0,0.0,0.0,0.0,0.0,0.0,0.0,0.0,0.0,0.0,0.0,0.0,0.0,0.0,0.0,0.0,0.0,0.0,0.0,0.0,0.0,0.0,0.0,0.0,0.0
TEN,2007,1580,304,493,3215.0,9,18.0,33.0,208.0,6,3,4313.0,1346.0,180.0,-13.475059040061655,0,18.741845837119907,1.658750878880849,573,2228.0,17,12.0,8.0,124.0,-68.5558430985792,0,304,304,3215.0,9,5.0,3.0,1869.0,1340.0,180.0,246.94183049292428,0,193.22105521203036,17.0,17.0,37.4,0.0,800.9,1104.9,0.0,0.0,0.0,0.0,0.0,0.0,0.0,0.0,0.0,0.0,0.0,0.0,0.0,0.0,0.0,0.0,0.0,0.0,0.0,0.0,0.0,0.0,0.0,0.0,0.0,0.0,0.0,0.0,0.0,0.0,0.0,0.0,0.0,0.0,0.0,0.0,0.0,0.0,0.0,0.0,0.0,0.0,0.0,0.0,0.0,0.0,0.0,0.0,0.0,0.0,0.0,0.0,0.0,0.0,0.0,0.0,0.0,0.0,0.0,0.0,0.0,0.0,0.0,0.0,0.0,0.0,0.0,0.0,0.0,0.0,0.0,0.0,0.0,0.0,0.0,0.0,0.0,0.0,0.0,0.0,0.0,0.0,0.0,0.0,0.0,0.0,0.0,0.0,0.0,0.0,0.0,0.0
TEN,2008,1541,292,496,3188.0,13,10.0,13.0,89.0,5,1,4350.0,1446.0,159.0,17.54598498630062,1,46.4047898767413,1.1326815248440356,535,2311.0,25,7.0,4.0,112.0,-36.58230373229912,0,292,293,3188.0,13,7.0,4.0,1759.0,1446.0,159.0,218.93170118238788,1,171.8614058589205,17.0,17.0,37.4,1.0,929.4200000000001,1221.42,0.0,0.0,0.0,0.0,0.0,0.0,0.0,0.0,0.0,0.0,0.0,0.0,0.0,0.0,0.0,0.0,0.0,0.0,0.0,0.0,0.0,0.0,0.0,0.0,0.0,0.0,0.0,0.0,0.0,0.0,0.0,0.0,0.0,0.0,0.0,0.0,0.0,0.0,0.0,0.0,0.0,0.0,0.0,0.0,0.0,0.0,0.0,0.0,0.0,0.0,0.0,0.0,0.0,0.0,0.0,0.0,0.0,0.0,0.0,0.0,0.0,0.0,0.0,0.0,0.0,0.0,0.0,0.0,0.0,0.0,0.0,0.0,0.0,0.0,0.0,0.0,0.0,0.0,0.0,0.0,0.0,0.0,0.0,0.0,0.0,0.0,0.0,0.0,0.0,0.0,0.0,0.0
TEN,2009,1305,271,476,3104.0,16,15.0,14.0,73.0,1,0,4226.0,1314.0,154.0,14.39967113938534,0,13.782474460723137,1.7125602439965142,500,2592.0,19,15.0,9.0,115.0,16.20278882154141,1,271,468,3104.0,16,5.0,4.0,4202.0,1328.0,154.0,19.71553940481474,0,10.806775817889418,16.0,16.0,35.199999999999996,0.0,913.76,1184.76,0.0,0.0,0.0,0.0,0.0,0.0,0.0,0.0,0.0,0.0,0.0,0.0,0.0,0.0,0.0,0.0,0.0,0.0,0.0,0.0,0.0,0.0,0.0,0.0,0.0,0.0,0.0,0.0,0.0,0.0,0.0,0.0,0.0,0.0,0.0,0.0,0.0,0.0,0.0,0.0,0.0,0.0,0.0,0.0,0.0,0.0,0.0,0.0,0.0,0.0,0.0,0.0,0.0,0.0,0.0,0.0,0.0,0.0,0.0,0.0,0.0,0.0,0.0,0.0,0.0,0.0,0.0,0.0,0.0,0.0,0.0,0.0,0.0,0.0,0.0,0.0,0.0,0.0,0.0,0.0,0.0,0.0,0.0,0.0,0.0,0.0,0.0,0.0,0.0,0.0,0.0,0.0
TEN,2010,1450,273,474,3278.0,24,15.0,27.0,171.0,6,5,4887.0,1023.0,155.0,27.508883325811887,1,15.586146348566588,2.4118151246348183,406,1727.0,13,7.0,4.0,73.0,-56.63108440564812,0,273,467,3278.0,24,4.0,2.0,4888.0,1012.0,155.0,79.24296216362885,1,120.10391544697909,16.0,16.0,35.199999999999996,2.0,913.62,1186.6200000000001,0.0,0.0,0.0,0.0,0.0,0.0,0.0,0.0,0.0,0.0,0.0,0.0,0.0,0.0,0.0,0.0,0.0,0.0,0.0,0.0,0.0,0.0,0.0,0.0,0.0,0.0,0.0,0.0,0.0,0.0,0.0,0.0,0.0,0.0,0.0,0.0,0.0,0.0,0.0,0.0,0.0,0.0,0.0,0.0,0.0,0.0,0.0,0.0,0.0,0.0,0.0,0.0,0.0,0.0,0.0,0.0,0.0,0.0,0.0,0.0,0.0,0.0,0.0,0.0,0.0,0.0,0.0,0.0,0.0,0.0,0.0,0.0,0.0,0.0,0.0,0.0,0.0,0.0,0.0,0.0,0.0,0.0,0.0,0.0,0.0,0.0,0.0,0.0,0.0,0.0,0.0,0.0
TEN,2011,1496,353,584,4113.0,22,14.0,24.0,190.0,4,1,4715.0,1896.0,185.0,17.07791895914953,0,23.99321185348298,1.4761213746648094,376,1438.0,8,6.0,3.0,71.0,-44.56148598527014,0,353,581,4113.0,22,5.0,4.0,4698.0,1897.0,185.0,45.97912903023199,0,54.908868809853594,16.0,16.0,35.199999999999996,3.0,961.62,1314.6200000000001,0.0,0.0,0.0,0.0,0.0,0.0,0.0,0.0,0.0,0.0,0.0,0.0,0.0,0.0,0.0,0.0,0.0,0.0,0.0,0.0,0.0,0.0,0.0,0.0,0.0,0.0,0.0,0.0,0.0,0.0,0.0,0.0,0.0,0.0,0.0,0.0,0.0,0.0,0.0,0.0,0.0,0.0,0.0,0.0,0.0,0.0,0.0,0.0,0.0,0.0,0.0,0.0,0.0,0.0,0.0,0.0,0.0,0.0,0.0,0.0,0.0,0.0,0.0,0.0,0.0,0.0,0.0,0.0,0.0,0.0,0.0,0.0,0.0,0.0,0.0,0.0,0.0,0.0,0.0,0.0,0.0,0.0,0.0,0.0,0.0,0.0,0.0,0.0,0.0,0.0,0.0,0.0
TEN,2012,1429,318,540,3577.0,17,16.0,39.0,254.0,4,3,4783.0,1398.0,166.0,-39.16212526092853,1,14.413161938674351,0.9464100985493386,378,1687.0,10,6.0,5.0,70.0,-36.89541017341222,0,318,537,3577.0,17,9.0,4.0,4777.0,1397.0,166.0,14.023883354415085,1,152.08639106581137,16.0,16.0,35.2,4.0,871.48,1189.48,0.0,0.0,0.0,0.0,0.0,0.0,0.0,0.0,0.0,0.0,0.0,0.0,0.0,0.0,0.0,0.0,0.0,0.0,0.0,0.0,0.0,0.0,0.0,0.0,0.0,0.0,0.0,0.0,0.0,0.0,0.0,0.0,0.0,0.0,0.0,0.0,0.0,0.0,0.0,0.0,0.0,0.0,0.0,0.0,0.0,0.0,0.0,0.0,0.0,0.0,0.0,0.0,0.0,0.0,0.0,0.0,0.0,0.0,0.0,0.0,0.0,0.0,0.0,0.0,0.0,0.0,0.0,0.0,0.0,0.0,0.0,0.0,0.0,0.0,0.0,0.0,0.0,0.0,0.0,0.0,0.0,0.0,0.0,0.0,0.0,0.0,0.0,0.0,0.0,0.0,0.0,0.0
TEN,2013,1371,328,533,3710.0,22,16.0,37.0,214.0,8,2,4799.0,1655.0,172.0,34.69799812268391,0,14.143979747550254,1.823570242339257,462,1894.0,16,8.0,2.0,103.0,-12.471040649243225,0,328,526,3710.0,22,4.0,1.0,4781.0,1661.0,172.0,91.25803328659912,0,65.02889569506932,16.0,16.0,35.199999999999996,0.0,982.8000000000001,1310.8,0.0,0.0,0.0,0.0,0.0,0.0,0.0,0.0,0.0,0.0,0.0,0.0,0.0,0.0,0.0,0.0,0.0,0.0,0.0,0.0,0.0,0.0,0.0,0.0,0.0,0.0,0.0,0.0,0.0,0.0,0.0,0.0,0.0,0.0,0.0,0.0,0.0,0.0,0.0,0.0,0.0,0.0,0.0,0.0,0.0,0.0,0.0,0.0,0.0,0.0,0.0,0.0,0.0,0.0,0.0,0.0,0.0,0.0,0.0,0.0,0.0,0.0,0.0,0.0,0.0,0.0,0.0,0.0,0.0,0.0,0.0,0.0,0.0,0.0,0.0,0.0,0.0,0.0,0.0,0.0,0.0,0.0,0.0,0.0,0.0,0.0,0.0,0.0,0.0,0.0,0.0,0.0
TEN,2014,1516,299,513,3738.0,20,16.0,50.0,326.0,8,3,4701.0,1671.0,159.0,-69.45352882514305,0,17.750155301018605,1.1683299721437161,356,1447.0,6,5.0,3.0,75.0,-29.957071735933738,0,299,505,3728.0,20,4.0,2.0,4716.0,1661.0,159.0,20.373432047954964,0,97.06797845468081,16.0,16.0,35.199999999999996,0.0,855.02,1154.02,0.0,0.0,0.0,0.0,0.0,0.0,0.0,0.0,0.0,0.0,0.0,0.0,0.0,0.0,0.0,0.0,0.0,0.0,0.0,0.0,0.0,0.0,0.0,0.0,0.0,0.0,0.0,0.0,0.0,0.0,0.0,0.0,0.0,0.0,0.0,0.0,0.0,0.0,0.0,0.0,0.0,0.0,0.0,0.0,0.0,0.0,0.0,0.0,0.0,0.0,0.0,0.0,0.0,0.0,0.0,0.0,0.0,0.0,0.0,0.0,0.0,0.0,0.0,0.0,0.0,0.0,0.0,0.0,0.0,0.0,0.0,0.0,0.0,0.0,0.0,0.0,0.0,0.0,0.0,0.0,0.0,0.0,0.0,0.0,0.0,0.0,0.0,0.0,0.0,0.0,0.0,0.0
TEN,2015,1540,342,551,3893.0,25,17.0,54.0,390.0,10,8,4858.0,1619.0,195.0,-62.16859418086284,3,18.920518407347643,1.657491234382973,371,1485.0,10,9.0,4.0,66.0,-52.03020722653666,0,342,543,3893.0,25,2.0,2.0,4853.0,1619.0,195.0,55.236890190345264,3,131.46190115947545,16.0,16.0,35.199999999999996,0.0,953.52,1295.52,0.0,0.0,0.0,0.0,0.0,0.0,0.0,0.0,0.0,0.0,0.0,0.0,0.0,0.0,0.0,0.0,0.0,0.0,0.0,0.0,0.0,0.0,0.0,0.0,0.0,0.0,0.0,0.0,0.0,0.0,0.0,0.0,0.0,0.0,0.0,0.0,0.0,0.0,0.0,0.0,0.0,0.0,0.0,0.0,0.0,0.0,0.0,0.0,0.0,0.0,0.0,0.0,0.0,0.0,0.0,0.0,0.0,0.0,0.0,0.0,0.0,0.0,0.0,0.0,0.0,0.0,0.0,0.0,0.0,0.0,0.0,0.0,0.0,0.0,0.0,0.0,0.0,0.0,0.0,0.0,0.0,0.0,0.0,0.0,0.0,0.0,0.0,0.0,0.0,0.0,0.0,0.0
TEN,2016,1217,307,504,3720.0,29,11.0,28.0,179.0,3,2,4750.0,1329.0,175.0,51.951088725642585,0,14.506216747161368,2.000474699387626,476,2187.0,16,9.0,4.0,115.0,-19.810561351048396,0,307,490,3720.0,29,2.0,1.0,4695.0,1321.0,175.0,95.70341479645289,0,186.03307907035133,16.0,16.0,35.199999999999996,0.0,1089.5,1396.5,0.0,0.0,0.0,0.0,0.0,0.0,0.0,0.0,0.0,0.0,0.0,0.0,0.0,0.0,0.0,0.0,0.0,0.0,0.0,0.0,0.0,0.0,0.0,0.0,0.0,0.0,0.0,0.0,0.0,0.0,0.0,0.0,0.0,0.0,0.0,0.0,0.0,0.0,0.0,0.0,0.0,0.0,0.0,0.0,0.0,0.0,0.0,0.0,0.0,0.0,0.0,0.0,0.0,0.0,0.0,0.0,0.0,0.0,0.0,0.0,0.0,0.0,0.0,0.0,0.0,0.0,0.0,0.0,0.0,0.0,0.0,0.0,0.0,0.0,0.0,0.0,0.0,0.0,0.0,0.0,0.0,0.0,0.0,0.0,0.0,0.0,0.0,0.0,0.0,0.0,0.0,0.0
TEN,2017,1700,348,565,3863.0,18,18.0,45.0,265.0,2,2,5105.0,1482.0,180.0,-43.48470786912886,0,14.31248426537636,1.6568720511510537,490,2100.0,19,5.0,2.0,109.0,-27.63892072295694,0,348,552,3863.0,18,3.0,2.0,5022.0,1482.0,180.0,18.155054755449864,0,148.62854279540585,18.0,18.0,39.6,0.0,996.82,1344.82,0.0,0.0,0.0,0.0,0.0,0.0,0.0,0.0,0.0,0.0,0.0,0.0,0.0,0.0,0.0,0.0,0.0,0.0,0.0,0.0,0.0,0.0,0.0,0.0,0.0,0.0,0.0,0.0,0.0,0.0,0.0,0.0,0.0,0.0,0.0,0.0,0.0,0.0,0.0,0.0,0.0,0.0,0.0,0.0,0.0,0.0,0.0,0.0,0.0,0.0,0.0,0.0,0.0,0.0,0.0,0.0,0.0,0.0,0.0,0.0,0.0,0.0,0.0,0.0,0.0,0.0,0.0,0.0,0.0,0.0,0.0,0.0,0.0,0.0,0.0,0.0,0.0,0.0,0.0,0.0,0.0,0.0,0.0,0.0,0.0,0.0,0.0,0.0,0.0,0.0,0.0,0.0
TEN,2018,1430,293,437,3255.0,16,12.0,47.0,280.0,5,1,3265.0,1648.0,156.0,-4.733823819085577,0,27.030788348185624,1.784840360387836,454,2023.0,15,4.0,2.0,106.0,-18.456376603374345,0,293,425,3255.0,16,4.0,2.0,3203.0,1648.0,156.0,66.5616989552596,0,76.43117800970401,16.0,16.0,35.199999999999996,1.0,880.0,1173.0,0.0,0.0,0.0,0.0,0.0,0.0,0.0,0.0,0.0,0.0,0.0,0.0,0.0,0.0,0.0,0.0,0.0,0.0,0.0,0.0,0.0,0.0,0.0,0.0,0.0,0.0,0.0,0.0,0.0,0.0,0.0,0.0,0.0,0.0,0.0,0.0,0.0,0.0,0.0,0.0,0.0,0.0,0.0,0.0,0.0,0.0,0.0,0.0,0.0,0.0,0.0,0.0,0.0,0.0,0.0,0.0,0.0,0.0,0.0,0.0,0.0,0.0,0.0,0.0,0.0,0.0,0.0,0.0,0.0,0.0,0.0,0.0,0.0,0.0,0.0,0.0,0.0,0.0,0.0,0.0,0.0,0.0,0.0,0.0,0.0,0.0,0.0,0.0,0.0,0.0,0.0,0.0
TEN,2019,2163,336,511,4360.0,35,9.0,61.0,414.0,8,3,4482.0,2025.0,200.0,66.24649321014556,0,32.14955510060691,2.700019941286145,545,2726.0,24,9.0,4.0,130.0,15.203221188790906,1,336,490,4360.0,35,4.0,1.0,4403.0,2025.0,200.0,183.75963817046645,0,104.28829648902702,19.0,19.0,41.8,1.0,1351.0,1687.0,0.0,0.0,0.0,0.0,0.0,0.0,0.0,0.0,0.0,0.0,0.0,0.0,0.0,0.0,0.0,0.0,0.0,0.0,0.0,0.0,0.0,0.0,0.0,0.0,0.0,0.0,0.0,0.0,0.0,0.0,0.0,0.0,0.0,0.0,0.0,0.0,0.0,0.0,0.0,0.0,0.0,0.0,0.0,0.0,0.0,0.0,0.0,0.0,0.0,0.0,0.0,0.0,0.0,0.0,0.0,0.0,0.0,0.0,0.0,0.0,0.0,0.0,0.0,0.0,0.0,0.0,0.0,0.0,0.0,0.0,0.0,0.0,0.0,0.0,0.0,0.0,0.0,0.0,0.0,0.0,0.0,0.0,0.0,0.0,0.0,0.0,0.0,0.0,0.0,0.0,0.0,0.0
TEN,2020,1817,334,511,3991.0,35,8.0,26.0,180.0,5,1,4247.0,1599.0,212.0,124.86309315943046,1,17.51868558513835,2.8622863026867305,543,2741.0,26,5.0,2.0,143.0,41.13556842294517,3,334,494,3991.0,34,3.0,2.0,4052.0,1599.0,212.0,177.73914113828664,1,130.7288445530413,17.0,17.0,37.4,1.0,1322.8400000000001,1656.8400000000001,0.0,0.0,0.0,0.0,0.0,0.0,0.0,0.0,0.0,0.0,0.0,0.0,0.0,0.0,0.0,0.0,0.0,0.0,0.0,0.0,0.0,0.0,0.0,0.0,0.0,0.0,0.0,0.0,0.0,0.0,0.0,0.0,0.0,0.0,0.0,0.0,0.0,0.0,0.0,0.0,0.0,0.0,0.0,0.0,0.0,0.0,0.0,0.0,0.0,0.0,0.0,0.0,0.0,0.0,0.0,0.0,0.0,0.0,0.0,0.0,0.0,0.0,0.0,0.0,0.0,0.0,0.0,0.0,0.0,0.0,0.0,0.0,0.0,0.0,0.0,0.0,0.0,0.0,0.0,0.0,0.0,0.0,0.0,0.0,0.0,0.0,0.0,0.0,0.0,0.0,0.0,0.0
TEN,2021,1982,374,559,3965.0,24,17.0,48.0,334.0,6,3,4266.0,1827.0,203.0,23.002199230510133,1,20.48237728713146,2.311905784879421,578,2544.0,24,9.0,4.0,141.0,-3.3408715908065867,1,374,546,3965.0,23,4.0,3.0,4138.0,1827.0,203.0,107.6820617950776,1,170.90205451387163,18.0,18.0,39.6,0.0,1139.5,1513.5,0.0,0.0,0.0,0.0,0.0,0.0,0.0,0.0,0.0,0.0,0.0,0.0,0.0,0.0,0.0,0.0,0.0,0.0,0.0,0.0,0.0,0.0,0.0,0.0,0.0,0.0,0.0,0.0,0.0,0.0,0.0,0.0,0.0,0.0,0.0,0.0,0.0,0.0,0.0,0.0,0.0,0.0,0.0,0.0,0.0,0.0,0.0,0.0,0.0,0.0,0.0,0.0,0.0,0.0,0.0,0.0,0.0,0.0,0.0,0.0,0.0,0.0,0.0,0.0,0.0,0.0,0.0,0.0,0.0,0.0,0.0,0.0,0.0,0.0,0.0,0.0,0.0,0.0,0.0,0.0,0.0,0.0,0.0,0.0,0.0,0.0,0.0,0.0,0.0,0.0,0.0,0.0
TEN,2022,1623,285,456,3227.0,17,11.0,49.0,313.0,7,3,3567.0,1541.0,153.0,-27.628714575932566,1,17.585791180051057,1.187626091004119,487,2131.0,16,7.0,5.0,104.0,-38.464865175018424,0,285,436,3227.0,16,2.0,1.0,3345.0,1541.0,153.0,69.14490141640378,1,101.77623072585749,17.0,17.0,37.4,0.0,888.88,1173.88,0.0,0.0,0.0,0.0,0.0,0.0,0.0,0.0,0.0,0.0,0.0,0.0,0.0,0.0,0.0,0.0,0.0,0.0,0.0,0.0,0.0,0.0,0.0,0.0,0.0,0.0,0.0,0.0,0.0,0.0,0.0,0.0,0.0,0.0,0.0,0.0,0.0,0.0,0.0,0.0,0.0,0.0,0.0,0.0,0.0,0.0,0.0,0.0,0.0,0.0,0.0,0.0,0.0,0.0,0.0,0.0,0.0,0.0,0.0,0.0,0.0,0.0,0.0,0.0,0.0,0.0,0.0,0.0,0.0,0.0,0.0,0.0,0.0,0.0,0.0,0.0,0.0,0.0,0.0,0.0,0.0,0.0,0.0,0.0,0.0,0.0,0.0,0.0,0.0,0.0,0.0,0.0
TEN,2023,1504,304,494,3512.0,14,11.0,64.0,445.0,7,2,4569.0,1596.0,158.0,-32.71673978224129,1,19.28227829622988,1.3929312540744705,444,1846.0,16,6.0,4.0,103.0,-26.854351771577814,0,304,478,3512.0,14,2.0,0.0,4514.0,1596.0,158.0,72.25670070426312,1,88.98871610681687,17.0,17.0,37.4,0.0,882.2800000000001,1186.28,0.0,0.0,0.0,0.0,0.0,0.0,0.0,0.0,0.0,0.0,0.0,0.0,0.0,0.0,0.0,0.0,0.0,0.0,0.0,0.0,0.0,0.0,0.0,0.0,0.0,0.0,0.0,0.0,0.0,0.0,0.0,0.0,0.0,0.0,0.0,0.0,0.0,0.0,0.0,0.0,0.0,0.0,0.0,0.0,0.0,0.0,0.0,0.0,0.0,0.0,0.0,0.0,0.0,0.0,0.0,0.0,0.0,0.0,0.0,0.0,0.0,0.0,0.0,0.0,0.0,0.0,0.0,0.0,0.0,0.0,0.0,0.0,0.0,0.0,0.0,0.0,0.0,0.0,0.0,0.0,0.0,0.0,0.0,0.0,0.0,0.0,0.0,0.0,0.0,0.0,0.0,0.0
TEN,2024,1648,336,530,3621.0,22,21.0,52.0,304.0,7,3,4275.0,1585.0,164.0,-67.99548932357204,2,20.908178911499665,1.1303954028669758,450,1855.0,11,11.0,7.0,112.0,-51.31917974443962,1,336,507,3621.0,22,3.0,1.0,4248.0,1585.0,164.0,30.05791030465537,2,130.87994713607176,17.0,17.0,37.4,0.0,924.44,1260.44,0.0,0.0,0.0,0.0,0.0,0.0,0.0,0.0,0.0,0.0,0.0,0.0,0.0,0.0,0.0,0.0,0.0,0.0,0.0,0.0,0.0,0.0,0.0,0.0,0.0,0.0,0.0,0.0,0.0,0.0,0.0,0.0,0.0,0.0,0.0,0.0,0.0,0.0,0.0,0.0,0.0,0.0,0.0,0.0,0.0,0.0,0.0,0.0,0.0,0.0,0.0,0.0,0.0,0.0,0.0,0.0,0.0,0.0,0.0,0.0,0.0,0.0,0.0,0.0,0.0,0.0,0.0,0.0,0.0,0.0,0.0,0.0,0.0,0.0,0.0,0.0,0.0,0.0,0.0,0.0,0.0,0.0,0.0,0.0,0.0,0.0,0.0,0.0,0.0,0.0,0.0,0.0
TEN,2025,5304,340,570,3241.0,15,0.0,0.0,0.0,9,7,4014.0,1627.0,156.0,-133.12214194383415,0,17.057287142938957,0.0,378,1589.0,9,4.0,2.0,85.0,-25.112890079635353,0,340,530,3241.0,15,1.0,1.0,3923.0,1627.0,156.0,12.22552291070413,0,194.66805367883046,17.0,16.638080626802367,37.14665643876165,2.0,792.64,1132.64,8.0,56.0,-417.0,-44.670171688838025,128.0,59.0,41.0,3.0,40.0,20.0,10.0,2.0,128.0,59.0,41.0,3.0,615.0,30.0,456.0,83.0,365.0,7.0,42.0,302.0,98.0,6.0,76.0,63.0,1.0,1.0,1.0,7.0,6.0,-2.0,7.0,30.0,1.0,120.0,961.0,13.0,4.0,0.0,17.0,11.0,24.0,399.0,65.0,1669.0,29.0,36.0,6.0,1.0,617.0,13.0,0.0,6.0,6.0,8.0,9.0,0.0,0.0,0.0,0.0,2.0,3.0,1.0,1218.0,308.0,62.0,27.0,28.0,1.0,0.0,13.5,1.0,1.0,0.0,0.0,29.0,78.0,0.0,933.0,3653.0,22.0,6.0,6.0,7.0,21.0,38.0,366.0,0.0,3147.0
WAS,2006,1191,274,471,3174.0,19,10.0,20.0,152.0,1,0,3916.0,1538.0,150.0,9.546014798438936,2,19.30182536481193,1.002942549736129,489,2221.0,13,12.0,4.0,123.0,-8.80693822652675,0,274,274,3174.0,19,5.0,3.0,1631.0,1538.0,150.0,239.0811319010365,2,127.41286341890363,16.0,16.0,35.199999999999996,2.0,920.46,1194.46,0.0,0.0,0.0,0.0,0.0,0.0,0.0,0.0,0.0,0.0,0.0,0.0,0.0,0.0,0.0,0.0,0.0,0.0,0.0,0.0,0.0,0.0,0.0,0.0,0.0,0.0,0.0,0.0,0.0,0.0,0.0,0.0,0.0,0.0,0.0,0.0,0.0,0.0,0.0,0.0,0.0,0.0,0.0,0.0,0.0,0.0,0.0,0.0,0.0,0.0,0.0,0.0,0.0,0.0,0.0,0.0,0.0,0.0,0.0,0.0,0.0,0.0,0.0,0.0,0.0,0.0,0.0,0.0,0.0,0.0,0.0,0.0,0.0,0.0,0.0,0.0,0.0,0.0,0.0,0.0,0.0,0.0,0.0,0.0,0.0,0.0,0.0,0.0,0.0,0.0,0.0,0.0
WAS,2007,1392,348,575,3888.0,20,13.0,31.0,181.0,10,8,4835.0,1652.0,208.0,30.273454476604197,2,19.76728489729727,1.7917834612501384,528,1947.0,15,17.0,9.0,107.0,-101.33925442499788,0,348,348,3888.0,20,4.0,1.0,2236.0,1650.0,208.0,317.73592060796415,2,65.02315906046708,17.0,17.0,37.4,0.0,975.0200000000001,1323.02,0.0,0.0,0.0,0.0,0.0,0.0,0.0,0.0,0.0,0.0,0.0,0.0,0.0,0.0,0.0,0.0,0.0,0.0,0.0,0.0,0.0,0.0,0.0,0.0,0.0,0.0,0.0,0.0,0.0,0.0,0.0,0.0,0.0,0.0,0.0,0.0,0.0,0.0,0.0,0.0,0.0,0.0,0.0,0.0,0.0,0.0,0.0,0.0,0.0,0.0,0.0,0.0,0.0,0.0,0.0,0.0,0.0,0.0,0.0,0.0,0.0,0.0,0.0,0.0,0.0,0.0,0.0,0.0,0.0,0.0,0.0,0.0,0.0,0.0,0.0,0.0,0.0,0.0,0.0,0.0,0.0,0.0,0.0,0.0,0.0,0.0,0.0,0.0,0.0,0.0,0.0,0.0
WAS,2008,1223,318,510,3291.0,14,6.0,38.0,266.0,6,1,3377.0,1806.0,165.0,4.34211608073798,0,22.067693603045473,1.304843962449075,478,2095.0,12,5.0,5.0,109.0,-27.672578251562015,0,318,319,3291.0,14,5.0,4.0,1484.0,1806.0,165.0,203.66979271228115,0,279.0771895504948,16.0,16.0,35.2,1.0,856.24,1174.24,0.0,0.0,0.0,0.0,0.0,0.0,0.0,0.0,0.0,0.0,0.0,0.0,0.0,0.0,0.0,0.0,0.0,0.0,0.0,0.0,0.0,0.0,0.0,0.0,0.0,0.0,0.0,0.0,0.0,0.0,0.0,0.0,0.0,0.0,0.0,0.0,0.0,0.0,0.0,0.0,0.0,0.0,0.0,0.0,0.0,0.0,0.0,0.0,0.0,0.0,0.0,0.0,0.0,0.0,0.0,0.0,0.0,0.0,0.0,0.0,0.0,0.0,0.0,0.0,0.0,0.0,0.0,0.0,0.0,0.0,0.0,0.0,0.0,0.0,0.0,0.0,0.0,0.0,0.0,0.0,0.0,0.0,0.0,0.0,0.0,0.0,0.0,0.0,0.0,0.0,0.0,0.0
WAS,2009,1576,340,533,3797.0,21,16.0,45.0,297.0,9,3,3533.0,2140.0,191.0,-3.631467029961394,0,22.330172501247066,1.4996891781369597,392,1508.0,8,7.0,1.0,72.0,-44.766439975332815,0,340,524,3797.0,21,5.0,2.0,3492.0,2140.0,191.0,80.03790021160802,0,176.17315931300143,16.0,16.0,35.199999999999996,0.0,896.38,1236.38,0.0,0.0,0.0,0.0,0.0,0.0,0.0,0.0,0.0,0.0,0.0,0.0,0.0,0.0,0.0,0.0,0.0,0.0,0.0,0.0,0.0,0.0,0.0,0.0,0.0,0.0,0.0,0.0,0.0,0.0,0.0,0.0,0.0,0.0,0.0,0.0,0.0,0.0,0.0,0.0,0.0,0.0,0.0,0.0,0.0,0.0,0.0,0.0,0.0,0.0,0.0,0.0,0.0,0.0,0.0,0.0,0.0,0.0,0.0,0.0,0.0,0.0,0.0,0.0,0.0,0.0,0.0,0.0,0.0,0.0,0.0,0.0,0.0,0.0,0.0,0.0,0.0,0.0,0.0,0.0,0.0,0.0,0.0,0.0,0.0,0.0,0.0,0.0,0.0,0.0,0.0,0.0
WAS,2010,1415,349,605,4261.0,21,19.0,46.0,348.0,11,4,5022.0,2009.0,194.0,-22.61633162543451,2,15.357070550808505,0.6601250636986826,351,1461.0,9,6.0,2.0,72.0,-38.20775092458274,0,349,596,4261.0,21,8.0,5.0,5003.0,2009.0,194.0,43.37723771358154,2,156.98388596681536,16.0,16.0,35.2,1.0,960.64,1309.64,0.0,0.0,0.0,0.0,0.0,0.0,0.0,0.0,0.0,0.0,0.0,0.0,0.0,0.0,0.0,0.0,0.0,0.0,0.0,0.0,0.0,0.0,0.0,0.0,0.0,0.0,0.0,0.0,0.0,0.0,0.0,0.0,0.0,0.0,0.0,0.0,0.0,0.0,0.0,0.0,0.0,0.0,0.0,0.0,0.0,0.0,0.0,0.0,0.0,0.0,0.0,0.0,0.0,0.0,0.0,0.0,0.0,0.0,0.0,0.0,0.0,0.0,0.0,0.0,0.0,0.0,0.0,0.0,0.0,0.0,0.0,0.0,0.0,0.0,0.0,0.0,0.0,0.0,0.0,0.0,0.0,0.0,0.0,0.0,0.0,0.0,0.0,0.0,0.0,0.0,0.0,0.0
WAS,2011,1567,346,591,4058.0,19,24.0,41.0,285.0,9,6,5270.0,1732.0,204.0,-32.297849510378136,1,14.878704530872078,1.1492196327943236,399,1592.0,8,4.0,1.0,78.0,-24.62717112528783,0,346,581,4058.0,19,4.0,4.0,5256.0,1732.0,204.0,42.13088728608404,1,20.330588269018683,16.0,16.0,35.199999999999996,0.0,899.32,1245.32,0.0,0.0,0.0,0.0,0.0,0.0,0.0,0.0,0.0,0.0,0.0,0.0,0.0,0.0,0.0,0.0,0.0,0.0,0.0,0.0,0.0,0.0,0.0,0.0,0.0,0.0,0.0,0.0,0.0,0.0,0.0,0.0,0.0,0.0,0.0,0.0,0.0,0.0,0.0,0.0,0.0,0.0,0.0,0.0,0.0,0.0,0.0,0.0,0.0,0.0,0.0,0.0,0.0,0.0,0.0,0.0,0.0,0.0,0.0,0.0,0.0,0.0,0.0,0.0,0.0,0.0,0.0,0.0,0.0,0.0,0.0,0.0,0.0,0.0,0.0,0.0,0.0,0.0,0.0,0.0,0.0,0.0,0.0,0.0,0.0,0.0,0.0,0.0,0.0,0.0,0.0,0.0
WAS,2012,1665,304,471,3781.0,26,9.0,35.0,260.0,4,0,4053.0,1698.0,180.0,90.32168035169799,0,18.810079251948043,2.5487719832146927,542,2813.0,22,15.0,6.0,149.0,32.74526315716347,1,304,463,3781.0,26,4.0,1.0,4043.0,1698.0,180.0,148.53922210012834,0,99.74515553930864,17.0,17.0,37.4,0.0,1172.64,1476.64,0.0,0.0,0.0,0.0,0.0,0.0,0.0,0.0,0.0,0.0,0.0,0.0,0.0,0.0,0.0,0.0,0.0,0.0,0.0,0.0,0.0,0.0,0.0,0.0,0.0,0.0,0.0,0.0,0.0,0.0,0.0,0.0,0.0,0.0,0.0,0.0,0.0,0.0,0.0,0.0,0.0,0.0,0.0,0.0,0.0,0.0,0.0,0.0,0.0,0.0,0.0,0.0,0.0,0.0,0.0,0.0,0.0,0.0,0.0,0.0,0.0,0.0,0.0,0.0,0.0,0.0,0.0,0.0,0.0,0.0,0.0,0.0,0.0,0.0,0.0,0.0,0.0,0.0,0.0,0.0,0.0,0.0,0.0,0.0,0.0,0.0,0.0,0.0,0.0,0.0,0.0,0.0
WAS,2013,1538,355,611,4057.0,20,19.0,43.0,306.0,9,5,5192.0,1843.0,198.0,-24.05592631068096,1,14.49030479251067,0.8874223507132618,453,2164.0,14,11.0,5.0,112.0,-12.09861168828785,1,355,599,4057.0,20,5.0,4.0,5126.0,1843.0,198.0,50.013296677559694,1,66.87499802350979,16.0,16.0,35.2,0.0,1008.38,1363.38,0.0,0.0,0.0,0.0,0.0,0.0,0.0,0.0,0.0,0.0,0.0,0.0,0.0,0.0,0.0,0.0,0.0,0.0,0.0,0.0,0.0,0.0,0.0,0.0,0.0,0.0,0.0,0.0,0.0,0.0,0.0,0.0,0.0,0.0,0.0,0.0,0.0,0.0,0.0,0.0,0.0,0.0,0.0,0.0,0.0,0.0,0.0,0.0,0.0,0.0,0.0,0.0,0.0,0.0,0.0,0.0,0.0,0.0,0.0,0.0,0.0,0.0,0.0,0.0,0.0,0.0,0.0,0.0,0.0,0.0,0.0,0.0,0.0,0.0,0.0,0.0,0.0,0.0,0.0,0.0,0.0,0.0,0.0,0.0,0.0,0.0,0.0,0.0,0.0,0.0,0.0,0.0
WAS,2014,1526,364,547,4461.0,18,18.0,58.0,414.0,11,5,4223.0,2543.0,186.0,-17.546492955953262,0,24.750392838556362,1.6020331909045207,401,1691.0,15,9.0,1.0,88.0,-35.48568683947334,0,364,544,4461.0,18,6.0,5.0,4215.0,2543.0,186.0,72.96200083950718,0,230.8710909898992,16.0,16.0,35.199999999999996,0.0,1005.64,1369.64,0.0,0.0,0.0,0.0,0.0,0.0,0.0,0.0,0.0,0.0,0.0,0.0,0.0,0.0,0.0,0.0,0.0,0.0,0.0,0.0,0.0,0.0,0.0,0.0,0.0,0.0,0.0,0.0,0.0,0.0,0.0,0.0,0.0,0.0,0.0,0.0,0.0,0.0,0.0,0.0,0.0,0.0,0.0,0.0,0.0,0.0,0.0,0.0,0.0,0.0,0.0,0.0,0.0,0.0,0.0,0.0,0.0,0.0,0.0,0.0,0.0,0.0,0.0,0.0,0.0,0.0,0.0,0.0,0.0,0.0,0.0,0.0,0.0,0.0,0.0,0.0,0.0,0.0,0.0,0.0,0.0,0.0,0.0,0.0,0.0,0.0,0.0,0.0,0.0,0.0,0.0,0.0
WAS,2015,1681,415,601,4623.0,31,11.0,33.0,258.0,8,4,4840.0,2111.0,222.0,91.81938908295304,2,19.60286795084701,2.9635130635110056,447,1650.0,10,10.0,3.0,86.0,-70.16037951283172,0,415,601,4623.0,31,7.0,2.0,4840.0,2111.0,222.0,156.1695987146116,2,112.55270171288645,17.0,17.0,37.4,3.0,1168.22,1583.22,0.0,0.0,0.0,0.0,0.0,0.0,0.0,0.0,0.0,0.0,0.0,0.0,0.0,0.0,0.0,0.0,0.0,0.0,0.0,0.0,0.0,0.0,0.0,0.0,0.0,0.0,0.0,0.0,0.0,0.0,0.0,0.0,0.0,0.0,0.0,0.0,0.0,0.0,0.0,0.0,0.0,0.0,0.0,0.0,0.0,0.0,0.0,0.0,0.0,0.0,0.0,0.0,0.0,0.0,0.0,0.0,0.0,0.0,0.0,0.0,0.0,0.0,0.0,0.0,0.0,0.0,0.0,0.0,0.0,0.0,0.0,0.0,0.0,0.0,0.0,0.0,0.0,0.0,0.0,0.0,0.0,0.0,0.0,0.0,0.0,0.0,0.0,0.0,0.0,0.0,0.0,0.0
WAS,2016,1362,407,607,4948.0,25,12.0,23.0,190.0,6,2,5297.0,1971.0,226.0,120.3049073596698,0,16.58029655627338,2.550619402346046,379,1696.0,17,7.0,4.0,89.0,-6.827707926293181,0,407,593,4948.0,25,4.0,2.0,5198.0,1971.0,226.0,173.5769842121522,0,173.8691924966154,16.0,16.0,35.2,1.0,1180.32,1587.32,0.0,0.0,0.0,0.0,0.0,0.0,0.0,0.0,0.0,0.0,0.0,0.0,0.0,0.0,0.0,0.0,0.0,0.0,0.0,0.0,0.0,0.0,0.0,0.0,0.0,0.0,0.0,0.0,0.0,0.0,0.0,0.0,0.0,0.0,0.0,0.0,0.0,0.0,0.0,0.0,0.0,0.0,0.0,0.0,0.0,0.0,0.0,0.0,0.0,0.0,0.0,0.0,0.0,0.0,0.0,0.0,0.0,0.0,0.0,0.0,0.0,0.0,0.0,0.0,0.0,0.0,0.0,0.0,0.0,0.0,0.0,0.0,0.0,0.0,0.0,0.0,0.0,0.0,0.0,0.0,0.0,0.0,0.0,0.0,0.0,0.0,0.0,0.0,0.0,0.0,0.0,0.0
WAS,2017,1400,347,540,4093.0,27,13.0,41.0,342.0,6,4,4153.0,2140.0,191.0,16.449299637370878,0,17.205165956917767,1.67103180495022,401,1448.0,10,10.0,3.0,66.0,-60.479297533698414,0,347,534,4093.0,27,4.0,2.0,4136.0,2140.0,191.0,81.20636848301567,0,201.2187836978819,16.0,16.0,35.2,0.0,1003.82,1350.82,0.0,0.0,0.0,0.0,0.0,0.0,0.0,0.0,0.0,0.0,0.0,0.0,0.0,0.0,0.0,0.0,0.0,0.0,0.0,0.0,0.0,0.0,0.0,0.0,0.0,0.0,0.0,0.0,0.0,0.0,0.0,0.0,0.0,0.0,0.0,0.0,0.0,0.0,0.0,0.0,0.0,0.0,0.0,0.0,0.0,0.0,0.0,0.0,0.0,0.0,0.0,0.0,0.0,0.0,0.0,0.0,0.0,0.0,0.0,0.0,0.0,0.0,0.0,0.0,0.0,0.0,0.0,0.0,0.0,0.0,0.0,0.0,0.0,0.0,0.0,0.0,0.0,0.0,0.0,0.0,0.0,0.0,0.0,0.0,0.0,0.0,0.0,0.0,0.0,0.0,0.0,0.0
WAS,2018,1470,311,509,3287.0,16,15.0,44.0,266.0,7,1,4195.0,1515.0,156.0,-53.76612924606384,2,18.869273934692263,1.0332915951392698,414,1774.0,12,6.0,1.0,96.0,-11.484952010057984,0,311,489,3287.0,16,3.0,2.0,4135.0,1515.0,156.0,23.484384784763332,2,123.43126565668759,16.0,16.0,35.199999999999996,0.0,839.58,1150.5800000000002,0.0,0.0,0.0,0.0,0.0,0.0,0.0,0.0,0.0,0.0,0.0,0.0,0.0,0.0,0.0,0.0,0.0,0.0,0.0,0.0,0.0,0.0,0.0,0.0,0.0,0.0,0.0,0.0,0.0,0.0,0.0,0.0,0.0,0.0,0.0,0.0,0.0,0.0,0.0,0.0,0.0,0.0,0.0,0.0,0.0,0.0,0.0,0.0,0.0,0.0,0.0,0.0,0.0,0.0,0.0,0.0,0.0,0.0,0.0,0.0,0.0,0.0,0.0,0.0,0.0,0.0,0.0,0.0,0.0,0.0,0.0,0.0,0.0,0.0,0.0,0.0,0.0,0.0,0.0,0.0,0.0,0.0,0.0,0.0,0.0,0.0,0.0,0.0,0.0,0.0,0.0,0.0
WAS,2019,1355,298,479,3205.0,18,13.0,50.0,393.0,9,4,3639.0,1454.0,154.0,-76.07448327153163,1,19.780156595674683,1.1929235301788776,356,1583.0,9,7.0,2.0,74.0,-38.69765834177162,0,298,464,3205.0,18,4.0,2.0,3545.0,1454.0,154.0,25.523542161981226,1,47.2101758280234,16.0,16.0,35.199999999999996,1.0,809.0,1107.0,0.0,0.0,0.0,0.0,0.0,0.0,0.0,0.0,0.0,0.0,0.0,0.0,0.0,0.0,0.0,0.0,0.0,0.0,0.0,0.0,0.0,0.0,0.0,0.0,0.0,0.0,0.0,0.0,0.0,0.0,0.0,0.0,0.0,0.0,0.0,0.0,0.0,0.0,0.0,0.0,0.0,0.0,0.0,0.0,0.0,0.0,0.0,0.0,0.0,0.0,0.0,0.0,0.0,0.0,0.0,0.0,0.0,0.0,0.0,0.0,0.0,0.0,0.0,0.0,0.0,0.0,0.0,0.0,0.0,0.0,0.0,0.0,0.0,0.0,0.0,0.0,0.0,0.0,0.0,0.0,0.0,0.0,0.0,0.0,0.0,0.0,0.0,0.0,0.0,0.0,0.0,0.0
WAS,2020,1520,415,645,4102.0,17,17.0,52.0,348.0,7,4,4096.0,2280.0,199.0,-60.59440635906148,0,24.896220438151186,1.168173890258895,423,1697.0,20,3.0,0.0,115.0,1.5882597110138672,0,415,614,4102.0,17,7.0,4.0,3961.0,2278.0,199.0,53.437953633264996,0,125.73336015887915,17.0,17.0,37.4,0.0,983.98,1398.98,0.0,0.0,0.0,0.0,0.0,0.0,0.0,0.0,0.0,0.0,0.0,0.0,0.0,0.0,0.0,0.0,0.0,0.0,0.0,0.0,0.0,0.0,0.0,0.0,0.0,0.0,0.0,0.0,0.0,0.0,0.0,0.0,0.0,0.0,0.0,0.0,0.0,0.0,0.0,0.0,0.0,0.0,0.0,0.0,0.0,0.0,0.0,0.0,0.0,0.0,0.0,0.0,0.0,0.0,0.0,0.0,0.0,0.0,0.0,0.0,0.0,0.0,0.0,0.0,0.0,0.0,0.0,0.0,0.0,0.0,0.0,0.0,0.0,0.0,0.0,0.0,0.0,0.0,0.0,0.0,0.0,0.0,0.0,0.0,0.0,0.0,0.0,0.0,0.0,0.0,0.0,0.0
WAS,2021,1756,356,550,3746.0,21,15.0,43.0,305.0,7,3,4120.0,1896.0,181.0,-32.201729638706,0,19.264048431812224,1.5998824761267265,477,2061.0,13,10.0,3.0,129.0,-15.007005624785569,2,356,534,3746.0,21,4.0,3.0,4044.0,1896.0,181.0,41.55713575907222,0,44.0169232418982,17.0,17.0,37.4,1.0,980.5400000000001,1336.54,0.0,0.0,0.0,0.0,0.0,0.0,0.0,0.0,0.0,0.0,0.0,0.0,0.0,0.0,0.0,0.0,0.0,0.0,0.0,0.0,0.0,0.0,0.0,0.0,0.0,0.0,0.0,0.0,0.0,0.0,0.0,0.0,0.0,0.0,0.0,0.0,0.0,0.0,0.0,0.0,0.0,0.0,0.0,0.0,0.0,0.0,0.0,0.0,0.0,0.0,0.0,0.0,0.0,0.0,0.0,0.0,0.0,0.0,0.0,0.0,0.0,0.0,0.0,0.0,0.0,0.0,0.0,0.0,0.0,0.0,0.0,0.0,0.0,0.0,0.0,0.0,0.0,0.0,0.0,0.0,0.0,0.0,0.0,0.0,0.0,0.0,0.0,0.0,0.0,0.0,0.0,0.0
WAS,2022,1489,344,554,3783.0,24,16.0,48.0,311.0,10,6,4453.0,1673.0,184.0,-57.465430429367274,2,16.008244405948375,1.0075165380337892,538,2143.0,9,8.0,1.0,124.0,-29.01358091284797,0,344,531,3783.0,24,1.0,0.0,4384.0,1673.0,184.0,59.84997534674453,2,94.00387428249029,17.0,17.0,37.4,0.0,999.9200000000001,1343.92,0.0,0.0,0.0,0.0,0.0,0.0,0.0,0.0,0.0,0.0,0.0,0.0,0.0,0.0,0.0,0.0,0.0,0.0,0.0,0.0,0.0,0.0,0.0,0.0,0.0,0.0,0.0,0.0,0.0,0.0,0.0,0.0,0.0,0.0,0.0,0.0,0.0,0.0,0.0,0.0,0.0,0.0,0.0,0.0,0.0,0.0,0.0,0.0,0.0,0.0,0.0,0.0,0.0,0.0,0.0,0.0,0.0,0.0,0.0,0.0,0.0,0.0,0.0,0.0,0.0,0.0,0.0,0.0,0.0,0.0,0.0,0.0,0.0,0.0,0.0,0.0,0.0,0.0,0.0,0.0,0.0,0.0,0.0,0.0,0.0,0.0,0.0,0.0,0.0,0.0,0.0,0.0
WAS,2023,1746,407,636,4174.0,24,21.0,65.0,449.0,3,1,4767.0,2092.0,190.0,-87.5913368009296,1,21.171996194879966,1.6301053502766087,359,1592.0,14,6.0,5.0,99.0,-10.701849643582495,2,407,601,4174.0,24,5.0,3.0,4356.0,2092.0,190.0,23.704455148116473,1,106.677739148126,17.0,17.0,37.4,0.0,1015.5600000000001,1422.56,0.0,0.0,0.0,0.0,0.0,0.0,0.0,0.0,0.0,0.0,0.0,0.0,0.0,0.0,0.0,0.0,0.0,0.0,0.0,0.0,0.0,0.0,0.0,0.0,0.0,0.0,0.0,0.0,0.0,0.0,0.0,0.0,0.0,0.0,0.0,0.0,0.0,0.0,0.0,0.0,0.0,0.0,0.0,0.0,0.0,0.0,0.0,0.0,0.0,0.0,0.0,0.0,0.0,0.0,0.0,0.0,0.0,0.0,0.0,0.0,0.0,0.0,0.0,0.0,0.0,0.0,0.0,0.0,0.0,0.0,0.0,0.0,0.0,0.0,0.0,0.0,0.0,0.0,0.0,0.0,0.0,0.0,0.0,0.0,0.0,0.0,0.0,0.0,0.0,0.0,0.0,0.0
WAS,2024,2282,441,640,4777.0,34,10.0,54.0,294.0,2,0,4735.0,2326.0,236.0,113.21619875006016,3,24.36530840267709,3.471268399655524,626,2982.0,29,8.0,3.0,175.0,61.272156477331876,2,441,612,4777.0,34,7.0,4.0,4581.0,2326.0,236.0,194.34947775781905,3,98.55156372828313,20.0,20.0,44.0,0.0,1462.98,1903.98,0.0,0.0,0.0,0.0,0.0,0.0,0.0,0.0,0.0,0.0,0.0,0.0,0.0,0.0,0.0,0.0,0.0,0.0,0.0,0.0,0.0,0.0,0.0,0.0,0.0,0.0,0.0,0.0,0.0,0.0,0.0,0.0,0.0,0.0,0.0,0.0,0.0,0.0,0.0,0.0,0.0,0.0,0.0,0.0,0.0,0.0,0.0,0.0,0.0,0.0,0.0,0.0,0.0,0.0,0.0,0.0,0.0,0.0,0.0,0.0,0.0,0.0,0.0,0.0,0.0,0.0,0.0,0.0,0.0,0.0,0.0,0.0,0.0,0.0,0.0,0.0,0.0,0.0,0.0,0.0,0.0,0.0,0.0,0.0,0.0,0.0,0.0,0.0,0.0,0.0,0.0,0.0
WAS,2025,5482,287,469,3329.0,19,0.0,0.0,0.0,5,2,3998.0,1429.0,159.0,-6.4079823997607095,2,18.83490407257769,0.0,484,2290.0,20,11.0,7.0,123.0,4.71724370028985,1,287,432,3329.0,19,2.0,0.0,3750.0,1429.0,159.0,85.15320826838457,2,140.788098820878,17.0,15.901684317354922,36.631179022148444,2.0,985.0600000000001,1272.06,12.0,37.0,-200.0,-21.085818100992164,137.0,68.0,40.0,8.0,60.0,42.0,11.0,5.0,137.0,68.0,40.0,8.0,627.0,18.0,548.0,69.0,282.0,11.0,42.0,249.0,94.0,8.0,113.0,70.0,0.0,3.0,1.0,0.0,11.0,-17.0,2.0,0.0,0.0,112.0,888.0,16.0,8.0,2.0,24.0,11.0,26.0,315.0,71.0,1918.0,23.0,30.0,7.0,0.0,533.0,9.5,0.0,5.0,5.0,7.0,6.0,0.0,0.0,1.0,1.0,0.0,5.0,0.0,925.0,328.0,0.0,33.0,34.0,1.0,0.0,15.666666666666666,0.0,0.0,0.0,0.0,0.0,56.0,0.0,924.0,2651.0,29.0,0.0,9.0,4.0,18.0,25.0,114.0,0.0,2457.0
