season,week,game_type,home_team,away_team,home_score,away_score,result,total
2006,1,REG,PIT,MIA,28.0,17.0,11.0,45.0
2006,1,REG,CAR,ATL,6.0,20.0,-14.0,26.0
2006,1,REG,CLE,NO,14.0,19.0,-5.0,33.0
2006,1,REG,DET,SEA,6.0,9.0,-3.0,15.0
2006,1,REG,HOU,PHI,10.0,24.0,-14.0,34.0
2006,1,REG,KC,CIN,10.0,23.0,-13.0,33.0
2006,1,REG,NE,BUF,19.0,17.0,2.0,36.0
2006,1,REG,STL,DEN,18.0,10.0,8.0,28.0
2006,1,REG,TB,BAL,0.0,27.0,-27.0,27.0
2006,1,REG,TEN,NYJ,16.0,23.0,-7.0,39.0
2006,1,REG,ARI,SF,34.0,27.0,7.0,61.0
2006,1,REG,GB,CHI,0.0,26.0,-26.0,26.0
2006,1,REG,JAX,DAL,24.0,17.0,7.0,41.0
2006,1,REG,NYG,IND,21.0,26.0,-5.0,47.0
2006,1,REG,WAS,MIN,16.0,19.0,-3.0,35.0
2006,1,REG,OAK,SD,0.0,27.0,-27.0,27.0
2006,2,REG,ATL,TB,14.0,3.0,11.0,17.0
2006,2,REG,BAL,OAK,28.0,6.0,22.0,34.0
2006,2,REG,CHI,DET,34.0,7.0,27.0,41.0
2006,2,REG,CIN,CLE,34.0,17.0,17.0,51.0
2006,2,REG,GB,NO,27.0,34.0,-7.0,61.0
2006,2,REG,IND,HOU,43.0,24.0,19.0,67.0
2006,2,REG,MIA,BUF,6.0,16.0,-10.0,22.0
2006,2,REG,MIN,CAR,16.0,13.0,3.0,29.0
2006,2,REG,PHI,NYG,24.0,30.0,-6.0,54.0
2006,2,REG,SEA,ARI,21.0,10.0,11.0,31.0
2006,2,REG,SF,STL,20.0,13.0,7.0,33.0
2006,2,REG,DEN,KC,9.0,6.0,3.0,15.0
2006,2,REG,NYJ,NE,17.0,24.0,-7.0,41.0
2006,2,REG,SD,TEN,40.0,7.0,33.0,47.0
2006,2,REG,DAL,WAS,27.0,10.0,17.0,37.0
2006,2,REG,JAX,PIT,9.0,0.0,9.0,9.0
2006,3,REG,BUF,NYJ,20.0,28.0,-8.0,48.0
2006,3,REG,DET,GB,24.0,31.0,-7.0,55.0
2006,3,REG,HOU,WAS,15.0,31.0,-16.0,46.0
2006,3,REG,IND,JAX,21.0,14.0,7.0,35.0
2006,3,REG,MIA,TEN,13.0,10.0,3.0,23.0
2006,3,REG,MIN,CHI,16.0,19.0,-3.0,35.0
2006,3,REG,PIT,CIN,20.0,28.0,-8.0,48.0
2006,3,REG,TB,CAR,24.0,26.0,-2.0,50.0
2006,3,REG,CLE,BAL,14.0,15.0,-1.0,29.0
2006,3,REG,ARI,STL,14.0,16.0,-2.0,30.0
2006,3,REG,SEA,NYG,42.0,30.0,12.0,72.0
2006,3,REG,SF,PHI,24.0,38.0,-14.0,62.0
2006,3,REG,NE,DEN,7.0,17.0,-10.0,24.0
2006,3,REG,NO,ATL,23.0,3.0,20.0,26.0
2006,4,REG,ATL,ARI,32.0,10.0,22.0,42.0
2006,4,REG,BAL,SD,16.0,13.0,3.0,29.0
2006,4,REG,BUF,MIN,17.0,12.0,5.0,29.0
2006,4,REG,CAR,NO,21.0,18.0,3.0,39.0
2006,4,REG,HOU,MIA,17.0,15.0,2.0,32.0
2006,4,REG,KC,SF,41.0,0.0,41.0,41.0
2006,4,REG,NYJ,IND,28.0,31.0,-3.0,59.0
2006,4,REG,TEN,DAL,14.0,45.0,-31.0,59.0
2006,4,REG,STL,DET,41.0,34.0,7.0,75.0
2006,4,REG,CIN,NE,13.0,38.0,-25.0,51.0
2006,4,REG,OAK,CLE,21.0,24.0,-3.0,45.0
2006,4,REG,WAS,JAX,36.0,30.0,6.0,66.0
2006,4,REG,CHI,SEA,37.0,6.0,31.0,43.0
2006,4,REG,PHI,GB,31.0,9.0,22.0,40.0
2006,5,REG,CAR,CLE,20.0,12.0,8.0,32.0
2006,5,REG,CHI,BUF,40.0,7.0,33.0,47.0
2006,5,REG,GB,STL,20.0,23.0,-3.0,43.0
2006,5,REG,IND,TEN,14.0,13.0,1.0,27.0
2006,5,REG,MIN,DET,26.0,17.0,9.0,43.0
2006,5,REG,NE,MIA,20.0,10.0,10.0,30.0
2006,5,REG,NO,TB,24.0,21.0,3.0,45.0
2006,5,REG,NYG,WAS,19.0,3.0,16.0,22.0
2006,5,REG,ARI,KC,20.0,23.0,-3.0,43.0
2006,5,REG,JAX,NYJ,41.0,0.0,41.0,41.0
2006,5,REG,SF,OAK,34.0,20.0,14.0,54.0
2006,5,REG,PHI,DAL,38.0,24.0,14.0,62.0
2006,5,REG,SD,PIT,23.0,13.0,10.0,36.0
2006,5,REG,DEN,BAL,13.0,3.0,10.0,16.0
2006,6,REG,ATL,NYG,14.0,27.0,-13.0,41.0
2006,6,REG,BAL,CAR,21.0,23.0,-2.0,44.0
2006,6,REG,DAL,HOU,34.0,6.0,28.0,40.0
2006,6,REG,DET,BUF,20.0,17.0,3.0,37.0
2006,6,REG,NO,PHI,27.0,24.0,3.0,51.0
2006,6,REG,STL,SEA,28.0,30.0,-2.0,58.0
2006,6,REG,TB,CIN,14.0,13.0,1.0,27.0
2006,6,REG,WAS,TEN,22.0,25.0,-3.0,47.0
2006,6,REG,NYJ,MIA,20.0,17.0,3.0,37.0
2006,6,REG,PIT,KC,45.0,7.0,38.0,52.0
2006,6,REG,SF,SD,19.0,48.0,-29.0,67.0
2006,6,REG,DEN,OAK,13.0,3.0,10.0,16.0
2006,6,REG,ARI,CHI,23.0,24.0,-1.0,47.0
2006,7,REG,ATL,PIT,41.0,38.0,3.0,79.0
2006,7,REG,BUF,NE,6.0,28.0,-22.0,34.0
2006,7,REG,CIN,CAR,17.0,14.0,3.0,31.0
2006,7,REG,HOU,JAX,27.0,7.0,20.0,34.0
2006,7,REG,KC,SD,30.0,27.0,3.0,57.0
2006,7,REG,MIA,GB,24.0,34.0,-10.0,58.0
2006,7,REG,NYJ,DET,31.0,24.0,7.0,55.0
2006,7,REG,TB,PHI,23.0,21.0,2.0,44.0
2006,7,REG,CLE,DEN,7.0,17.0,-10.0,24.0
2006,7,REG,IND,WAS,36.0,22.0,14.0,58.0
2006,7,REG,OAK,ARI,22.0,9.0,13.0,31.0
2006,7,REG,SEA,MIN,13.0,31.0,-18.0,44.0
2006,7,REG,DAL,NYG,22.0,36.0,-14.0,58.0
2006,8,REG,CHI,SF,41.0,10.0,31.0,51.0
2006,8,REG,CIN,ATL,27.0,29.0,-2.0,56.0
2006,8,REG,GB,ARI,31.0,14.0,17.0,45.0
2006,8,REG,KC,SEA,35.0,28.0,7.0,63.0
2006,8,REG,NO,BAL,22.0,35.0,-13.0,57.0
2006,8,REG,NYG,TB,17.0,3.0,14.0,20.0
2006,8,REG,PHI,JAX,6.0,13.0,-7.0,19.0
2006,8,REG,TEN,HOU,28.0,22.0,6.0,50.0
2006,8,REG,SD,STL,38.0,24.0,14.0,62.0
2006,8,REG,CLE,NYJ,20.0,13.0,7.0,33.0
2006,8,REG,DEN,IND,31.0,34.0,-3.0,65.0
2006,8,REG,OAK,PIT,20.0,13.0,7.0,33.0
2006,8,REG,CAR,DAL,14.0,35.0,-21.0,49.0
2006,8,REG,MIN,NE,7.0,31.0,-24.0,38.0
2006,9,REG,BAL,CIN,26.0,20.0,6.0,46.0
2006,9,REG,BUF,GB,24.0,10.0,14.0,34.0
2006,9,REG,CHI,MIA,13.0,31.0,-18.0,44.0
2006,9,REG,DET,ATL,30.0,14.0,16.0,44.0
2006,9,REG,JAX,TEN,37.0,7.0,30.0,44.0
2006,9,REG,NYG,HOU,14.0,10.0,4.0,24.0
2006,9,REG,STL,KC,17.0,31.0,-14.0,48.0
2006,9,REG,TB,NO,14.0,31.0,-17.0,45.0
2006,9,REG,WAS,DAL,22.0,19.0,3.0,41.0
2006,9,REG,SF,MIN,9.0,3.0,6.0,12.0
2006,9,REG,PIT,DEN,20.0,31.0,-11.0,51.0
2006,9,REG,SD,CLE,32.0,25.0,7.0,57.0
2006,9,REG,NE,IND,20.0,27.0,-7.0,47.0
2006,9,REG,SEA,OAK,16.0,0.0,16.0,16.0
2006,10,REG,ATL,CLE,13.0,17.0,-4.0,30.0
2006,10,REG,CIN,SD,41.0,49.0,-8.0,90.0
2006,10,REG,DET,SF,13.0,19.0,-6.0,32.0
2006,10,REG,IND,BUF,17.0,16.0,1.0,33.0
2006,10,REG,JAX,HOU,10.0,13.0,-3.0,23.0
2006,10,REG,MIA,KC,13.0,10.0,3.0,23.0
2006,10,REG,MIN,GB,17.0,23.0,-6.0,40.0
2006,10,REG,NE,NYJ,14.0,17.0,-3.0,31.0
2006,10,REG,PHI,WAS,27.0,3.0,24.0,30.0
2006,10,REG,TEN,BAL,26.0,27.0,-1.0,53.0
2006,10,REG,OAK,DEN,13.0,17.0,-4.0,30.0
2006,10,REG,ARI,DAL,10.0,27.0,-17.0,37.0
2006,10,REG,PIT,NO,38.0,31.0,7.0,69.0
2006,10,REG,SEA,STL,24.0,22.0,2.0,46.0
2006,10,REG,NYG,CHI,20.0,38.0,-18.0,58.0
2006,10,REG,CAR,TB,24.0,10.0,14.0,34.0
2006,11,REG,BAL,ATL,24.0,10.0,14.0,34.0
2006,11,REG,CAR,STL,15.0,0.0,15.0,15.0
2006,11,REG,CLE,PIT,20.0,24.0,-4.0,44.0
2006,11,REG,GB,NE,0.0,35.0,-35.0,35.0
2006,11,REG,HOU,BUF,21.0,24.0,-3.0,45.0
2006,11,REG,KC,OAK,17.0,13.0,4.0,30.0
2006,11,REG,MIA,MIN,24.0,20.0,4.0,44.0
2006,11,REG,NO,CIN,16.0,31.0,-15.0,47.0
2006,11,REG,NYJ,CHI,0.0,10.0,-10.0,10.0
2006,11,REG,PHI,TEN,13.0,31.0,-18.0,44.0
2006,11,REG,TB,WAS,20.0,17.0,3.0,37.0
2006,11,REG,ARI,DET,17.0,10.0,7.0,27.0
2006,11,REG,SF,SEA,20.0,14.0,6.0,34.0
2006,11,REG,DAL,IND,21.0,14.0,7.0,35.0
2006,11,REG,DEN,SD,27.0,35.0,-8.0,62.0
2006,11,REG,JAX,NYG,26.0,10.0,16.0,36.0
2006,12,REG,DET,MIA,10.0,27.0,-17.0,37.0
2006,12,REG,DAL,TB,38.0,10.0,28.0,48.0
2006,12,REG,KC,DEN,19.0,10.0,9.0,29.0
2006,12,REG,ATL,NO,13.0,31.0,-18.0,44.0
2006,12,REG,BAL,PIT,27.0,0.0,27.0,27.0
2006,12,REG,BUF,JAX,27.0,24.0,3.0,51.0
2006,12,REG,CLE,CIN,0.0,30.0,-30.0,30.0
2006,12,REG,MIN,ARI,31.0,26.0,5.0,57.0
2006,12,REG,NYJ,HOU,26.0,11.0,15.0,37.0
2006,12,REG,STL,SF,20.0,17.0,3.0,37.0
2006,12,REG,WAS,CAR,17.0,13.0,4.0,30.0
2006,12,REG,SD,OAK,21.0,14.0,7.0,35.0
2006,12,REG,NE,CHI,17.0,13.0,4.0,30.0
2006,12,REG,TEN,NYG,24.0,21.0,3.0,45.0
2006,12,REG,IND,PHI,45.0,21.0,24.0,66.0
2006,12,REG,SEA,GB,34.0,24.0,10.0,58.0
2006,13,REG,CIN,BAL,13.0,7.0,6.0,20.0
2006,13,REG,BUF,SD,21.0,24.0,-3.0,45.0
2006,13,REG,CHI,MIN,23.0,13.0,10.0,36.0
2006,13,REG,CLE,KC,31.0,28.0,3.0,59.0
2006,13,REG,GB,NYJ,10.0,38.0,-28.0,48.0
2006,13,REG,NE,DET,28.0,21.0,7.0,49.0
2006,13,REG,NO,SF,34.0,10.0,24.0,44.0
2006,13,REG,STL,ARI,20.0,34.0,-14.0,54.0
2006,13,REG,TEN,IND,20.0,17.0,3.0,37.0
2006,13,REG,WAS,ATL,14.0,24.0,-10.0,38.0
2006,13,REG,MIA,JAX,10.0,24.0,-14.0,34.0
2006,13,REG,OAK,HOU,14.0,23.0,-9.0,37.0
2006,13,REG,NYG,DAL,20.0,23.0,-3.0,43.0
2006,13,REG,PIT,TB,20.0,3.0,17.0,23.0
2006,13,REG,DEN,SEA,20.0,23.0,-3.0,43.0
2006,13,REG,PHI,CAR,27.0,24.0,3.0,51.0
2006,14,REG,PIT,CLE,27.0,7.0,20.0,34.0
2006,14,REG,CAR,NYG,13.0,27.0,-14.0,40.0
2006,14,REG,CIN,OAK,27.0,10.0,17.0,37.0
2006,14,REG,DET,MIN,20.0,30.0,-10.0,50.0
2006,14,REG,HOU,TEN,20.0,26.0,-6.0,46.0
2006,14,REG,JAX,IND,44.0,17.0,27.0,61.0
2006,14,REG,KC,BAL,10.0,20.0,-10.0,30.0
2006,14,REG,MIA,NE,21.0,0.0,21.0,21.0
2006,14,REG,TB,ATL,6.0,17.0,-11.0,23.0
2006,14,REG,WAS,PHI,19.0,21.0,-2.0,40.0
2006,14,REG,ARI,SEA,27.0,21.0,6.0,48.0
2006,14,REG,SF,GB,19.0,30.0,-11.0,49.0
2006,14,REG,NYJ,BUF,13.0,31.0,-18.0,44.0
2006,14,REG,SD,DEN,48.0,20.0,28.0,68.0
2006,14,REG,DAL,NO,17.0,42.0,-25.0,59.0
2006,14,REG,STL,CHI,27.0,42.0,-15.0,69.0
2006,15,REG,SEA,SF,14.0,24.0,-10.0,38.0
2006,15,REG,ATL,DAL,28.0,38.0,-10.0,66.0
2006,15,REG,BAL,CLE,27.0,17.0,10.0,44.0
2006,15,REG,BUF,MIA,21.0,0.0,21.0,21.0
2006,15,REG,CAR,PIT,3.0,37.0,-34.0,40.0
2006,15,REG,CHI,TB,34.0,31.0,3.0,65.0
2006,15,REG,GB,DET,17.0,9.0,8.0,26.0
2006,15,REG,MIN,NYJ,13.0,26.0,-13.0,39.0
2006,15,REG,NE,HOU,40.0,7.0,33.0,47.0
2006,15,REG,NO,WAS,10.0,16.0,-6.0,26.0
2006,15,REG,TEN,JAX,24.0,17.0,7.0,41.0
2006,15,REG,ARI,DEN,20.0,37.0,-17.0,57.0
2006,15,REG,NYG,PHI,22.0,36.0,-14.0,58.0
2006,15,REG,OAK,STL,0.0,20.0,-20.0,20.0
2006,15,REG,SD,KC,20.0,9.0,11.0,29.0
2006,15,REG,IND,CIN,34.0,16.0,18.0,50.0
2006,16,REG,GB,MIN,9.0,7.0,2.0,16.0
2006,16,REG,OAK,KC,9.0,20.0,-11.0,29.0
2006,16,REG,ATL,CAR,3.0,10.0,-7.0,13.0
2006,16,REG,BUF,TEN,29.0,30.0,-1.0,59.0
2006,16,REG,CLE,TB,7.0,22.0,-15.0,29.0
2006,16,REG,DET,CHI,21.0,26.0,-5.0,47.0
2006,16,REG,HOU,IND,27.0,24.0,3.0,51.0
2006,16,REG,JAX,NE,21.0,24.0,-3.0,45.0
2006,16,REG,NYG,NO,7.0,30.0,-23.0,37.0
2006,16,REG,PIT,BAL,7.0,31.0,-24.0,38.0
2006,16,REG,STL,WAS,37.0,31.0,6.0,68.0
2006,16,REG,SF,ARI,20.0,26.0,-6.0,46.0
2006,16,REG,DEN,CIN,24.0,23.0,1.0,47.0
2006,16,REG,SEA,SD,17.0,20.0,-3.0,37.0
2006,16,REG,DAL,PHI,7.0,23.0,-16.0,30.0
2006,16,REG,MIA,NYJ,10.0,13.0,-3.0,23.0
2006,17,REG,WAS,NYG,28.0,34.0,-6.0,62.0
2006,17,REG,CIN,PIT,17.0,23.0,-6.0,40.0
2006,17,REG,DAL,DET,31.0,39.0,-8.0,70.0
2006,17,REG,HOU,CLE,14.0,6.0,8.0,20.0
2006,17,REG,KC,JAX,35.0,30.0,5.0,65.0
2006,17,REG,MIN,STL,21.0,41.0,-20.0,62.0
2006,17,REG,NO,CAR,21.0,31.0,-10.0,52.0
2006,17,REG,NYJ,OAK,23.0,3.0,20.0,26.0
2006,17,REG,TB,SEA,7.0,23.0,-16.0,30.0
2006,17,REG,TEN,NE,23.0,40.0,-17.0,63.0
2006,17,REG,BAL,BUF,19.0,7.0,12.0,26.0
2006,17,REG,DEN,SF,23.0,26.0,-3.0,49.0
2006,17,REG,IND,MIA,27.0,22.0,5.0,49.0
2006,17,REG,PHI,ATL,24.0,17.0,7.0,41.0
2006,17,REG,SD,ARI,27.0,20.0,7.0,47.0
2006,17,REG,CHI,GB,7.0,26.0,-19.0,33.0
2006,18,WC,IND,KC,23.0,8.0,15.0,31.0
2006,18,WC,SEA,DAL,21.0,20.0,1.0,41.0
2006,18,WC,NE,NYJ,37.0,16.0,21.0,53.0
2006,18,WC,PHI,NYG,23.0,20.0,3.0,43.0
2006,19,DIV,BAL,IND,6.0,15.0,-9.0,21.0
2006,19,DIV,NO,PHI,27.0,24.0,3.0,51.0
2006,19,DIV,CHI,SEA,27.0,24.0,3.0,51.0
2006,19,DIV,SD,NE,21.0,24.0,-3.0,45.0
2006,20,CON,CHI,NO,39.0,14.0,25.0,53.0
2006,20,CON,IND,NE,38.0,34.0,4.0,72.0
2006,21,SB,CHI,IND,17.0,29.0,-12.0,46.0
2007,1,REG,IND,NO,41.0,10.0,31.0,51.0
2007,1,REG,BUF,DEN,14.0,15.0,-1.0,29.0
2007,1,REG,CLE,PIT,7.0,34.0,-27.0,41.0
2007,1,REG,GB,PHI,16.0,13.0,3.0,29.0
2007,1,REG,HOU,KC,20.0,3.0,17.0,23.0
2007,1,REG,JAX,TEN,10.0,13.0,-3.0,23.0
2007,1,REG,MIN,ATL,24.0,3.0,21.0,27.0
2007,1,REG,NYJ,NE,14.0,38.0,-24.0,52.0
2007,1,REG,STL,CAR,13.0,27.0,-14.0,40.0
2007,1,REG,WAS,MIA,16.0,13.0,3.0,29.0
2007,1,REG,OAK,DET,21.0,36.0,-15.0,57.0
2007,1,REG,SD,CHI,14.0,3.0,11.0,17.0
2007,1,REG,SEA,TB,20.0,6.0,14.0,26.0
2007,1,REG,DAL,NYG,45.0,35.0,10.0,80.0
2007,1,REG,CIN,BAL,27.0,20.0,7.0,47.0
2007,1,REG,SF,ARI,20.0,17.0,3.0,37.0
2007,2,REG,CAR,HOU,21.0,34.0,-13.0,55.0
2007,2,REG,CLE,CIN,51.0,45.0,6.0,96.0
2007,2,REG,JAX,ATL,13.0,7.0,6.0,20.0
2007,2,REG,NYG,GB,13.0,35.0,-22.0,48.0
2007,2,REG,PIT,BUF,26.0,3.0,23.0,29.0
2007,2,REG,STL,SF,16.0,17.0,-1.0,33.0
2007,2,REG,TB,NO,31.0,14.0,17.0,45.0
2007,2,REG,TEN,IND,20.0,22.0,-2.0,42.0
2007,2,REG,ARI,SEA,23.0,20.0,3.0,43.0
2007,2,REG,DET,MIN,20.0,17.0,3.0,37.0
2007,2,REG,MIA,DAL,20.0,37.0,-17.0,57.0
2007,2,REG,BAL,NYJ,20.0,13.0,7.0,33.0
2007,2,REG,CHI,KC,20.0,10.0,10.0,30.0
2007,2,REG,DEN,OAK,23.0,20.0,3.0,43.0
2007,2,REG,NE,SD,38.0,14.0,24.0,52.0
2007,2,REG,PHI,WAS,12.0,20.0,-8.0,32.0
2007,3,REG,BAL,ARI,26.0,23.0,3.0,49.0
2007,3,REG,GB,SD,31.0,24.0,7.0,55.0
2007,3,REG,HOU,IND,24.0,30.0,-6.0,54.0
2007,3,REG,KC,MIN,13.0,10.0,3.0,23.0
2007,3,REG,NE,BUF,38.0,7.0,31.0,45.0
2007,3,REG,NYJ,MIA,31.0,28.0,3.0,59.0
2007,3,REG,PHI,DET,56.0,21.0,35.0,77.0
2007,3,REG,PIT,SF,37.0,16.0,21.0,53.0
2007,3,REG,TB,STL,24.0,3.0,21.0,27.0
2007,3,REG,DEN,JAX,14.0,23.0,-9.0,37.0
2007,3,REG,OAK,CLE,26.0,24.0,2.0,50.0
2007,3,REG,SEA,CIN,24.0,21.0,3.0,45.0
2007,3,REG,ATL,CAR,20.0,27.0,-7.0,47.0
2007,3,REG,WAS,NYG,17.0,24.0,-7.0,41.0
2007,3,REG,CHI,DAL,10.0,34.0,-24.0,44.0
2007,3,REG,NO,TEN,14.0,31.0,-17.0,45.0
2007,4,REG,ATL,HOU,26.0,16.0,10.0,42.0
2007,4,REG,BUF,NYJ,17.0,14.0,3.0,31.0
2007,4,REG,CLE,BAL,27.0,13.0,14.0,40.0
2007,4,REG,DAL,STL,35.0,7.0,28.0,42.0
2007,4,REG,DET,CHI,37.0,27.0,10.0,64.0
2007,4,REG,MIA,OAK,17.0,35.0,-18.0,52.0
2007,4,REG,MIN,GB,16.0,23.0,-7.0,39.0
2007,4,REG,CAR,TB,7.0,20.0,-13.0,27.0
2007,4,REG,SF,SEA,3.0,23.0,-20.0,26.0
2007,4,REG,ARI,PIT,21.0,14.0,7.0,35.0
2007,4,REG,IND,DEN,38.0,20.0,18.0,58.0
2007,4,REG,SD,KC,16.0,30.0,-14.0,46.0
2007,4,REG,NYG,PHI,16.0,3.0,13.0,19.0
2007,4,REG,CIN,NE,13.0,34.0,-21.0,47.0
2007,5,REG,HOU,MIA,22.0,19.0,3.0,41.0
2007,5,REG,KC,JAX,7.0,17.0,-10.0,24.0
2007,5,REG,NE,CLE,34.0,17.0,17.0,51.0
2007,5,REG,NO,CAR,13.0,16.0,-3.0,29.0
2007,5,REG,NYG,NYJ,35.0,24.0,11.0,59.0
2007,5,REG,PIT,SEA,21.0,0.0,21.0,21.0
2007,5,REG,STL,ARI,31.0,34.0,-3.0,65.0
2007,5,REG,TEN,ATL,20.0,13.0,7.0,33.0
2007,5,REG,WAS,DET,34.0,3.0,31.0,37.0
2007,5,REG,IND,TB,33.0,14.0,19.0,47.0
2007,5,REG,DEN,SD,3.0,41.0,-38.0,44.0
2007,5,REG,SF,BAL,7.0,9.0,-2.0,16.0
2007,5,REG,GB,CHI,20.0,27.0,-7.0,47.0
2007,5,REG,BUF,DAL,24.0,25.0,-1.0,49.0
2007,6,REG,BAL,STL,22.0,3.0,19.0,25.0
2007,6,REG,CHI,MIN,31.0,34.0,-3.0,65.0
2007,6,REG,CLE,MIA,41.0,31.0,10.0,72.0
2007,6,REG,GB,WAS,17.0,14.0,3.0,31.0
2007,6,REG,JAX,HOU,37.0,17.0,20.0,54.0
2007,6,REG,KC,CIN,27.0,20.0,7.0,47.0
2007,6,REG,NYJ,PHI,9.0,16.0,-7.0,25.0
2007,6,REG,TB,TEN,13.0,10.0,3.0,23.0
2007,6,REG,ARI,CAR,10.0,25.0,-15.0,35.0
2007,6,REG,DAL,NE,27.0,48.0,-21.0,75.0
2007,6,REG,SD,OAK,28.0,14.0,14.0,42.0
2007,6,REG,SEA,NO,17.0,28.0,-11.0,45.0
2007,6,REG,ATL,NYG,10.0,31.0,-21.0,41.0
2007,7,REG,BUF,BAL,19.0,14.0,5.0,33.0
2007,7,REG,DET,TB,23.0,16.0,7.0,39.0
2007,7,REG,HOU,TEN,36.0,38.0,-2.0,74.0
2007,7,REG,MIA,NE,28.0,49.0,-21.0,77.0
2007,7,REG,NO,ATL,22.0,16.0,6.0,38.0
2007,7,REG,NYG,SF,33.0,15.0,18.0,48.0
2007,7,REG,WAS,ARI,21.0,19.0,2.0,40.0
2007,7,REG,CIN,NYJ,38.0,31.0,7.0,69.0
2007,7,REG,OAK,KC,10.0,12.0,-2.0,22.0
2007,7,REG,DAL,MIN,24.0,14.0,10.0,38.0
2007,7,REG,PHI,CHI,16.0,19.0,-3.0,35.0
2007,7,REG,SEA,STL,33.0,6.0,27.0,39.0
2007,7,REG,DEN,PIT,31.0,28.0,3.0,59.0
2007,7,REG,JAX,IND,7.0,29.0,-22.0,36.0
2007,8,REG,CAR,IND,7.0,31.0,-24.0,38.0
2007,8,REG,CHI,DET,7.0,16.0,-9.0,23.0
2007,8,REG,CIN,PIT,13.0,24.0,-11.0,37.0
2007,8,REG,MIA,NYG,10.0,13.0,-3.0,23.0
2007,8,REG,MIN,PHI,16.0,23.0,-7.0,39.0
2007,8,REG,STL,CLE,20.0,27.0,-7.0,47.0
2007,8,REG,TEN,OAK,13.0,9.0,4.0,22.0
2007,8,REG,NYJ,BUF,3.0,13.0,-10.0,16.0
2007,8,REG,SD,HOU,35.0,10.0,25.0,45.0
2007,8,REG,TB,JAX,23.0,24.0,-1.0,47.0
2007,8,REG,NE,WAS,52.0,7.0,45.0,59.0
2007,8,REG,SF,NO,10.0,31.0,-21.0,41.0
2007,8,REG,DEN,GB,13.0,19.0,-6.0,32.0
2007,9,REG,ATL,SF,20.0,16.0,4.0,36.0
2007,9,REG,BUF,CIN,33.0,21.0,12.0,54.0
2007,9,REG,DET,DEN,44.0,7.0,37.0,51.0
2007,9,REG,KC,GB,22.0,33.0,-11.0,55.0
2007,9,REG,MIN,SD,35.0,17.0,18.0,52.0
2007,9,REG,NO,JAX,41.0,24.0,17.0,65.0
2007,9,REG,NYJ,WAS,20.0,23.0,-3.0,43.0
2007,9,REG,TB,ARI,17.0,10.0,7.0,27.0
2007,9,REG,TEN,CAR,20.0,7.0,13.0,27.0
2007,9,REG,CLE,SEA,33.0,30.0,3.0,63.0
2007,9,REG,IND,NE,20.0,24.0,-4.0,44.0
2007,9,REG,OAK,HOU,17.0,24.0,-7.0,41.0
2007,9,REG,PHI,DAL,17.0,38.0,-21.0,55.0
2007,9,REG,PIT,BAL,38.0,7.0,31.0,45.0
2007,10,REG,CAR,ATL,13.0,20.0,-7.0,33.0
2007,10,REG,GB,MIN,34.0,0.0,34.0,34.0
2007,10,REG,KC,DEN,11.0,27.0,-16.0,38.0
2007,10,REG,MIA,BUF,10.0,13.0,-3.0,23.0
2007,10,REG,NO,STL,29.0,37.0,-8.0,66.0
2007,10,REG,PIT,CLE,31.0,28.0,3.0,59.0
2007,10,REG,TEN,JAX,13.0,28.0,-15.0,41.0
2007,10,REG,WAS,PHI,25.0,33.0,-8.0,58.0
2007,10,REG,BAL,CIN,7.0,21.0,-14.0,28.0
2007,10,REG,ARI,DET,31.0,21.0,10.0,52.0
2007,10,REG,NYG,DAL,20.0,31.0,-11.0,51.0
2007,10,REG,OAK,CHI,6.0,17.0,-11.0,23.0
2007,10,REG,SD,IND,23.0,21.0,2.0,44.0
2007,10,REG,SEA,SF,24.0,0.0,24.0,24.0
2007,11,REG,ATL,TB,7.0,31.0,-24.0,38.0
2007,11,REG,BAL,CLE,30.0,33.0,-3.0,63.0
2007,11,REG,CIN,ARI,27.0,35.0,-8.0,62.0
2007,11,REG,DET,NYG,10.0,16.0,-6.0,26.0
2007,11,REG,GB,CAR,31.0,17.0,14.0,48.0
2007,11,REG,HOU,NO,23.0,10.0,13.0,33.0
2007,11,REG,IND,KC,13.0,10.0,3.0,23.0
2007,11,REG,JAX,SD,24.0,17.0,7.0,41.0
2007,11,REG,MIN,OAK,29.0,22.0,7.0,51.0
2007,11,REG,PHI,MIA,17.0,7.0,10.0,24.0
2007,11,REG,NYJ,PIT,19.0,16.0,3.0,35.0
2007,11,REG,DAL,WAS,28.0,23.0,5.0,51.0
2007,11,REG,SEA,CHI,30.0,23.0,7.0,53.0
2007,11,REG,SF,STL,9.0,13.0,-4.0,22.0
2007,11,REG,BUF,NE,10.0,56.0,-46.0,66.0
2007,11,REG,DEN,TEN,34.0,20.0,14.0,54.0
2007,12,REG,DET,GB,26.0,37.0,-11.0,63.0
2007,12,REG,DAL,NYJ,34.0,3.0,31.0,37.0
2007,12,REG,ATL,IND,13.0,31.0,-18.0,44.0
2007,12,REG,CAR,NO,6.0,31.0,-25.0,37.0
2007,12,REG,CIN,TEN,35.0,6.0,29.0,41.0
2007,12,REG,CLE,HOU,27.0,17.0,10.0,44.0
2007,12,REG,JAX,BUF,36.0,14.0,22.0,50.0
2007,12,REG,KC,OAK,17.0,20.0,-3.0,37.0
2007,12,REG,NYG,MIN,17.0,41.0,-24.0,58.0
2007,12,REG,STL,SEA,19.0,24.0,-5.0,43.0
2007,12,REG,TB,WAS,19.0,13.0,6.0,32.0
2007,12,REG,ARI,SF,31.0,37.0,-6.0,68.0
2007,12,REG,CHI,DEN,37.0,34.0,3.0,71.0
2007,12,REG,SD,BAL,32.0,14.0,18.0,46.0
2007,12,REG,NE,PHI,31.0,28.0,3.0,59.0
2007,12,REG,PIT,MIA,3.0,0.0,3.0,3.0
2007,13,REG,DAL,GB,37.0,27.0,10.0,64.0
2007,13,REG,CAR,SF,31.0,14.0,17.0,45.0
2007,13,REG,IND,JAX,28.0,25.0,3.0,53.0
2007,13,REG,KC,SD,10.0,24.0,-14.0,34.0
2007,13,REG,MIA,NYJ,13.0,40.0,-27.0,53.0
2007,13,REG,MIN,DET,42.0,10.0,32.0,52.0
2007,13,REG,PHI,SEA,24.0,28.0,-4.0,52.0
2007,13,REG,STL,ATL,28.0,16.0,12.0,44.0
2007,13,REG,TEN,HOU,28.0,20.0,8.0,48.0
2007,13,REG,WAS,BUF,16.0,17.0,-1.0,33.0
2007,13,REG,ARI,CLE,27.0,21.0,6.0,48.0
2007,13,REG,OAK,DEN,34.0,20.0,14.0,54.0
2007,13,REG,CHI,NYG,16.0,21.0,-5.0,37.0
2007,13,REG,NO,TB,23.0,27.0,-4.0,50.0
2007,13,REG,PIT,CIN,24.0,10.0,14.0,34.0
2007,13,REG,BAL,NE,24.0,27.0,-3.0,51.0
2007,14,REG,WAS,CHI,24.0,16.0,8.0,40.0
2007,14,REG,BUF,MIA,38.0,17.0,21.0,55.0
2007,14,REG,CIN,STL,19.0,10.0,9.0,29.0
2007,14,REG,DET,DAL,27.0,28.0,-1.0,55.0
2007,14,REG,GB,OAK,38.0,7.0,31.0,45.0
2007,14,REG,HOU,TB,28.0,14.0,14.0,42.0
2007,14,REG,JAX,CAR,37.0,6.0,31.0,43.0
2007,14,REG,PHI,NYG,13.0,16.0,-3.0,29.0
2007,14,REG,TEN,SD,17.0,23.0,-6.0,40.0
2007,14,REG,SEA,ARI,42.0,21.0,21.0,63.0
2007,14,REG,SF,MIN,7.0,27.0,-20.0,34.0
2007,14,REG,DEN,KC,41.0,7.0,34.0,48.0
2007,14,REG,NE,PIT,34.0,13.0,21.0,47.0
2007,14,REG,NYJ,CLE,18.0,24.0,-6.0,42.0
2007,14,REG,BAL,IND,20.0,44.0,-24.0,64.0
2007,14,REG,ATL,NO,14.0,34.0,-20.0,48.0
2007,15,REG,HOU,DEN,31.0,13.0,18.0,44.0
2007,15,REG,SF,CIN,20.0,13.0,7.0,33.0
2007,15,REG,CAR,SEA,13.0,10.0,3.0,23.0
2007,15,REG,CLE,BUF,8.0,0.0,8.0,8.0
2007,15,REG,KC,TEN,17.0,26.0,-9.0,43.0
2007,15,REG,MIA,BAL,22.0,16.0,6.0,38.0
2007,15,REG,NE,NYJ,20.0,10.0,10.0,30.0
2007,15,REG,NO,ARI,31.0,24.0,7.0,55.0
2007,15,REG,PIT,JAX,22.0,29.0,-7.0,51.0
2007,15,REG,STL,GB,14.0,33.0,-19.0,47.0
2007,15,REG,TB,ATL,37.0,3.0,34.0,40.0
2007,15,REG,OAK,IND,14.0,21.0,-7.0,35.0
2007,15,REG,DAL,PHI,6.0,10.0,-4.0,16.0
2007,15,REG,SD,DET,51.0,14.0,37.0,65.0
2007,15,REG,NYG,WAS,10.0,22.0,-12.0,32.0
2007,15,REG,MIN,CHI,20.0,13.0,7.0,33.0
2007,16,REG,STL,PIT,24.0,41.0,-17.0,65.0
2007,16,REG,CAR,DAL,13.0,20.0,-7.0,33.0
2007,16,REG,BUF,NYG,21.0,38.0,-17.0,59.0
2007,16,REG,CHI,GB,35.0,7.0,28.0,42.0
2007,16,REG,CIN,CLE,19.0,14.0,5.0,33.0
2007,16,REG,DET,KC,25.0,20.0,5.0,45.0
2007,16,REG,IND,HOU,38.0,15.0,23.0,53.0
2007,16,REG,JAX,OAK,49.0,11.0,38.0,60.0
2007,16,REG,NO,PHI,23.0,38.0,-15.0,61.0
2007,16,REG,ARI,ATL,30.0,27.0,3.0,57.0
2007,16,REG,SF,TB,21.0,19.0,2.0,40.0
2007,16,REG,NE,MIA,28.0,7.0,21.0,35.0
2007,16,REG,SEA,BAL,27.0,6.0,21.0,33.0
2007,16,REG,TEN,NYJ,10.0,6.0,4.0,16.0
2007,16,REG,MIN,WAS,21.0,32.0,-11.0,53.0
2007,16,REG,SD,DEN,23.0,3.0,20.0,26.0
2007,17,REG,NYG,NE,35.0,38.0,-3.0,73.0
2007,17,REG,ATL,SEA,44.0,41.0,3.0,85.0
2007,17,REG,CHI,NO,33.0,25.0,8.0,58.0
2007,17,REG,CLE,SF,20.0,7.0,13.0,27.0
2007,17,REG,GB,DET,34.0,13.0,21.0,47.0
2007,17,REG,HOU,JAX,42.0,28.0,14.0,70.0
2007,17,REG,MIA,CIN,25.0,38.0,-13.0,63.0
2007,17,REG,PHI,BUF,17.0,9.0,8.0,26.0
2007,17,REG,TB,CAR,23.0,31.0,-8.0,54.0
2007,17,REG,ARI,STL,48.0,19.0,29.0,67.0
2007,17,REG,BAL,PIT,27.0,21.0,6.0,48.0
2007,17,REG,DEN,MIN,22.0,19.0,3.0,41.0
2007,17,REG,NYJ,KC,13.0,10.0,3.0,23.0
2007,17,REG,OAK,SD,17.0,30.0,-13.0,47.0
2007,17,REG,WAS,DAL,27.0,6.0,21.0,33.0
2007,17,REG,IND,TEN,10.0,16.0,-6.0,26.0
2007,18,WC,SEA,WAS,35.0,14.0,21.0,49.0
2007,18,WC,PIT,JAX,29.0,31.0,-2.0,60.0
2007,18,WC,TB,NYG,14.0,24.0,-10.0,38.0
2007,18,WC,SD,TEN,17.0,6.0,11.0,23.0
2007,19,DIV,GB,SEA,42.0,20.0,22.0,62.0
2007,19,DIV,NE,JAX,31.0,20.0,11.0,51.0
2007,19,DIV,IND,SD,24.0,28.0,-4.0,52.0
2007,19,DIV,DAL,NYG,17.0,21.0,-4.0,38.0
2007,20,CON,NE,SD,21.0,12.0,9.0,33.0
2007,20,CON,GB,NYG,20.0,23.0,-3.0,43.0
2007,21,SB,NE,NYG,14.0,17.0,-3.0,31.0
2008,1,REG,NYG,WAS,16.0,7.0,9.0,23.0
2008,1,REG,ATL,DET,34.0,21.0,13.0,55.0
2008,1,REG,BAL,CIN,17.0,10.0,7.0,27.0
2008,1,REG,BUF,SEA,34.0,10.0,24.0,44.0
2008,1,REG,MIA,NYJ,14.0,20.0,-6.0,34.0
2008,1,REG,NE,KC,17.0,10.0,7.0,27.0
2008,1,REG,NO,TB,24.0,20.0,4.0,44.0
2008,1,REG,PHI,STL,38.0,3.0,35.0,41.0
2008,1,REG,PIT,HOU,38.0,17.0,21.0,55.0
2008,1,REG,TEN,JAX,17.0,10.0,7.0,27.0
2008,1,REG,CLE,DAL,10.0,28.0,-18.0,38.0
2008,1,REG,SD,CAR,24.0,26.0,-2.0,50.0
2008,1,REG,SF,ARI,13.0,23.0,-10.0,36.0
2008,1,REG,IND,CHI,13.0,29.0,-16.0,42.0
2008,1,REG,GB,MIN,24.0,19.0,5.0,43.0
2008,1,REG,OAK,DEN,14.0,41.0,-27.0,55.0
2008,2,REG,CAR,CHI,20.0,17.0,3.0,37.0
2008,2,REG,CIN,TEN,7.0,24.0,-17.0,31.0
2008,2,REG,DET,GB,25.0,48.0,-23.0,73.0
2008,2,REG,JAX,BUF,16.0,20.0,-4.0,36.0
2008,2,REG,KC,OAK,8.0,23.0,-15.0,31.0
2008,2,REG,MIN,IND,15.0,18.0,-3.0,33.0
2008,2,REG,STL,NYG,13.0,41.0,-28.0,54.0
2008,2,REG,WAS,NO,29.0,24.0,5.0,53.0
2008,2,REG,SEA,SF,30.0,33.0,-3.0,63.0
2008,2,REG,TB,ATL,24.0,9.0,15.0,33.0
2008,2,REG,ARI,MIA,31.0,10.0,21.0,41.0
2008,2,REG,DEN,SD,39.0,38.0,1.0,77.0
2008,2,REG,NYJ,NE,10.0,19.0,-9.0,29.0
2008,2,REG,CLE,PIT,6.0,10.0,-4.0,16.0
2008,2,REG,DAL,PHI,41.0,37.0,4.0,78.0
2008,3,REG,ATL,KC,38.0,14.0,24.0,52.0
2008,3,REG,BUF,OAK,24.0,23.0,1.0,47.0
2008,3,REG,CHI,TB,24.0,27.0,-3.0,51.0
2008,3,REG,MIN,CAR,20.0,10.0,10.0,30.0
2008,3,REG,NE,MIA,13.0,38.0,-25.0,51.0
2008,3,REG,NYG,CIN,26.0,23.0,3.0,49.0
2008,3,REG,TEN,HOU,31.0,12.0,19.0,43.0
2008,3,REG,WAS,ARI,24.0,17.0,7.0,41.0
2008,3,REG,DEN,NO,34.0,32.0,2.0,66.0
2008,3,REG,SEA,STL,37.0,13.0,24.0,50.0
2008,3,REG,SF,DET,31.0,13.0,18.0,44.0
2008,3,REG,BAL,CLE,28.0,10.0,18.0,38.0
2008,3,REG,IND,JAX,21.0,23.0,-2.0,44.0
2008,3,REG,PHI,PIT,15.0,6.0,9.0,21.0
2008,3,REG,GB,DAL,16.0,27.0,-11.0,43.0
2008,3,REG,SD,NYJ,48.0,29.0,19.0,77.0
2008,4,REG,CAR,ATL,24.0,9.0,15.0,33.0
2008,4,REG,CIN,CLE,12.0,20.0,-8.0,32.0
2008,4,REG,JAX,HOU,30.0,27.0,3.0,57.0
2008,4,REG,KC,DEN,33.0,19.0,14.0,52.0
2008,4,REG,NO,SF,31.0,17.0,14.0,48.0
2008,4,REG,NYJ,ARI,56.0,35.0,21.0,91.0
2008,4,REG,TB,GB,30.0,21.0,9.0,51.0
2008,4,REG,TEN,MIN,30.0,17.0,13.0,47.0
2008,4,REG,OAK,SD,18.0,28.0,-10.0,46.0
2008,4,REG,STL,BUF,14.0,31.0,-17.0,45.0
2008,4,REG,DAL,WAS,24.0,26.0,-2.0,50.0
2008,4,REG,CHI,PHI,24.0,20.0,4.0,44.0
2008,4,REG,PIT,BAL,23.0,20.0,3.0,43.0
2008,5,REG,BAL,TEN,10.0,13.0,-3.0,23.0
2008,5,REG,CAR,KC,34.0,0.0,34.0,34.0
2008,5,REG,DET,CHI,7.0,34.0,-27.0,41.0
2008,5,REG,GB,ATL,24.0,27.0,-3.0,51.0
2008,5,REG,HOU,IND,27.0,31.0,-4.0,58.0
2008,5,REG,MIA,SD,17.0,10.0,7.0,27.0
2008,5,REG,NYG,SEA,44.0,6.0,38.0,50.0
2008,5,REG,PHI,WAS,17.0,23.0,-6.0,40.0
2008,5,REG,DEN,TB,16.0,13.0,3.0,29.0
2008,5,REG,ARI,BUF,41.0,17.0,24.0,58.0
2008,5,REG,DAL,CIN,31.0,22.0,9.0,53.0
2008,5,REG,SF,NE,21.0,30.0,-9.0,51.0
2008,5,REG,JAX,PIT,21.0,26.0,-5.0,47.0
2008,5,REG,NO,MIN,27.0,30.0,-3.0,57.0
2008,6,REG,ATL,CHI,22.0,20.0,2.0,42.0
2008,6,REG,HOU,MIA,29.0,28.0,1.0,57.0
2008,6,REG,IND,BAL,31.0,3.0,28.0,34.0
2008,6,REG,MIN,DET,12.0,10.0,2.0,22.0
2008,6,REG,NO,OAK,34.0,3.0,31.0,37.0
2008,6,REG,NYJ,CIN,26.0,14.0,12.0,40.0
2008,6,REG,TB,CAR,27.0,3.0,24.0,30.0
2008,6,REG,WAS,STL,17.0,19.0,-2.0,36.0
2008,6,REG,DEN,JAX,17.0,24.0,-7.0,41.0
2008,6,REG,ARI,DAL,30.0,24.0,6.0,54.0
2008,6,REG,SEA,GB,17.0,27.0,-10.0,44.0
2008,6,REG,SF,PHI,26.0,40.0,-14.0,66.0
2008,6,REG,SD,NE,30.0,10.0,20.0,40.0
2008,6,REG,CLE,NYG,35.0,14.0,21.0,49.0
2008,7,REG,BUF,SD,23.0,14.0,9.0,37.0
2008,7,REG,CAR,NO,30.0,7.0,23.0,37.0
2008,7,REG,CHI,MIN,48.0,41.0,7.0,89.0
2008,7,REG,CIN,PIT,10.0,38.0,-28.0,48.0
2008,7,REG,KC,TEN,10.0,34.0,-24.0,44.0
2008,7,REG,MIA,BAL,13.0,27.0,-14.0,40.0
2008,7,REG,NYG,SF,29.0,17.0,12.0,46.0
2008,7,REG,STL,DAL,34.0,14.0,20.0,48.0
2008,7,REG,HOU,DET,28.0,21.0,7.0,49.0
2008,7,REG,GB,IND,34.0,14.0,20.0,48.0
2008,7,REG,OAK,NYJ,16.0,13.0,3.0,29.0
2008,7,REG,WAS,CLE,14.0,11.0,3.0,25.0
2008,7,REG,TB,SEA,20.0,10.0,10.0,30.0
2008,7,REG,NE,DEN,41.0,7.0,34.0,48.0
2008,8,REG,BAL,OAK,29.0,10.0,19.0,39.0
2008,8,REG,CAR,ARI,27.0,23.0,4.0,50.0
2008,8,REG,DAL,TB,13.0,9.0,4.0,22.0
2008,8,REG,DET,WAS,17.0,25.0,-8.0,42.0
2008,8,REG,MIA,BUF,25.0,16.0,9.0,41.0
2008,8,REG,NE,STL,23.0,16.0,7.0,39.0
2008,8,REG,NO,SD,37.0,32.0,5.0,69.0
2008,8,REG,NYJ,KC,28.0,24.0,4.0,52.0
2008,8,REG,PHI,ATL,27.0,14.0,13.0,41.0
2008,8,REG,HOU,CIN,35.0,6.0,29.0,41.0
2008,8,REG,JAX,CLE,17.0,23.0,-6.0,40.0
2008,8,REG,PIT,NYG,14.0,21.0,-7.0,35.0
2008,8,REG,SF,SEA,13.0,34.0,-21.0,47.0
2008,8,REG,TEN,IND,31.0,21.0,10.0,52.0
2008,9,REG,BUF,NYJ,17.0,26.0,-9.0,43.0
2008,9,REG,CHI,DET,27.0,23.0,4.0,50.0
2008,9,REG,CIN,JAX,21.0,19.0,2.0,40.0
2008,9,REG,CLE,BAL,27.0,37.0,-10.0,64.0
2008,9,REG,KC,TB,27.0,30.0,-3.0,57.0
2008,9,REG,MIN,HOU,28.0,21.0,7.0,49.0
2008,9,REG,STL,ARI,13.0,34.0,-21.0,47.0
2008,9,REG,TEN,GB,19.0,16.0,3.0,35.0
2008,9,REG,DEN,MIA,17.0,26.0,-9.0,43.0
2008,9,REG,NYG,DAL,35.0,14.0,21.0,49.0
2008,9,REG,OAK,ATL,0.0,24.0,-24.0,24.0
2008,9,REG,SEA,PHI,7.0,26.0,-19.0,33.0
2008,9,REG,IND,NE,18.0,15.0,3.0,33.0
2008,9,REG,WAS,PIT,6.0,23.0,-17.0,29.0
2008,10,REG,CLE,DEN,30.0,34.0,-4.0,64.0
2008,10,REG,ATL,NO,34.0,20.0,14.0,54.0
2008,10,REG,CHI,TEN,14.0,21.0,-7.0,35.0
2008,10,REG,DET,JAX,14.0,38.0,-24.0,52.0
2008,10,REG,HOU,BAL,13.0,41.0,-28.0,54.0
2008,10,REG,MIA,SEA,21.0,19.0,2.0,40.0
2008,10,REG,MIN,GB,28.0,27.0,1.0,55.0
2008,10,REG,NE,BUF,20.0,10.0,10.0,30.0
2008,10,REG,NYJ,STL,47.0,3.0,44.0,50.0
2008,10,REG,OAK,CAR,6.0,17.0,-11.0,23.0
2008,10,REG,PIT,IND,20.0,24.0,-4.0,44.0
2008,10,REG,SD,KC,20.0,19.0,1.0,39.0
2008,10,REG,PHI,NYG,31.0,36.0,-5.0,67.0
2008,10,REG,ARI,SF,29.0,24.0,5.0,53.0
2008,11,REG,NE,NYJ,31.0,34.0,-3.0,65.0
2008,11,REG,ATL,DEN,20.0,24.0,-4.0,44.0
2008,11,REG,CAR,DET,31.0,22.0,9.0,53.0
2008,11,REG,CIN,PHI,13.0,13.0,0.0,26.0
2008,11,REG,GB,CHI,37.0,3.0,34.0,40.0
2008,11,REG,IND,HOU,33.0,27.0,6.0,60.0
2008,11,REG,KC,NO,20.0,30.0,-10.0,50.0
2008,11,REG,MIA,OAK,17.0,15.0,2.0,32.0
2008,11,REG,NYG,BAL,30.0,10.0,20.0,40.0
2008,11,REG,TB,MIN,19.0,13.0,6.0,32.0
2008,11,REG,SEA,ARI,20.0,26.0,-6.0,46.0
2008,11,REG,SF,STL,35.0,16.0,19.0,51.0
2008,11,REG,JAX,TEN,14.0,24.0,-10.0,38.0
2008,11,REG,PIT,SD,11.0,10.0,1.0,21.0
2008,11,REG,WAS,DAL,10.0,14.0,-4.0,24.0
2008,11,REG,BUF,CLE,27.0,29.0,-2.0,56.0
2008,12,REG,PIT,CIN,27.0,10.0,17.0,37.0
2008,12,REG,BAL,PHI,36.0,7.0,29.0,43.0
2008,12,REG,CLE,HOU,6.0,16.0,-10.0,22.0
2008,12,REG,DAL,SF,35.0,22.0,13.0,57.0
2008,12,REG,DET,TB,20.0,38.0,-18.0,58.0
2008,12,REG,JAX,MIN,12.0,30.0,-18.0,42.0
2008,12,REG,KC,BUF,31.0,54.0,-23.0,85.0
2008,12,REG,MIA,NE,28.0,48.0,-20.0,76.0
2008,12,REG,STL,CHI,3.0,27.0,-24.0,30.0
2008,12,REG,TEN,NYJ,13.0,34.0,-21.0,47.0
2008,12,REG,DEN,OAK,10.0,31.0,-21.0,41.0
2008,12,REG,ARI,NYG,29.0,37.0,-8.0,66.0
2008,12,REG,ATL,CAR,45.0,28.0,17.0,73.0
2008,12,REG,SEA,WAS,17.0,20.0,-3.0,37.0
2008,12,REG,SD,IND,20.0,23.0,-3.0,43.0
2008,12,REG,NO,GB,51.0,29.0,22.0,80.0
2008,13,REG,DET,TEN,10.0,47.0,-37.0,57.0
2008,13,REG,DAL,SEA,34.0,9.0,25.0,43.0
2008,13,REG,PHI,ARI,48.0,20.0,28.0,68.0
2008,13,REG,BUF,SF,3.0,10.0,-7.0,13.0
2008,13,REG,CIN,BAL,3.0,34.0,-31.0,37.0
2008,13,REG,CLE,IND,6.0,10.0,-4.0,16.0
2008,13,REG,GB,CAR,31.0,35.0,-4.0,66.0
2008,13,REG,STL,MIA,12.0,16.0,-4.0,28.0
2008,13,REG,TB,NO,23.0,20.0,3.0,43.0
2008,13,REG,WAS,NYG,7.0,23.0,-16.0,30.0
2008,13,REG,SD,ATL,16.0,22.0,-6.0,38.0
2008,13,REG,NE,PIT,10.0,33.0,-23.0,43.0
2008,13,REG,NYJ,DEN,17.0,34.0,-17.0,51.0
2008,13,REG,OAK,KC,13.0,20.0,-7.0,33.0
2008,13,REG,MIN,CHI,34.0,14.0,20.0,48.0
2008,13,REG,HOU,JAX,30.0,17.0,13.0,47.0
2008,14,REG,SD,OAK,34.0,7.0,27.0,41.0
2008,14,REG,CHI,JAX,23.0,10.0,13.0,33.0
2008,14,REG,DET,MIN,16.0,20.0,-4.0,36.0
2008,14,REG,GB,HOU,21.0,24.0,-3.0,45.0
2008,14,REG,IND,CIN,35.0,3.0,32.0,38.0
2008,14,REG,NO,ATL,29.0,25.0,4.0,54.0
2008,14,REG,NYG,PHI,14.0,20.0,-6.0,34.0
2008,14,REG,TEN,CLE,28.0,9.0,19.0,37.0
2008,14,REG,BUF,MIA,3.0,16.0,-13.0,19.0
2008,14,REG,DEN,KC,24.0,17.0,7.0,41.0
2008,14,REG,SEA,NE,21.0,24.0,-3.0,45.0
2008,14,REG,SF,NYJ,24.0,14.0,10.0,38.0
2008,14,REG,ARI,STL,34.0,10.0,24.0,44.0
2008,14,REG,PIT,DAL,20.0,13.0,7.0,33.0
2008,14,REG,BAL,WAS,24.0,10.0,14.0,34.0
2008,14,REG,CAR,TB,38.0,23.0,15.0,61.0
2008,15,REG,CHI,NO,27.0,24.0,3.0,51.0
2008,15,REG,ATL,TB,13.0,10.0,3.0,23.0
2008,15,REG,CIN,WAS,20.0,13.0,7.0,33.0
2008,15,REG,HOU,TEN,13.0,12.0,1.0,25.0
2008,15,REG,IND,DET,31.0,21.0,10.0,52.0
2008,15,REG,JAX,GB,20.0,16.0,4.0,36.0
2008,15,REG,KC,SD,21.0,22.0,-1.0,43.0
2008,15,REG,MIA,SF,14.0,9.0,5.0,23.0
2008,15,REG,NYJ,BUF,31.0,27.0,4.0,58.0
2008,15,REG,STL,SEA,20.0,23.0,-3.0,43.0
2008,15,REG,ARI,MIN,14.0,35.0,-21.0,49.0
2008,15,REG,BAL,PIT,9.0,13.0,-4.0,22.0
2008,15,REG,CAR,DEN,30.0,10.0,20.0,40.0
2008,15,REG,OAK,NE,26.0,49.0,-23.0,75.0
2008,15,REG,DAL,NYG,20.0,8.0,12.0,28.0
2008,15,REG,PHI,CLE,30.0,10.0,20.0,40.0
2008,16,REG,JAX,IND,24.0,31.0,-7.0,55.0
2008,16,REG,DAL,BAL,24.0,33.0,-9.0,57.0
2008,16,REG,CLE,CIN,0.0,14.0,-14.0,14.0
2008,16,REG,DET,NO,7.0,42.0,-35.0,49.0
2008,16,REG,KC,MIA,31.0,38.0,-7.0,69.0
2008,16,REG,NE,ARI,47.0,7.0,40.0,54.0
2008,16,REG,STL,SF,16.0,17.0,-1.0,33.0
2008,16,REG,TB,SD,24.0,41.0,-17.0,65.0
2008,16,REG,TEN,PIT,31.0,14.0,17.0,45.0
2008,16,REG,DEN,BUF,23.0,30.0,-7.0,53.0
2008,16,REG,OAK,HOU,27.0,16.0,11.0,43.0
2008,16,REG,SEA,NYJ,13.0,3.0,10.0,16.0
2008,16,REG,MIN,ATL,17.0,24.0,-7.0,41.0
2008,16,REG,WAS,PHI,10.0,3.0,7.0,13.0
2008,16,REG,NYG,CAR,34.0,28.0,6.0,62.0
2008,16,REG,CHI,GB,20.0,17.0,3.0,37.0
2008,17,REG,ATL,STL,31.0,27.0,4.0,58.0
2008,17,REG,BUF,NE,0.0,13.0,-13.0,13.0
2008,17,REG,CIN,KC,16.0,6.0,10.0,22.0
2008,17,REG,GB,DET,31.0,21.0,10.0,52.0
2008,17,REG,HOU,CHI,31.0,24.0,7.0,55.0
2008,17,REG,IND,TEN,23.0,0.0,23.0,23.0
2008,17,REG,MIN,NYG,20.0,19.0,1.0,39.0
2008,17,REG,NO,CAR,31.0,33.0,-2.0,64.0
2008,17,REG,PIT,CLE,31.0,0.0,31.0,31.0
2008,17,REG,TB,OAK,24.0,31.0,-7.0,55.0
2008,17,REG,ARI,SEA,34.0,21.0,13.0,55.0
2008,17,REG,BAL,JAX,27.0,7.0,20.0,34.0
2008,17,REG,NYJ,MIA,17.0,24.0,-7.0,41.0
2008,17,REG,PHI,DAL,44.0,6.0,38.0,50.0
2008,17,REG,SF,WAS,27.0,24.0,3.0,51.0
2008,17,REG,SD,DEN,52.0,21.0,31.0,73.0
2008,18,WC,ARI,ATL,30.0,24.0,6.0,54.0
2008,18,WC,SD,IND,23.0,17.0,6.0,40.0
2008,18,WC,MIA,BAL,9.0,27.0,-18.0,36.0
2008,18,WC,MIN,PHI,14.0,26.0,-12.0,40.0
2008,19,DIV,TEN,BAL,10.0,13.0,-3.0,23.0
2008,19,DIV,CAR,ARI,13.0,33.0,-20.0,46.0
2008,19,DIV,NYG,PHI,11.0,23.0,-12.0,34.0
2008,19,DIV,PIT,SD,35.0,24.0,11.0,59.0
2008,20,CON,ARI,PHI,32.0,25.0,7.0,57.0
2008,20,CON,PIT,BAL,23.0,14.0,9.0,37.0
2008,21,SB,ARI,PIT,23.0,27.0,-4.0,50.0
2009,1,REG,PIT,TEN,13.0,10.0,3.0,23.0
2009,1,REG,ATL,MIA,19.0,7.0,12.0,26.0
2009,1,REG,BAL,KC,38.0,24.0,14.0,62.0
2009,1,REG,CAR,PHI,10.0,38.0,-28.0,48.0
2009,1,REG,CIN,DEN,7.0,12.0,-5.0,19.0
2009,1,REG,CLE,MIN,20.0,34.0,-14.0,54.0
2009,1,REG,HOU,NYJ,7.0,24.0,-17.0,31.0
2009,1,REG,IND,JAX,14.0,12.0,2.0,26.0
2009,1,REG,NO,DET,45.0,27.0,18.0,72.0
2009,1,REG,TB,DAL,21.0,34.0,-13.0,55.0
2009,1,REG,ARI,SF,16.0,20.0,-4.0,36.0
2009,1,REG,NYG,WAS,23.0,17.0,6.0,40.0
2009,1,REG,SEA,STL,28.0,0.0,28.0,28.0
2009,1,REG,GB,CHI,21.0,15.0,6.0,36.0
2009,1,REG,NE,BUF,25.0,24.0,1.0,49.0
2009,1,REG,OAK,SD,20.0,24.0,-4.0,44.0
2009,2,REG,ATL,CAR,28.0,20.0,8.0,48.0
2009,2,REG,DET,MIN,13.0,27.0,-14.0,40.0
2009,2,REG,GB,CIN,24.0,31.0,-7.0,55.0
2009,2,REG,JAX,ARI,17.0,31.0,-14.0,48.0
2009,2,REG,KC,OAK,10.0,13.0,-3.0,23.0
2009,2,REG,NYJ,NE,16.0,9.0,7.0,25.0
2009,2,REG,PHI,NO,22.0,48.0,-26.0,70.0
2009,2,REG,TEN,HOU,31.0,34.0,-3.0,65.0
2009,2,REG,WAS,STL,9.0,7.0,2.0,16.0
2009,2,REG,BUF,TB,33.0,20.0,13.0,53.0
2009,2,REG,SF,SEA,23.0,10.0,13.0,33.0
2009,2,REG,CHI,PIT,17.0,14.0,3.0,31.0
2009,2,REG,DEN,CLE,27.0,6.0,21.0,33.0
2009,2,REG,SD,BAL,26.0,31.0,-5.0,57.0
2009,2,REG,DAL,NYG,31.0,33.0,-2.0,64.0
2009,2,REG,MIA,IND,23.0,27.0,-4.0,50.0
2009,3,REG,BAL,CLE,34.0,3.0,31.0,37.0
2009,3,REG,DET,WAS,19.0,14.0,5.0,33.0
2009,3,REG,HOU,JAX,24.0,31.0,-7.0,55.0
2009,3,REG,MIN,SF,27.0,24.0,3.0,51.0
2009,3,REG,NE,ATL,26.0,10.0,16.0,36.0
2009,3,REG,NYJ,TEN,24.0,17.0,7.0,41.0
2009,3,REG,PHI,KC,34.0,14.0,20.0,48.0
2009,3,REG,STL,GB,17.0,36.0,-19.0,53.0
2009,3,REG,TB,NYG,0.0,24.0,-24.0,24.0
2009,3,REG,BUF,NO,7.0,27.0,-20.0,34.0
2009,3,REG,SEA,CHI,19.0,25.0,-6.0,44.0
2009,3,REG,CIN,PIT,23.0,20.0,3.0,43.0
2009,3,REG,OAK,DEN,3.0,23.0,-20.0,26.0
2009,3,REG,SD,MIA,23.0,13.0,10.0,36.0
2009,3,REG,ARI,IND,10.0,31.0,-21.0,41.0
2009,3,REG,DAL,CAR,21.0,7.0,14.0,28.0
2009,4,REG,CHI,DET,48.0,24.0,24.0,72.0
2009,4,REG,CLE,CIN,20.0,23.0,-3.0,43.0
2009,4,REG,HOU,OAK,29.0,6.0,23.0,35.0
2009,4,REG,IND,SEA,34.0,17.0,17.0,51.0
2009,4,REG,JAX,TEN,37.0,17.0,20.0,54.0
2009,4,REG,KC,NYG,16.0,27.0,-11.0,43.0
2009,4,REG,NE,BAL,27.0,21.0,6.0,48.0
2009,4,REG,WAS,TB,16.0,13.0,3.0,29.0
2009,4,REG,MIA,BUF,38.0,10.0,28.0,48.0
2009,4,REG,NO,NYJ,24.0,10.0,14.0,34.0
2009,4,REG,DEN,DAL,17.0,10.0,7.0,27.0
2009,4,REG,SF,STL,35.0,0.0,35.0,35.0
2009,4,REG,PIT,SD,38.0,28.0,10.0,66.0
2009,4,REG,MIN,GB,30.0,23.0,7.0,53.0
2009,5,REG,BAL,CIN,14.0,17.0,-3.0,31.0
2009,5,REG,BUF,CLE,3.0,6.0,-3.0,9.0
2009,5,REG,CAR,WAS,20.0,17.0,3.0,37.0
2009,5,REG,DET,PIT,20.0,28.0,-8.0,48.0
2009,5,REG,KC,DAL,20.0,26.0,-6.0,46.0
2009,5,REG,NYG,OAK,44.0,7.0,37.0,51.0
2009,5,REG,PHI,TB,33.0,14.0,19.0,47.0
2009,5,REG,STL,MIN,10.0,38.0,-28.0,48.0
2009,5,REG,SF,ATL,10.0,45.0,-35.0,55.0
2009,5,REG,ARI,HOU,28.0,21.0,7.0,49.0
2009,5,REG,DEN,NE,20.0,17.0,3.0,37.0
2009,5,REG,SEA,JAX,41.0,0.0,41.0,41.0
2009,5,REG,TEN,IND,9.0,31.0,-22.0,40.0
2009,5,REG,MIA,NYJ,31.0,27.0,4.0,58.0
2009,6,REG,CIN,HOU,17.0,28.0,-11.0,45.0
2009,6,REG,GB,DET,26.0,0.0,26.0,26.0
2009,6,REG,JAX,STL,23.0,20.0,3.0,43.0
2009,6,REG,MIN,BAL,33.0,31.0,2.0,64.0
2009,6,REG,NO,NYG,48.0,27.0,21.0,75.0
2009,6,REG,PIT,CLE,27.0,14.0,13.0,41.0
2009,6,REG,TB,CAR,21.0,28.0,-7.0,49.0
2009,6,REG,WAS,KC,6.0,14.0,-8.0,20.0
2009,6,REG,OAK,PHI,13.0,9.0,4.0,22.0
2009,6,REG,SEA,ARI,3.0,27.0,-24.0,30.0
2009,6,REG,NE,TEN,59.0,0.0,59.0,59.0
2009,6,REG,NYJ,BUF,13.0,16.0,-3.0,29.0
2009,6,REG,ATL,CHI,21.0,14.0,7.0,35.0
2009,6,REG,SD,DEN,23.0,34.0,-11.0,57.0
2009,7,REG,CLE,GB,3.0,31.0,-28.0,34.0
2009,7,REG,HOU,SF,24.0,21.0,3.0,45.0
2009,7,REG,KC,SD,7.0,37.0,-30.0,44.0
2009,7,REG,PIT,MIN,27.0,17.0,10.0,44.0
2009,7,REG,STL,IND,6.0,42.0,-36.0,48.0
2009,7,REG,TB,NE,7.0,35.0,-28.0,42.0
2009,7,REG,CAR,BUF,9.0,20.0,-11.0,29.0
2009,7,REG,OAK,NYJ,0.0,38.0,-38.0,38.0
2009,7,REG,CIN,CHI,45.0,10.0,35.0,55.0
2009,7,REG,DAL,ATL,37.0,21.0,16.0,58.0
2009,7,REG,MIA,NO,34.0,46.0,-12.0,80.0
2009,7,REG,NYG,ARI,17.0,24.0,-7.0,41.0
2009,7,REG,WAS,PHI,17.0,27.0,-10.0,44.0
2009,8,REG,BAL,DEN,30.0,7.0,23.0,37.0
2009,8,REG,BUF,HOU,10.0,31.0,-21.0,41.0
2009,8,REG,CHI,CLE,30.0,6.0,24.0,36.0
2009,8,REG,DAL,SEA,38.0,17.0,21.0,55.0
2009,8,REG,DET,STL,10.0,17.0,-7.0,27.0
2009,8,REG,IND,SF,18.0,14.0,4.0,32.0
2009,8,REG,NYJ,MIA,25.0,30.0,-5.0,55.0
2009,8,REG,PHI,NYG,40.0,17.0,23.0,57.0
2009,8,REG,SD,OAK,24.0,16.0,8.0,40.0
2009,8,REG,TEN,JAX,30.0,13.0,17.0,43.0
2009,8,REG,ARI,CAR,21.0,34.0,-13.0,55.0
2009,8,REG,GB,MIN,26.0,38.0,-12.0,64.0
2009,8,REG,NO,ATL,35.0,27.0,8.0,62.0
2009,9,REG,ATL,WAS,31.0,17.0,14.0,48.0
2009,9,REG,CHI,ARI,21.0,41.0,-20.0,62.0
2009,9,REG,CIN,BAL,17.0,7.0,10.0,24.0
2009,9,REG,IND,HOU,20.0,17.0,3.0,37.0
2009,9,REG,JAX,KC,24.0,21.0,3.0,45.0
2009,9,REG,NE,MIA,27.0,17.0,10.0,44.0
2009,9,REG,TB,GB,38.0,28.0,10.0,66.0
2009,9,REG,NO,CAR,30.0,20.0,10.0,50.0
2009,9,REG,SEA,DET,32.0,20.0,12.0,52.0
2009,9,REG,NYG,SD,20.0,21.0,-1.0,41.0
2009,9,REG,SF,TEN,27.0,34.0,-7.0,61.0
2009,9,REG,PHI,DAL,16.0,20.0,-4.0,36.0
2009,9,REG,DEN,PIT,10.0,28.0,-18.0,38.0
2009,10,REG,SF,CHI,10.0,6.0,4.0,16.0
2009,10,REG,CAR,ATL,28.0,19.0,9.0,47.0
2009,10,REG,MIA,TB,25.0,23.0,2.0,48.0
2009,10,REG,MIN,DET,27.0,10.0,17.0,37.0
2009,10,REG,NYJ,JAX,22.0,24.0,-2.0,46.0
2009,10,REG,PIT,CIN,12.0,18.0,-6.0,30.0
2009,10,REG,STL,NO,23.0,28.0,-5.0,51.0
2009,10,REG,TEN,BUF,41.0,17.0,24.0,58.0
2009,10,REG,WAS,DEN,27.0,17.0,10.0,44.0
2009,10,REG,OAK,KC,10.0,16.0,-6.0,26.0
2009,10,REG,ARI,SEA,31.0,20.0,11.0,51.0
2009,10,REG,GB,DAL,17.0,7.0,10.0,24.0
2009,10,REG,SD,PHI,31.0,23.0,8.0,54.0
2009,10,REG,IND,NE,35.0,34.0,1.0,69.0
2009,10,REG,CLE,BAL,0.0,16.0,-16.0,16.0
2009,11,REG,CAR,MIA,17.0,24.0,-7.0,41.0
2009,11,REG,BAL,IND,15.0,17.0,-2.0,32.0
2009,11,REG,DAL,WAS,7.0,6.0,1.0,13.0
2009,11,REG,DET,CLE,38.0,37.0,1.0,75.0
2009,11,REG,GB,SF,30.0,24.0,6.0,54.0
2009,11,REG,JAX,BUF,18.0,15.0,3.0,33.0
2009,11,REG,KC,PIT,27.0,24.0,3.0,51.0
2009,11,REG,MIN,SEA,35.0,9.0,26.0,44.0
2009,11,REG,NYG,ATL,34.0,31.0,3.0,65.0
2009,11,REG,TB,NO,7.0,38.0,-31.0,45.0
2009,11,REG,STL,ARI,13.0,21.0,-8.0,34.0
2009,11,REG,DEN,SD,3.0,32.0,-29.0,35.0
2009,11,REG,NE,NYJ,31.0,14.0,17.0,45.0
2009,11,REG,OAK,CIN,20.0,17.0,3.0,37.0
2009,11,REG,CHI,PHI,20.0,24.0,-4.0,44.0
2009,11,REG,HOU,TEN,17.0,20.0,-3.0,37.0
2009,12,REG,DET,GB,12.0,34.0,-22.0,46.0
2009,12,REG,DAL,OAK,24.0,7.0,17.0,31.0
2009,12,REG,DEN,NYG,26.0,6.0,20.0,32.0
2009,12,REG,ATL,TB,20.0,17.0,3.0,37.0
2009,12,REG,BUF,MIA,31.0,14.0,17.0,45.0
2009,12,REG,CIN,CLE,16.0,7.0,9.0,23.0
2009,12,REG,HOU,IND,27.0,35.0,-8.0,62.0
2009,12,REG,NYJ,CAR,17.0,6.0,11.0,23.0
2009,12,REG,PHI,WAS,27.0,24.0,3.0,51.0
2009,12,REG,STL,SEA,17.0,27.0,-10.0,44.0
2009,12,REG,SD,KC,43.0,14.0,29.0,57.0
2009,12,REG,SF,JAX,20.0,3.0,17.0,23.0
2009,12,REG,MIN,CHI,36.0,10.0,26.0,46.0
2009,12,REG,TEN,ARI,20.0,17.0,3.0,37.0
2009,12,REG,BAL,PIT,20.0,17.0,3.0,37.0
2009,12,REG,NO,NE,38.0,17.0,21.0,55.0
2009,13,REG,BUF,NYJ,13.0,19.0,-6.0,32.0
2009,13,REG,ATL,PHI,7.0,34.0,-27.0,41.0
2009,13,REG,CAR,TB,16.0,6.0,10.0,22.0
2009,13,REG,CHI,STL,17.0,9.0,8.0,26.0
2009,13,REG,CIN,DET,23.0,13.0,10.0,36.0
2009,13,REG,IND,TEN,27.0,17.0,10.0,44.0
2009,13,REG,JAX,HOU,23.0,18.0,5.0,41.0
2009,13,REG,KC,DEN,13.0,44.0,-31.0,57.0
2009,13,REG,MIA,NE,22.0,21.0,1.0,43.0
2009,13,REG,PIT,OAK,24.0,27.0,-3.0,51.0
2009,13,REG,WAS,NO,30.0,33.0,-3.0,63.0
2009,13,REG,CLE,SD,23.0,30.0,-7.0,53.0
2009,13,REG,NYG,DAL,31.0,24.0,7.0,55.0
2009,13,REG,SEA,SF,20.0,17.0,3.0,37.0
2009,13,REG,ARI,MIN,30.0,17.0,13.0,47.0
2009,13,REG,GB,BAL,27.0,14.0,13.0,41.0
2009,14,REG,CLE,PIT,13.0,6.0,7.0,19.0
2009,14,REG,ATL,NO,23.0,26.0,-3.0,49.0
2009,14,REG,BAL,DET,48.0,3.0,45.0,51.0
2009,14,REG,CHI,GB,14.0,21.0,-7.0,35.0
2009,14,REG,HOU,SEA,34.0,7.0,27.0,41.0
2009,14,REG,IND,DEN,28.0,16.0,12.0,44.0
2009,14,REG,JAX,MIA,10.0,14.0,-4.0,24.0
2009,14,REG,KC,BUF,10.0,16.0,-6.0,26.0
2009,14,REG,MIN,CIN,30.0,10.0,20.0,40.0
2009,14,REG,NE,CAR,20.0,10.0,10.0,30.0
2009,14,REG,TB,NYJ,3.0,26.0,-23.0,29.0
2009,14,REG,OAK,WAS,13.0,34.0,-21.0,47.0
2009,14,REG,TEN,STL,47.0,7.0,40.0,54.0
2009,14,REG,DAL,SD,17.0,20.0,-3.0,37.0
2009,14,REG,NYG,PHI,38.0,45.0,-7.0,83.0
2009,14,REG,SF,ARI,24.0,9.0,15.0,33.0
2009,15,REG,JAX,IND,31.0,35.0,-4.0,66.0
2009,15,REG,NO,DAL,17.0,24.0,-7.0,41.0
2009,15,REG,BUF,NE,10.0,17.0,-7.0,27.0
2009,15,REG,DET,ARI,24.0,31.0,-7.0,55.0
2009,15,REG,KC,CLE,34.0,41.0,-7.0,75.0
2009,15,REG,NYJ,ATL,7.0,10.0,-3.0,17.0
2009,15,REG,STL,HOU,13.0,16.0,-3.0,29.0
2009,15,REG,TEN,MIA,27.0,24.0,3.0,51.0
2009,15,REG,DEN,OAK,19.0,20.0,-1.0,39.0
2009,15,REG,SD,CIN,27.0,24.0,3.0,51.0
2009,15,REG,BAL,CHI,31.0,7.0,24.0,38.0
2009,15,REG,PHI,SF,27.0,13.0,14.0,40.0
2009,15,REG,PIT,GB,37.0,36.0,1.0,73.0
2009,15,REG,SEA,TB,7.0,24.0,-17.0,31.0
2009,15,REG,CAR,MIN,26.0,7.0,19.0,33.0
2009,15,REG,WAS,NYG,12.0,45.0,-33.0,57.0
2009,16,REG,TEN,SD,17.0,42.0,-25.0,59.0
2009,16,REG,ATL,BUF,31.0,3.0,28.0,34.0
2009,16,REG,CIN,KC,17.0,10.0,7.0,27.0
2009,16,REG,CLE,OAK,23.0,9.0,14.0,32.0
2009,16,REG,GB,SEA,48.0,10.0,38.0,58.0
2009,16,REG,MIA,HOU,20.0,27.0,-7.0,47.0
2009,16,REG,NE,JAX,35.0,7.0,28.0,42.0
2009,16,REG,NO,TB,17.0,20.0,-3.0,37.0
2009,16,REG,NYG,CAR,9.0,41.0,-32.0,50.0
2009,16,REG,PIT,BAL,23.0,20.0,3.0,43.0
2009,16,REG,ARI,STL,31.0,10.0,21.0,41.0
2009,16,REG,SF,DET,20.0,6.0,14.0,26.0
2009,16,REG,IND,NYJ,15.0,29.0,-14.0,44.0
2009,16,REG,PHI,DEN,30.0,27.0,3.0,57.0
2009,16,REG,WAS,DAL,0.0,17.0,-17.0,17.0
2009,16,REG,CHI,MIN,36.0,30.0,6.0,66.0
2009,17,REG,BUF,IND,30.0,7.0,23.0,37.0
2009,17,REG,CAR,NO,23.0,10.0,13.0,33.0
2009,17,REG,CLE,JAX,23.0,17.0,6.0,40.0
2009,17,REG,DET,CHI,23.0,37.0,-14.0,60.0
2009,17,REG,HOU,NE,34.0,27.0,7.0,61.0
2009,17,REG,MIA,PIT,24.0,30.0,-6.0,54.0
2009,17,REG,MIN,NYG,44.0,7.0,37.0,51.0
2009,17,REG,STL,SF,6.0,28.0,-22.0,34.0
2009,17,REG,TB,ATL,10.0,20.0,-10.0,30.0
2009,17,REG,ARI,GB,7.0,33.0,-26.0,40.0
2009,17,REG,DAL,PHI,24.0,0.0,24.0,24.0
2009,17,REG,DEN,KC,24.0,44.0,-20.0,68.0
2009,17,REG,OAK,BAL,13.0,21.0,-8.0,34.0
2009,17,REG,SD,WAS,23.0,20.0,3.0,43.0
2009,17,REG,SEA,TEN,13.0,17.0,-4.0,30.0
2009,17,REG,NYJ,CIN,37.0,0.0,37.0,37.0
2009,18,WC,CIN,NYJ,14.0,24.0,-10.0,38.0
2009,18,WC,DAL,PHI,34.0,14.0,20.0,48.0
2009,18,WC,NE,BAL,14.0,33.0,-19.0,47.0
2009,18,WC,ARI,GB,51.0,45.0,6.0,96.0
2009,19,DIV,NO,ARI,45.0,14.0,31.0,59.0
2009,19,DIV,IND,BAL,20.0,3.0,17.0,23.0
2009,19,DIV,MIN,DAL,34.0,3.0,31.0,37.0
2009,19,DIV,SD,NYJ,14.0,17.0,-3.0,31.0
2009,20,CON,IND,NYJ,30.0,17.0,13.0,47.0
2009,20,CON,NO,MIN,31.0,28.0,3.0,59.0
2009,21,SB,IND,NO,17.0,31.0,-14.0,48.0
2010,1,REG,NO,MIN,14.0,9.0,5.0,23.0
2010,1,REG,BUF,MIA,10.0,15.0,-5.0,25.0
2010,1,REG,CHI,DET,19.0,14.0,5.0,33.0
2010,1,REG,HOU,IND,34.0,24.0,10.0,58.0
2010,1,REG,JAX,DEN,24.0,17.0,7.0,41.0
2010,1,REG,NE,CIN,38.0,24.0,14.0,62.0
2010,1,REG,NYG,CAR,31.0,18.0,13.0,49.0
2010,1,REG,PIT,ATL,15.0,9.0,6.0,24.0
2010,1,REG,TB,CLE,17.0,14.0,3.0,31.0
2010,1,REG,TEN,OAK,38.0,13.0,25.0,51.0
2010,1,REG,PHI,GB,20.0,27.0,-7.0,47.0
2010,1,REG,SEA,SF,31.0,6.0,25.0,37.0
2010,1,REG,STL,ARI,13.0,17.0,-4.0,30.0
2010,1,REG,WAS,DAL,13.0,7.0,6.0,20.0
2010,1,REG,NYJ,BAL,9.0,10.0,-1.0,19.0
2010,1,REG,KC,SD,21.0,14.0,7.0,35.0
2010,2,REG,ATL,ARI,41.0,7.0,34.0,48.0
2010,2,REG,CAR,TB,7.0,20.0,-13.0,27.0
2010,2,REG,CIN,BAL,15.0,10.0,5.0,25.0
2010,2,REG,CLE,KC,14.0,16.0,-2.0,30.0
2010,2,REG,DAL,CHI,20.0,27.0,-7.0,47.0
2010,2,REG,DET,PHI,32.0,35.0,-3.0,67.0
2010,2,REG,GB,BUF,34.0,7.0,27.0,41.0
2010,2,REG,MIN,MIA,10.0,14.0,-4.0,24.0
2010,2,REG,TEN,PIT,11.0,19.0,-8.0,30.0
2010,2,REG,DEN,SEA,31.0,14.0,17.0,45.0
2010,2,REG,OAK,STL,16.0,14.0,2.0,30.0
2010,2,REG,NYJ,NE,28.0,14.0,14.0,42.0
2010,2,REG,SD,JAX,38.0,13.0,25.0,51.0
2010,2,REG,WAS,HOU,27.0,30.0,-3.0,57.0
2010,2,REG,IND,NYG,38.0,14.0,24.0,52.0
2010,2,REG,SF,NO,22.0,25.0,-3.0,47.0
2010,3,REG,BAL,CLE,24.0,17.0,7.0,41.0
2010,3,REG,CAR,CIN,7.0,20.0,-13.0,27.0
2010,3,REG,HOU,DAL,13.0,27.0,-14.0,40.0
2010,3,REG,KC,SF,31.0,10.0,21.0,41.0
2010,3,REG,MIN,DET,24.0,10.0,14.0,34.0
2010,3,REG,NE,BUF,38.0,30.0,8.0,68.0
2010,3,REG,NO,ATL,24.0,27.0,-3.0,51.0
2010,3,REG,NYG,TEN,10.0,29.0,-19.0,39.0
2010,3,REG,TB,PIT,13.0,38.0,-25.0,51.0
2010,3,REG,JAX,PHI,3.0,28.0,-25.0,31.0
2010,3,REG,STL,WAS,30.0,16.0,14.0,46.0
2010,3,REG,ARI,OAK,24.0,23.0,1.0,47.0
2010,3,REG,DEN,IND,13.0,27.0,-14.0,40.0
2010,3,REG,SEA,SD,27.0,20.0,7.0,47.0
2010,3,REG,MIA,NYJ,23.0,31.0,-8.0,54.0
2010,3,REG,CHI,GB,20.0,17.0,3.0,37.0
2010,4,REG,ATL,SF,16.0,14.0,2.0,30.0
2010,4,REG,BUF,NYJ,14.0,38.0,-24.0,52.0
2010,4,REG,CLE,CIN,23.0,20.0,3.0,43.0
2010,4,REG,GB,DET,28.0,26.0,2.0,54.0
2010,4,REG,NO,CAR,16.0,14.0,2.0,30.0
2010,4,REG,PIT,BAL,14.0,17.0,-3.0,31.0
2010,4,REG,STL,SEA,20.0,3.0,17.0,23.0
2010,4,REG,TEN,DEN,20.0,26.0,-6.0,46.0
2010,4,REG,JAX,IND,31.0,28.0,3.0,59.0
2010,4,REG,OAK,HOU,24.0,31.0,-7.0,55.0
2010,4,REG,PHI,WAS,12.0,17.0,-5.0,29.0
2010,4,REG,SD,ARI,41.0,10.0,31.0,51.0
2010,4,REG,NYG,CHI,17.0,3.0,14.0,20.0
2010,4,REG,MIA,NE,14.0,41.0,-27.0,55.0
2010,5,REG,BAL,DEN,31.0,17.0,14.0,48.0
2010,5,REG,BUF,JAX,26.0,36.0,-10.0,62.0
2010,5,REG,CAR,CHI,6.0,23.0,-17.0,29.0
2010,5,REG,CIN,TB,21.0,24.0,-3.0,45.0
2010,5,REG,CLE,ATL,10.0,20.0,-10.0,30.0
2010,5,REG,DET,STL,44.0,6.0,38.0,50.0
2010,5,REG,HOU,NYG,10.0,34.0,-24.0,44.0
2010,5,REG,IND,KC,19.0,9.0,10.0,28.0
2010,5,REG,WAS,GB,16.0,13.0,3.0,29.0
2010,5,REG,ARI,NO,30.0,20.0,10.0,50.0
2010,5,REG,DAL,TEN,27.0,34.0,-7.0,61.0
2010,5,REG,OAK,SD,35.0,27.0,8.0,62.0
2010,5,REG,SF,PHI,24.0,27.0,-3.0,51.0
2010,5,REG,NYJ,MIN,29.0,20.0,9.0,49.0
2010,6,REG,CHI,SEA,20.0,23.0,-3.0,43.0
2010,6,REG,GB,MIA,20.0,23.0,-3.0,43.0
2010,6,REG,HOU,KC,35.0,31.0,4.0,66.0
2010,6,REG,NE,BAL,23.0,20.0,3.0,43.0
2010,6,REG,NYG,DET,28.0,20.0,8.0,48.0
2010,6,REG,PHI,ATL,31.0,17.0,14.0,48.0
2010,6,REG,PIT,CLE,28.0,10.0,18.0,38.0
2010,6,REG,STL,SD,20.0,17.0,3.0,37.0
2010,6,REG,TB,NO,6.0,31.0,-25.0,37.0
2010,6,REG,DEN,NYJ,20.0,24.0,-4.0,44.0
2010,6,REG,SF,OAK,17.0,9.0,8.0,26.0
2010,6,REG,MIN,DAL,24.0,21.0,3.0,45.0
2010,6,REG,WAS,IND,24.0,27.0,-3.0,51.0
2010,6,REG,JAX,TEN,3.0,30.0,-27.0,33.0
2010,7,REG,ATL,CIN,39.0,32.0,7.0,71.0
2010,7,REG,BAL,BUF,37.0,34.0,3.0,71.0
2010,7,REG,CAR,SF,23.0,20.0,3.0,43.0
2010,7,REG,CHI,WAS,14.0,17.0,-3.0,31.0
2010,7,REG,KC,JAX,42.0,20.0,22.0,62.0
2010,7,REG,MIA,PIT,22.0,23.0,-1.0,45.0
2010,7,REG,NO,CLE,17.0,30.0,-13.0,47.0
2010,7,REG,TB,STL,18.0,17.0,1.0,35.0
2010,7,REG,TEN,PHI,37.0,19.0,18.0,56.0
2010,7,REG,SEA,ARI,22.0,10.0,12.0,32.0
2010,7,REG,DEN,OAK,14.0,59.0,-45.0,73.0
2010,7,REG,SD,NE,20.0,23.0,-3.0,43.0
2010,7,REG,GB,MIN,28.0,24.0,4.0,52.0
2010,7,REG,DAL,NYG,35.0,41.0,-6.0,76.0
2010,8,REG,CIN,MIA,14.0,22.0,-8.0,36.0
2010,8,REG,DAL,JAX,17.0,35.0,-18.0,52.0
2010,8,REG,DET,WAS,37.0,25.0,12.0,62.0
2010,8,REG,KC,BUF,13.0,10.0,3.0,23.0
2010,8,REG,NYJ,GB,0.0,9.0,-9.0,9.0
2010,8,REG,SF,DEN,24.0,16.0,8.0,40.0
2010,8,REG,STL,CAR,20.0,10.0,10.0,30.0
2010,8,REG,SD,TEN,33.0,25.0,8.0,58.0
2010,8,REG,ARI,TB,35.0,38.0,-3.0,73.0
2010,8,REG,NE,MIN,28.0,18.0,10.0,46.0
2010,8,REG,OAK,SEA,33.0,3.0,30.0,36.0
2010,8,REG,NO,PIT,20.0,10.0,10.0,30.0
2010,8,REG,IND,HOU,30.0,17.0,13.0,47.0
2010,9,REG,ATL,TB,27.0,21.0,6.0,48.0
2010,9,REG,BAL,MIA,26.0,10.0,16.0,36.0
2010,9,REG,BUF,CHI,19.0,22.0,-3.0,41.0
2010,9,REG,CAR,NO,3.0,34.0,-31.0,37.0
2010,9,REG,CLE,NE,34.0,14.0,20.0,48.0
2010,9,REG,DET,NYJ,20.0,23.0,-3.0,43.0
2010,9,REG,HOU,SD,23.0,29.0,-6.0,52.0
2010,9,REG,MIN,ARI,27.0,24.0,3.0,51.0
2010,9,REG,SEA,NYG,7.0,41.0,-34.0,48.0
2010,9,REG,OAK,KC,23.0,20.0,3.0,43.0
2010,9,REG,PHI,IND,26.0,24.0,2.0,50.0
2010,9,REG,GB,DAL,45.0,7.0,38.0,52.0
2010,9,REG,CIN,PIT,21.0,27.0,-6.0,48.0
2010,10,REG,ATL,BAL,26.0,21.0,5.0,47.0
2010,10,REG,BUF,DET,14.0,12.0,2.0,26.0
2010,10,REG,CHI,MIN,27.0,13.0,14.0,40.0
2010,10,REG,CLE,NYJ,20.0,26.0,-6.0,46.0
2010,10,REG,IND,CIN,23.0,17.0,6.0,40.0
2010,10,REG,JAX,HOU,31.0,24.0,7.0,55.0
2010,10,REG,MIA,TEN,29.0,17.0,12.0,46.0
2010,10,REG,TB,CAR,31.0,16.0,15.0,47.0
2010,10,REG,DEN,KC,49.0,29.0,20.0,78.0
2010,10,REG,ARI,SEA,18.0,36.0,-18.0,54.0
2010,10,REG,NYG,DAL,20.0,33.0,-13.0,53.0
2010,10,REG,SF,STL,23.0,20.0,3.0,43.0
2010,10,REG,PIT,NE,26.0,39.0,-13.0,65.0
2010,10,REG,WAS,PHI,28.0,59.0,-31.0,87.0
2010,11,REG,MIA,CHI,0.0,16.0,-16.0,16.0
2010,11,REG,CAR,BAL,13.0,37.0,-24.0,50.0
2010,11,REG,CIN,BUF,31.0,49.0,-18.0,80.0
2010,11,REG,DAL,DET,35.0,19.0,16.0,54.0
2010,11,REG,JAX,CLE,24.0,20.0,4.0,44.0
2010,11,REG,KC,ARI,31.0,13.0,18.0,44.0
2010,11,REG,MIN,GB,3.0,31.0,-28.0,34.0
2010,11,REG,NYJ,HOU,30.0,27.0,3.0,57.0
2010,11,REG,PIT,OAK,35.0,3.0,32.0,38.0
2010,11,REG,TEN,WAS,16.0,19.0,-3.0,35.0
2010,11,REG,NO,SEA,34.0,19.0,15.0,53.0
2010,11,REG,SF,TB,0.0,21.0,-21.0,21.0
2010,11,REG,STL,ATL,17.0,34.0,-17.0,51.0
2010,11,REG,NE,IND,31.0,28.0,3.0,59.0
2010,11,REG,PHI,NYG,27.0,17.0,10.0,44.0
2010,11,REG,SD,DEN,35.0,14.0,21.0,49.0
2010,12,REG,DET,NE,24.0,45.0,-21.0,69.0
2010,12,REG,DAL,NO,27.0,30.0,-3.0,57.0
2010,12,REG,NYJ,CIN,26.0,10.0,16.0,36.0
2010,12,REG,ATL,GB,20.0,17.0,3.0,37.0
2010,12,REG,BUF,PIT,16.0,19.0,-3.0,35.0
2010,12,REG,CLE,CAR,24.0,23.0,1.0,47.0
2010,12,REG,HOU,TEN,20.0,0.0,20.0,20.0
2010,12,REG,NYG,JAX,24.0,20.0,4.0,44.0
2010,12,REG,WAS,MIN,13.0,17.0,-4.0,30.0
2010,12,REG,OAK,MIA,17.0,33.0,-16.0,50.0
2010,12,REG,SEA,KC,24.0,42.0,-18.0,66.0
2010,12,REG,BAL,TB,17.0,10.0,7.0,27.0
2010,12,REG,CHI,PHI,31.0,26.0,5.0,57.0
2010,12,REG,DEN,STL,33.0,36.0,-3.0,69.0
2010,12,REG,IND,SD,14.0,36.0,-22.0,50.0
2010,12,REG,ARI,SF,6.0,27.0,-21.0,33.0
2010,13,REG,PHI,HOU,34.0,24.0,10.0,58.0
2010,13,REG,CIN,NO,30.0,34.0,-4.0,64.0
2010,13,REG,DET,CHI,20.0,24.0,-4.0,44.0
2010,13,REG,GB,SF,34.0,16.0,18.0,50.0
2010,13,REG,KC,DEN,10.0,6.0,4.0,16.0
2010,13,REG,MIA,CLE,10.0,13.0,-3.0,23.0
2010,13,REG,MIN,BUF,38.0,14.0,24.0,52.0
2010,13,REG,NYG,WAS,31.0,7.0,24.0,38.0
2010,13,REG,TEN,JAX,6.0,17.0,-11.0,23.0
2010,13,REG,SD,OAK,13.0,28.0,-15.0,41.0
2010,13,REG,ARI,STL,6.0,19.0,-13.0,25.0
2010,13,REG,IND,DAL,35.0,38.0,-3.0,73.0
2010,13,REG,SEA,CAR,31.0,14.0,17.0,45.0
2010,13,REG,TB,ATL,24.0,28.0,-4.0,52.0
2010,13,REG,BAL,PIT,10.0,13.0,-3.0,23.0
2010,13,REG,NE,NYJ,45.0,3.0,42.0,48.0
2010,14,REG,TEN,IND,28.0,30.0,-2.0,58.0
2010,14,REG,BUF,CLE,13.0,6.0,7.0,19.0
2010,14,REG,CAR,ATL,10.0,31.0,-21.0,41.0
2010,14,REG,DET,GB,7.0,3.0,4.0,10.0
2010,14,REG,JAX,OAK,38.0,31.0,7.0,69.0
2010,14,REG,PIT,CIN,23.0,7.0,16.0,30.0
2010,14,REG,WAS,TB,16.0,17.0,-1.0,33.0
2010,14,REG,NO,STL,31.0,13.0,18.0,44.0
2010,14,REG,SF,SEA,40.0,21.0,19.0,61.0
2010,14,REG,ARI,DEN,43.0,13.0,30.0,56.0
2010,14,REG,CHI,NE,7.0,36.0,-29.0,43.0
2010,14,REG,NYJ,MIA,6.0,10.0,-4.0,16.0
2010,14,REG,SD,KC,31.0,0.0,31.0,31.0
2010,14,REG,DAL,PHI,27.0,30.0,-3.0,57.0
2010,14,REG,MIN,NYG,3.0,21.0,-18.0,24.0
2010,14,REG,HOU,BAL,28.0,34.0,-6.0,62.0
2010,15,REG,SD,SF,34.0,7.0,27.0,41.0
2010,15,REG,BAL,NO,30.0,24.0,6.0,54.0
2010,15,REG,CAR,ARI,19.0,12.0,7.0,31.0
2010,15,REG,CIN,CLE,19.0,17.0,2.0,36.0
2010,15,REG,DAL,WAS,33.0,30.0,3.0,63.0
2010,15,REG,IND,JAX,34.0,24.0,10.0,58.0
2010,15,REG,MIA,BUF,14.0,17.0,-3.0,31.0
2010,15,REG,NYG,PHI,31.0,38.0,-7.0,69.0
2010,15,REG,STL,KC,13.0,27.0,-14.0,40.0
2010,15,REG,TB,DET,20.0,23.0,-3.0,43.0
2010,15,REG,TEN,HOU,31.0,17.0,14.0,48.0
2010,15,REG,SEA,ATL,18.0,34.0,-16.0,52.0
2010,15,REG,OAK,DEN,39.0,23.0,16.0,62.0
2010,15,REG,PIT,NYJ,17.0,22.0,-5.0,39.0
2010,15,REG,NE,GB,31.0,27.0,4.0,58.0
2010,15,REG,MIN,CHI,14.0,40.0,-26.0,54.0
2010,16,REG,PIT,CAR,27.0,3.0,24.0,30.0
2010,16,REG,ARI,DAL,27.0,26.0,1.0,53.0
2010,16,REG,BUF,NE,3.0,34.0,-31.0,37.0
2010,16,REG,CHI,NYJ,38.0,34.0,4.0,72.0
2010,16,REG,CLE,BAL,10.0,20.0,-10.0,30.0
2010,16,REG,JAX,WAS,17.0,20.0,-3.0,37.0
2010,16,REG,KC,TEN,34.0,14.0,20.0,48.0
2010,16,REG,MIA,DET,27.0,34.0,-7.0,61.0
2010,16,REG,STL,SF,25.0,17.0,8.0,42.0
2010,16,REG,CIN,SD,34.0,20.0,14.0,54.0
2010,16,REG,DEN,HOU,24.0,23.0,1.0,47.0
2010,16,REG,OAK,IND,26.0,31.0,-5.0,57.0
2010,16,REG,GB,NYG,45.0,17.0,28.0,62.0
2010,16,REG,TB,SEA,38.0,15.0,23.0,53.0
2010,16,REG,ATL,NO,14.0,17.0,-3.0,31.0
2010,16,REG,PHI,MIN,14.0,24.0,-10.0,38.0
2010,17,REG,ATL,CAR,31.0,10.0,21.0,41.0
2010,17,REG,BAL,CIN,13.0,7.0,6.0,20.0
2010,17,REG,CLE,PIT,9.0,41.0,-32.0,50.0
2010,17,REG,DET,MIN,20.0,13.0,7.0,33.0
2010,17,REG,KC,OAK,10.0,31.0,-21.0,41.0
2010,17,REG,NE,MIA,38.0,7.0,31.0,45.0
2010,17,REG,NO,TB,13.0,23.0,-10.0,36.0
2010,17,REG,NYJ,BUF,38.0,7.0,31.0,45.0
2010,17,REG,DEN,SD,28.0,33.0,-5.0,61.0
2010,17,REG,GB,CHI,10.0,3.0,7.0,13.0
2010,17,REG,HOU,JAX,34.0,17.0,17.0,51.0
2010,17,REG,IND,TEN,23.0,20.0,3.0,43.0
2010,17,REG,PHI,DAL,13.0,14.0,-1.0,27.0
2010,17,REG,SF,ARI,38.0,7.0,31.0,45.0
2010,17,REG,WAS,NYG,14.0,17.0,-3.0,31.0
2010,17,REG,SEA,STL,16.0,6.0,10.0,22.0
2010,18,WC,SEA,NO,41.0,36.0,5.0,77.0
2010,18,WC,IND,NYJ,16.0,17.0,-1.0,33.0
2010,18,WC,KC,BAL,7.0,30.0,-23.0,37.0
2010,18,WC,PHI,GB,16.0,21.0,-5.0,37.0
2010,19,DIV,PIT,BAL,31.0,24.0,7.0,55.0
2010,19,DIV,ATL,GB,21.0,48.0,-27.0,69.0
2010,19,DIV,CHI,SEA,35.0,24.0,11.0,59.0
2010,19,DIV,NE,NYJ,21.0,28.0,-7.0,49.0
2010,20,CON,CHI,GB,14.0,21.0,-7.0,35.0
2010,20,CON,PIT,NYJ,24.0,19.0,5.0,43.0
2010,21,SB,GB,PIT,31.0,25.0,6.0,56.0
2011,1,REG,GB,NO,42.0,34.0,8.0,76.0
2011,1,REG,BAL,PIT,35.0,7.0,28.0,42.0
2011,1,REG,CHI,ATL,30.0,12.0,18.0,42.0
2011,1,REG,CLE,CIN,17.0,27.0,-10.0,44.0
2011,1,REG,HOU,IND,34.0,7.0,27.0,41.0
2011,1,REG,JAX,TEN,16.0,14.0,2.0,30.0
2011,1,REG,KC,BUF,7.0,41.0,-34.0,48.0
2011,1,REG,STL,PHI,13.0,31.0,-18.0,44.0
2011,1,REG,TB,DET,20.0,27.0,-7.0,47.0
2011,1,REG,ARI,CAR,28.0,21.0,7.0,49.0
2011,1,REG,SD,MIN,24.0,17.0,7.0,41.0
2011,1,REG,SF,SEA,33.0,17.0,16.0,50.0
2011,1,REG,WAS,NYG,28.0,14.0,14.0,42.0
2011,1,REG,NYJ,DAL,27.0,24.0,3.0,51.0
2011,1,REG,MIA,NE,24.0,38.0,-14.0,62.0
2011,1,REG,DEN,OAK,20.0,23.0,-3.0,43.0
2011,2,REG,BUF,OAK,38.0,35.0,3.0,73.0
2011,2,REG,CAR,GB,23.0,30.0,-7.0,53.0
2011,2,REG,DET,KC,48.0,3.0,45.0,51.0
2011,2,REG,IND,CLE,19.0,27.0,-8.0,46.0
2011,2,REG,MIN,TB,20.0,24.0,-4.0,44.0
2011,2,REG,NO,CHI,30.0,13.0,17.0,43.0
2011,2,REG,NYJ,JAX,32.0,3.0,29.0,35.0
2011,2,REG,PIT,SEA,24.0,0.0,24.0,24.0
2011,2,REG,TEN,BAL,26.0,13.0,13.0,39.0
2011,2,REG,WAS,ARI,22.0,21.0,1.0,43.0
2011,2,REG,SF,DAL,24.0,27.0,-3.0,51.0
2011,2,REG,DEN,CIN,24.0,22.0,2.0,46.0
2011,2,REG,MIA,HOU,13.0,23.0,-10.0,36.0
2011,2,REG,NE,SD,35.0,21.0,14.0,56.0
2011,2,REG,ATL,PHI,35.0,31.0,4.0,66.0
2011,2,REG,NYG,STL,28.0,16.0,12.0,44.0
2011,3,REG,BUF,NE,34.0,31.0,3.0,65.0
2011,3,REG,CAR,JAX,16.0,10.0,6.0,26.0
2011,3,REG,CIN,SF,8.0,13.0,-5.0,21.0
2011,3,REG,CLE,MIA,17.0,16.0,1.0,33.0
2011,3,REG,MIN,DET,23.0,26.0,-3.0,49.0
2011,3,REG,NO,HOU,40.0,33.0,7.0,73.0
2011,3,REG,PHI,NYG,16.0,29.0,-13.0,45.0
2011,3,REG,TEN,DEN,17.0,14.0,3.0,31.0
2011,3,REG,OAK,NYJ,34.0,24.0,10.0,58.0
2011,3,REG,SD,KC,20.0,17.0,3.0,37.0
2011,3,REG,STL,BAL,7.0,37.0,-30.0,44.0
2011,3,REG,CHI,GB,17.0,27.0,-10.0,44.0
2011,3,REG,SEA,ARI,13.0,10.0,3.0,23.0
2011,3,REG,TB,ATL,16.0,13.0,3.0,29.0
2011,3,REG,IND,PIT,20.0,23.0,-3.0,43.0
2011,3,REG,DAL,WAS,18.0,16.0,2.0,34.0
2011,4,REG,CHI,CAR,34.0,29.0,5.0,63.0
2011,4,REG,CIN,BUF,23.0,20.0,3.0,43.0
2011,4,REG,CLE,TEN,13.0,31.0,-18.0,44.0
2011,4,REG,DAL,DET,30.0,34.0,-4.0,64.0
2011,4,REG,HOU,PIT,17.0,10.0,7.0,27.0
2011,4,REG,JAX,NO,10.0,23.0,-13.0,33.0
2011,4,REG,KC,MIN,22.0,17.0,5.0,39.0
2011,4,REG,PHI,SF,23.0,24.0,-1.0,47.0
2011,4,REG,STL,WAS,10.0,17.0,-7.0,27.0
2011,4,REG,ARI,NYG,27.0,31.0,-4.0,58.0
2011,4,REG,SEA,ATL,28.0,30.0,-2.0,58.0
2011,4,REG,GB,DEN,49.0,23.0,26.0,72.0
2011,4,REG,OAK,NE,19.0,31.0,-12.0,50.0
2011,4,REG,SD,MIA,26.0,16.0,10.0,42.0
2011,4,REG,BAL,NYJ,34.0,17.0,17.0,51.0
2011,4,REG,TB,IND,24.0,17.0,7.0,41.0
2011,5,REG,BUF,PHI,31.0,24.0,7.0,55.0
2011,5,REG,CAR,NO,27.0,30.0,-3.0,57.0
2011,5,REG,HOU,OAK,20.0,25.0,-5.0,45.0
2011,5,REG,IND,KC,24.0,28.0,-4.0,52.0
2011,5,REG,JAX,CIN,20.0,30.0,-10.0,50.0
2011,5,REG,MIN,ARI,34.0,10.0,24.0,44.0
2011,5,REG,NYG,SEA,25.0,36.0,-11.0,61.0
2011,5,REG,PIT,TEN,38.0,17.0,21.0,55.0
2011,5,REG,SF,TB,48.0,3.0,45.0,51.0
2011,5,REG,DEN,SD,24.0,29.0,-5.0,53.0
2011,5,REG,NE,NYJ,30.0,21.0,9.0,51.0
2011,5,REG,ATL,GB,14.0,25.0,-11.0,39.0
2011,5,REG,DET,CHI,24.0,13.0,11.0,37.0
2011,6,REG,ATL,CAR,31.0,17.0,14.0,48.0
2011,6,REG,CIN,IND,27.0,17.0,10.0,44.0
2011,6,REG,DET,SF,19.0,25.0,-6.0,44.0
2011,6,REG,GB,STL,24.0,3.0,21.0,27.0
2011,6,REG,NYG,BUF,27.0,24.0,3.0,51.0
2011,6,REG,PIT,JAX,17.0,13.0,4.0,30.0
2011,6,REG,WAS,PHI,13.0,20.0,-7.0,33.0
2011,6,REG,BAL,HOU,29.0,14.0,15.0,43.0
2011,6,REG,OAK,CLE,24.0,17.0,7.0,41.0
2011,6,REG,NE,DAL,20.0,16.0,4.0,36.0
2011,6,REG,TB,NO,26.0,20.0,6.0,46.0
2011,6,REG,CHI,MIN,39.0,10.0,29.0,49.0
2011,6,REG,NYJ,MIA,24.0,6.0,18.0,30.0
2011,7,REG,CAR,WAS,33.0,20.0,13.0,53.0
2011,7,REG,CLE,SEA,6.0,3.0,3.0,9.0
2011,7,REG,DET,ATL,16.0,23.0,-7.0,39.0
2011,7,REG,MIA,DEN,15.0,18.0,-3.0,33.0
2011,7,REG,NYJ,SD,27.0,21.0,6.0,48.0
2011,7,REG,TB,CHI,18.0,24.0,-6.0,42.0
2011,7,REG,TEN,HOU,7.0,41.0,-34.0,48.0
2011,7,REG,ARI,PIT,20.0,32.0,-12.0,52.0
2011,7,REG,OAK,KC,0.0,28.0,-28.0,28.0
2011,7,REG,DAL,STL,34.0,7.0,27.0,41.0
2011,7,REG,MIN,GB,27.0,33.0,-6.0,60.0
2011,7,REG,NO,IND,62.0,7.0,55.0,69.0
2011,7,REG,JAX,BAL,12.0,7.0,5.0,19.0
2011,8,REG,BAL,ARI,30.0,27.0,3.0,57.0
2011,8,REG,CAR,MIN,21.0,24.0,-3.0,45.0
2011,8,REG,HOU,JAX,24.0,14.0,10.0,38.0
2011,8,REG,NYG,MIA,20.0,17.0,3.0,37.0
2011,8,REG,STL,NO,31.0,21.0,10.0,52.0
2011,8,REG,TEN,IND,27.0,10.0,17.0,37.0
2011,8,REG,BUF,WAS,23.0,0.0,23.0,23.0
2011,8,REG,DEN,DET,10.0,45.0,-35.0,55.0
2011,8,REG,PIT,NE,25.0,17.0,8.0,42.0
2011,8,REG,SEA,CIN,12.0,34.0,-22.0,46.0
2011,8,REG,SF,CLE,20.0,10.0,10.0,30.0
2011,8,REG,PHI,DAL,34.0,7.0,27.0,41.0
2011,8,REG,KC,SD,23.0,20.0,3.0,43.0
2011,9,REG,BUF,NYJ,11.0,27.0,-16.0,38.0
2011,9,REG,DAL,SEA,23.0,13.0,10.0,36.0
2011,9,REG,HOU,CLE,30.0,12.0,18.0,42.0
2011,9,REG,IND,ATL,7.0,31.0,-24.0,38.0
2011,9,REG,KC,MIA,3.0,31.0,-28.0,34.0
2011,9,REG,NO,TB,27.0,16.0,11.0,43.0
2011,9,REG,WAS,SF,11.0,19.0,-8.0,30.0
2011,9,REG,OAK,DEN,24.0,38.0,-14.0,62.0
2011,9,REG,TEN,CIN,17.0,24.0,-7.0,41.0
2011,9,REG,ARI,STL,19.0,13.0,6.0,32.0
2011,9,REG,NE,NYG,20.0,24.0,-4.0,44.0
2011,9,REG,SD,GB,38.0,45.0,-7.0,83.0
2011,9,REG,PIT,BAL,20.0,23.0,-3.0,43.0
2011,9,REG,PHI,CHI,24.0,30.0,-6.0,54.0
2011,10,REG,SD,OAK,17.0,24.0,-7.0,41.0
2011,10,REG,ATL,NO,23.0,26.0,-3.0,49.0
2011,10,REG,CAR,TEN,3.0,30.0,-27.0,33.0
2011,10,REG,CIN,PIT,17.0,24.0,-7.0,41.0
2011,10,REG,CLE,STL,12.0,13.0,-1.0,25.0
2011,10,REG,DAL,BUF,44.0,7.0,37.0,51.0
2011,10,REG,IND,JAX,3.0,17.0,-14.0,20.0
2011,10,REG,KC,DEN,10.0,17.0,-7.0,27.0
2011,10,REG,MIA,WAS,20.0,9.0,11.0,29.0
2011,10,REG,PHI,ARI,17.0,21.0,-4.0,38.0
2011,10,REG,TB,HOU,9.0,37.0,-28.0,46.0
2011,10,REG,SEA,BAL,22.0,17.0,5.0,39.0
2011,10,REG,CHI,DET,37.0,13.0,24.0,50.0
2011,10,REG,SF,NYG,27.0,20.0,7.0,47.0
2011,10,REG,NYJ,NE,16.0,37.0,-21.0,53.0
2011,10,REG,GB,MIN,45.0,7.0,38.0,52.0
2011,11,REG,DEN,NYJ,17.0,13.0,4.0,30.0
2011,11,REG,BAL,CIN,31.0,24.0,7.0,55.0
2011,11,REG,CLE,JAX,14.0,10.0,4.0,24.0
2011,11,REG,DET,CAR,49.0,35.0,14.0,84.0
2011,11,REG,GB,TB,35.0,26.0,9.0,61.0
2011,11,REG,MIA,BUF,35.0,8.0,27.0,43.0
2011,11,REG,MIN,OAK,21.0,27.0,-6.0,48.0
2011,11,REG,WAS,DAL,24.0,27.0,-3.0,51.0
2011,11,REG,SF,ARI,23.0,7.0,16.0,30.0
2011,11,REG,STL,SEA,7.0,24.0,-17.0,31.0
2011,11,REG,ATL,TEN,23.0,17.0,6.0,40.0
2011,11,REG,CHI,SD,31.0,20.0,11.0,51.0
2011,11,REG,NYG,PHI,10.0,17.0,-7.0,27.0
2011,11,REG,NE,KC,34.0,3.0,31.0,37.0
2011,12,REG,DET,GB,15.0,27.0,-12.0,42.0
2011,12,REG,DAL,MIA,20.0,19.0,1.0,39.0
2011,12,REG,BAL,SF,16.0,6.0,10.0,22.0
2011,12,REG,ATL,MIN,24.0,14.0,10.0,38.0
2011,12,REG,CIN,CLE,23.0,20.0,3.0,43.0
2011,12,REG,IND,CAR,19.0,27.0,-8.0,46.0
2011,12,REG,JAX,HOU,13.0,20.0,-7.0,33.0
2011,12,REG,NYJ,BUF,28.0,24.0,4.0,52.0
2011,12,REG,STL,ARI,20.0,23.0,-3.0,43.0
2011,12,REG,TEN,TB,23.0,17.0,6.0,40.0
2011,12,REG,OAK,CHI,25.0,20.0,5.0,45.0
2011,12,REG,SEA,WAS,17.0,23.0,-6.0,40.0
2011,12,REG,PHI,NE,20.0,38.0,-18.0,58.0
2011,12,REG,SD,DEN,13.0,16.0,-3.0,29.0
2011,12,REG,KC,PIT,9.0,13.0,-4.0,22.0
2011,12,REG,NO,NYG,49.0,24.0,25.0,73.0
2011,13,REG,SEA,PHI,31.0,14.0,17.0,45.0
2011,13,REG,BUF,TEN,17.0,23.0,-6.0,40.0
2011,13,REG,CHI,KC,3.0,10.0,-7.0,13.0
2011,13,REG,HOU,ATL,17.0,10.0,7.0,27.0
2011,13,REG,MIA,OAK,34.0,14.0,20.0,48.0
2011,13,REG,MIN,DEN,32.0,35.0,-3.0,67.0
2011,13,REG,NE,IND,31.0,24.0,7.0,55.0
2011,13,REG,PIT,CIN,35.0,7.0,28.0,42.0
2011,13,REG,TB,CAR,19.0,38.0,-19.0,57.0
2011,13,REG,WAS,NYJ,19.0,34.0,-15.0,53.0
2011,13,REG,CLE,BAL,10.0,24.0,-14.0,34.0
2011,13,REG,ARI,DAL,19.0,13.0,6.0,32.0
2011,13,REG,NYG,GB,35.0,38.0,-3.0,73.0
2011,13,REG,SF,STL,26.0,0.0,26.0,26.0
2011,13,REG,NO,DET,31.0,17.0,14.0,48.0
2011,13,REG,JAX,SD,14.0,38.0,-24.0,52.0
2011,14,REG,PIT,CLE,14.0,3.0,11.0,17.0
2011,14,REG,BAL,IND,24.0,10.0,14.0,34.0
2011,14,REG,CAR,ATL,23.0,31.0,-8.0,54.0
2011,14,REG,CIN,HOU,19.0,20.0,-1.0,39.0
2011,14,REG,DET,MIN,34.0,28.0,6.0,62.0
2011,14,REG,JAX,TB,41.0,14.0,27.0,55.0
2011,14,REG,MIA,PHI,10.0,26.0,-16.0,36.0
2011,14,REG,NYJ,KC,37.0,10.0,27.0,47.0
2011,14,REG,TEN,NO,17.0,22.0,-5.0,39.0
2011,14,REG,WAS,NE,27.0,34.0,-7.0,61.0
2011,14,REG,ARI,SF,21.0,19.0,2.0,40.0
2011,14,REG,DEN,CHI,13.0,10.0,3.0,23.0
2011,14,REG,GB,OAK,46.0,16.0,30.0,62.0
2011,14,REG,SD,BUF,37.0,10.0,27.0,47.0
2011,14,REG,DAL,NYG,34.0,37.0,-3.0,71.0
2011,14,REG,SEA,STL,30.0,13.0,17.0,43.0
2011,15,REG,ATL,JAX,41.0,14.0,27.0,55.0
2011,15,REG,TB,DAL,15.0,31.0,-16.0,46.0
2011,15,REG,BUF,MIA,23.0,30.0,-7.0,53.0
2011,15,REG,CHI,SEA,14.0,38.0,-24.0,52.0
2011,15,REG,HOU,CAR,13.0,28.0,-15.0,41.0
2011,15,REG,IND,TEN,27.0,13.0,14.0,40.0
2011,15,REG,KC,GB,19.0,14.0,5.0,33.0
2011,15,REG,MIN,NO,20.0,42.0,-22.0,62.0
2011,15,REG,NYG,WAS,10.0,23.0,-13.0,33.0
2011,15,REG,STL,CIN,13.0,20.0,-7.0,33.0
2011,15,REG,OAK,DET,27.0,28.0,-1.0,55.0
2011,15,REG,ARI,CLE,20.0,17.0,3.0,37.0
2011,15,REG,DEN,NE,23.0,41.0,-18.0,64.0
2011,15,REG,PHI,NYJ,45.0,19.0,26.0,64.0
2011,15,REG,SD,BAL,34.0,14.0,20.0,48.0
2011,15,REG,SF,PIT,20.0,3.0,17.0,23.0
2011,16,REG,IND,HOU,19.0,16.0,3.0,35.0
2011,16,REG,BAL,CLE,20.0,14.0,6.0,34.0
2011,16,REG,BUF,DEN,40.0,14.0,26.0,54.0
2011,16,REG,CAR,TB,48.0,16.0,32.0,64.0
2011,16,REG,CIN,ARI,23.0,16.0,7.0,39.0
2011,16,REG,KC,OAK,13.0,16.0,-3.0,29.0
2011,16,REG,NE,MIA,27.0,24.0,3.0,51.0
2011,16,REG,NYJ,NYG,14.0,29.0,-15.0,43.0
2011,16,REG,PIT,STL,27.0,0.0,27.0,27.0
2011,16,REG,TEN,JAX,23.0,17.0,6.0,40.0
2011,16,REG,WAS,MIN,26.0,33.0,-7.0,59.0
2011,16,REG,DET,SD,38.0,10.0,28.0,48.0
2011,16,REG,DAL,PHI,7.0,20.0,-13.0,27.0
2011,16,REG,SEA,SF,17.0,19.0,-2.0,36.0
2011,16,REG,GB,CHI,35.0,21.0,14.0,56.0
2011,16,REG,NO,ATL,45.0,16.0,29.0,61.0
2011,17,REG,GB,DET,45.0,41.0,4.0,86.0
2011,17,REG,HOU,TEN,22.0,23.0,-1.0,45.0
2011,17,REG,JAX,IND,19.0,13.0,6.0,32.0
2011,17,REG,MIA,NYJ,19.0,17.0,2.0,36.0
2011,17,REG,MIN,CHI,13.0,17.0,-4.0,30.0
2011,17,REG,NE,BUF,49.0,21.0,28.0,70.0
2011,17,REG,NO,CAR,45.0,17.0,28.0,62.0
2011,17,REG,PHI,WAS,34.0,10.0,24.0,44.0
2011,17,REG,STL,SF,27.0,34.0,-7.0,61.0
2011,17,REG,ARI,SEA,23.0,20.0,3.0,43.0
2011,17,REG,ATL,TB,45.0,24.0,21.0,69.0
2011,17,REG,CIN,BAL,16.0,24.0,-8.0,40.0
2011,17,REG,CLE,PIT,9.0,13.0,-4.0,22.0
2011,17,REG,DEN,KC,3.0,7.0,-4.0,10.0
2011,17,REG,OAK,SD,26.0,38.0,-12.0,64.0
2011,17,REG,NYG,DAL,31.0,14.0,17.0,45.0
2011,18,WC,HOU,CIN,31.0,10.0,21.0,41.0
2011,18,WC,NO,DET,45.0,28.0,17.0,73.0
2011,18,WC,NYG,ATL,24.0,2.0,22.0,26.0
2011,18,WC,DEN,PIT,29.0,23.0,6.0,52.0
2011,19,DIV,SF,NO,36.0,32.0,4.0,68.0
2011,19,DIV,NE,DEN,45.0,10.0,35.0,55.0
2011,19,DIV,BAL,HOU,20.0,13.0,7.0,33.0
2011,19,DIV,GB,NYG,20.0,37.0,-17.0,57.0
2011,20,CON,NE,BAL,23.0,20.0,3.0,43.0
2011,20,CON,SF,NYG,17.0,20.0,-3.0,37.0
2011,21,SB,NE,NYG,17.0,21.0,-4.0,38.0
2012,1,REG,NYG,DAL,17.0,24.0,-7.0,41.0
2012,1,REG,CHI,IND,41.0,21.0,20.0,62.0
2012,1,REG,CLE,PHI,16.0,17.0,-1.0,33.0
2012,1,REG,DET,STL,27.0,23.0,4.0,50.0
2012,1,REG,HOU,MIA,30.0,10.0,20.0,40.0
2012,1,REG,KC,ATL,24.0,40.0,-16.0,64.0
2012,1,REG,MIN,JAX,26.0,23.0,3.0,49.0
2012,1,REG,NO,WAS,32.0,40.0,-8.0,72.0
2012,1,REG,NYJ,BUF,48.0,28.0,20.0,76.0
2012,1,REG,TEN,NE,13.0,34.0,-21.0,47.0
2012,1,REG,ARI,SEA,20.0,16.0,4.0,36.0
2012,1,REG,GB,SF,22.0,30.0,-8.0,52.0
2012,1,REG,TB,CAR,16.0,10.0,6.0,26.0
2012,1,REG,DEN,PIT,31.0,19.0,12.0,50.0
2012,1,REG,BAL,CIN,44.0,13.0,31.0,57.0
2012,1,REG,OAK,SD,14.0,22.0,-8.0,36.0
2012,2,REG,GB,CHI,23.0,10.0,13.0,33.0
2012,2,REG,BUF,KC,35.0,17.0,18.0,52.0
2012,2,REG,CAR,NO,35.0,27.0,8.0,62.0
2012,2,REG,CIN,CLE,34.0,27.0,7.0,61.0
2012,2,REG,IND,MIN,23.0,20.0,3.0,43.0
2012,2,REG,JAX,HOU,7.0,27.0,-20.0,34.0
2012,2,REG,MIA,OAK,35.0,13.0,22.0,48.0
2012,2,REG,NE,ARI,18.0,20.0,-2.0,38.0
2012,2,REG,NYG,TB,41.0,34.0,7.0,75.0
2012,2,REG,PHI,BAL,24.0,23.0,1.0,47.0
2012,2,REG,SEA,DAL,27.0,7.0,20.0,34.0
2012,2,REG,STL,WAS,31.0,28.0,3.0,59.0
2012,2,REG,PIT,NYJ,27.0,10.0,17.0,37.0
2012,2,REG,SD,TEN,38.0,10.0,28.0,48.0
2012,2,REG,SF,DET,27.0,19.0,8.0,46.0
2012,2,REG,ATL,DEN,27.0,21.0,6.0,48.0
2012,3,REG,CAR,NYG,7.0,36.0,-29.0,43.0
2012,3,REG,CHI,STL,23.0,6.0,17.0,29.0
2012,3,REG,CLE,BUF,14.0,24.0,-10.0,38.0
2012,3,REG,DAL,TB,16.0,10.0,6.0,26.0
2012,3,REG,IND,JAX,17.0,22.0,-5.0,39.0
2012,3,REG,MIA,NYJ,20.0,23.0,-3.0,43.0
2012,3,REG,MIN,SF,24.0,13.0,11.0,37.0
2012,3,REG,NO,KC,24.0,27.0,-3.0,51.0
2012,3,REG,TEN,DET,44.0,41.0,3.0,85.0
2012,3,REG,WAS,CIN,31.0,38.0,-7.0,69.0
2012,3,REG,ARI,PHI,27.0,6.0,21.0,33.0
2012,3,REG,SD,ATL,3.0,27.0,-24.0,30.0
2012,3,REG,DEN,HOU,25.0,31.0,-6.0,56.0
2012,3,REG,OAK,PIT,34.0,31.0,3.0,65.0
2012,3,REG,BAL,NE,31.0,30.0,1.0,61.0
2012,3,REG,SEA,GB,14.0,12.0,2.0,26.0
2012,4,REG,BAL,CLE,23.0,16.0,7.0,39.0
2012,4,REG,ATL,CAR,30.0,28.0,2.0,58.0
2012,4,REG,BUF,NE,28.0,52.0,-24.0,80.0
2012,4,REG,DET,MIN,13.0,20.0,-7.0,33.0
2012,4,REG,HOU,TEN,38.0,14.0,24.0,52.0
2012,4,REG,KC,SD,20.0,37.0,-17.0,57.0
2012,4,REG,NYJ,SF,0.0,34.0,-34.0,34.0
2012,4,REG,STL,SEA,19.0,13.0,6.0,32.0
2012,4,REG,ARI,MIA,24.0,21.0,3.0,45.0
2012,4,REG,DEN,OAK,37.0,6.0,31.0,43.0
2012,4,REG,JAX,CIN,10.0,27.0,-17.0,37.0
2012,4,REG,GB,NO,28.0,27.0,1.0,55.0
2012,4,REG,TB,WAS,22.0,24.0,-2.0,46.0
2012,4,REG,PHI,NYG,19.0,17.0,2.0,36.0
2012,4,REG,DAL,CHI,18.0,34.0,-16.0,52.0
2012,5,REG,STL,ARI,17.0,3.0,14.0,20.0
2012,5,REG,CIN,MIA,13.0,17.0,-4.0,30.0
2012,5,REG,IND,GB,30.0,27.0,3.0,57.0
2012,5,REG,KC,BAL,6.0,9.0,-3.0,15.0
2012,5,REG,NYG,CLE,41.0,27.0,14.0,68.0
2012,5,REG,PIT,PHI,16.0,14.0,2.0,30.0
2012,5,REG,WAS,ATL,17.0,24.0,-7.0,41.0
2012,5,REG,CAR,SEA,12.0,16.0,-4.0,28.0
2012,5,REG,JAX,CHI,3.0,41.0,-38.0,44.0
2012,5,REG,MIN,TEN,30.0,7.0,23.0,37.0
2012,5,REG,NE,DEN,31.0,21.0,10.0,52.0
2012,5,REG,SF,BUF,45.0,3.0,42.0,48.0
2012,5,REG,NO,SD,31.0,24.0,7.0,55.0
2012,5,REG,NYJ,HOU,17.0,23.0,-6.0,40.0
2012,6,REG,TEN,PIT,26.0,23.0,3.0,49.0
2012,6,REG,ATL,OAK,23.0,20.0,3.0,43.0
2012,6,REG,BAL,DAL,31.0,29.0,2.0,60.0
2012,6,REG,CLE,CIN,34.0,24.0,10.0,58.0
2012,6,REG,MIA,STL,17.0,14.0,3.0,31.0
2012,6,REG,NYJ,IND,35.0,9.0,26.0,44.0
2012,6,REG,PHI,DET,23.0,26.0,-3.0,49.0
2012,6,REG,TB,KC,38.0,10.0,28.0,48.0
2012,6,REG,ARI,BUF,16.0,19.0,-3.0,35.0
2012,6,REG,SEA,NE,24.0,23.0,1.0,47.0
2012,6,REG,SF,NYG,3.0,26.0,-23.0,29.0
2012,6,REG,WAS,MIN,38.0,26.0,12.0,64.0
2012,6,REG,HOU,GB,24.0,42.0,-18.0,66.0
2012,6,REG,SD,DEN,24.0,35.0,-11.0,59.0
2012,7,REG,SF,SEA,13.0,6.0,7.0,19.0
2012,7,REG,BUF,TEN,34.0,35.0,-1.0,69.0
2012,7,REG,CAR,DAL,14.0,19.0,-5.0,33.0
2012,7,REG,HOU,BAL,43.0,13.0,30.0,56.0
2012,7,REG,IND,CLE,17.0,13.0,4.0,30.0
2012,7,REG,MIN,ARI,21.0,14.0,7.0,35.0
2012,7,REG,NYG,WAS,27.0,23.0,4.0,50.0
2012,7,REG,STL,GB,20.0,30.0,-10.0,50.0
2012,7,REG,TB,NO,28.0,35.0,-7.0,63.0
2012,7,REG,NE,NYJ,29.0,26.0,3.0,55.0
2012,7,REG,OAK,JAX,26.0,23.0,3.0,49.0
2012,7,REG,CIN,PIT,17.0,24.0,-7.0,41.0
2012,7,REG,CHI,DET,13.0,7.0,6.0,20.0
2012,8,REG,MIN,TB,17.0,36.0,-19.0,53.0
2012,8,REG,CHI,CAR,23.0,22.0,1.0,45.0
2012,8,REG,CLE,SD,7.0,6.0,1.0,13.0
2012,8,REG,DET,SEA,28.0,24.0,4.0,52.0
2012,8,REG,GB,JAX,24.0,15.0,9.0,39.0
2012,8,REG,NYJ,MIA,9.0,30.0,-21.0,39.0
2012,8,REG,PHI,ATL,17.0,30.0,-13.0,47.0
2012,8,REG,PIT,WAS,27.0,12.0,15.0,39.0
2012,8,REG,STL,NE,7.0,45.0,-38.0,52.0
2012,8,REG,TEN,IND,13.0,19.0,-6.0,32.0
2012,8,REG,KC,OAK,16.0,26.0,-10.0,42.0
2012,8,REG,DAL,NYG,24.0,29.0,-5.0,53.0
2012,8,REG,DEN,NO,34.0,14.0,20.0,48.0
2012,8,REG,ARI,SF,3.0,24.0,-21.0,27.0
2012,9,REG,SD,KC,31.0,13.0,18.0,44.0
2012,9,REG,CIN,DEN,23.0,31.0,-8.0,54.0
2012,9,REG,CLE,BAL,15.0,25.0,-10.0,40.0
2012,9,REG,GB,ARI,31.0,17.0,14.0,48.0
2012,9,REG,HOU,BUF,21.0,9.0,12.0,30.0
2012,9,REG,IND,MIA,23.0,20.0,3.0,43.0
2012,9,REG,JAX,DET,14.0,31.0,-17.0,45.0
2012,9,REG,TEN,CHI,20.0,51.0,-31.0,71.0
2012,9,REG,WAS,CAR,13.0,21.0,-8.0,34.0
2012,9,REG,OAK,TB,32.0,42.0,-10.0,74.0
2012,9,REG,SEA,MIN,30.0,20.0,10.0,50.0
2012,9,REG,NYG,PIT,20.0,24.0,-4.0,44.0
2012,9,REG,ATL,DAL,19.0,13.0,6.0,32.0
2012,9,REG,NO,PHI,28.0,13.0,15.0,41.0
2012,10,REG,JAX,IND,10.0,27.0,-17.0,37.0
2012,10,REG,BAL,OAK,55.0,20.0,35.0,75.0
2012,10,REG,CAR,DEN,14.0,36.0,-22.0,50.0
2012,10,REG,CIN,NYG,31.0,13.0,18.0,44.0
2012,10,REG,MIA,TEN,3.0,37.0,-34.0,40.0
2012,10,REG,MIN,DET,34.0,24.0,10.0,58.0
2012,10,REG,NE,BUF,37.0,31.0,6.0,68.0
2012,10,REG,NO,ATL,31.0,27.0,4.0,58.0
2012,10,REG,TB,SD,34.0,24.0,10.0,58.0
2012,10,REG,SEA,NYJ,28.0,7.0,21.0,35.0
2012,10,REG,PHI,DAL,23.0,38.0,-15.0,61.0
2012,10,REG,SF,STL,24.0,24.0,0.0,48.0
2012,10,REG,CHI,HOU,6.0,13.0,-7.0,19.0
2012,10,REG,PIT,KC,16.0,13.0,3.0,29.0
2012,11,REG,BUF,MIA,19.0,14.0,5.0,33.0
2012,11,REG,ATL,ARI,23.0,19.0,4.0,42.0
2012,11,REG,CAR,TB,21.0,27.0,-6.0,48.0
2012,11,REG,DAL,CLE,23.0,20.0,3.0,43.0
2012,11,REG,DET,GB,20.0,24.0,-4.0,44.0
2012,11,REG,HOU,JAX,43.0,37.0,6.0,80.0
2012,11,REG,KC,CIN,6.0,28.0,-22.0,34.0
2012,11,REG,STL,NYJ,13.0,27.0,-14.0,40.0
2012,11,REG,WAS,PHI,31.0,6.0,25.0,37.0
2012,11,REG,OAK,NO,17.0,38.0,-21.0,55.0
2012,11,REG,DEN,SD,30.0,23.0,7.0,53.0
2012,11,REG,NE,IND,59.0,24.0,35.0,83.0
2012,11,REG,PIT,BAL,10.0,13.0,-3.0,23.0
2012,11,REG,SF,CHI,32.0,7.0,25.0,39.0
2012,12,REG,DET,HOU,31.0,34.0,-3.0,65.0
2012,12,REG,DAL,WAS,31.0,38.0,-7.0,69.0
2012,12,REG,NYJ,NE,19.0,49.0,-30.0,68.0
2012,12,REG,CHI,MIN,28.0,10.0,18.0,38.0
2012,12,REG,CIN,OAK,34.0,10.0,24.0,44.0
2012,12,REG,CLE,PIT,20.0,14.0,6.0,34.0
2012,12,REG,IND,BUF,20.0,13.0,7.0,33.0
2012,12,REG,JAX,TEN,24.0,19.0,5.0,43.0
2012,12,REG,KC,DEN,9.0,17.0,-8.0,26.0
2012,12,REG,MIA,SEA,24.0,21.0,3.0,45.0
2012,12,REG,TB,ATL,23.0,24.0,-1.0,47.0
2012,12,REG,SD,BAL,13.0,16.0,-3.0,29.0
2012,12,REG,ARI,STL,17.0,31.0,-14.0,48.0
2012,12,REG,NO,SF,21.0,31.0,-10.0,52.0
2012,12,REG,NYG,GB,38.0,10.0,28.0,48.0
2012,12,REG,PHI,CAR,22.0,30.0,-8.0,52.0
2012,13,REG,ATL,NO,23.0,13.0,10.0,36.0
2012,13,REG,BUF,JAX,34.0,18.0,16.0,52.0
2012,13,REG,CHI,SEA,17.0,23.0,-6.0,40.0
2012,13,REG,DET,IND,33.0,35.0,-2.0,68.0
2012,13,REG,GB,MIN,23.0,14.0,9.0,37.0
2012,13,REG,KC,CAR,27.0,21.0,6.0,48.0
2012,13,REG,MIA,NE,16.0,23.0,-7.0,39.0
2012,13,REG,NYJ,ARI,7.0,6.0,1.0,13.0
2012,13,REG,STL,SF,16.0,13.0,3.0,29.0
2012,13,REG,TEN,HOU,10.0,24.0,-14.0,34.0
2012,13,REG,DEN,TB,31.0,23.0,8.0,54.0
2012,13,REG,BAL,PIT,20.0,23.0,-3.0,43.0
2012,13,REG,OAK,CLE,17.0,20.0,-3.0,37.0
2012,13,REG,SD,CIN,13.0,20.0,-7.0,33.0
2012,13,REG,DAL,PHI,38.0,33.0,5.0,71.0
2012,13,REG,WAS,NYG,17.0,16.0,1.0,33.0
2012,14,REG,OAK,DEN,13.0,26.0,-13.0,39.0
2012,14,REG,BUF,STL,12.0,15.0,-3.0,27.0
2012,14,REG,CAR,ATL,30.0,20.0,10.0,50.0
2012,14,REG,CIN,DAL,19.0,20.0,-1.0,39.0
2012,14,REG,CLE,KC,30.0,7.0,23.0,37.0
2012,14,REG,IND,TEN,27.0,23.0,4.0,50.0
2012,14,REG,JAX,NYJ,10.0,17.0,-7.0,27.0
2012,14,REG,MIN,CHI,21.0,14.0,7.0,35.0
2012,14,REG,PIT,SD,24.0,34.0,-10.0,58.0
2012,14,REG,TB,PHI,21.0,23.0,-2.0,44.0
2012,14,REG,WAS,BAL,31.0,28.0,3.0,59.0
2012,14,REG,SF,MIA,27.0,13.0,14.0,40.0
2012,14,REG,NYG,NO,52.0,27.0,25.0,79.0
2012,14,REG,SEA,ARI,58.0,0.0,58.0,58.0
2012,14,REG,GB,DET,27.0,20.0,7.0,47.0
2012,14,REG,NE,HOU,42.0,14.0,28.0,56.0
2012,15,REG,PHI,CIN,13.0,34.0,-21.0,47.0
2012,15,REG,ATL,NYG,34.0,0.0,34.0,34.0
2012,15,REG,BAL,DEN,17.0,34.0,-17.0,51.0
2012,15,REG,CHI,GB,13.0,21.0,-8.0,34.0
2012,15,REG,CLE,WAS,21.0,38.0,-17.0,59.0
2012,15,REG,HOU,IND,29.0,17.0,12.0,46.0
2012,15,REG,MIA,JAX,24.0,3.0,21.0,27.0
2012,15,REG,NO,TB,41.0,0.0,41.0,41.0
2012,15,REG,STL,MIN,22.0,36.0,-14.0,58.0
2012,15,REG,ARI,DET,38.0,10.0,28.0,48.0
2012,15,REG,BUF,SEA,17.0,50.0,-33.0,67.0
2012,15,REG,SD,CAR,7.0,31.0,-24.0,38.0
2012,15,REG,DAL,PIT,27.0,24.0,3.0,51.0
2012,15,REG,OAK,KC,15.0,0.0,15.0,15.0
2012,15,REG,NE,SF,34.0,41.0,-7.0,75.0
2012,15,REG,TEN,NYJ,14.0,10.0,4.0,24.0
2012,16,REG,DET,ATL,18.0,31.0,-13.0,49.0
2012,16,REG,CAR,OAK,17.0,6.0,11.0,23.0
2012,16,REG,DAL,NO,31.0,34.0,-3.0,65.0
2012,16,REG,GB,TEN,55.0,7.0,48.0,62.0
2012,16,REG,HOU,MIN,6.0,23.0,-17.0,29.0
2012,16,REG,JAX,NE,16.0,23.0,-7.0,39.0
2012,16,REG,KC,IND,13.0,20.0,-7.0,33.0
2012,16,REG,MIA,BUF,24.0,10.0,14.0,34.0
2012,16,REG,NYJ,SD,17.0,27.0,-10.0,44.0
2012,16,REG,PHI,WAS,20.0,27.0,-7.0,47.0
2012,16,REG,PIT,CIN,10.0,13.0,-3.0,23.0
2012,16,REG,TB,STL,13.0,28.0,-15.0,41.0
2012,16,REG,DEN,CLE,34.0,12.0,22.0,46.0
2012,16,REG,ARI,CHI,13.0,28.0,-15.0,41.0
2012,16,REG,BAL,NYG,33.0,14.0,19.0,47.0
2012,16,REG,SEA,SF,42.0,13.0,29.0,55.0
2012,17,REG,ATL,TB,17.0,22.0,-5.0,39.0
2012,17,REG,BUF,NYJ,28.0,9.0,19.0,37.0
2012,17,REG,CIN,BAL,23.0,17.0,6.0,40.0
2012,17,REG,DET,CHI,24.0,26.0,-2.0,50.0
2012,17,REG,IND,HOU,28.0,16.0,12.0,44.0
2012,17,REG,NO,CAR,38.0,44.0,-6.0,82.0
2012,17,REG,NYG,PHI,42.0,7.0,35.0,49.0
2012,17,REG,PIT,CLE,24.0,10.0,14.0,34.0
2012,17,REG,TEN,JAX,38.0,20.0,18.0,58.0
2012,17,REG,DEN,KC,38.0,3.0,35.0,41.0
2012,17,REG,MIN,GB,37.0,34.0,3.0,71.0
2012,17,REG,NE,MIA,28.0,0.0,28.0,28.0
2012,17,REG,SD,OAK,24.0,21.0,3.0,45.0
2012,17,REG,SEA,STL,20.0,13.0,7.0,33.0
2012,17,REG,SF,ARI,27.0,13.0,14.0,40.0
2012,17,REG,WAS,DAL,28.0,18.0,10.0,46.0
2012,18,WC,HOU,CIN,19.0,13.0,6.0,32.0
2012,18,WC,GB,MIN,24.0,10.0,14.0,34.0
2012,18,WC,BAL,IND,24.0,9.0,15.0,33.0
2012,18,WC,WAS,SEA,14.0,24.0,-10.0,38.0
2012,19,DIV,DEN,BAL,35.0,38.0,-3.0,73.0
2012,19,DIV,SF,GB,45.0,31.0,14.0,76.0
2012,19,DIV,ATL,SEA,30.0,28.0,2.0,58.0
2012,19,DIV,NE,HOU,41.0,28.0,13.0,69.0
2012,20,CON,ATL,SF,24.0,28.0,-4.0,52.0
2012,20,CON,NE,BAL,13.0,28.0,-15.0,41.0
2012,21,SB,SF,BAL,31.0,34.0,-3.0,65.0
2013,1,REG,DEN,BAL,49.0,27.0,22.0,76.0
2013,1,REG,BUF,NE,21.0,23.0,-2.0,44.0
2013,1,REG,CAR,SEA,7.0,12.0,-5.0,19.0
2013,1,REG,CHI,CIN,24.0,21.0,3.0,45.0
2013,1,REG,CLE,MIA,10.0,23.0,-13.0,33.0
2013,1,REG,DET,MIN,34.0,24.0,10.0,58.0
2013,1,REG,IND,OAK,21.0,17.0,4.0,38.0
2013,1,REG,JAX,KC,2.0,28.0,-26.0,30.0
2013,1,REG,NO,ATL,23.0,17.0,6.0,40.0
2013,1,REG,NYJ,TB,18.0,17.0,1.0,35.0
2013,1,REG,PIT,TEN,9.0,16.0,-7.0,25.0
2013,1,REG,SF,GB,34.0,28.0,6.0,62.0
2013,1,REG,STL,ARI,27.0,24.0,3.0,51.0
2013,1,REG,DAL,NYG,36.0,31.0,5.0,67.0
2013,1,REG,WAS,PHI,27.0,33.0,-6.0,60.0
2013,1,REG,SD,HOU,28.0,31.0,-3.0,59.0
2013,2,REG,NE,NYJ,13.0,10.0,3.0,23.0
2013,2,REG,ATL,STL,31.0,24.0,7.0,55.0
2013,2,REG,BAL,CLE,14.0,6.0,8.0,20.0
2013,2,REG,BUF,CAR,24.0,23.0,1.0,47.0
2013,2,REG,CHI,MIN,31.0,30.0,1.0,61.0
2013,2,REG,GB,WAS,38.0,20.0,18.0,58.0
2013,2,REG,HOU,TEN,30.0,24.0,6.0,54.0
2013,2,REG,IND,MIA,20.0,24.0,-4.0,44.0
2013,2,REG,KC,DAL,17.0,16.0,1.0,33.0
2013,2,REG,PHI,SD,30.0,33.0,-3.0,63.0
2013,2,REG,ARI,DET,25.0,21.0,4.0,46.0
2013,2,REG,TB,NO,14.0,16.0,-2.0,30.0
2013,2,REG,NYG,DEN,23.0,41.0,-18.0,64.0
2013,2,REG,OAK,JAX,19.0,9.0,10.0,28.0
2013,2,REG,SEA,SF,29.0,3.0,26.0,32.0
2013,2,REG,CIN,PIT,20.0,10.0,10.0,30.0
2013,3,REG,PHI,KC,16.0,26.0,-10.0,42.0
2013,3,REG,BAL,HOU,30.0,9.0,21.0,39.0
2013,3,REG,CAR,NYG,38.0,0.0,38.0,38.0
2013,3,REG,CIN,GB,34.0,30.0,4.0,64.0
2013,3,REG,DAL,STL,31.0,7.0,24.0,38.0
2013,3,REG,MIN,CLE,27.0,31.0,-4.0,58.0
2013,3,REG,NE,TB,23.0,3.0,20.0,26.0
2013,3,REG,NO,ARI,31.0,7.0,24.0,38.0
2013,3,REG,TEN,SD,20.0,17.0,3.0,37.0
2013,3,REG,WAS,DET,20.0,27.0,-7.0,47.0
2013,3,REG,MIA,ATL,27.0,23.0,4.0,50.0
2013,3,REG,NYJ,BUF,27.0,20.0,7.0,47.0
2013,3,REG,SEA,JAX,45.0,17.0,28.0,62.0
2013,3,REG,SF,IND,7.0,27.0,-20.0,34.0
2013,3,REG,PIT,CHI,23.0,40.0,-17.0,63.0
2013,3,REG,DEN,OAK,37.0,21.0,16.0,58.0
2013,4,REG,STL,SF,11.0,35.0,-24.0,46.0
2013,4,REG,BUF,BAL,23.0,20.0,3.0,43.0
2013,4,REG,CLE,CIN,17.0,6.0,11.0,23.0
2013,4,REG,DET,CHI,40.0,32.0,8.0,72.0
2013,4,REG,HOU,SEA,20.0,23.0,-3.0,43.0
2013,4,REG,JAX,IND,3.0,37.0,-34.0,40.0
2013,4,REG,KC,NYG,31.0,7.0,24.0,38.0
2013,4,REG,MIN,PIT,34.0,27.0,7.0,61.0
2013,4,REG,TB,ARI,10.0,13.0,-3.0,23.0
2013,4,REG,TEN,NYJ,38.0,13.0,25.0,51.0
2013,4,REG,DEN,PHI,52.0,20.0,32.0,72.0
2013,4,REG,OAK,WAS,14.0,24.0,-10.0,38.0
2013,4,REG,SD,DAL,30.0,21.0,9.0,51.0
2013,4,REG,ATL,NE,23.0,30.0,-7.0,53.0
2013,4,REG,NO,MIA,38.0,17.0,21.0,55.0
2013,5,REG,CLE,BUF,37.0,24.0,13.0,61.0
2013,5,REG,CHI,NO,18.0,26.0,-8.0,44.0
2013,5,REG,CIN,NE,13.0,6.0,7.0,19.0
2013,5,REG,GB,DET,22.0,9.0,13.0,31.0
2013,5,REG,IND,SEA,34.0,28.0,6.0,62.0
2013,5,REG,MIA,BAL,23.0,26.0,-3.0,49.0
2013,5,REG,NYG,PHI,21.0,36.0,-15.0,57.0
2013,5,REG,STL,JAX,34.0,20.0,14.0,54.0
2013,5,REG,TEN,KC,17.0,26.0,-9.0,43.0
2013,5,REG,ARI,CAR,22.0,6.0,16.0,28.0
2013,5,REG,DAL,DEN,48.0,51.0,-3.0,99.0
2013,5,REG,SF,HOU,34.0,3.0,31.0,37.0
2013,5,REG,OAK,SD,27.0,17.0,10.0,44.0
2013,5,REG,ATL,NYJ,28.0,30.0,-2.0,58.0
2013,6,REG,CHI,NYG,27.0,21.0,6.0,48.0
2013,6,REG,BAL,GB,17.0,19.0,-2.0,36.0
2013,6,REG,BUF,CIN,24.0,27.0,-3.0,51.0
2013,6,REG,CLE,DET,17.0,31.0,-14.0,48.0
2013,6,REG,HOU,STL,13.0,38.0,-25.0,51.0
2013,6,REG,KC,OAK,24.0,7.0,17.0,31.0
2013,6,REG,MIN,CAR,10.0,35.0,-25.0,45.0
2013,6,REG,NYJ,PIT,6.0,19.0,-13.0,25.0
2013,6,REG,TB,PHI,20.0,31.0,-11.0,51.0
2013,6,REG,DEN,JAX,35.0,19.0,16.0,54.0
2013,6,REG,SEA,TEN,20.0,13.0,7.0,33.0
2013,6,REG,NE,NO,30.0,27.0,3.0,57.0
2013,6,REG,SF,ARI,32.0,20.0,12.0,52.0
2013,6,REG,DAL,WAS,31.0,16.0,15.0,47.0
2013,6,REG,SD,IND,19.0,9.0,10.0,28.0
2013,7,REG,ARI,SEA,22.0,34.0,-12.0,56.0
2013,7,REG,ATL,TB,31.0,23.0,8.0,54.0
2013,7,REG,CAR,STL,30.0,15.0,15.0,45.0
2013,7,REG,DET,CIN,24.0,27.0,-3.0,51.0
2013,7,REG,JAX,SD,6.0,24.0,-18.0,30.0
2013,7,REG,MIA,BUF,21.0,23.0,-2.0,44.0
2013,7,REG,NYJ,NE,30.0,27.0,3.0,57.0
2013,7,REG,PHI,DAL,3.0,17.0,-14.0,20.0
2013,7,REG,WAS,CHI,45.0,41.0,4.0,86.0
2013,7,REG,TEN,SF,17.0,31.0,-14.0,48.0
2013,7,REG,GB,CLE,31.0,13.0,18.0,44.0
2013,7,REG,KC,HOU,17.0,16.0,1.0,33.0
2013,7,REG,PIT,BAL,19.0,16.0,3.0,35.0
2013,7,REG,IND,DEN,39.0,33.0,6.0,72.0
2013,7,REG,NYG,MIN,23.0,7.0,16.0,30.0
2013,8,REG,TB,CAR,13.0,31.0,-18.0,44.0
2013,8,REG,DET,DAL,31.0,30.0,1.0,61.0
2013,8,REG,JAX,SF,10.0,42.0,-32.0,52.0
2013,8,REG,KC,CLE,23.0,17.0,6.0,40.0
2013,8,REG,NE,MIA,27.0,17.0,10.0,44.0
2013,8,REG,NO,BUF,35.0,17.0,18.0,52.0
2013,8,REG,PHI,NYG,7.0,15.0,-8.0,22.0
2013,8,REG,CIN,NYJ,49.0,9.0,40.0,58.0
2013,8,REG,OAK,PIT,21.0,18.0,3.0,39.0
2013,8,REG,ARI,ATL,27.0,13.0,14.0,40.0
2013,8,REG,DEN,WAS,45.0,21.0,24.0,66.0
2013,8,REG,MIN,GB,31.0,44.0,-13.0,75.0
2013,8,REG,STL,SEA,9.0,14.0,-5.0,23.0
2013,9,REG,MIA,CIN,22.0,20.0,2.0,42.0
2013,9,REG,BUF,KC,13.0,23.0,-10.0,36.0
2013,9,REG,CAR,ATL,34.0,10.0,24.0,44.0
2013,9,REG,DAL,MIN,27.0,23.0,4.0,50.0
2013,9,REG,NYJ,NO,26.0,20.0,6.0,46.0
2013,9,REG,STL,TEN,21.0,28.0,-7.0,49.0
2013,9,REG,WAS,SD,30.0,24.0,6.0,54.0
2013,9,REG,OAK,PHI,20.0,49.0,-29.0,69.0
2013,9,REG,SEA,TB,27.0,24.0,3.0,51.0
2013,9,REG,CLE,BAL,24.0,18.0,6.0,42.0
2013,9,REG,NE,PIT,55.0,31.0,24.0,86.0
2013,9,REG,HOU,IND,24.0,27.0,-3.0,51.0
2013,9,REG,GB,CHI,20.0,27.0,-7.0,47.0
2013,10,REG,MIN,WAS,34.0,27.0,7.0,61.0
2013,10,REG,ATL,SEA,10.0,33.0,-23.0,43.0
2013,10,REG,BAL,CIN,20.0,17.0,3.0,37.0
2013,10,REG,CHI,DET,19.0,21.0,-2.0,40.0
2013,10,REG,GB,PHI,13.0,27.0,-14.0,40.0
2013,10,REG,IND,STL,8.0,38.0,-30.0,46.0
2013,10,REG,NYG,OAK,24.0,20.0,4.0,44.0
2013,10,REG,PIT,BUF,23.0,10.0,13.0,33.0
2013,10,REG,TEN,JAX,27.0,29.0,-2.0,56.0
2013,10,REG,SF,CAR,9.0,10.0,-1.0,19.0
2013,10,REG,ARI,HOU,27.0,24.0,3.0,51.0
2013,10,REG,SD,DEN,20.0,28.0,-8.0,48.0
2013,10,REG,NO,DAL,49.0,17.0,32.0,66.0
2013,10,REG,TB,MIA,22.0,19.0,3.0,41.0
2013,11,REG,TEN,IND,27.0,30.0,-3.0,57.0
2013,11,REG,BUF,NYJ,37.0,14.0,23.0,51.0
2013,11,REG,CHI,BAL,23.0,20.0,3.0,43.0
2013,11,REG,CIN,CLE,41.0,20.0,21.0,61.0
2013,11,REG,HOU,OAK,23.0,28.0,-5.0,51.0
2013,11,REG,JAX,ARI,14.0,27.0,-13.0,41.0
2013,11,REG,PHI,WAS,24.0,16.0,8.0,40.0
2013,11,REG,PIT,DET,37.0,27.0,10.0,64.0
2013,11,REG,TB,ATL,41.0,28.0,13.0,69.0
2013,11,REG,MIA,SD,20.0,16.0,4.0,36.0
2013,11,REG,NO,SF,23.0,20.0,3.0,43.0
2013,11,REG,NYG,GB,27.0,13.0,14.0,40.0
2013,11,REG,SEA,MIN,41.0,20.0,21.0,61.0
2013,11,REG,DEN,KC,27.0,17.0,10.0,44.0
2013,11,REG,CAR,NE,24.0,20.0,4.0,44.0
2013,12,REG,ATL,NO,13.0,17.0,-4.0,30.0
2013,12,REG,BAL,NYJ,19.0,3.0,16.0,22.0
2013,12,REG,CLE,PIT,11.0,27.0,-16.0,38.0
2013,12,REG,DET,TB,21.0,24.0,-3.0,45.0
2013,12,REG,GB,MIN,26.0,26.0,0.0,52.0
2013,12,REG,HOU,JAX,6.0,13.0,-7.0,19.0
2013,12,REG,KC,SD,38.0,41.0,-3.0,79.0
2013,12,REG,MIA,CAR,16.0,20.0,-4.0,36.0
2013,12,REG,STL,CHI,42.0,21.0,21.0,63.0
2013,12,REG,ARI,IND,40.0,11.0,29.0,51.0
2013,12,REG,OAK,TEN,19.0,23.0,-4.0,42.0
2013,12,REG,NYG,DAL,21.0,24.0,-3.0,45.0
2013,12,REG,NE,DEN,34.0,31.0,3.0,65.0
2013,12,REG,WAS,SF,6.0,27.0,-21.0,33.0
2013,13,REG,DET,GB,40.0,10.0,30.0,50.0
2013,13,REG,DAL,OAK,31.0,24.0,7.0,55.0
2013,13,REG,BAL,PIT,22.0,20.0,2.0,42.0
2013,13,REG,CAR,TB,27.0,6.0,21.0,33.0
2013,13,REG,CLE,JAX,28.0,32.0,-4.0,60.0
2013,13,REG,HOU,NE,31.0,34.0,-3.0,65.0
2013,13,REG,IND,TEN,22.0,14.0,8.0,36.0
2013,13,REG,MIN,CHI,23.0,20.0,3.0,43.0
2013,13,REG,NYJ,MIA,3.0,23.0,-20.0,26.0
2013,13,REG,PHI,ARI,24.0,21.0,3.0,45.0
2013,13,REG,BUF,ATL,31.0,34.0,-3.0,65.0
2013,13,REG,SF,STL,23.0,13.0,10.0,36.0
2013,13,REG,KC,DEN,28.0,35.0,-7.0,63.0
2013,13,REG,SD,CIN,10.0,17.0,-7.0,27.0
2013,13,REG,WAS,NYG,17.0,24.0,-7.0,41.0
2013,13,REG,SEA,NO,34.0,7.0,27.0,41.0
2013,14,REG,JAX,HOU,27.0,20.0,7.0,47.0
2013,14,REG,BAL,MIN,29.0,26.0,3.0,55.0
2013,14,REG,CIN,IND,42.0,28.0,14.0,70.0
2013,14,REG,GB,ATL,22.0,21.0,1.0,43.0
2013,14,REG,NE,CLE,27.0,26.0,1.0,53.0
2013,14,REG,NYJ,OAK,37.0,27.0,10.0,64.0
2013,14,REG,PHI,DET,34.0,20.0,14.0,54.0
2013,14,REG,PIT,MIA,28.0,34.0,-6.0,62.0
2013,14,REG,TB,BUF,27.0,6.0,21.0,33.0
2013,14,REG,WAS,KC,10.0,45.0,-35.0,55.0
2013,14,REG,DEN,TEN,51.0,28.0,23.0,79.0
2013,14,REG,ARI,STL,30.0,10.0,20.0,40.0
2013,14,REG,SD,NYG,37.0,14.0,23.0,51.0
2013,14,REG,SF,SEA,19.0,17.0,2.0,36.0
2013,14,REG,NO,CAR,31.0,13.0,18.0,44.0
2013,14,REG,CHI,DAL,45.0,28.0,17.0,73.0
2013,15,REG,DEN,SD,20.0,27.0,-7.0,47.0
2013,15,REG,ATL,WAS,27.0,26.0,1.0,53.0
2013,15,REG,CLE,CHI,31.0,38.0,-7.0,69.0
2013,15,REG,IND,HOU,25.0,3.0,22.0,28.0
2013,15,REG,JAX,BUF,20.0,27.0,-7.0,47.0
2013,15,REG,MIA,NE,24.0,20.0,4.0,44.0
2013,15,REG,MIN,PHI,48.0,30.0,18.0,78.0
2013,15,REG,NYG,SEA,0.0,23.0,-23.0,23.0
2013,15,REG,TB,SF,14.0,33.0,-19.0,47.0
2013,15,REG,CAR,NYJ,30.0,20.0,10.0,50.0
2013,15,REG,OAK,KC,31.0,56.0,-25.0,87.0
2013,15,REG,DAL,GB,36.0,37.0,-1.0,73.0
2013,15,REG,STL,NO,27.0,16.0,11.0,43.0
2013,15,REG,TEN,ARI,34.0,37.0,-3.0,71.0
2013,15,REG,PIT,CIN,30.0,20.0,10.0,50.0
2013,15,REG,DET,BAL,16.0,18.0,-2.0,34.0
2013,16,REG,BUF,MIA,19.0,0.0,19.0,19.0
2013,16,REG,CAR,NO,17.0,13.0,4.0,30.0
2013,16,REG,CIN,MIN,42.0,14.0,28.0,56.0
2013,16,REG,HOU,DEN,13.0,37.0,-24.0,50.0
2013,16,REG,JAX,TEN,16.0,20.0,-4.0,36.0
2013,16,REG,KC,IND,7.0,23.0,-16.0,30.0
2013,16,REG,NYJ,CLE,24.0,13.0,11.0,37.0
2013,16,REG,STL,TB,23.0,13.0,10.0,36.0
2013,16,REG,WAS,DAL,23.0,24.0,-1.0,47.0
2013,16,REG,DET,NYG,20.0,23.0,-3.0,43.0
2013,16,REG,SEA,ARI,10.0,17.0,-7.0,27.0
2013,16,REG,BAL,NE,7.0,41.0,-34.0,48.0
2013,16,REG,GB,PIT,31.0,38.0,-7.0,69.0
2013,16,REG,SD,OAK,26.0,13.0,13.0,39.0
2013,16,REG,PHI,CHI,54.0,11.0,43.0,65.0
2013,16,REG,SF,ATL,34.0,24.0,10.0,58.0
2013,17,REG,ATL,CAR,20.0,21.0,-1.0,41.0
2013,17,REG,CIN,BAL,34.0,17.0,17.0,51.0
2013,17,REG,IND,JAX,30.0,10.0,20.0,40.0
2013,17,REG,MIA,NYJ,7.0,20.0,-13.0,27.0
2013,17,REG,MIN,DET,14.0,13.0,1.0,27.0
2013,17,REG,NYG,WAS,20.0,6.0,14.0,26.0
2013,17,REG,PIT,CLE,20.0,7.0,13.0,27.0
2013,17,REG,TEN,HOU,16.0,10.0,6.0,26.0
2013,17,REG,ARI,SF,20.0,23.0,-3.0,43.0
2013,17,REG,CHI,GB,28.0,33.0,-5.0,61.0
2013,17,REG,NE,BUF,34.0,20.0,14.0,54.0
2013,17,REG,NO,TB,42.0,17.0,25.0,59.0
2013,17,REG,OAK,DEN,14.0,34.0,-20.0,48.0
2013,17,REG,SD,KC,27.0,24.0,3.0,51.0
2013,17,REG,SEA,STL,27.0,9.0,18.0,36.0
2013,17,REG,DAL,PHI,22.0,24.0,-2.0,46.0
2013,18,WC,IND,KC,45.0,44.0,1.0,89.0
2013,18,WC,PHI,NO,24.0,26.0,-2.0,50.0
2013,18,WC,CIN,SD,10.0,27.0,-17.0,37.0
2013,18,WC,GB,SF,20.0,23.0,-3.0,43.0
2013,19,DIV,SEA,NO,23.0,15.0,8.0,38.0
2013,19,DIV,NE,IND,43.0,22.0,21.0,65.0
2013,19,DIV,CAR,SF,10.0,23.0,-13.0,33.0
2013,19,DIV,DEN,SD,24.0,17.0,7.0,41.0
2013,20,CON,DEN,NE,26.0,16.0,10.0,42.0
2013,20,CON,SEA,SF,23.0,17.0,6.0,40.0
2013,21,SB,DEN,SEA,8.0,43.0,-35.0,51.0
2014,1,REG,SEA,GB,36.0,16.0,20.0,52.0
2014,1,REG,ATL,NO,37.0,34.0,3.0,71.0
2014,1,REG,BAL,CIN,16.0,23.0,-7.0,39.0
2014,1,REG,CHI,BUF,20.0,23.0,-3.0,43.0
2014,1,REG,HOU,WAS,17.0,6.0,11.0,23.0
2014,1,REG,KC,TEN,10.0,26.0,-16.0,36.0
2014,1,REG,MIA,NE,33.0,20.0,13.0,53.0
2014,1,REG,NYJ,OAK,19.0,14.0,5.0,33.0
2014,1,REG,PHI,JAX,34.0,17.0,17.0,51.0
2014,1,REG,PIT,CLE,30.0,27.0,3.0,57.0
2014,1,REG,STL,MIN,6.0,34.0,-28.0,40.0
2014,1,REG,DAL,SF,17.0,28.0,-11.0,45.0
2014,1,REG,TB,CAR,14.0,20.0,-6.0,34.0
2014,1,REG,DEN,IND,31.0,24.0,7.0,55.0
2014,1,REG,DET,NYG,35.0,14.0,21.0,49.0
2014,1,REG,ARI,SD,18.0,17.0,1.0,35.0
2014,2,REG,BAL,PIT,26.0,6.0,20.0,32.0
2014,2,REG,BUF,MIA,29.0,10.0,19.0,39.0
2014,2,REG,CAR,DET,24.0,7.0,17.0,31.0
2014,2,REG,CIN,ATL,24.0,10.0,14.0,34.0
2014,2,REG,CLE,NO,26.0,24.0,2.0,50.0
2014,2,REG,MIN,NE,7.0,30.0,-23.0,37.0
2014,2,REG,NYG,ARI,14.0,25.0,-11.0,39.0
2014,2,REG,TEN,DAL,10.0,26.0,-16.0,36.0
2014,2,REG,WAS,JAX,41.0,10.0,31.0,51.0
2014,2,REG,SD,SEA,30.0,21.0,9.0,51.0
2014,2,REG,TB,STL,17.0,19.0,-2.0,36.0
2014,2,REG,DEN,KC,24.0,17.0,7.0,41.0
2014,2,REG,GB,NYJ,31.0,24.0,7.0,55.0
2014,2,REG,OAK,HOU,14.0,30.0,-16.0,44.0
2014,2,REG,SF,CHI,20.0,28.0,-8.0,48.0
2014,2,REG,IND,PHI,27.0,30.0,-3.0,57.0
2014,3,REG,ATL,TB,56.0,14.0,42.0,70.0
2014,3,REG,BUF,SD,10.0,22.0,-12.0,32.0
2014,3,REG,CIN,TEN,33.0,7.0,26.0,40.0
2014,3,REG,CLE,BAL,21.0,23.0,-2.0,44.0
2014,3,REG,DET,GB,19.0,7.0,12.0,26.0
2014,3,REG,JAX,IND,17.0,44.0,-27.0,61.0
2014,3,REG,NE,OAK,16.0,9.0,7.0,25.0
2014,3,REG,NO,MIN,20.0,9.0,11.0,29.0
2014,3,REG,NYG,HOU,30.0,17.0,13.0,47.0
2014,3,REG,PHI,WAS,37.0,34.0,3.0,71.0
2014,3,REG,STL,DAL,31.0,34.0,-3.0,65.0
2014,3,REG,ARI,SF,23.0,14.0,9.0,37.0
2014,3,REG,MIA,KC,15.0,34.0,-19.0,49.0
2014,3,REG,SEA,DEN,26.0,20.0,6.0,46.0
2014,3,REG,CAR,PIT,19.0,37.0,-18.0,56.0
2014,3,REG,NYJ,CHI,19.0,27.0,-8.0,46.0
2014,4,REG,WAS,NYG,14.0,45.0,-31.0,59.0
2014,4,REG,BAL,CAR,38.0,10.0,28.0,48.0
2014,4,REG,CHI,GB,17.0,38.0,-21.0,55.0
2014,4,REG,HOU,BUF,23.0,17.0,6.0,40.0
2014,4,REG,IND,TEN,41.0,17.0,24.0,58.0
2014,4,REG,NYJ,DET,17.0,24.0,-7.0,41.0
2014,4,REG,OAK,MIA,14.0,38.0,-24.0,52.0
2014,4,REG,PIT,TB,24.0,27.0,-3.0,51.0
2014,4,REG,SD,JAX,33.0,14.0,19.0,47.0
2014,4,REG,MIN,ATL,41.0,28.0,13.0,69.0
2014,4,REG,SF,PHI,26.0,21.0,5.0,47.0
2014,4,REG,DAL,NO,38.0,17.0,21.0,55.0
2014,4,REG,KC,NE,41.0,14.0,27.0,55.0
2014,5,REG,GB,MIN,42.0,10.0,32.0,52.0
2014,5,REG,CAR,CHI,31.0,24.0,7.0,55.0
2014,5,REG,DAL,HOU,20.0,17.0,3.0,37.0
2014,5,REG,DET,BUF,14.0,17.0,-3.0,31.0
2014,5,REG,IND,BAL,20.0,13.0,7.0,33.0
2014,5,REG,JAX,PIT,9.0,17.0,-8.0,26.0
2014,5,REG,NO,TB,37.0,31.0,6.0,68.0
2014,5,REG,NYG,ATL,30.0,20.0,10.0,50.0
2014,5,REG,PHI,STL,34.0,28.0,6.0,62.0
2014,5,REG,TEN,CLE,28.0,29.0,-1.0,57.0
2014,5,REG,DEN,ARI,41.0,20.0,21.0,61.0
2014,5,REG,SD,NYJ,31.0,0.0,31.0,31.0
2014,5,REG,SF,KC,22.0,17.0,5.0,39.0
2014,5,REG,NE,CIN,43.0,17.0,26.0,60.0
2014,5,REG,WAS,SEA,17.0,27.0,-10.0,44.0
2014,6,REG,HOU,IND,28.0,33.0,-5.0,61.0
2014,6,REG,BUF,NE,22.0,37.0,-15.0,59.0
2014,6,REG,CIN,CAR,37.0,37.0,0.0,74.0
2014,6,REG,CLE,PIT,31.0,10.0,21.0,41.0
2014,6,REG,MIA,GB,24.0,27.0,-3.0,51.0
2014,6,REG,MIN,DET,3.0,17.0,-14.0,20.0
2014,6,REG,NYJ,DEN,17.0,31.0,-14.0,48.0
2014,6,REG,TB,BAL,17.0,48.0,-31.0,65.0
2014,6,REG,TEN,JAX,16.0,14.0,2.0,30.0
2014,6,REG,OAK,SD,28.0,31.0,-3.0,59.0
2014,6,REG,ARI,WAS,30.0,20.0,10.0,50.0
2014,6,REG,ATL,CHI,13.0,27.0,-14.0,40.0
2014,6,REG,SEA,DAL,23.0,30.0,-7.0,53.0
2014,6,REG,PHI,NYG,27.0,0.0,27.0,27.0
2014,6,REG,STL,SF,17.0,31.0,-14.0,48.0
2014,7,REG,NE,NYJ,27.0,25.0,2.0,52.0
2014,7,REG,BAL,ATL,29.0,7.0,22.0,36.0
2014,7,REG,BUF,MIN,17.0,16.0,1.0,33.0
2014,7,REG,CHI,MIA,14.0,27.0,-13.0,41.0
2014,7,REG,DET,NO,24.0,23.0,1.0,47.0
2014,7,REG,GB,CAR,38.0,17.0,21.0,55.0
2014,7,REG,IND,CIN,27.0,0.0,27.0,27.0
2014,7,REG,JAX,CLE,24.0,6.0,18.0,30.0
2014,7,REG,STL,SEA,28.0,26.0,2.0,54.0
2014,7,REG,WAS,TEN,19.0,17.0,2.0,36.0
2014,7,REG,SD,KC,20.0,23.0,-3.0,43.0
2014,7,REG,DAL,NYG,31.0,21.0,10.0,52.0
2014,7,REG,OAK,ARI,13.0,24.0,-11.0,37.0
2014,7,REG,DEN,SF,42.0,17.0,25.0,59.0
2014,7,REG,PIT,HOU,30.0,23.0,7.0,53.0
2014,8,REG,DEN,SD,35.0,21.0,14.0,56.0
2014,8,REG,ATL,DET,21.0,22.0,-1.0,43.0
2014,8,REG,CAR,SEA,9.0,13.0,-4.0,22.0
2014,8,REG,CIN,BAL,27.0,24.0,3.0,51.0
2014,8,REG,JAX,MIA,13.0,27.0,-14.0,40.0
2014,8,REG,KC,STL,34.0,7.0,27.0,41.0
2014,8,REG,NE,CHI,51.0,23.0,28.0,74.0
2014,8,REG,NYJ,BUF,23.0,43.0,-20.0,66.0
2014,8,REG,TB,MIN,13.0,19.0,-6.0,32.0
2014,8,REG,TEN,HOU,16.0,30.0,-14.0,46.0
2014,8,REG,ARI,PHI,24.0,20.0,4.0,44.0
2014,8,REG,CLE,OAK,23.0,13.0,10.0,36.0
2014,8,REG,PIT,IND,51.0,34.0,17.0,85.0
2014,8,REG,NO,GB,44.0,23.0,21.0,67.0
2014,8,REG,DAL,WAS,17.0,20.0,-3.0,37.0
2014,9,REG,CAR,NO,10.0,28.0,-18.0,38.0
2014,9,REG,CIN,JAX,33.0,23.0,10.0,56.0
2014,9,REG,CLE,TB,22.0,17.0,5.0,39.0
2014,9,REG,DAL,ARI,17.0,28.0,-11.0,45.0
2014,9,REG,HOU,PHI,21.0,31.0,-10.0,52.0
2014,9,REG,KC,NYJ,24.0,10.0,14.0,34.0
2014,9,REG,MIA,SD,37.0,0.0,37.0,37.0
2014,9,REG,MIN,WAS,29.0,26.0,3.0,55.0
2014,9,REG,SF,STL,10.0,13.0,-3.0,23.0
2014,9,REG,NE,DEN,43.0,21.0,22.0,64.0
2014,9,REG,SEA,OAK,30.0,24.0,6.0,54.0
2014,9,REG,PIT,BAL,43.0,23.0,20.0,66.0
2014,9,REG,NYG,IND,24.0,40.0,-16.0,64.0
2014,10,REG,CIN,CLE,3.0,24.0,-21.0,27.0
2014,10,REG,BAL,TEN,21.0,7.0,14.0,28.0
2014,10,REG,BUF,KC,13.0,17.0,-4.0,30.0
2014,10,REG,DET,MIA,20.0,16.0,4.0,36.0
2014,10,REG,JAX,DAL,17.0,31.0,-14.0,48.0
2014,10,REG,NO,SF,24.0,27.0,-3.0,51.0
2014,10,REG,NYJ,PIT,20.0,13.0,7.0,33.0
2014,10,REG,TB,ATL,17.0,27.0,-10.0,44.0
2014,10,REG,OAK,DEN,17.0,41.0,-24.0,58.0
2014,10,REG,ARI,STL,31.0,14.0,17.0,45.0
2014,10,REG,SEA,NYG,38.0,17.0,21.0,55.0
2014,10,REG,GB,CHI,55.0,14.0,41.0,69.0
2014,10,REG,PHI,CAR,45.0,21.0,24.0,66.0
2014,11,REG,MIA,BUF,22.0,9.0,13.0,31.0
2014,11,REG,CAR,ATL,17.0,19.0,-2.0,36.0
2014,11,REG,CHI,MIN,21.0,13.0,8.0,34.0
2014,11,REG,CLE,HOU,7.0,23.0,-16.0,30.0
2014,11,REG,KC,SEA,24.0,20.0,4.0,44.0
2014,11,REG,NO,CIN,10.0,27.0,-17.0,37.0
2014,11,REG,NYG,SF,10.0,16.0,-6.0,26.0
2014,11,REG,STL,DEN,22.0,7.0,15.0,29.0
2014,11,REG,WAS,TB,7.0,27.0,-20.0,34.0
2014,11,REG,SD,OAK,13.0,6.0,7.0,19.0
2014,11,REG,ARI,DET,14.0,6.0,8.0,20.0
2014,11,REG,GB,PHI,53.0,20.0,33.0,73.0
2014,11,REG,IND,NE,20.0,42.0,-22.0,62.0
2014,11,REG,TEN,PIT,24.0,27.0,-3.0,51.0
2014,12,REG,OAK,KC,24.0,20.0,4.0,44.0
2014,12,REG,ATL,CLE,24.0,26.0,-2.0,50.0
2014,12,REG,CHI,TB,21.0,13.0,8.0,34.0
2014,12,REG,HOU,CIN,13.0,22.0,-9.0,35.0
2014,12,REG,IND,JAX,23.0,3.0,20.0,26.0
2014,12,REG,MIN,GB,21.0,24.0,-3.0,45.0
2014,12,REG,NE,DET,34.0,9.0,25.0,43.0
2014,12,REG,PHI,TEN,43.0,24.0,19.0,67.0
2014,12,REG,SD,STL,27.0,24.0,3.0,51.0
2014,12,REG,SEA,ARI,19.0,3.0,16.0,22.0
2014,12,REG,DEN,MIA,39.0,36.0,3.0,75.0
2014,12,REG,SF,WAS,17.0,13.0,4.0,30.0
2014,12,REG,NYG,DAL,28.0,31.0,-3.0,59.0
2014,12,REG,BUF,NYJ,38.0,3.0,35.0,41.0
2014,12,REG,NO,BAL,27.0,34.0,-7.0,61.0
2014,13,REG,DET,CHI,34.0,17.0,17.0,51.0
2014,13,REG,DAL,PHI,10.0,33.0,-23.0,43.0
2014,13,REG,SF,SEA,3.0,19.0,-16.0,22.0
2014,13,REG,BAL,SD,33.0,34.0,-1.0,67.0
2014,13,REG,BUF,CLE,26.0,10.0,16.0,36.0
2014,13,REG,HOU,TEN,45.0,21.0,24.0,66.0
2014,13,REG,IND,WAS,49.0,27.0,22.0,76.0
2014,13,REG,JAX,NYG,25.0,24.0,1.0,49.0
2014,13,REG,MIN,CAR,31.0,13.0,18.0,44.0
2014,13,REG,PIT,NO,32.0,35.0,-3.0,67.0
2014,13,REG,STL,OAK,52.0,0.0,52.0,52.0
2014,13,REG,TB,CIN,13.0,14.0,-1.0,27.0
2014,13,REG,ATL,ARI,29.0,18.0,11.0,47.0
2014,13,REG,GB,NE,26.0,21.0,5.0,47.0
2014,13,REG,KC,DEN,16.0,29.0,-13.0,45.0
2014,13,REG,NYJ,MIA,13.0,16.0,-3.0,29.0
2014,14,REG,CHI,DAL,28.0,41.0,-13.0,69.0
2014,14,REG,CIN,PIT,21.0,42.0,-21.0,63.0
2014,14,REG,CLE,IND,24.0,25.0,-1.0,49.0
2014,14,REG,DET,TB,34.0,17.0,17.0,51.0
2014,14,REG,JAX,HOU,13.0,27.0,-14.0,40.0
2014,14,REG,MIA,BAL,13.0,28.0,-15.0,41.0
2014,14,REG,MIN,NYJ,30.0,24.0,6.0,54.0
2014,14,REG,NO,CAR,10.0,41.0,-31.0,51.0
2014,14,REG,TEN,NYG,7.0,36.0,-29.0,43.0
2014,14,REG,WAS,STL,0.0,24.0,-24.0,24.0
2014,14,REG,ARI,KC,17.0,14.0,3.0,31.0
2014,14,REG,DEN,BUF,24.0,17.0,7.0,41.0
2014,14,REG,OAK,SF,24.0,13.0,11.0,37.0
2014,14,REG,PHI,SEA,14.0,24.0,-10.0,38.0
2014,14,REG,SD,NE,14.0,23.0,-9.0,37.0
2014,14,REG,GB,ATL,43.0,37.0,6.0,80.0
2014,15,REG,STL,ARI,6.0,12.0,-6.0,18.0
2014,15,REG,ATL,PIT,20.0,27.0,-7.0,47.0
2014,15,REG,BAL,JAX,20.0,12.0,8.0,32.0
2014,15,REG,BUF,GB,21.0,13.0,8.0,34.0
2014,15,REG,CAR,TB,19.0,17.0,2.0,36.0
2014,15,REG,CLE,CIN,0.0,30.0,-30.0,30.0
2014,15,REG,IND,HOU,17.0,10.0,7.0,27.0
2014,15,REG,KC,OAK,31.0,13.0,18.0,44.0
2014,15,REG,NE,MIA,41.0,13.0,28.0,54.0
2014,15,REG,NYG,WAS,24.0,13.0,11.0,37.0
2014,15,REG,SD,DEN,10.0,22.0,-12.0,32.0
2014,15,REG,TEN,NYJ,11.0,16.0,-5.0,27.0
2014,15,REG,DET,MIN,16.0,14.0,2.0,30.0
2014,15,REG,SEA,SF,17.0,7.0,10.0,24.0
2014,15,REG,PHI,DAL,27.0,38.0,-11.0,65.0
2014,15,REG,CHI,NO,15.0,31.0,-16.0,46.0
2014,16,REG,JAX,TEN,21.0,13.0,8.0,34.0
2014,16,REG,WAS,PHI,27.0,24.0,3.0,51.0
2014,16,REG,SF,SD,35.0,38.0,-3.0,73.0
2014,16,REG,CAR,CLE,17.0,13.0,4.0,30.0
2014,16,REG,CHI,DET,14.0,20.0,-6.0,34.0
2014,16,REG,HOU,BAL,25.0,13.0,12.0,38.0
2014,16,REG,MIA,MIN,37.0,35.0,2.0,72.0
2014,16,REG,NO,ATL,14.0,30.0,-16.0,44.0
2014,16,REG,NYJ,NE,16.0,17.0,-1.0,33.0
2014,16,REG,PIT,KC,20.0,12.0,8.0,32.0
2014,16,REG,TB,GB,3.0,20.0,-17.0,23.0
2014,16,REG,STL,NYG,27.0,37.0,-10.0,64.0
2014,16,REG,DAL,IND,42.0,7.0,35.0,49.0
2014,16,REG,OAK,BUF,26.0,24.0,2.0,50.0
2014,16,REG,ARI,SEA,6.0,35.0,-29.0,41.0
2014,16,REG,CIN,DEN,37.0,28.0,9.0,65.0
2014,17,REG,BAL,CLE,20.0,10.0,10.0,30.0
2014,17,REG,HOU,JAX,23.0,17.0,6.0,40.0
2014,17,REG,KC,SD,19.0,7.0,12.0,26.0
2014,17,REG,MIA,NYJ,24.0,37.0,-13.0,61.0
2014,17,REG,MIN,CHI,13.0,9.0,4.0,22.0
2014,17,REG,NE,BUF,9.0,17.0,-8.0,26.0
2014,17,REG,NYG,PHI,26.0,34.0,-8.0,60.0
2014,17,REG,TB,NO,20.0,23.0,-3.0,43.0
2014,17,REG,TEN,IND,10.0,27.0,-17.0,37.0
2014,17,REG,WAS,DAL,17.0,44.0,-27.0,61.0
2014,17,REG,ATL,CAR,3.0,34.0,-31.0,37.0
2014,17,REG,DEN,OAK,47.0,14.0,33.0,61.0
2014,17,REG,GB,DET,30.0,20.0,10.0,50.0
2014,17,REG,SEA,STL,20.0,6.0,14.0,26.0
2014,17,REG,SF,ARI,20.0,17.0,3.0,37.0
2014,17,REG,PIT,CIN,27.0,17.0,10.0,44.0
2014,18,WC,CAR,ARI,27.0,16.0,11.0,43.0
2014,18,WC,PIT,BAL,17.0,30.0,-13.0,47.0
2014,18,WC,IND,CIN,26.0,10.0,16.0,36.0
2014,18,WC,DAL,DET,24.0,20.0,4.0,44.0
2014,19,DIV,NE,BAL,35.0,31.0,4.0,66.0
2014,19,DIV,SEA,CAR,31.0,17.0,14.0,48.0
2014,19,DIV,GB,DAL,26.0,21.0,5.0,47.0
2014,19,DIV,DEN,IND,13.0,24.0,-11.0,37.0
2014,20,CON,SEA,GB,28.0,22.0,6.0,50.0
2014,20,CON,NE,IND,45.0,7.0,38.0,52.0
2014,21,SB,SEA,NE,24.0,28.0,-4.0,52.0
2015,1,REG,NE,PIT,28.0,21.0,7.0,49.0
2015,1,REG,BUF,IND,27.0,14.0,13.0,41.0
2015,1,REG,CHI,GB,23.0,31.0,-8.0,54.0
2015,1,REG,HOU,KC,20.0,27.0,-7.0,47.0
2015,1,REG,JAX,CAR,9.0,20.0,-11.0,29.0
2015,1,REG,NYJ,CLE,31.0,10.0,21.0,41.0
2015,1,REG,STL,SEA,34.0,31.0,3.0,65.0
2015,1,REG,WAS,MIA,10.0,17.0,-7.0,27.0
2015,1,REG,ARI,NO,31.0,19.0,12.0,50.0
2015,1,REG,SD,DET,33.0,28.0,5.0,61.0
2015,1,REG,DEN,BAL,19.0,13.0,6.0,32.0
2015,1,REG,OAK,CIN,13.0,33.0,-20.0,46.0
2015,1,REG,TB,TEN,14.0,42.0,-28.0,56.0
2015,1,REG,DAL,NYG,27.0,26.0,1.0,53.0
2015,1,REG,ATL,PHI,26.0,24.0,2.0,50.0
2015,1,REG,SF,MIN,20.0,3.0,17.0,23.0
2015,2,REG,KC,DEN,24.0,31.0,-7.0,55.0
2015,2,REG,BUF,NE,32.0,40.0,-8.0,72.0
2015,2,REG,CAR,HOU,24.0,17.0,7.0,41.0
2015,2,REG,CHI,ARI,23.0,48.0,-25.0,71.0
2015,2,REG,CIN,SD,24.0,19.0,5.0,43.0
2015,2,REG,CLE,TEN,28.0,14.0,14.0,42.0
2015,2,REG,MIN,DET,26.0,16.0,10.0,42.0
2015,2,REG,NO,TB,19.0,26.0,-7.0,45.0
2015,2,REG,NYG,ATL,20.0,24.0,-4.0,44.0
2015,2,REG,PIT,SF,43.0,18.0,25.0,61.0
2015,2,REG,WAS,STL,24.0,10.0,14.0,34.0
2015,2,REG,JAX,MIA,23.0,20.0,3.0,43.0
2015,2,REG,OAK,BAL,37.0,33.0,4.0,70.0
2015,2,REG,PHI,DAL,10.0,20.0,-10.0,30.0
2015,2,REG,GB,SEA,27.0,17.0,10.0,44.0
2015,2,REG,IND,NYJ,7.0,20.0,-13.0,27.0
2015,3,REG,NYG,WAS,32.0,21.0,11.0,53.0
2015,3,REG,BAL,CIN,24.0,28.0,-4.0,52.0
2015,3,REG,CAR,NO,27.0,22.0,5.0,49.0
2015,3,REG,CLE,OAK,20.0,27.0,-7.0,47.0
2015,3,REG,DAL,ATL,28.0,39.0,-11.0,67.0
2015,3,REG,HOU,TB,19.0,9.0,10.0,28.0
2015,3,REG,MIN,SD,31.0,14.0,17.0,45.0
2015,3,REG,NE,JAX,51.0,17.0,34.0,68.0
2015,3,REG,NYJ,PHI,17.0,24.0,-7.0,41.0
2015,3,REG,STL,PIT,6.0,12.0,-6.0,18.0
2015,3,REG,TEN,IND,33.0,35.0,-2.0,68.0
2015,3,REG,ARI,SF,47.0,7.0,40.0,54.0
2015,3,REG,MIA,BUF,14.0,41.0,-27.0,55.0
2015,3,REG,SEA,CHI,26.0,0.0,26.0,26.0
2015,3,REG,DET,DEN,12.0,24.0,-12.0,36.0
2015,3,REG,GB,KC,38.0,28.0,10.0,66.0
2015,4,REG,PIT,BAL,20.0,23.0,-3.0,43.0
2015,4,REG,MIA,NYJ,14.0,27.0,-13.0,41.0
2015,4,REG,ATL,HOU,48.0,21.0,27.0,69.0
2015,4,REG,BUF,NYG,10.0,24.0,-14.0,34.0
2015,4,REG,CHI,OAK,22.0,20.0,2.0,42.0
2015,4,REG,CIN,KC,36.0,21.0,15.0,57.0
2015,4,REG,IND,JAX,16.0,13.0,3.0,29.0
2015,4,REG,TB,CAR,23.0,37.0,-14.0,60.0
2015,4,REG,WAS,PHI,23.0,20.0,3.0,43.0
2015,4,REG,SD,CLE,30.0,27.0,3.0,57.0
2015,4,REG,ARI,STL,22.0,24.0,-2.0,46.0
2015,4,REG,DEN,MIN,23.0,20.0,3.0,43.0
2015,4,REG,SF,GB,3.0,17.0,-14.0,20.0
2015,4,REG,NO,DAL,26.0,20.0,6.0,46.0
2015,4,REG,SEA,DET,13.0,10.0,3.0,23.0
2015,5,REG,HOU,IND,20.0,27.0,-7.0,47.0
2015,5,REG,ATL,WAS,25.0,19.0,6.0,44.0
2015,5,REG,BAL,CLE,30.0,33.0,-3.0,63.0
2015,5,REG,CIN,SEA,27.0,24.0,3.0,51.0
2015,5,REG,GB,STL,24.0,10.0,14.0,34.0
2015,5,REG,KC,CHI,17.0,18.0,-1.0,35.0
2015,5,REG,PHI,NO,39.0,17.0,22.0,56.0
2015,5,REG,TB,JAX,38.0,31.0,7.0,69.0
2015,5,REG,TEN,BUF,13.0,14.0,-1.0,27.0
2015,5,REG,DET,ARI,17.0,42.0,-25.0,59.0
2015,5,REG,DAL,NE,6.0,30.0,-24.0,36.0
2015,5,REG,OAK,DEN,10.0,16.0,-6.0,26.0
2015,5,REG,NYG,SF,30.0,27.0,3.0,57.0
2015,5,REG,SD,PIT,20.0,24.0,-4.0,44.0
2015,6,REG,NO,ATL,31.0,21.0,10.0,52.0
2015,6,REG,BUF,CIN,21.0,34.0,-13.0,55.0
2015,6,REG,CLE,DEN,23.0,26.0,-3.0,49.0
2015,6,REG,DET,CHI,37.0,34.0,3.0,71.0
2015,6,REG,JAX,HOU,20.0,31.0,-11.0,51.0
2015,6,REG,MIN,KC,16.0,10.0,6.0,26.0
2015,6,REG,NYJ,WAS,34.0,20.0,14.0,54.0
2015,6,REG,PIT,ARI,25.0,13.0,12.0,38.0
2015,6,REG,TEN,MIA,10.0,38.0,-28.0,48.0
2015,6,REG,SEA,CAR,23.0,27.0,-4.0,50.0
2015,6,REG,GB,SD,27.0,20.0,7.0,47.0
2015,6,REG,SF,BAL,25.0,20.0,5.0,45.0
2015,6,REG,IND,NE,27.0,34.0,-7.0,61.0
2015,6,REG,PHI,NYG,27.0,7.0,20.0,34.0
2015,7,REG,SF,SEA,3.0,20.0,-17.0,23.0
2015,7,REG,JAX,BUF,34.0,31.0,3.0,65.0
2015,7,REG,DET,MIN,19.0,28.0,-9.0,47.0
2015,7,REG,IND,NO,21.0,27.0,-6.0,48.0
2015,7,REG,KC,PIT,23.0,13.0,10.0,36.0
2015,7,REG,MIA,HOU,44.0,26.0,18.0,70.0
2015,7,REG,NE,NYJ,30.0,23.0,7.0,53.0
2015,7,REG,STL,CLE,24.0,6.0,18.0,30.0
2015,7,REG,TEN,ATL,7.0,10.0,-3.0,17.0
2015,7,REG,WAS,TB,31.0,30.0,1.0,61.0
2015,7,REG,SD,OAK,29.0,37.0,-8.0,66.0
2015,7,REG,NYG,DAL,27.0,20.0,7.0,47.0
2015,7,REG,CAR,PHI,27.0,16.0,11.0,43.0
2015,7,REG,ARI,BAL,26.0,18.0,8.0,44.0
2015,8,REG,NE,MIA,36.0,7.0,29.0,43.0
2015,8,REG,KC,DET,45.0,10.0,35.0,55.0
2015,8,REG,ATL,TB,20.0,23.0,-3.0,43.0
2015,8,REG,BAL,SD,29.0,26.0,3.0,55.0
2015,8,REG,CHI,MIN,20.0,23.0,-3.0,43.0
2015,8,REG,CLE,ARI,20.0,34.0,-14.0,54.0
2015,8,REG,HOU,TEN,20.0,6.0,14.0,26.0
2015,8,REG,NO,NYG,52.0,49.0,3.0,101.0
2015,8,REG,PIT,CIN,10.0,16.0,-6.0,26.0
2015,8,REG,STL,SF,27.0,6.0,21.0,33.0
2015,8,REG,OAK,NYJ,34.0,20.0,14.0,54.0
2015,8,REG,DAL,SEA,12.0,13.0,-1.0,25.0
2015,8,REG,DEN,GB,29.0,10.0,19.0,39.0
2015,8,REG,CAR,IND,29.0,26.0,3.0,55.0
2015,9,REG,CIN,CLE,31.0,10.0,21.0,41.0
2015,9,REG,BUF,MIA,33.0,17.0,16.0,50.0
2015,9,REG,CAR,GB,37.0,29.0,8.0,66.0
2015,9,REG,MIN,STL,21.0,18.0,3.0,39.0
2015,9,REG,NE,WAS,27.0,10.0,17.0,37.0
2015,9,REG,NO,TEN,28.0,34.0,-6.0,62.0
2015,9,REG,NYJ,JAX,28.0,23.0,5.0,51.0
2015,9,REG,PIT,OAK,38.0,35.0,3.0,73.0
2015,9,REG,SF,ATL,17.0,16.0,1.0,33.0
2015,9,REG,TB,NYG,18.0,32.0,-14.0,50.0
2015,9,REG,IND,DEN,27.0,24.0,3.0,51.0
2015,9,REG,DAL,PHI,27.0,33.0,-6.0,60.0
2015,9,REG,SD,CHI,19.0,22.0,-3.0,41.0
2015,10,REG,NYJ,BUF,17.0,22.0,-5.0,39.0
2015,10,REG,BAL,JAX,20.0,22.0,-2.0,42.0
2015,10,REG,GB,DET,16.0,18.0,-2.0,34.0
2015,10,REG,PHI,MIA,19.0,20.0,-1.0,39.0
2015,10,REG,PIT,CLE,30.0,9.0,21.0,39.0
2015,10,REG,STL,CHI,13.0,37.0,-24.0,50.0
2015,10,REG,TB,DAL,10.0,6.0,4.0,16.0
2015,10,REG,TEN,CAR,10.0,27.0,-17.0,37.0
2015,10,REG,WAS,NO,47.0,14.0,33.0,61.0
2015,10,REG,OAK,MIN,14.0,30.0,-16.0,44.0
2015,10,REG,DEN,KC,13.0,29.0,-16.0,42.0
2015,10,REG,NYG,NE,26.0,27.0,-1.0,53.0
2015,10,REG,SEA,ARI,32.0,39.0,-7.0,71.0
2015,10,REG,CIN,HOU,6.0,10.0,-4.0,16.0
2015,11,REG,JAX,TEN,19.0,13.0,6.0,32.0
2015,11,REG,ATL,IND,21.0,24.0,-3.0,45.0
2015,11,REG,BAL,STL,16.0,13.0,3.0,29.0
2015,11,REG,CAR,WAS,44.0,16.0,28.0,60.0
2015,11,REG,CHI,DEN,15.0,17.0,-2.0,32.0
2015,11,REG,DET,OAK,18.0,13.0,5.0,31.0
2015,11,REG,HOU,NYJ,24.0,17.0,7.0,41.0
2015,11,REG,MIA,DAL,14.0,24.0,-10.0,38.0
2015,11,REG,PHI,TB,17.0,45.0,-28.0,62.0
2015,11,REG,SD,KC,3.0,33.0,-30.0,36.0
2015,11,REG,MIN,GB,13.0,30.0,-17.0,43.0
2015,11,REG,SEA,SF,29.0,13.0,16.0,42.0
2015,11,REG,ARI,CIN,34.0,31.0,3.0,65.0
2015,11,REG,NE,BUF,20.0,13.0,7.0,33.0
2015,12,REG,DET,PHI,45.0,14.0,31.0,59.0
2015,12,REG,DAL,CAR,14.0,33.0,-19.0,47.0
2015,12,REG,GB,CHI,13.0,17.0,-4.0,30.0
2015,12,REG,ATL,MIN,10.0,20.0,-10.0,30.0
2015,12,REG,CIN,STL,31.0,7.0,24.0,38.0
2015,12,REG,HOU,NO,24.0,6.0,18.0,30.0
2015,12,REG,IND,TB,25.0,12.0,13.0,37.0
2015,12,REG,JAX,SD,25.0,31.0,-6.0,56.0
2015,12,REG,KC,BUF,30.0,22.0,8.0,52.0
2015,12,REG,NYJ,MIA,38.0,20.0,18.0,58.0
2015,12,REG,TEN,OAK,21.0,24.0,-3.0,45.0
2015,12,REG,WAS,NYG,20.0,14.0,6.0,34.0
2015,12,REG,SF,ARI,13.0,19.0,-6.0,32.0
2015,12,REG,SEA,PIT,39.0,30.0,9.0,69.0
2015,12,REG,DEN,NE,30.0,24.0,6.0,54.0
2015,12,REG,CLE,BAL,27.0,33.0,-6.0,60.0
2015,13,REG,DET,GB,23.0,27.0,-4.0,50.0
2015,13,REG,BUF,HOU,30.0,21.0,9.0,51.0
2015,13,REG,CHI,SF,20.0,26.0,-6.0,46.0
2015,13,REG,CLE,CIN,3.0,37.0,-34.0,40.0
2015,13,REG,MIA,BAL,15.0,13.0,2.0,28.0
2015,13,REG,MIN,SEA,7.0,38.0,-31.0,45.0
2015,13,REG,NYG,NYJ,20.0,23.0,-3.0,43.0
2015,13,REG,STL,ARI,3.0,27.0,-24.0,30.0
2015,13,REG,TB,ATL,23.0,19.0,4.0,42.0
2015,13,REG,TEN,JAX,42.0,39.0,3.0,81.0
2015,13,REG,OAK,KC,20.0,34.0,-14.0,54.0
2015,13,REG,SD,DEN,3.0,17.0,-14.0,20.0
2015,13,REG,NE,PHI,28.0,35.0,-7.0,63.0
2015,13,REG,NO,CAR,38.0,41.0,-3.0,79.0
2015,13,REG,PIT,IND,45.0,10.0,35.0,55.0
2015,13,REG,WAS,DAL,16.0,19.0,-3.0,35.0
2015,14,REG,ARI,MIN,23.0,20.0,3.0,43.0
2015,14,REG,BAL,SEA,6.0,35.0,-29.0,41.0
2015,14,REG,CAR,ATL,38.0,0.0,38.0,38.0
2015,14,REG,CHI,WAS,21.0,24.0,-3.0,45.0
2015,14,REG,CIN,PIT,20.0,33.0,-13.0,53.0
2015,14,REG,CLE,SF,24.0,10.0,14.0,34.0
2015,14,REG,JAX,IND,51.0,16.0,35.0,67.0
2015,14,REG,KC,SD,10.0,3.0,7.0,13.0
2015,14,REG,NYJ,TEN,30.0,8.0,22.0,38.0
2015,14,REG,PHI,BUF,23.0,20.0,3.0,43.0
2015,14,REG,STL,DET,21.0,14.0,7.0,35.0
2015,14,REG,TB,NO,17.0,24.0,-7.0,41.0
2015,14,REG,DEN,OAK,12.0,15.0,-3.0,27.0
2015,14,REG,GB,DAL,28.0,7.0,21.0,35.0
2015,14,REG,HOU,NE,6.0,27.0,-21.0,33.0
2015,14,REG,MIA,NYG,24.0,31.0,-7.0,55.0
2015,15,REG,STL,TB,31.0,23.0,8.0,54.0
2015,15,REG,DAL,NYJ,16.0,19.0,-3.0,35.0
2015,15,REG,BAL,KC,14.0,34.0,-20.0,48.0
2015,15,REG,IND,HOU,10.0,16.0,-6.0,26.0
2015,15,REG,JAX,ATL,17.0,23.0,-6.0,40.0
2015,15,REG,MIN,CHI,38.0,17.0,21.0,55.0
2015,15,REG,NE,TEN,33.0,16.0,17.0,49.0
2015,15,REG,NYG,CAR,35.0,38.0,-3.0,73.0
2015,15,REG,WAS,BUF,35.0,25.0,10.0,60.0
2015,15,REG,OAK,GB,20.0,30.0,-10.0,50.0
2015,15,REG,SEA,CLE,30.0,13.0,17.0,43.0
2015,15,REG,PIT,DEN,34.0,27.0,7.0,61.0
2015,15,REG,SD,MIA,30.0,14.0,16.0,44.0
2015,15,REG,SF,CIN,14.0,24.0,-10.0,38.0
2015,15,REG,PHI,ARI,17.0,40.0,-23.0,57.0
2015,15,REG,NO,DET,27.0,35.0,-8.0,62.0
2015,16,REG,OAK,SD,23.0,20.0,3.0,43.0
2015,16,REG,PHI,WAS,24.0,38.0,-14.0,62.0
2015,16,REG,ATL,CAR,20.0,13.0,7.0,33.0
2015,16,REG,BAL,PIT,20.0,17.0,3.0,37.0
2015,16,REG,BUF,DAL,16.0,6.0,10.0,22.0
2015,16,REG,DET,SF,32.0,17.0,15.0,49.0
2015,16,REG,KC,CLE,17.0,13.0,4.0,30.0
2015,16,REG,MIA,IND,12.0,18.0,-6.0,30.0
2015,16,REG,NYJ,NE,26.0,20.0,6.0,46.0
2015,16,REG,TB,CHI,21.0,26.0,-5.0,47.0
2015,16,REG,TEN,HOU,6.0,34.0,-28.0,40.0
2015,16,REG,NO,JAX,38.0,27.0,11.0,65.0
2015,16,REG,ARI,GB,38.0,8.0,30.0,46.0
2015,16,REG,SEA,STL,17.0,23.0,-6.0,40.0
2015,16,REG,MIN,NYG,49.0,17.0,32.0,66.0
2015,16,REG,DEN,CIN,20.0,17.0,3.0,37.0
2015,17,REG,ATL,NO,17.0,20.0,-3.0,37.0
2015,17,REG,BUF,NYJ,22.0,17.0,5.0,39.0
2015,17,REG,CHI,DET,20.0,24.0,-4.0,44.0
2015,17,REG,CIN,BAL,24.0,16.0,8.0,40.0
2015,17,REG,CLE,PIT,12.0,28.0,-16.0,40.0
2015,17,REG,DAL,WAS,23.0,34.0,-11.0,57.0
2015,17,REG,HOU,JAX,30.0,6.0,24.0,36.0
2015,17,REG,IND,TEN,30.0,24.0,6.0,54.0
2015,17,REG,MIA,NE,20.0,10.0,10.0,30.0
2015,17,REG,NYG,PHI,30.0,35.0,-5.0,65.0
2015,17,REG,ARI,SEA,6.0,36.0,-30.0,42.0
2015,17,REG,CAR,TB,38.0,10.0,28.0,48.0
2015,17,REG,DEN,SD,27.0,20.0,7.0,47.0
2015,17,REG,KC,OAK,23.0,17.0,6.0,40.0
2015,17,REG,SF,STL,19.0,16.0,3.0,35.0
2015,17,REG,GB,MIN,13.0,20.0,-7.0,33.0
2015,18,WC,HOU,KC,0.0,30.0,-30.0,30.0
2015,18,WC,CIN,PIT,16.0,18.0,-2.0,34.0
2015,18,WC,MIN,SEA,9.0,10.0,-1.0,19.0
2015,18,WC,WAS,GB,18.0,35.0,-17.0,53.0
2015,19,DIV,NE,KC,27.0,20.0,7.0,47.0
2015,19,DIV,ARI,GB,26.0,20.0,6.0,46.0
2015,19,DIV,CAR,SEA,31.0,24.0,7.0,55.0
2015,19,DIV,DEN,PIT,23.0,16.0,7.0,39.0
2015,20,CON,DEN,NE,20.0,18.0,2.0,38.0
2015,20,CON,CAR,ARI,49.0,15.0,34.0,64.0
2015,21,SB,DEN,CAR,24.0,10.0,14.0,34.0
2016,1,REG,DEN,CAR,21.0,20.0,1.0,41.0
2016,1,REG,ATL,TB,24.0,31.0,-7.0,55.0
2016,1,REG,BAL,BUF,13.0,7.0,6.0,20.0
2016,1,REG,HOU,CHI,23.0,14.0,9.0,37.0
2016,1,REG,JAX,GB,23.0,27.0,-4.0,50.0
2016,1,REG,KC,SD,33.0,27.0,6.0,60.0
2016,1,REG,NO,OAK,34.0,35.0,-1.0,69.0
2016,1,REG,NYJ,CIN,22.0,23.0,-1.0,45.0
2016,1,REG,PHI,CLE,29.0,10.0,19.0,39.0
2016,1,REG,TEN,MIN,16.0,25.0,-9.0,41.0
2016,1,REG,SEA,MIA,12.0,10.0,2.0,22.0
2016,1,REG,DAL,NYG,19.0,20.0,-1.0,39.0
2016,1,REG,IND,DET,35.0,39.0,-4.0,74.0
2016,1,REG,ARI,NE,21.0,23.0,-2.0,44.0
2016,1,REG,WAS,PIT,16.0,38.0,-22.0,54.0
2016,1,REG,SF,LA,28.0,0.0,28.0,28.0
2016,2,REG,BUF,NYJ,31.0,37.0,-6.0,68.0
2016,2,REG,ARI,TB,40.0,7.0,33.0,47.0
2016,2,REG,CAR,SF,46.0,27.0,19.0,73.0
2016,2,REG,CLE,BAL,20.0,25.0,-5.0,45.0
2016,2,REG,DET,TEN,15.0,16.0,-1.0,31.0
2016,2,REG,HOU,KC,19.0,12.0,7.0,31.0
2016,2,REG,NE,MIA,31.0,24.0,7.0,55.0
2016,2,REG,NYG,NO,16.0,13.0,3.0,29.0
2016,2,REG,PIT,CIN,24.0,16.0,8.0,40.0
2016,2,REG,WAS,DAL,23.0,27.0,-4.0,50.0
2016,2,REG,LA,SEA,9.0,3.0,6.0,12.0
2016,2,REG,DEN,IND,34.0,20.0,14.0,54.0
2016,2,REG,OAK,ATL,28.0,35.0,-7.0,63.0
2016,2,REG,SD,JAX,38.0,14.0,24.0,52.0
2016,2,REG,MIN,GB,17.0,14.0,3.0,31.0
2016,2,REG,CHI,PHI,14.0,29.0,-15.0,43.0
2016,3,REG,NE,HOU,27.0,0.0,27.0,27.0
2016,3,REG,BUF,ARI,33.0,18.0,15.0,51.0
2016,3,REG,CAR,MIN,10.0,22.0,-12.0,32.0
2016,3,REG,CIN,DEN,17.0,29.0,-12.0,46.0
2016,3,REG,GB,DET,34.0,27.0,7.0,61.0
2016,3,REG,JAX,BAL,17.0,19.0,-2.0,36.0
2016,3,REG,MIA,CLE,30.0,24.0,6.0,54.0
2016,3,REG,NYG,WAS,27.0,29.0,-2.0,56.0
2016,3,REG,TEN,OAK,10.0,17.0,-7.0,27.0
2016,3,REG,SEA,SF,37.0,18.0,19.0,55.0
2016,3,REG,TB,LA,32.0,37.0,-5.0,69.0
2016,3,REG,IND,SD,26.0,22.0,4.0,48.0
2016,3,REG,KC,NYJ,24.0,3.0,21.0,27.0
2016,3,REG,PHI,PIT,34.0,3.0,31.0,37.0
2016,3,REG,DAL,CHI,31.0,17.0,14.0,48.0
2016,3,REG,NO,ATL,32.0,45.0,-13.0,77.0
2016,4,REG,CIN,MIA,22.0,7.0,15.0,29.0
2016,4,REG,JAX,IND,30.0,27.0,3.0,57.0
2016,4,REG,ATL,CAR,48.0,33.0,15.0,81.0
2016,4,REG,BAL,OAK,27.0,28.0,-1.0,55.0
2016,4,REG,CHI,DET,17.0,14.0,3.0,31.0
2016,4,REG,HOU,TEN,27.0,20.0,7.0,47.0
2016,4,REG,NE,BUF,0.0,16.0,-16.0,16.0
2016,4,REG,NYJ,SEA,17.0,27.0,-10.0,44.0
2016,4,REG,WAS,CLE,31.0,20.0,11.0,51.0
2016,4,REG,TB,DEN,7.0,27.0,-20.0,34.0
2016,4,REG,ARI,LA,13.0,17.0,-4.0,30.0
2016,4,REG,SD,NO,34.0,35.0,-1.0,69.0
2016,4,REG,SF,DAL,17.0,24.0,-7.0,41.0
2016,4,REG,PIT,KC,43.0,14.0,29.0,57.0
2016,4,REG,MIN,NYG,24.0,10.0,14.0,34.0
2016,5,REG,SF,ARI,21.0,33.0,-12.0,54.0
2016,5,REG,BAL,WAS,10.0,16.0,-6.0,26.0
2016,5,REG,CLE,NE,13.0,33.0,-20.0,46.0
2016,5,REG,DET,PHI,24.0,23.0,1.0,47.0
2016,5,REG,IND,CHI,29.0,23.0,6.0,52.0
2016,5,REG,MIA,TEN,17.0,30.0,-13.0,47.0
2016,5,REG,MIN,HOU,31.0,13.0,18.0,44.0
2016,5,REG,PIT,NYJ,31.0,13.0,18.0,44.0
2016,5,REG,DEN,ATL,16.0,23.0,-7.0,39.0
2016,5,REG,DAL,CIN,28.0,14.0,14.0,42.0
2016,5,REG,LA,BUF,19.0,30.0,-11.0,49.0
2016,5,REG,OAK,SD,34.0,31.0,3.0,65.0
2016,5,REG,GB,NYG,23.0,16.0,7.0,39.0
2016,5,REG,CAR,TB,14.0,17.0,-3.0,31.0
2016,6,REG,SD,DEN,21.0,13.0,8.0,34.0
2016,6,REG,BUF,SF,45.0,16.0,29.0,61.0
2016,6,REG,CHI,JAX,16.0,17.0,-1.0,33.0
2016,6,REG,DET,LA,31.0,28.0,3.0,59.0
2016,6,REG,MIA,PIT,30.0,15.0,15.0,45.0
2016,6,REG,NE,CIN,35.0,17.0,18.0,52.0
2016,6,REG,NO,CAR,41.0,38.0,3.0,79.0
2016,6,REG,NYG,BAL,27.0,23.0,4.0,50.0
2016,6,REG,TEN,CLE,28.0,26.0,2.0,54.0
2016,6,REG,WAS,PHI,27.0,20.0,7.0,47.0
2016,6,REG,OAK,KC,10.0,26.0,-16.0,36.0
2016,6,REG,GB,DAL,16.0,30.0,-14.0,46.0
2016,6,REG,SEA,ATL,26.0,24.0,2.0,50.0
2016,6,REG,HOU,IND,26.0,23.0,3.0,49.0
2016,6,REG,ARI,NYJ,28.0,3.0,25.0,31.0
2016,7,REG,GB,CHI,26.0,10.0,16.0,36.0
2016,7,REG,LA,NYG,10.0,17.0,-7.0,27.0
2016,7,REG,CIN,CLE,31.0,17.0,14.0,48.0
2016,7,REG,DET,WAS,20.0,17.0,3.0,37.0
2016,7,REG,JAX,OAK,16.0,33.0,-17.0,49.0
2016,7,REG,KC,NO,27.0,21.0,6.0,48.0
2016,7,REG,MIA,BUF,28.0,25.0,3.0,53.0
2016,7,REG,NYJ,BAL,24.0,16.0,8.0,40.0
2016,7,REG,PHI,MIN,21.0,10.0,11.0,31.0
2016,7,REG,TEN,IND,26.0,34.0,-8.0,60.0
2016,7,REG,ATL,SD,30.0,33.0,-3.0,63.0
2016,7,REG,SF,TB,17.0,34.0,-17.0,51.0
2016,7,REG,PIT,NE,16.0,27.0,-11.0,43.0
2016,7,REG,ARI,SEA,6.0,6.0,0.0,12.0
2016,7,REG,DEN,HOU,27.0,9.0,18.0,36.0
2016,8,REG,TEN,JAX,36.0,22.0,14.0,58.0
2016,8,REG,CIN,WAS,27.0,27.0,0.0,54.0
2016,8,REG,BUF,NE,25.0,41.0,-16.0,66.0
2016,8,REG,CAR,ARI,30.0,20.0,10.0,50.0
2016,8,REG,CLE,NYJ,28.0,31.0,-3.0,59.0
2016,8,REG,HOU,DET,20.0,13.0,7.0,33.0
2016,8,REG,IND,KC,14.0,30.0,-16.0,44.0
2016,8,REG,NO,SEA,25.0,20.0,5.0,45.0
2016,8,REG,TB,OAK,24.0,30.0,-6.0,54.0
2016,8,REG,DEN,SD,27.0,19.0,8.0,46.0
2016,8,REG,ATL,GB,33.0,32.0,1.0,65.0
2016,8,REG,DAL,PHI,29.0,23.0,6.0,52.0
2016,8,REG,CHI,MIN,20.0,10.0,10.0,30.0
2016,9,REG,TB,ATL,28.0,43.0,-15.0,71.0
2016,9,REG,BAL,PIT,21.0,14.0,7.0,35.0
2016,9,REG,CLE,DAL,10.0,35.0,-25.0,45.0
2016,9,REG,KC,JAX,19.0,14.0,5.0,33.0
2016,9,REG,MIA,NYJ,27.0,23.0,4.0,50.0
2016,9,REG,MIN,DET,16.0,22.0,-6.0,38.0
2016,9,REG,NYG,PHI,28.0,23.0,5.0,51.0
2016,9,REG,LA,CAR,10.0,13.0,-3.0,23.0
2016,9,REG,SF,NO,23.0,41.0,-18.0,64.0
2016,9,REG,GB,IND,26.0,31.0,-5.0,57.0
2016,9,REG,SD,TEN,43.0,35.0,8.0,78.0
2016,9,REG,OAK,DEN,30.0,20.0,10.0,50.0
2016,9,REG,SEA,BUF,31.0,25.0,6.0,56.0
2016,10,REG,BAL,CLE,28.0,7.0,21.0,35.0
2016,10,REG,CAR,KC,17.0,20.0,-3.0,37.0
2016,10,REG,JAX,HOU,21.0,24.0,-3.0,45.0
2016,10,REG,NO,DEN,23.0,25.0,-2.0,48.0
2016,10,REG,NYJ,LA,6.0,9.0,-3.0,15.0
2016,10,REG,PHI,ATL,24.0,15.0,9.0,39.0
2016,10,REG,TB,CHI,36.0,10.0,26.0,46.0
2016,10,REG,TEN,GB,47.0,25.0,22.0,72.0
2016,10,REG,WAS,MIN,26.0,20.0,6.0,46.0
2016,10,REG,SD,MIA,24.0,31.0,-7.0,55.0
2016,10,REG,ARI,SF,23.0,20.0,3.0,43.0
2016,10,REG,PIT,DAL,30.0,35.0,-5.0,65.0
2016,10,REG,NE,SEA,24.0,31.0,-7.0,55.0
2016,10,REG,NYG,CIN,21.0,20.0,1.0,41.0
2016,11,REG,CAR,NO,23.0,20.0,3.0,43.0
2016,11,REG,CIN,BUF,12.0,16.0,-4.0,28.0
2016,11,REG,CLE,PIT,9.0,24.0,-15.0,33.0
2016,11,REG,DAL,BAL,27.0,17.0,10.0,44.0
2016,11,REG,DET,JAX,26.0,19.0,7.0,45.0
2016,11,REG,IND,TEN,24.0,17.0,7.0,41.0
2016,11,REG,KC,TB,17.0,19.0,-2.0,36.0
2016,11,REG,MIN,ARI,30.0,24.0,6.0,54.0
2016,11,REG,NYG,CHI,22.0,16.0,6.0,38.0
2016,11,REG,LA,MIA,10.0,14.0,-4.0,24.0
2016,11,REG,SEA,PHI,26.0,15.0,11.0,41.0
2016,11,REG,SF,NE,17.0,30.0,-13.0,47.0
2016,11,REG,WAS,GB,42.0,24.0,18.0,66.0
2016,11,REG,OAK,HOU,27.0,20.0,7.0,47.0
2016,12,REG,DET,MIN,16.0,13.0,3.0,29.0
2016,12,REG,DAL,WAS,31.0,26.0,5.0,57.0
2016,12,REG,IND,PIT,7.0,28.0,-21.0,35.0
2016,12,REG,ATL,ARI,38.0,19.0,19.0,57.0
2016,12,REG,BAL,CIN,19.0,14.0,5.0,33.0
2016,12,REG,BUF,JAX,28.0,21.0,7.0,49.0
2016,12,REG,CHI,TEN,21.0,27.0,-6.0,48.0
2016,12,REG,CLE,NYG,13.0,27.0,-14.0,40.0
2016,12,REG,HOU,SD,13.0,21.0,-8.0,34.0
2016,12,REG,MIA,SF,31.0,24.0,7.0,55.0
2016,12,REG,NO,LA,49.0,21.0,28.0,70.0
2016,12,REG,TB,SEA,14.0,5.0,9.0,19.0
2016,12,REG,NYJ,NE,17.0,22.0,-5.0,39.0
2016,12,REG,OAK,CAR,35.0,32.0,3.0,67.0
2016,12,REG,DEN,KC,27.0,30.0,-3.0,57.0
2016,12,REG,PHI,GB,13.0,27.0,-14.0,40.0
2016,13,REG,MIN,DAL,15.0,17.0,-2.0,32.0
2016,13,REG,ATL,KC,28.0,29.0,-1.0,57.0
2016,13,REG,BAL,MIA,38.0,6.0,32.0,44.0
2016,13,REG,CHI,SF,26.0,6.0,20.0,32.0
2016,13,REG,CIN,PHI,32.0,14.0,18.0,46.0
2016,13,REG,GB,HOU,21.0,13.0,8.0,34.0
2016,13,REG,JAX,DEN,10.0,20.0,-10.0,30.0
2016,13,REG,NE,LA,26.0,10.0,16.0,36.0
2016,13,REG,NO,DET,13.0,28.0,-15.0,41.0
2016,13,REG,OAK,BUF,38.0,24.0,14.0,62.0
2016,13,REG,ARI,WAS,31.0,23.0,8.0,54.0
2016,13,REG,PIT,NYG,24.0,14.0,10.0,38.0
2016,13,REG,SD,TB,21.0,28.0,-7.0,49.0
2016,13,REG,SEA,CAR,40.0,7.0,33.0,47.0
2016,13,REG,NYJ,IND,10.0,41.0,-31.0,51.0
2016,14,REG,KC,OAK,21.0,13.0,8.0,34.0
2016,14,REG,BUF,PIT,20.0,27.0,-7.0,47.0
2016,14,REG,CAR,SD,28.0,16.0,12.0,44.0
2016,14,REG,CLE,CIN,10.0,23.0,-13.0,33.0
2016,14,REG,DET,CHI,20.0,17.0,3.0,37.0
2016,14,REG,IND,HOU,17.0,22.0,-5.0,39.0
2016,14,REG,JAX,MIN,16.0,25.0,-9.0,41.0
2016,14,REG,MIA,ARI,26.0,23.0,3.0,49.0
2016,14,REG,PHI,WAS,22.0,27.0,-5.0,49.0
2016,14,REG,TEN,DEN,13.0,10.0,3.0,23.0
2016,14,REG,SF,NYJ,17.0,23.0,-6.0,40.0
2016,14,REG,GB,SEA,38.0,10.0,28.0,48.0
2016,14,REG,LA,ATL,14.0,42.0,-28.0,56.0
2016,14,REG,TB,NO,16.0,11.0,5.0,27.0
2016,14,REG,NYG,DAL,10.0,7.0,3.0,17.0
2016,14,REG,NE,BAL,30.0,23.0,7.0,53.0
2016,15,REG,SEA,LA,24.0,3.0,21.0,27.0
2016,15,REG,NYJ,MIA,13.0,34.0,-21.0,47.0
2016,15,REG,BAL,PHI,27.0,26.0,1.0,53.0
2016,15,REG,BUF,CLE,33.0,13.0,20.0,46.0
2016,15,REG,CHI,GB,27.0,30.0,-3.0,57.0
2016,15,REG,CIN,PIT,20.0,24.0,-4.0,44.0
2016,15,REG,HOU,JAX,21.0,20.0,1.0,41.0
2016,15,REG,KC,TEN,17.0,19.0,-2.0,36.0
2016,15,REG,MIN,IND,6.0,34.0,-28.0,40.0
2016,15,REG,NYG,DET,17.0,6.0,11.0,23.0
2016,15,REG,ARI,NO,41.0,48.0,-7.0,89.0
2016,15,REG,ATL,SF,41.0,13.0,28.0,54.0
2016,15,REG,DEN,NE,3.0,16.0,-13.0,19.0
2016,15,REG,SD,OAK,16.0,19.0,-3.0,35.0
2016,15,REG,DAL,TB,26.0,20.0,6.0,46.0
2016,15,REG,WAS,CAR,15.0,26.0,-11.0,41.0
2016,16,REG,PHI,NYG,24.0,19.0,5.0,43.0
2016,16,REG,BUF,MIA,31.0,34.0,-3.0,65.0
2016,16,REG,CAR,ATL,16.0,33.0,-17.0,49.0
2016,16,REG,CHI,WAS,21.0,41.0,-20.0,62.0
2016,16,REG,CLE,SD,20.0,17.0,3.0,37.0
2016,16,REG,GB,MIN,38.0,25.0,13.0,63.0
2016,16,REG,JAX,TEN,38.0,17.0,21.0,55.0
2016,16,REG,NE,NYJ,41.0,3.0,38.0,44.0
2016,16,REG,OAK,IND,33.0,25.0,8.0,58.0
2016,16,REG,LA,SF,21.0,22.0,-1.0,43.0
2016,16,REG,NO,TB,31.0,24.0,7.0,55.0
2016,16,REG,SEA,ARI,31.0,34.0,-3.0,65.0
2016,16,REG,HOU,CIN,12.0,10.0,2.0,22.0
2016,16,REG,PIT,BAL,31.0,27.0,4.0,58.0
2016,16,REG,KC,DEN,33.0,10.0,23.0,43.0
2016,16,REG,DAL,DET,42.0,21.0,21.0,63.0
2016,17,REG,CIN,BAL,27.0,10.0,17.0,37.0
2016,17,REG,IND,JAX,24.0,20.0,4.0,44.0
2016,17,REG,MIA,NE,14.0,35.0,-21.0,49.0
2016,17,REG,MIN,CHI,38.0,10.0,28.0,48.0
2016,17,REG,NYJ,BUF,30.0,10.0,20.0,40.0
2016,17,REG,PHI,DAL,27.0,13.0,14.0,40.0
2016,17,REG,PIT,CLE,27.0,24.0,3.0,51.0
2016,17,REG,TB,CAR,17.0,16.0,1.0,33.0
2016,17,REG,TEN,HOU,24.0,17.0,7.0,41.0
2016,17,REG,ATL,NO,38.0,32.0,6.0,70.0
2016,17,REG,DEN,OAK,24.0,6.0,18.0,30.0
2016,17,REG,LA,ARI,6.0,44.0,-38.0,50.0
2016,17,REG,SD,KC,27.0,37.0,-10.0,64.0
2016,17,REG,SF,SEA,23.0,25.0,-2.0,48.0
2016,17,REG,WAS,NYG,10.0,19.0,-9.0,29.0
2016,17,REG,DET,GB,24.0,31.0,-7.0,55.0
2016,18,WC,HOU,OAK,27.0,14.0,13.0,41.0
2016,18,WC,SEA,DET,26.0,6.0,20.0,32.0
2016,18,WC,PIT,MIA,30.0,12.0,18.0,42.0
2016,18,WC,GB,NYG,38.0,13.0,25.0,51.0
2016,19,DIV,ATL,SEA,36.0,20.0,16.0,56.0
2016,19,DIV,NE,HOU,34.0,16.0,18.0,50.0
2016,19,DIV,DAL,GB,31.0,34.0,-3.0,65.0
2016,19,DIV,KC,PIT,16.0,18.0,-2.0,34.0
2016,20,CON,ATL,GB,44.0,21.0,23.0,65.0
2016,20,CON,NE,PIT,36.0,17.0,19.0,53.0
2016,21,SB,ATL,NE,28.0,34.0,-6.0,62.0
2017,1,REG,NE,KC,27.0,42.0,-15.0,69.0
2017,1,REG,BUF,NYJ,21.0,12.0,9.0,33.0
2017,1,REG,CHI,ATL,17.0,23.0,-6.0,40.0
2017,1,REG,CIN,BAL,0.0,20.0,-20.0,20.0
2017,1,REG,CLE,PIT,18.0,21.0,-3.0,39.0
2017,1,REG,DET,ARI,35.0,23.0,12.0,58.0
2017,1,REG,HOU,JAX,7.0,29.0,-22.0,36.0
2017,1,REG,TEN,OAK,16.0,26.0,-10.0,42.0
2017,1,REG,WAS,PHI,17.0,30.0,-13.0,47.0
2017,1,REG,LA,IND,46.0,9.0,37.0,55.0
2017,1,REG,GB,SEA,17.0,9.0,8.0,26.0
2017,1,REG,SF,CAR,3.0,23.0,-20.0,26.0
2017,1,REG,DAL,NYG,19.0,3.0,16.0,22.0
2017,1,REG,MIN,NO,29.0,19.0,10.0,48.0
2017,1,REG,DEN,LAC,24.0,21.0,3.0,45.0
2017,2,REG,CIN,HOU,9.0,13.0,-4.0,22.0
2017,2,REG,BAL,CLE,24.0,10.0,14.0,34.0
2017,2,REG,CAR,BUF,9.0,3.0,6.0,12.0
2017,2,REG,IND,ARI,13.0,16.0,-3.0,29.0
2017,2,REG,JAX,TEN,16.0,37.0,-21.0,53.0
2017,2,REG,KC,PHI,27.0,20.0,7.0,47.0
2017,2,REG,NO,NE,20.0,36.0,-16.0,56.0
2017,2,REG,PIT,MIN,26.0,9.0,17.0,35.0
2017,2,REG,TB,CHI,29.0,7.0,22.0,36.0
2017,2,REG,LAC,MIA,17.0,19.0,-2.0,36.0
2017,2,REG,OAK,NYJ,45.0,20.0,25.0,65.0
2017,2,REG,DEN,DAL,42.0,17.0,25.0,59.0
2017,2,REG,LA,WAS,20.0,27.0,-7.0,47.0
2017,2,REG,SEA,SF,12.0,9.0,3.0,21.0
2017,2,REG,ATL,GB,34.0,23.0,11.0,57.0
2017,2,REG,NYG,DET,10.0,24.0,-14.0,34.0
2017,3,REG,SF,LA,39.0,41.0,-2.0,80.0
2017,3,REG,BUF,DEN,26.0,16.0,10.0,42.0
2017,3,REG,CAR,NO,13.0,34.0,-21.0,47.0
2017,3,REG,CHI,PIT,23.0,17.0,6.0,40.0
2017,3,REG,DET,ATL,26.0,30.0,-4.0,56.0
2017,3,REG,IND,CLE,31.0,28.0,3.0,59.0
2017,3,REG,MIN,TB,34.0,17.0,17.0,51.0
2017,3,REG,NE,HOU,36.0,33.0,3.0,69.0
2017,3,REG,NYJ,MIA,20.0,6.0,14.0,26.0
2017,3,REG,PHI,NYG,27.0,24.0,3.0,51.0
2017,3,REG,TEN,SEA,33.0,27.0,6.0,60.0
2017,3,REG,GB,CIN,27.0,24.0,3.0,51.0
2017,3,REG,LAC,KC,10.0,24.0,-14.0,34.0
2017,3,REG,WAS,OAK,27.0,10.0,17.0,37.0
2017,3,REG,JAX,BAL,44.0,7.0,37.0,51.0
2017,3,REG,ARI,DAL,17.0,28.0,-11.0,45.0
2017,4,REG,GB,CHI,35.0,14.0,21.0,49.0
2017,4,REG,ATL,BUF,17.0,23.0,-6.0,40.0
2017,4,REG,BAL,PIT,9.0,26.0,-17.0,35.0
2017,4,REG,CLE,CIN,7.0,31.0,-24.0,38.0
2017,4,REG,DAL,LA,30.0,35.0,-5.0,65.0
2017,4,REG,HOU,TEN,57.0,14.0,43.0,71.0
2017,4,REG,MIN,DET,7.0,14.0,-7.0,21.0
2017,4,REG,NE,CAR,30.0,33.0,-3.0,63.0
2017,4,REG,NYJ,JAX,23.0,20.0,3.0,43.0
2017,4,REG,ARI,SF,18.0,15.0,3.0,33.0
2017,4,REG,LAC,PHI,24.0,26.0,-2.0,50.0
2017,4,REG,TB,NYG,25.0,23.0,2.0,48.0
2017,4,REG,DEN,OAK,16.0,10.0,6.0,26.0
2017,4,REG,SEA,IND,46.0,18.0,28.0,64.0
2017,4,REG,MIA,NO,0.0,20.0,-20.0,20.0
2017,4,REG,KC,WAS,29.0,20.0,9.0,49.0
2017,5,REG,TB,NE,14.0,19.0,-5.0,33.0
2017,5,REG,CIN,BUF,20.0,16.0,4.0,36.0
2017,5,REG,CLE,NYJ,14.0,17.0,-3.0,31.0
2017,5,REG,DET,CAR,24.0,27.0,-3.0,51.0
2017,5,REG,IND,SF,26.0,23.0,3.0,49.0
2017,5,REG,MIA,TEN,16.0,10.0,6.0,26.0
2017,5,REG,NYG,LAC,22.0,27.0,-5.0,49.0
2017,5,REG,PHI,ARI,34.0,7.0,27.0,41.0
2017,5,REG,PIT,JAX,9.0,30.0,-21.0,39.0
2017,5,REG,LA,SEA,10.0,16.0,-6.0,26.0
2017,5,REG,OAK,BAL,17.0,30.0,-13.0,47.0
2017,5,REG,DAL,GB,31.0,35.0,-4.0,66.0
2017,5,REG,HOU,KC,34.0,42.0,-8.0,76.0
2017,5,REG,CHI,MIN,17.0,20.0,-3.0,37.0
2017,6,REG,CAR,PHI,23.0,28.0,-5.0,51.0
2017,6,REG,ATL,MIA,17.0,20.0,-3.0,37.0
2017,6,REG,BAL,CHI,24.0,27.0,-3.0,51.0
2017,6,REG,HOU,CLE,33.0,17.0,16.0,50.0
2017,6,REG,MIN,GB,23.0,10.0,13.0,33.0
2017,6,REG,NO,DET,52.0,38.0,14.0,90.0
2017,6,REG,NYJ,NE,17.0,24.0,-7.0,41.0
2017,6,REG,WAS,SF,26.0,24.0,2.0,50.0
2017,6,REG,ARI,TB,38.0,33.0,5.0,71.0
2017,6,REG,JAX,LA,17.0,27.0,-10.0,44.0
2017,6,REG,KC,PIT,13.0,19.0,-6.0,32.0
2017,6,REG,OAK,LAC,16.0,17.0,-1.0,33.0
2017,6,REG,DEN,NYG,10.0,23.0,-13.0,33.0
2017,6,REG,TEN,IND,36.0,22.0,14.0,58.0
2017,7,REG,OAK,KC,31.0,30.0,1.0,61.0
2017,7,REG,BUF,TB,30.0,27.0,3.0,57.0
2017,7,REG,CHI,CAR,17.0,3.0,14.0,20.0
2017,7,REG,CLE,TEN,9.0,12.0,-3.0,21.0
2017,7,REG,GB,NO,17.0,26.0,-9.0,43.0
2017,7,REG,IND,JAX,0.0,27.0,-27.0,27.0
2017,7,REG,LA,ARI,33.0,0.0,33.0,33.0
2017,7,REG,MIA,NYJ,31.0,28.0,3.0,59.0
2017,7,REG,MIN,BAL,24.0,16.0,8.0,40.0
2017,7,REG,SF,DAL,10.0,40.0,-30.0,50.0
2017,7,REG,LAC,DEN,21.0,0.0,21.0,21.0
2017,7,REG,NYG,SEA,7.0,24.0,-17.0,31.0
2017,7,REG,PIT,CIN,29.0,14.0,15.0,43.0
2017,7,REG,NE,ATL,23.0,7.0,16.0,30.0
2017,7,REG,PHI,WAS,34.0,24.0,10.0,58.0
2017,8,REG,BAL,MIA,40.0,0.0,40.0,40.0
2017,8,REG,BUF,OAK,34.0,14.0,20.0,48.0
2017,8,REG,CIN,IND,24.0,23.0,1.0,47.0
2017,8,REG,NE,LAC,21.0,13.0,8.0,34.0
2017,8,REG,NO,CHI,20.0,12.0,8.0,32.0
2017,8,REG,NYJ,ATL,20.0,25.0,-5.0,45.0
2017,8,REG,PHI,SF,33.0,10.0,23.0,43.0
2017,8,REG,TB,CAR,3.0,17.0,-14.0,20.0
2017,8,REG,SEA,HOU,41.0,38.0,3.0,79.0
2017,8,REG,WAS,DAL,19.0,33.0,-14.0,52.0
2017,8,REG,DET,PIT,15.0,20.0,-5.0,35.0
2017,8,REG,CLE,MIN,16.0,33.0,-17.0,49.0
2017,8,REG,KC,DEN,29.0,19.0,10.0,48.0
2017,9,REG,NYJ,BUF,34.0,21.0,13.0,55.0
2017,9,REG,CAR,ATL,20.0,17.0,3.0,37.0
2017,9,REG,HOU,IND,14.0,20.0,-6.0,34.0
2017,9,REG,JAX,CIN,23.0,7.0,16.0,30.0
2017,9,REG,NO,TB,30.0,10.0,20.0,40.0
2017,9,REG,NYG,LA,17.0,51.0,-34.0,68.0
2017,9,REG,PHI,DEN,51.0,23.0,28.0,74.0
2017,9,REG,TEN,BAL,23.0,20.0,3.0,43.0
2017,9,REG,SEA,WAS,14.0,17.0,-3.0,31.0
2017,9,REG,SF,ARI,10.0,20.0,-10.0,30.0
2017,9,REG,DAL,KC,28.0,17.0,11.0,45.0
2017,9,REG,MIA,OAK,24.0,27.0,-3.0,51.0
2017,9,REG,GB,DET,17.0,30.0,-13.0,47.0
2017,10,REG,ARI,SEA,16.0,22.0,-6.0,38.0
2017,10,REG,BUF,NO,10.0,47.0,-37.0,57.0
2017,10,REG,CHI,GB,16.0,23.0,-7.0,39.0
2017,10,REG,DET,CLE,38.0,24.0,14.0,62.0
2017,10,REG,IND,PIT,17.0,20.0,-3.0,37.0
2017,10,REG,JAX,LAC,20.0,17.0,3.0,37.0
2017,10,REG,TB,NYJ,15.0,10.0,5.0,25.0
2017,10,REG,TEN,CIN,24.0,20.0,4.0,44.0
2017,10,REG,WAS,MIN,30.0,38.0,-8.0,68.0
2017,10,REG,LA,HOU,33.0,7.0,26.0,40.0
2017,10,REG,ATL,DAL,27.0,7.0,20.0,34.0
2017,10,REG,SF,NYG,31.0,21.0,10.0,52.0
2017,10,REG,DEN,NE,16.0,41.0,-25.0,57.0
2017,10,REG,CAR,MIA,45.0,21.0,24.0,66.0
2017,11,REG,PIT,TEN,40.0,17.0,23.0,57.0
2017,11,REG,CHI,DET,24.0,27.0,-3.0,51.0
2017,11,REG,CLE,JAX,7.0,19.0,-12.0,26.0
2017,11,REG,GB,BAL,0.0,23.0,-23.0,23.0
2017,11,REG,HOU,ARI,31.0,21.0,10.0,52.0
2017,11,REG,MIA,TB,20.0,30.0,-10.0,50.0
2017,11,REG,MIN,LA,24.0,7.0,17.0,31.0
2017,11,REG,NO,WAS,34.0,31.0,3.0,65.0
2017,11,REG,NYG,KC,12.0,9.0,3.0,21.0
2017,11,REG,LAC,BUF,54.0,24.0,30.0,78.0
2017,11,REG,DEN,CIN,17.0,20.0,-3.0,37.0
2017,11,REG,OAK,NE,8.0,33.0,-25.0,41.0
2017,11,REG,DAL,PHI,9.0,37.0,-28.0,46.0
2017,11,REG,SEA,ATL,31.0,34.0,-3.0,65.0
2017,12,REG,DET,MIN,23.0,30.0,-7.0,53.0
2017,12,REG,DAL,LAC,6.0,28.0,-22.0,34.0
2017,12,REG,WAS,NYG,20.0,10.0,10.0,30.0
2017,12,REG,ATL,TB,34.0,20.0,14.0,54.0
2017,12,REG,CIN,CLE,30.0,16.0,14.0,46.0
2017,12,REG,IND,TEN,16.0,20.0,-4.0,36.0
2017,12,REG,KC,BUF,10.0,16.0,-6.0,26.0
2017,12,REG,NE,MIA,35.0,17.0,18.0,52.0
2017,12,REG,NYJ,CAR,27.0,35.0,-8.0,62.0
2017,12,REG,PHI,CHI,31.0,3.0,28.0,34.0
2017,12,REG,SF,SEA,13.0,24.0,-11.0,37.0
2017,12,REG,ARI,JAX,27.0,24.0,3.0,51.0
2017,12,REG,LA,NO,26.0,20.0,6.0,46.0
2017,12,REG,OAK,DEN,21.0,14.0,7.0,35.0
2017,12,REG,PIT,GB,31.0,28.0,3.0,59.0
2017,12,REG,BAL,HOU,23.0,16.0,7.0,39.0
2017,13,REG,DAL,WAS,38.0,14.0,24.0,52.0
2017,13,REG,ATL,MIN,9.0,14.0,-5.0,23.0
2017,13,REG,BAL,DET,44.0,20.0,24.0,64.0
2017,13,REG,BUF,NE,3.0,23.0,-20.0,26.0
2017,13,REG,CHI,SF,14.0,15.0,-1.0,29.0
2017,13,REG,GB,TB,26.0,20.0,6.0,46.0
2017,13,REG,JAX,IND,30.0,10.0,20.0,40.0
2017,13,REG,MIA,DEN,35.0,9.0,26.0,44.0
2017,13,REG,NYJ,KC,38.0,31.0,7.0,69.0
2017,13,REG,TEN,HOU,24.0,13.0,11.0,37.0
2017,13,REG,LAC,CLE,19.0,10.0,9.0,29.0
2017,13,REG,ARI,LA,16.0,32.0,-16.0,48.0
2017,13,REG,NO,CAR,31.0,21.0,10.0,52.0
2017,13,REG,OAK,NYG,24.0,17.0,7.0,41.0
2017,13,REG,SEA,PHI,24.0,10.0,14.0,34.0
2017,13,REG,CIN,PIT,20.0,23.0,-3.0,43.0
2017,14,REG,ATL,NO,20.0,17.0,3.0,37.0
2017,14,REG,BUF,IND,13.0,7.0,6.0,20.0
2017,14,REG,CAR,MIN,31.0,24.0,7.0,55.0
2017,14,REG,CIN,CHI,7.0,33.0,-26.0,40.0
2017,14,REG,CLE,GB,21.0,27.0,-6.0,48.0
2017,14,REG,HOU,SF,16.0,26.0,-10.0,42.0
2017,14,REG,KC,OAK,26.0,15.0,11.0,41.0
2017,14,REG,NYG,DAL,10.0,30.0,-20.0,40.0
2017,14,REG,TB,DET,21.0,24.0,-3.0,45.0
2017,14,REG,ARI,TEN,12.0,7.0,5.0,19.0
2017,14,REG,DEN,NYJ,23.0,0.0,23.0,23.0
2017,14,REG,LAC,WAS,30.0,13.0,17.0,43.0
2017,14,REG,JAX,SEA,30.0,24.0,6.0,54.0
2017,14,REG,LA,PHI,35.0,43.0,-8.0,78.0
2017,14,REG,PIT,BAL,39.0,38.0,1.0,77.0
2017,14,REG,MIA,NE,27.0,20.0,7.0,47.0
2017,15,REG,IND,DEN,13.0,25.0,-12.0,38.0
2017,15,REG,DET,CHI,20.0,10.0,10.0,30.0
2017,15,REG,KC,LAC,30.0,13.0,17.0,43.0
2017,15,REG,BUF,MIA,24.0,16.0,8.0,40.0
2017,15,REG,CAR,GB,31.0,24.0,7.0,55.0
2017,15,REG,CLE,BAL,10.0,27.0,-17.0,37.0
2017,15,REG,JAX,HOU,45.0,7.0,38.0,52.0
2017,15,REG,MIN,CIN,34.0,7.0,27.0,41.0
2017,15,REG,NO,NYJ,31.0,19.0,12.0,50.0
2017,15,REG,NYG,PHI,29.0,34.0,-5.0,63.0
2017,15,REG,WAS,ARI,20.0,15.0,5.0,35.0
2017,15,REG,SEA,LA,7.0,42.0,-35.0,49.0
2017,15,REG,PIT,NE,24.0,27.0,-3.0,51.0
2017,15,REG,SF,TEN,25.0,23.0,2.0,48.0
2017,15,REG,OAK,DAL,17.0,20.0,-3.0,37.0
2017,15,REG,TB,ATL,21.0,24.0,-3.0,45.0
2017,16,REG,BAL,IND,23.0,16.0,7.0,39.0
2017,16,REG,GB,MIN,0.0,16.0,-16.0,16.0
2017,16,REG,CAR,TB,22.0,19.0,3.0,41.0
2017,16,REG,CHI,CLE,20.0,3.0,17.0,23.0
2017,16,REG,CIN,DET,26.0,17.0,9.0,43.0
2017,16,REG,KC,MIA,29.0,13.0,16.0,42.0
2017,16,REG,NE,BUF,37.0,16.0,21.0,53.0
2017,16,REG,NO,ATL,23.0,13.0,10.0,36.0
2017,16,REG,NYJ,LAC,7.0,14.0,-7.0,21.0
2017,16,REG,TEN,LA,23.0,27.0,-4.0,50.0
2017,16,REG,WAS,DEN,27.0,11.0,16.0,38.0
2017,16,REG,SF,JAX,44.0,33.0,11.0,77.0
2017,16,REG,ARI,NYG,23.0,0.0,23.0,23.0
2017,16,REG,DAL,SEA,12.0,21.0,-9.0,33.0
2017,16,REG,HOU,PIT,6.0,34.0,-28.0,40.0
2017,16,REG,PHI,OAK,19.0,10.0,9.0,29.0
2017,17,REG,DET,GB,35.0,11.0,24.0,46.0
2017,17,REG,IND,HOU,22.0,13.0,9.0,35.0
2017,17,REG,MIN,CHI,23.0,10.0,13.0,33.0
2017,17,REG,NE,NYJ,26.0,6.0,20.0,32.0
2017,17,REG,NYG,WAS,18.0,10.0,8.0,28.0
2017,17,REG,PHI,DAL,0.0,6.0,-6.0,6.0
2017,17,REG,PIT,CLE,28.0,24.0,4.0,52.0
2017,17,REG,ATL,CAR,22.0,10.0,12.0,32.0
2017,17,REG,BAL,CIN,27.0,31.0,-4.0,58.0
2017,17,REG,DEN,KC,24.0,27.0,-3.0,51.0
2017,17,REG,LA,SF,13.0,34.0,-21.0,47.0
2017,17,REG,LAC,OAK,30.0,10.0,20.0,40.0
2017,17,REG,MIA,BUF,16.0,22.0,-6.0,38.0
2017,17,REG,SEA,ARI,24.0,26.0,-2.0,50.0
2017,17,REG,TB,NO,31.0,24.0,7.0,55.0
2017,17,REG,TEN,JAX,15.0,10.0,5.0,25.0
2017,18,WC,KC,TEN,21.0,22.0,-1.0,43.0
2017,18,WC,LA,ATL,13.0,26.0,-13.0,39.0
2017,18,WC,JAX,BUF,10.0,3.0,7.0,13.0
2017,18,WC,NO,CAR,31.0,26.0,5.0,57.0
2017,19,DIV,PHI,ATL,15.0,10.0,5.0,25.0
2017,19,DIV,NE,TEN,35.0,14.0,21.0,49.0
2017,19,DIV,PIT,JAX,42.0,45.0,-3.0,87.0
2017,19,DIV,MIN,NO,29.0,24.0,5.0,53.0
2017,20,CON,NE,JAX,24.0,20.0,4.0,44.0
2017,20,CON,PHI,MIN,38.0,7.0,31.0,45.0
2017,21,SB,NE,PHI,33.0,41.0,-8.0,74.0
2018,1,REG,PHI,ATL,18.0,12.0,6.0,30.0
2018,1,REG,BAL,BUF,47.0,3.0,44.0,50.0
2018,1,REG,CLE,PIT,21.0,21.0,0.0,42.0
2018,1,REG,IND,CIN,23.0,34.0,-11.0,57.0
2018,1,REG,MIA,TEN,27.0,20.0,7.0,47.0
2018,1,REG,MIN,SF,24.0,16.0,8.0,40.0
2018,1,REG,NE,HOU,27.0,20.0,7.0,47.0
2018,1,REG,NO,TB,40.0,48.0,-8.0,88.0
2018,1,REG,NYG,JAX,15.0,20.0,-5.0,35.0
2018,1,REG,LAC,KC,28.0,38.0,-10.0,66.0
2018,1,REG,ARI,WAS,6.0,24.0,-18.0,30.0
2018,1,REG,CAR,DAL,16.0,8.0,8.0,24.0
2018,1,REG,DEN,SEA,27.0,24.0,3.0,51.0
2018,1,REG,GB,CHI,24.0,23.0,1.0,47.0
2018,1,REG,DET,NYJ,17.0,48.0,-31.0,65.0
2018,1,REG,OAK,LA,13.0,33.0,-20.0,46.0
2018,2,REG,CIN,BAL,34.0,23.0,11.0,57.0
2018,2,REG,ATL,CAR,31.0,24.0,7.0,55.0
2018,2,REG,BUF,LAC,20.0,31.0,-11.0,51.0
2018,2,REG,GB,MIN,29.0,29.0,0.0,58.0
2018,2,REG,NO,CLE,21.0,18.0,3.0,39.0
2018,2,REG,NYJ,MIA,12.0,20.0,-8.0,32.0
2018,2,REG,PIT,KC,37.0,42.0,-5.0,79.0
2018,2,REG,TB,PHI,27.0,21.0,6.0,48.0
2018,2,REG,TEN,HOU,20.0,17.0,3.0,37.0
2018,2,REG,WAS,IND,9.0,21.0,-12.0,30.0
2018,2,REG,LA,ARI,34.0,0.0,34.0,34.0
2018,2,REG,SF,DET,30.0,27.0,3.0,57.0
2018,2,REG,DEN,OAK,20.0,19.0,1.0,39.0
2018,2,REG,JAX,NE,31.0,20.0,11.0,51.0
2018,2,REG,DAL,NYG,20.0,13.0,7.0,33.0
2018,2,REG,CHI,SEA,24.0,17.0,7.0,41.0
2018,3,REG,CLE,NYJ,21.0,17.0,4.0,38.0
2018,3,REG,ATL,NO,37.0,43.0,-6.0,80.0
2018,3,REG,BAL,DEN,27.0,14.0,13.0,41.0
2018,3,REG,CAR,CIN,31.0,21.0,10.0,52.0
2018,3,REG,HOU,NYG,22.0,27.0,-5.0,49.0
2018,3,REG,JAX,TEN,6.0,9.0,-3.0,15.0
2018,3,REG,KC,SF,38.0,27.0,11.0,65.0
2018,3,REG,MIA,OAK,28.0,20.0,8.0,48.0
2018,3,REG,MIN,BUF,6.0,27.0,-21.0,33.0
2018,3,REG,PHI,IND,20.0,16.0,4.0,36.0
2018,3,REG,WAS,GB,31.0,17.0,14.0,48.0
2018,3,REG,LA,LAC,35.0,23.0,12.0,58.0
2018,3,REG,ARI,CHI,14.0,16.0,-2.0,30.0
2018,3,REG,SEA,DAL,24.0,13.0,11.0,37.0
2018,3,REG,DET,NE,26.0,10.0,16.0,36.0
2018,3,REG,TB,PIT,27.0,30.0,-3.0,57.0
2018,4,REG,LA,MIN,38.0,31.0,7.0,69.0
2018,4,REG,ATL,CIN,36.0,37.0,-1.0,73.0
2018,4,REG,CHI,TB,48.0,10.0,38.0,58.0
2018,4,REG,DAL,DET,26.0,24.0,2.0,50.0
2018,4,REG,GB,BUF,22.0,0.0,22.0,22.0
2018,4,REG,IND,HOU,34.0,37.0,-3.0,71.0
2018,4,REG,JAX,NYJ,31.0,12.0,19.0,43.0
2018,4,REG,NE,MIA,38.0,7.0,31.0,45.0
2018,4,REG,TEN,PHI,26.0,23.0,3.0,49.0
2018,4,REG,ARI,SEA,17.0,20.0,-3.0,37.0
2018,4,REG,OAK,CLE,45.0,42.0,3.0,87.0
2018,4,REG,LAC,SF,29.0,27.0,2.0,56.0
2018,4,REG,NYG,NO,18.0,33.0,-15.0,51.0
2018,4,REG,PIT,BAL,14.0,26.0,-12.0,40.0
2018,4,REG,DEN,KC,23.0,27.0,-4.0,50.0
2018,5,REG,NE,IND,38.0,24.0,14.0,62.0
2018,5,REG,BUF,TEN,13.0,12.0,1.0,25.0
2018,5,REG,CAR,NYG,33.0,31.0,2.0,64.0
2018,5,REG,CIN,MIA,27.0,17.0,10.0,44.0
2018,5,REG,CLE,BAL,12.0,9.0,3.0,21.0
2018,5,REG,DET,GB,31.0,23.0,8.0,54.0
2018,5,REG,KC,JAX,30.0,14.0,16.0,44.0
2018,5,REG,NYJ,DEN,34.0,16.0,18.0,50.0
2018,5,REG,PIT,ATL,41.0,17.0,24.0,58.0
2018,5,REG,LAC,OAK,26.0,10.0,16.0,36.0
2018,5,REG,PHI,MIN,21.0,23.0,-2.0,44.0
2018,5,REG,SEA,LA,31.0,33.0,-2.0,64.0
2018,5,REG,SF,ARI,18.0,28.0,-10.0,46.0
2018,5,REG,HOU,DAL,19.0,16.0,3.0,35.0
2018,5,REG,NO,WAS,43.0,19.0,24.0,62.0
2018,6,REG,NYG,PHI,13.0,34.0,-21.0,47.0
2018,6,REG,ATL,TB,34.0,29.0,5.0,63.0
2018,6,REG,CIN,PIT,21.0,28.0,-7.0,49.0
2018,6,REG,CLE,LAC,14.0,38.0,-24.0,52.0
2018,6,REG,HOU,BUF,20.0,13.0,7.0,33.0
2018,6,REG,MIA,CHI,31.0,28.0,3.0,59.0
2018,6,REG,MIN,ARI,27.0,17.0,10.0,44.0
2018,6,REG,NYJ,IND,42.0,34.0,8.0,76.0
2018,6,REG,OAK,SEA,3.0,27.0,-24.0,30.0
2018,6,REG,WAS,CAR,23.0,17.0,6.0,40.0
2018,6,REG,DEN,LA,20.0,23.0,-3.0,43.0
2018,6,REG,DAL,JAX,40.0,7.0,33.0,47.0
2018,6,REG,TEN,BAL,0.0,21.0,-21.0,21.0
2018,6,REG,NE,KC,43.0,40.0,3.0,83.0
2018,6,REG,GB,SF,33.0,30.0,3.0,63.0
2018,7,REG,ARI,DEN,10.0,45.0,-35.0,55.0
2018,7,REG,CHI,NE,31.0,38.0,-7.0,69.0
2018,7,REG,IND,BUF,37.0,5.0,32.0,42.0
2018,7,REG,JAX,HOU,7.0,20.0,-13.0,27.0
2018,7,REG,MIA,DET,21.0,32.0,-11.0,53.0
2018,7,REG,NYJ,MIN,17.0,37.0,-20.0,54.0
2018,7,REG,PHI,CAR,17.0,21.0,-4.0,38.0
2018,7,REG,TB,CLE,26.0,23.0,3.0,49.0
2018,7,REG,BAL,NO,23.0,24.0,-1.0,47.0
2018,7,REG,SF,LA,10.0,39.0,-29.0,49.0
2018,7,REG,WAS,DAL,20.0,17.0,3.0,37.0
2018,7,REG,KC,CIN,45.0,10.0,35.0,55.0
2018,7,REG,LAC,TEN,20.0,19.0,1.0,39.0
2018,7,REG,ATL,NYG,23.0,20.0,3.0,43.0
2018,8,REG,HOU,MIA,42.0,23.0,19.0,65.0
2018,8,REG,CAR,BAL,36.0,21.0,15.0,57.0
2018,8,REG,CHI,NYJ,24.0,10.0,14.0,34.0
2018,8,REG,CIN,TB,37.0,34.0,3.0,71.0
2018,8,REG,DET,SEA,14.0,28.0,-14.0,42.0
2018,8,REG,KC,DEN,30.0,23.0,7.0,53.0
2018,8,REG,NYG,WAS,13.0,20.0,-7.0,33.0
2018,8,REG,PIT,CLE,33.0,18.0,15.0,51.0
2018,8,REG,OAK,IND,28.0,42.0,-14.0,70.0
2018,8,REG,ARI,SF,18.0,15.0,3.0,33.0
2018,8,REG,LA,GB,29.0,27.0,2.0,56.0
2018,8,REG,MIN,NO,20.0,30.0,-10.0,50.0
2018,8,REG,JAX,PHI,18.0,24.0,-6.0,42.0
2018,8,REG,BUF,NE,6.0,25.0,-19.0,31.0
2018,9,REG,SF,OAK,34.0,3.0,31.0,37.0
2018,9,REG,BAL,PIT,16.0,23.0,-7.0,39.0
2018,9,REG,BUF,CHI,9.0,41.0,-32.0,50.0
2018,9,REG,CAR,TB,42.0,28.0,14.0,70.0
2018,9,REG,CLE,KC,21.0,37.0,-16.0,58.0
2018,9,REG,MIA,NYJ,13.0,6.0,7.0,19.0
2018,9,REG,MIN,DET,24.0,9.0,15.0,33.0
2018,9,REG,WAS,ATL,14.0,38.0,-24.0,52.0
2018,9,REG,DEN,HOU,17.0,19.0,-2.0,36.0
2018,9,REG,SEA,LAC,17.0,25.0,-8.0,42.0
2018,9,REG,NO,LA,45.0,35.0,10.0,80.0
2018,9,REG,NE,GB,31.0,17.0,14.0,48.0
2018,9,REG,DAL,TEN,14.0,28.0,-14.0,42.0
2018,10,REG,PIT,CAR,52.0,21.0,31.0,73.0
2018,10,REG,CHI,DET,34.0,22.0,12.0,56.0
2018,10,REG,CIN,NO,14.0,51.0,-37.0,65.0
2018,10,REG,CLE,ATL,28.0,16.0,12.0,44.0
2018,10,REG,IND,JAX,29.0,26.0,3.0,55.0
2018,10,REG,KC,ARI,26.0,14.0,12.0,40.0
2018,10,REG,NYJ,BUF,10.0,41.0,-31.0,51.0
2018,10,REG,TB,WAS,3.0,16.0,-13.0,19.0
2018,10,REG,TEN,NE,34.0,10.0,24.0,44.0
2018,10,REG,OAK,LAC,6.0,20.0,-14.0,26.0
2018,10,REG,GB,MIA,31.0,12.0,19.0,43.0
2018,10,REG,LA,SEA,36.0,31.0,5.0,67.0
2018,10,REG,PHI,DAL,20.0,27.0,-7.0,47.0
2018,10,REG,SF,NYG,23.0,27.0,-4.0,50.0
2018,11,REG,SEA,GB,27.0,24.0,3.0,51.0
2018,11,REG,ATL,DAL,19.0,22.0,-3.0,41.0
2018,11,REG,BAL,CIN,24.0,21.0,3.0,45.0
2018,11,REG,DET,CAR,20.0,19.0,1.0,39.0
2018,11,REG,IND,TEN,38.0,10.0,28.0,48.0
2018,11,REG,JAX,PIT,16.0,20.0,-4.0,36.0
2018,11,REG,NYG,TB,38.0,35.0,3.0,73.0
2018,11,REG,WAS,HOU,21.0,23.0,-2.0,44.0
2018,11,REG,ARI,OAK,21.0,23.0,-2.0,44.0
2018,11,REG,LAC,DEN,22.0,23.0,-1.0,45.0
2018,11,REG,NO,PHI,48.0,7.0,41.0,55.0
2018,11,REG,CHI,MIN,25.0,20.0,5.0,45.0
2018,11,REG,LA,KC,54.0,51.0,3.0,105.0
2018,12,REG,DET,CHI,16.0,23.0,-7.0,39.0
2018,12,REG,DAL,WAS,31.0,23.0,8.0,54.0
2018,12,REG,NO,ATL,31.0,17.0,14.0,48.0
2018,12,REG,BAL,OAK,34.0,17.0,17.0,51.0
2018,12,REG,BUF,JAX,24.0,21.0,3.0,45.0
2018,12,REG,CAR,SEA,27.0,30.0,-3.0,57.0
2018,12,REG,CIN,CLE,20.0,35.0,-15.0,55.0
2018,12,REG,NYJ,NE,13.0,27.0,-14.0,40.0
2018,12,REG,PHI,NYG,25.0,22.0,3.0,47.0
2018,12,REG,TB,SF,27.0,9.0,18.0,36.0
2018,12,REG,LAC,ARI,45.0,10.0,35.0,55.0
2018,12,REG,DEN,PIT,24.0,17.0,7.0,41.0
2018,12,REG,IND,MIA,27.0,24.0,3.0,51.0
2018,12,REG,MIN,GB,24.0,17.0,7.0,41.0
2018,12,REG,HOU,TEN,34.0,17.0,17.0,51.0
2018,13,REG,DAL,NO,13.0,10.0,3.0,23.0
2018,13,REG,ATL,BAL,16.0,26.0,-10.0,42.0
2018,13,REG,CIN,DEN,10.0,24.0,-14.0,34.0
2018,13,REG,DET,LA,16.0,30.0,-14.0,46.0
2018,13,REG,GB,ARI,17.0,20.0,-3.0,37.0
2018,13,REG,HOU,CLE,29.0,13.0,16.0,42.0
2018,13,REG,JAX,IND,6.0,0.0,6.0,6.0
2018,13,REG,MIA,BUF,21.0,17.0,4.0,38.0
2018,13,REG,NYG,CHI,30.0,27.0,3.0,57.0
2018,13,REG,TB,CAR,24.0,17.0,7.0,41.0
2018,13,REG,OAK,KC,33.0,40.0,-7.0,73.0
2018,13,REG,TEN,NYJ,26.0,22.0,4.0,48.0
2018,13,REG,NE,MIN,24.0,10.0,14.0,34.0
2018,13,REG,SEA,SF,43.0,16.0,27.0,59.0
2018,13,REG,PIT,LAC,30.0,33.0,-3.0,63.0
2018,13,REG,PHI,WAS,28.0,13.0,15.0,41.0
2018,14,REG,TEN,JAX,30.0,9.0,21.0,39.0
2018,14,REG,BUF,NYJ,23.0,27.0,-4.0,50.0
2018,14,REG,CLE,CAR,26.0,20.0,6.0,46.0
2018,14,REG,GB,ATL,34.0,20.0,14.0,54.0
2018,14,REG,HOU,IND,21.0,24.0,-3.0,45.0
2018,14,REG,KC,BAL,27.0,24.0,3.0,51.0
2018,14,REG,MIA,NE,34.0,33.0,1.0,67.0
2018,14,REG,TB,NO,14.0,28.0,-14.0,42.0
2018,14,REG,WAS,NYG,16.0,40.0,-24.0,56.0
2018,14,REG,LAC,CIN,26.0,21.0,5.0,47.0
2018,14,REG,SF,DEN,20.0,14.0,6.0,34.0
2018,14,REG,ARI,DET,3.0,17.0,-14.0,20.0
2018,14,REG,DAL,PHI,29.0,23.0,6.0,52.0
2018,14,REG,OAK,PIT,24.0,21.0,3.0,45.0
2018,14,REG,CHI,LA,15.0,6.0,9.0,21.0
2018,14,REG,SEA,MIN,21.0,7.0,14.0,28.0
2018,15,REG,KC,LAC,28.0,29.0,-1.0,57.0
2018,15,REG,NYJ,HOU,22.0,29.0,-7.0,51.0
2018,15,REG,DEN,CLE,16.0,17.0,-1.0,33.0
2018,15,REG,ATL,ARI,40.0,14.0,26.0,54.0
2018,15,REG,BAL,TB,20.0,12.0,8.0,32.0
2018,15,REG,BUF,DET,14.0,13.0,1.0,27.0
2018,15,REG,CHI,GB,24.0,17.0,7.0,41.0
2018,15,REG,CIN,OAK,30.0,16.0,14.0,46.0
2018,15,REG,IND,DAL,23.0,0.0,23.0,23.0
2018,15,REG,JAX,WAS,13.0,16.0,-3.0,29.0
2018,15,REG,MIN,MIA,41.0,17.0,24.0,58.0
2018,15,REG,NYG,TEN,0.0,17.0,-17.0,17.0
2018,15,REG,SF,SEA,26.0,23.0,3.0,49.0
2018,15,REG,PIT,NE,17.0,10.0,7.0,27.0
2018,15,REG,LA,PHI,23.0,30.0,-7.0,53.0
2018,15,REG,CAR,NO,9.0,12.0,-3.0,21.0
2018,16,REG,TEN,WAS,25.0,16.0,9.0,41.0
2018,16,REG,LAC,BAL,10.0,22.0,-12.0,32.0
2018,16,REG,CAR,ATL,10.0,24.0,-14.0,34.0
2018,16,REG,CLE,CIN,26.0,18.0,8.0,44.0
2018,16,REG,DAL,TB,27.0,20.0,7.0,47.0
2018,16,REG,DET,MIN,9.0,27.0,-18.0,36.0
2018,16,REG,IND,NYG,28.0,27.0,1.0,55.0
2018,16,REG,MIA,JAX,7.0,17.0,-10.0,24.0
2018,16,REG,NE,BUF,24.0,12.0,12.0,36.0
2018,16,REG,NYJ,GB,38.0,44.0,-6.0,82.0
2018,16,REG,PHI,HOU,32.0,30.0,2.0,62.0
2018,16,REG,ARI,LA,9.0,31.0,-22.0,40.0
2018,16,REG,SF,CHI,9.0,14.0,-5.0,23.0
2018,16,REG,NO,PIT,31.0,28.0,3.0,59.0
2018,16,REG,SEA,KC,38.0,31.0,7.0,69.0
2018,16,REG,OAK,DEN,27.0,14.0,13.0,41.0
2018,17,REG,BUF,MIA,42.0,17.0,25.0,59.0
2018,17,REG,GB,DET,0.0,31.0,-31.0,31.0
2018,17,REG,HOU,JAX,20.0,3.0,17.0,23.0
2018,17,REG,NE,NYJ,38.0,3.0,35.0,41.0
2018,17,REG,NO,CAR,14.0,33.0,-19.0,47.0
2018,17,REG,NYG,DAL,35.0,36.0,-1.0,71.0
2018,17,REG,TB,ATL,32.0,34.0,-2.0,66.0
2018,17,REG,BAL,CLE,26.0,24.0,2.0,50.0
2018,17,REG,DEN,LAC,9.0,23.0,-14.0,32.0
2018,17,REG,KC,OAK,35.0,3.0,32.0,38.0
2018,17,REG,LA,SF,48.0,32.0,16.0,80.0
2018,17,REG,MIN,CHI,10.0,24.0,-14.0,34.0
2018,17,REG,PIT,CIN,16.0,13.0,3.0,29.0
2018,17,REG,SEA,ARI,27.0,24.0,3.0,51.0
2018,17,REG,WAS,PHI,0.0,24.0,-24.0,24.0
2018,17,REG,TEN,IND,17.0,33.0,-16.0,50.0
2018,18,WC,HOU,IND,7.0,21.0,-14.0,28.0
2018,18,WC,DAL,SEA,24.0,22.0,2.0,46.0
2018,18,WC,BAL,LAC,17.0,23.0,-6.0,40.0
2018,18,WC,CHI,PHI,15.0,16.0,-1.0,31.0
2018,19,DIV,KC,IND,31.0,13.0,18.0,44.0
2018,19,DIV,LA,DAL,30.0,22.0,8.0,52.0
2018,19,DIV,NE,LAC,41.0,28.0,13.0,69.0
2018,19,DIV,NO,PHI,20.0,14.0,6.0,34.0
2018,20,CON,NO,LA,23.0,26.0,-3.0,49.0
2018,20,CON,KC,NE,31.0,37.0,-6.0,68.0
2018,21,SB,LA,NE,3.0,13.0,-10.0,16.0
2019,1,REG,CHI,GB,3.0,10.0,-7.0,13.0
2019,1,REG,CAR,LA,27.0,30.0,-3.0,57.0
2019,1,REG,CLE,TEN,13.0,43.0,-30.0,56.0
2019,1,REG,JAX,KC,26.0,40.0,-14.0,66.0
2019,1,REG,MIA,BAL,10.0,59.0,-49.0,69.0
2019,1,REG,MIN,ATL,28.0,12.0,16.0,40.0
2019,1,REG,NYJ,BUF,16.0,17.0,-1.0,33.0
2019,1,REG,PHI,WAS,32.0,27.0,5.0,59.0
2019,1,REG,LAC,IND,30.0,24.0,6.0,54.0
2019,1,REG,SEA,CIN,21.0,20.0,1.0,41.0
2019,1,REG,ARI,DET,27.0,27.0,0.0,54.0
2019,1,REG,DAL,NYG,35.0,17.0,18.0,52.0
2019,1,REG,TB,SF,17.0,31.0,-14.0,48.0
2019,1,REG,NE,PIT,33.0,3.0,30.0,36.0
2019,1,REG,NO,HOU,30.0,28.0,2.0,58.0
2019,1,REG,OAK,DEN,24.0,16.0,8.0,40.0
2019,2,REG,CAR,TB,14.0,20.0,-6.0,34.0
2019,2,REG,BAL,ARI,23.0,17.0,6.0,40.0
2019,2,REG,CIN,SF,17.0,41.0,-24.0,58.0
2019,2,REG,DET,LAC,13.0,10.0,3.0,23.0
2019,2,REG,GB,MIN,21.0,16.0,5.0,37.0
2019,2,REG,HOU,JAX,13.0,12.0,1.0,25.0
2019,2,REG,MIA,NE,0.0,43.0,-43.0,43.0
2019,2,REG,NYG,BUF,14.0,28.0,-14.0,42.0
2019,2,REG,PIT,SEA,26.0,28.0,-2.0,54.0
2019,2,REG,TEN,IND,17.0,19.0,-2.0,36.0
2019,2,REG,WAS,DAL,21.0,31.0,-10.0,52.0
2019,2,REG,OAK,KC,10.0,28.0,-18.0,38.0
2019,2,REG,DEN,CHI,14.0,16.0,-2.0,30.0
2019,2,REG,LA,NO,27.0,9.0,18.0,36.0
2019,2,REG,ATL,PHI,24.0,20.0,4.0,44.0
2019,2,REG,NYJ,CLE,3.0,23.0,-20.0,26.0
2019,3,REG,JAX,TEN,20.0,7.0,13.0,27.0
2019,3,REG,BUF,CIN,21.0,17.0,4.0,38.0
2019,3,REG,DAL,MIA,31.0,6.0,25.0,37.0
2019,3,REG,GB,DEN,27.0,16.0,11.0,43.0
2019,3,REG,IND,ATL,27.0,24.0,3.0,51.0
2019,3,REG,KC,BAL,33.0,28.0,5.0,61.0
2019,3,REG,MIN,OAK,34.0,14.0,20.0,48.0
2019,3,REG,NE,NYJ,30.0,14.0,16.0,44.0
2019,3,REG,PHI,DET,24.0,27.0,-3.0,51.0
2019,3,REG,ARI,CAR,20.0,38.0,-18.0,58.0
2019,3,REG,TB,NYG,31.0,32.0,-1.0,63.0
2019,3,REG,LAC,HOU,20.0,27.0,-7.0,47.0
2019,3,REG,SEA,NO,27.0,33.0,-6.0,60.0
2019,3,REG,SF,PIT,24.0,20.0,4.0,44.0
2019,3,REG,CLE,LA,13.0,20.0,-7.0,33.0
2019,3,REG,WAS,CHI,15.0,31.0,-16.0,46.0
2019,4,REG,GB,PHI,27.0,34.0,-7.0,61.0
2019,4,REG,ATL,TEN,10.0,24.0,-14.0,34.0
2019,4,REG,BAL,CLE,25.0,40.0,-15.0,65.0
2019,4,REG,BUF,NE,10.0,16.0,-6.0,26.0
2019,4,REG,DET,KC,30.0,34.0,-4.0,64.0
2019,4,REG,HOU,CAR,10.0,16.0,-6.0,26.0
2019,4,REG,IND,OAK,24.0,31.0,-7.0,55.0
2019,4,REG,MIA,LAC,10.0,30.0,-20.0,40.0
2019,4,REG,NYG,WAS,24.0,3.0,21.0,27.0
2019,4,REG,ARI,SEA,10.0,27.0,-17.0,37.0
2019,4,REG,LA,TB,40.0,55.0,-15.0,95.0
2019,4,REG,CHI,MIN,16.0,6.0,10.0,22.0
2019,4,REG,DEN,JAX,24.0,26.0,-2.0,50.0
2019,4,REG,NO,DAL,12.0,10.0,2.0,22.0
2019,4,REG,PIT,CIN,27.0,3.0,24.0,30.0
2019,5,REG,SEA,LA,30.0,29.0,1.0,59.0
2019,5,REG,CAR,JAX,34.0,27.0,7.0,61.0
2019,5,REG,CIN,ARI,23.0,26.0,-3.0,49.0
2019,5,REG,HOU,ATL,53.0,32.0,21.0,85.0
2019,5,REG,NO,TB,31.0,24.0,7.0,55.0
2019,5,REG,NYG,MIN,10.0,28.0,-18.0,38.0
2019,5,REG,OAK,CHI,24.0,21.0,3.0,45.0
2019,5,REG,PHI,NYJ,31.0,6.0,25.0,37.0
2019,5,REG,PIT,BAL,23.0,26.0,-3.0,49.0
2019,5,REG,TEN,BUF,7.0,14.0,-7.0,21.0
2019,5,REG,WAS,NE,7.0,33.0,-26.0,40.0
2019,5,REG,LAC,DEN,13.0,20.0,-7.0,33.0
2019,5,REG,DAL,GB,24.0,34.0,-10.0,58.0
2019,5,REG,KC,IND,13.0,19.0,-6.0,32.0
2019,5,REG,SF,CLE,31.0,3.0,28.0,34.0
2019,6,REG,NE,NYG,35.0,14.0,21.0,49.0
2019,6,REG,TB,CAR,26.0,37.0,-11.0,63.0
2019,6,REG,BAL,CIN,23.0,17.0,6.0,40.0
2019,6,REG,CLE,SEA,28.0,32.0,-4.0,60.0
2019,6,REG,JAX,NO,6.0,13.0,-7.0,19.0
2019,6,REG,KC,HOU,24.0,31.0,-7.0,55.0
2019,6,REG,MIA,WAS,16.0,17.0,-1.0,33.0
2019,6,REG,MIN,PHI,38.0,20.0,18.0,58.0
2019,6,REG,ARI,ATL,34.0,33.0,1.0,67.0
2019,6,REG,LA,SF,7.0,20.0,-13.0,27.0
2019,6,REG,DEN,TEN,16.0,0.0,16.0,16.0
2019,6,REG,NYJ,DAL,24.0,22.0,2.0,46.0
2019,6,REG,LAC,PIT,17.0,24.0,-7.0,41.0
2019,6,REG,GB,DET,23.0,22.0,1.0,45.0
2019,7,REG,DEN,KC,6.0,30.0,-24.0,36.0
2019,7,REG,ATL,LA,10.0,37.0,-27.0,47.0
2019,7,REG,BUF,MIA,31.0,21.0,10.0,52.0
2019,7,REG,CIN,JAX,17.0,27.0,-10.0,44.0
2019,7,REG,DET,MIN,30.0,42.0,-12.0,72.0
2019,7,REG,GB,OAK,42.0,24.0,18.0,66.0
2019,7,REG,IND,HOU,30.0,23.0,7.0,53.0
2019,7,REG,NYG,ARI,21.0,27.0,-6.0,48.0
2019,7,REG,WAS,SF,0.0,9.0,-9.0,9.0
2019,7,REG,TEN,LAC,23.0,20.0,3.0,43.0
2019,7,REG,CHI,NO,25.0,36.0,-11.0,61.0
2019,7,REG,SEA,BAL,16.0,30.0,-14.0,46.0
2019,7,REG,DAL,PHI,37.0,10.0,27.0,47.0
2019,7,REG,NYJ,NE,0.0,33.0,-33.0,33.0
2019,8,REG,MIN,WAS,19.0,9.0,10.0,28.0
2019,8,REG,ATL,SEA,20.0,27.0,-7.0,47.0
2019,8,REG,BUF,PHI,13.0,31.0,-18.0,44.0
2019,8,REG,CHI,LAC,16.0,17.0,-1.0,33.0
2019,8,REG,DET,NYG,31.0,26.0,5.0,57.0
2019,8,REG,IND,DEN,15.0,13.0,2.0,28.0
2019,8,REG,JAX,NYJ,29.0,15.0,14.0,44.0
2019,8,REG,LA,CIN,24.0,10.0,14.0,34.0
2019,8,REG,NO,ARI,31.0,9.0,22.0,40.0
2019,8,REG,TEN,TB,27.0,23.0,4.0,50.0
2019,8,REG,SF,CAR,51.0,13.0,38.0,64.0
2019,8,REG,HOU,OAK,27.0,24.0,3.0,51.0
2019,8,REG,NE,CLE,27.0,13.0,14.0,40.0
2019,8,REG,KC,GB,24.0,31.0,-7.0,55.0
2019,8,REG,PIT,MIA,27.0,14.0,13.0,41.0
2019,9,REG,ARI,SF,25.0,28.0,-3.0,53.0
2019,9,REG,JAX,HOU,3.0,26.0,-23.0,29.0
2019,9,REG,BUF,WAS,24.0,9.0,15.0,33.0
2019,9,REG,CAR,TEN,30.0,20.0,10.0,50.0
2019,9,REG,KC,MIN,26.0,23.0,3.0,49.0
2019,9,REG,MIA,NYJ,26.0,18.0,8.0,44.0
2019,9,REG,PHI,CHI,22.0,14.0,8.0,36.0
2019,9,REG,PIT,IND,26.0,24.0,2.0,50.0
2019,9,REG,OAK,DET,31.0,24.0,7.0,55.0
2019,9,REG,SEA,TB,40.0,34.0,6.0,74.0
2019,9,REG,DEN,CLE,24.0,19.0,5.0,43.0
2019,9,REG,LAC,GB,26.0,11.0,15.0,37.0
2019,9,REG,BAL,NE,37.0,20.0,17.0,57.0
2019,9,REG,NYG,DAL,18.0,37.0,-19.0,55.0
2019,10,REG,OAK,LAC,26.0,24.0,2.0,50.0
2019,10,REG,CHI,DET,20.0,13.0,7.0,33.0
2019,10,REG,CIN,BAL,13.0,49.0,-36.0,62.0
2019,10,REG,CLE,BUF,19.0,16.0,3.0,35.0
2019,10,REG,NO,ATL,9.0,26.0,-17.0,35.0
2019,10,REG,NYJ,NYG,34.0,27.0,7.0,61.0
2019,10,REG,TB,ARI,30.0,27.0,3.0,57.0
2019,10,REG,TEN,KC,35.0,32.0,3.0,67.0
2019,10,REG,IND,MIA,12.0,16.0,-4.0,28.0
2019,10,REG,GB,CAR,24.0,16.0,8.0,40.0
2019,10,REG,PIT,LA,17.0,12.0,5.0,29.0
2019,10,REG,DAL,MIN,24.0,28.0,-4.0,52.0
2019,10,REG,SF,SEA,24.0,27.0,-3.0,51.0
2019,11,REG,CLE,PIT,21.0,7.0,14.0,28.0
2019,11,REG,BAL,HOU,41.0,7.0,34.0,48.0
2019,11,REG,CAR,ATL,3.0,29.0,-26.0,32.0
2019,11,REG,DET,DAL,27.0,35.0,-8.0,62.0
2019,11,REG,IND,JAX,33.0,13.0,20.0,46.0
2019,11,REG,MIA,BUF,20.0,37.0,-17.0,57.0
2019,11,REG,MIN,DEN,27.0,23.0,4.0,50.0
2019,11,REG,TB,NO,17.0,34.0,-17.0,51.0
2019,11,REG,WAS,NYJ,17.0,34.0,-17.0,51.0
2019,11,REG,SF,ARI,36.0,26.0,10.0,62.0
2019,11,REG,OAK,CIN,17.0,10.0,7.0,27.0
2019,11,REG,PHI,NE,10.0,17.0,-7.0,27.0
2019,11,REG,LA,CHI,17.0,7.0,10.0,24.0
2019,11,REG,LAC,KC,17.0,24.0,-7.0,41.0
2019,12,REG,HOU,IND,20.0,17.0,3.0,37.0
2019,12,REG,ATL,TB,22.0,35.0,-13.0,57.0
2019,12,REG,BUF,DEN,20.0,3.0,17.0,23.0
2019,12,REG,CHI,NYG,19.0,14.0,5.0,33.0
2019,12,REG,CIN,PIT,10.0,16.0,-6.0,26.0
2019,12,REG,CLE,MIA,41.0,24.0,17.0,65.0
2019,12,REG,NO,CAR,34.0,31.0,3.0,65.0
2019,12,REG,NYJ,OAK,34.0,3.0,31.0,37.0
2019,12,REG,PHI,SEA,9.0,17.0,-8.0,26.0
2019,12,REG,WAS,DET,19.0,16.0,3.0,35.0
2019,12,REG,TEN,JAX,42.0,20.0,22.0,62.0
2019,12,REG,NE,DAL,13.0,9.0,4.0,22.0
2019,12,REG,SF,GB,37.0,8.0,29.0,45.0
2019,12,REG,LA,BAL,6.0,45.0,-39.0,51.0
2019,13,REG,DET,CHI,20.0,24.0,-4.0,44.0
2019,13,REG,DAL,BUF,15.0,26.0,-11.0,41.0
2019,13,REG,ATL,NO,18.0,26.0,-8.0,44.0
2019,13,REG,BAL,SF,20.0,17.0,3.0,37.0
2019,13,REG,CAR,WAS,21.0,29.0,-8.0,50.0
2019,13,REG,CIN,NYJ,22.0,6.0,16.0,28.0
2019,13,REG,IND,TEN,17.0,31.0,-14.0,48.0
2019,13,REG,JAX,TB,11.0,28.0,-17.0,39.0
2019,13,REG,MIA,PHI,37.0,31.0,6.0,68.0
2019,13,REG,NYG,GB,13.0,31.0,-18.0,44.0
2019,13,REG,PIT,CLE,20.0,13.0,7.0,33.0
2019,13,REG,ARI,LA,7.0,34.0,-27.0,41.0
2019,13,REG,DEN,LAC,23.0,20.0,3.0,43.0
2019,13,REG,KC,OAK,40.0,9.0,31.0,49.0
2019,13,REG,HOU,NE,28.0,22.0,6.0,50.0
2019,13,REG,SEA,MIN,37.0,30.0,7.0,67.0
2019,14,REG,CHI,DAL,31.0,24.0,7.0,55.0
2019,14,REG,ATL,CAR,40.0,20.0,20.0,60.0
2019,14,REG,BUF,BAL,17.0,24.0,-7.0,41.0
2019,14,REG,CLE,CIN,27.0,19.0,8.0,46.0
2019,14,REG,GB,WAS,20.0,15.0,5.0,35.0
2019,14,REG,HOU,DEN,24.0,38.0,-14.0,62.0
2019,14,REG,MIN,DET,20.0,7.0,13.0,27.0
2019,14,REG,NO,SF,46.0,48.0,-2.0,94.0
2019,14,REG,NYJ,MIA,22.0,21.0,1.0,43.0
2019,14,REG,TB,IND,38.0,35.0,3.0,73.0
2019,14,REG,JAX,LAC,10.0,45.0,-35.0,55.0
2019,14,REG,ARI,PIT,17.0,23.0,-6.0,40.0
2019,14,REG,NE,KC,16.0,23.0,-7.0,39.0
2019,14,REG,OAK,TEN,21.0,42.0,-21.0,63.0
2019,14,REG,LA,SEA,28.0,12.0,16.0,40.0
2019,14,REG,PHI,NYG,23.0,17.0,6.0,40.0
2019,15,REG,BAL,NYJ,42.0,21.0,21.0,63.0
2019,15,REG,CAR,SEA,24.0,30.0,-6.0,54.0
2019,15,REG,CIN,NE,13.0,34.0,-21.0,47.0
2019,15,REG,DET,TB,17.0,38.0,-21.0,55.0
2019,15,REG,GB,CHI,21.0,13.0,8.0,34.0
2019,15,REG,KC,DEN,23.0,3.0,20.0,26.0
2019,15,REG,NYG,MIA,36.0,20.0,16.0,56.0
2019,15,REG,TEN,HOU,21.0,24.0,-3.0,45.0
2019,15,REG,WAS,PHI,27.0,37.0,-10.0,64.0
2019,15,REG,ARI,CLE,38.0,24.0,14.0,62.0
2019,15,REG,LAC,MIN,10.0,39.0,-29.0,49.0
2019,15,REG,OAK,JAX,16.0,20.0,-4.0,36.0
2019,15,REG,DAL,LA,44.0,21.0,23.0,65.0
2019,15,REG,SF,ATL,22.0,29.0,-7.0,51.0
2019,15,REG,PIT,BUF,10.0,17.0,-7.0,27.0
2019,15,REG,NO,IND,34.0,7.0,27.0,41.0
2019,16,REG,TB,HOU,20.0,23.0,-3.0,43.0
2019,16,REG,NE,BUF,24.0,17.0,7.0,41.0
2019,16,REG,SF,LA,34.0,31.0,3.0,65.0
2019,16,REG,ATL,JAX,24.0,12.0,12.0,36.0
2019,16,REG,CLE,BAL,15.0,31.0,-16.0,46.0
2019,16,REG,IND,CAR,38.0,6.0,32.0,44.0
2019,16,REG,MIA,CIN,38.0,35.0,3.0,73.0
2019,16,REG,NYJ,PIT,16.0,10.0,6.0,26.0
2019,16,REG,TEN,NO,28.0,38.0,-10.0,66.0
2019,16,REG,WAS,NYG,35.0,41.0,-6.0,76.0
2019,16,REG,DEN,DET,27.0,17.0,10.0,44.0
2019,16,REG,LAC,OAK,17.0,24.0,-7.0,41.0
2019,16,REG,PHI,DAL,17.0,9.0,8.0,26.0
2019,16,REG,SEA,ARI,13.0,27.0,-14.0,40.0
2019,16,REG,CHI,KC,3.0,26.0,-23.0,29.0
2019,16,REG,MIN,GB,10.0,23.0,-13.0,33.0
2019,17,REG,BUF,NYJ,6.0,13.0,-7.0,19.0
2019,17,REG,CAR,NO,10.0,42.0,-32.0,52.0
2019,17,REG,CIN,CLE,33.0,23.0,10.0,56.0
2019,17,REG,DET,GB,20.0,23.0,-3.0,43.0
2019,17,REG,KC,LAC,31.0,21.0,10.0,52.0
2019,17,REG,MIN,CHI,19.0,21.0,-2.0,40.0
2019,17,REG,NE,MIA,24.0,27.0,-3.0,51.0
2019,17,REG,TB,ATL,22.0,28.0,-6.0,50.0
2019,17,REG,BAL,PIT,28.0,10.0,18.0,38.0
2019,17,REG,DAL,WAS,47.0,16.0,31.0,63.0
2019,17,REG,DEN,OAK,16.0,15.0,1.0,31.0
2019,17,REG,HOU,TEN,14.0,35.0,-21.0,49.0
2019,17,REG,JAX,IND,38.0,20.0,18.0,58.0
2019,17,REG,LA,ARI,31.0,24.0,7.0,55.0
2019,17,REG,NYG,PHI,17.0,34.0,-17.0,51.0
2019,17,REG,SEA,SF,21.0,26.0,-5.0,47.0
2019,18,WC,HOU,BUF,22.0,19.0,3.0,41.0
2019,18,WC,NE,TEN,13.0,20.0,-7.0,33.0
2019,18,WC,NO,MIN,20.0,26.0,-6.0,46.0
2019,18,WC,PHI,SEA,9.0,17.0,-8.0,26.0
2019,19,DIV,SF,MIN,27.0,10.0,17.0,37.0
2019,19,DIV,BAL,TEN,12.0,28.0,-16.0,40.0
2019,19,DIV,KC,HOU,51.0,31.0,20.0,82.0
2019,19,DIV,GB,SEA,28.0,23.0,5.0,51.0
2019,20,CON,KC,TEN,35.0,24.0,11.0,59.0
2019,20,CON,SF,GB,37.0,20.0,17.0,57.0
2019,21,SB,KC,SF,31.0,20.0,11.0,51.0
2020,1,REG,KC,HOU,34.0,20.0,14.0,54.0
2020,1,REG,ATL,SEA,25.0,38.0,-13.0,63.0
2020,1,REG,BAL,CLE,38.0,6.0,32.0,44.0
2020,1,REG,BUF,NYJ,27.0,17.0,10.0,44.0
2020,1,REG,CAR,LV,30.0,34.0,-4.0,64.0
2020,1,REG,DET,CHI,23.0,27.0,-4.0,50.0
2020,1,REG,JAX,IND,27.0,20.0,7.0,47.0
2020,1,REG,MIN,GB,34.0,43.0,-9.0,77.0
2020,1,REG,NE,MIA,21.0,11.0,10.0,32.0
2020,1,REG,WAS,PHI,27.0,17.0,10.0,44.0
2020,1,REG,CIN,LAC,13.0,16.0,-3.0,29.0
2020,1,REG,NO,TB,34.0,23.0,11.0,57.0
2020,1,REG,SF,ARI,20.0,24.0,-4.0,44.0
2020,1,REG,LA,DAL,20.0,17.0,3.0,37.0
2020,1,REG,NYG,PIT,16.0,26.0,-10.0,42.0
2020,1,REG,DEN,TEN,14.0,16.0,-2.0,30.0
2020,2,REG,CLE,CIN,35.0,30.0,5.0,65.0
2020,2,REG,CHI,NYG,17.0,13.0,4.0,30.0
2020,2,REG,DAL,ATL,40.0,39.0,1.0,79.0
2020,2,REG,GB,DET,42.0,21.0,21.0,63.0
2020,2,REG,IND,MIN,28.0,11.0,17.0,39.0
2020,2,REG,MIA,BUF,28.0,31.0,-3.0,59.0
2020,2,REG,NYJ,SF,13.0,31.0,-18.0,44.0
2020,2,REG,PHI,LA,19.0,37.0,-18.0,56.0
2020,2,REG,PIT,DEN,26.0,21.0,5.0,47.0
2020,2,REG,TB,CAR,31.0,17.0,14.0,48.0
2020,2,REG,TEN,JAX,33.0,30.0,3.0,63.0
2020,2,REG,ARI,WAS,30.0,15.0,15.0,45.0
2020,2,REG,HOU,BAL,16.0,33.0,-17.0,49.0
2020,2,REG,LAC,KC,20.0,23.0,-3.0,43.0
2020,2,REG,SEA,NE,35.0,30.0,5.0,65.0
2020,2,REG,LV,NO,34.0,24.0,10.0,58.0
2020,3,REG,JAX,MIA,13.0,31.0,-18.0,44.0
2020,3,REG,ATL,CHI,26.0,30.0,-4.0,56.0
2020,3,REG,BUF,LA,35.0,32.0,3.0,67.0
2020,3,REG,CLE,WAS,34.0,20.0,14.0,54.0
2020,3,REG,MIN,TEN,30.0,31.0,-1.0,61.0
2020,3,REG,NE,LV,36.0,20.0,16.0,56.0
2020,3,REG,NYG,SF,9.0,36.0,-27.0,45.0
2020,3,REG,PHI,CIN,23.0,23.0,0.0,46.0
2020,3,REG,PIT,HOU,28.0,21.0,7.0,49.0
2020,3,REG,IND,NYJ,36.0,7.0,29.0,43.0
2020,3,REG,LAC,CAR,16.0,21.0,-5.0,37.0
2020,3,REG,ARI,DET,23.0,26.0,-3.0,49.0
2020,3,REG,DEN,TB,10.0,28.0,-18.0,38.0
2020,3,REG,SEA,DAL,38.0,31.0,7.0,69.0
2020,3,REG,NO,GB,30.0,37.0,-7.0,67.0
2020,3,REG,BAL,KC,20.0,34.0,-14.0,54.0
2020,4,REG,NYJ,DEN,28.0,37.0,-9.0,65.0
2020,4,REG,CAR,ARI,31.0,21.0,10.0,52.0
2020,4,REG,CIN,JAX,33.0,25.0,8.0,58.0
2020,4,REG,DAL,CLE,38.0,49.0,-11.0,87.0
2020,4,REG,DET,NO,29.0,35.0,-6.0,64.0
2020,4,REG,HOU,MIN,23.0,31.0,-8.0,54.0
2020,4,REG,MIA,SEA,23.0,31.0,-8.0,54.0
2020,4,REG,TB,LAC,38.0,31.0,7.0,69.0
2020,4,REG,WAS,BAL,17.0,31.0,-14.0,48.0
2020,4,REG,LA,NYG,17.0,9.0,8.0,26.0
2020,4,REG,CHI,IND,11.0,19.0,-8.0,30.0
2020,4,REG,LV,BUF,23.0,30.0,-7.0,53.0
2020,4,REG,SF,PHI,20.0,25.0,-5.0,45.0
2020,4,REG,KC,NE,26.0,10.0,16.0,36.0
2020,4,REG,GB,ATL,30.0,16.0,14.0,46.0
2020,5,REG,CHI,TB,20.0,19.0,1.0,39.0
2020,5,REG,ATL,CAR,16.0,23.0,-7.0,39.0
2020,5,REG,BAL,CIN,27.0,3.0,24.0,30.0
2020,5,REG,HOU,JAX,30.0,14.0,16.0,44.0
2020,5,REG,KC,LV,32.0,40.0,-8.0,72.0
2020,5,REG,NYJ,ARI,10.0,30.0,-20.0,40.0
2020,5,REG,PIT,PHI,38.0,29.0,9.0,67.0
2020,5,REG,WAS,LA,10.0,30.0,-20.0,40.0
2020,5,REG,SF,MIA,17.0,43.0,-26.0,60.0
2020,5,REG,CLE,IND,32.0,23.0,9.0,55.0
2020,5,REG,DAL,NYG,37.0,34.0,3.0,71.0
2020,5,REG,SEA,MIN,27.0,26.0,1.0,53.0
2020,5,REG,NO,LAC,30.0,27.0,3.0,57.0
2020,5,REG,TEN,BUF,42.0,16.0,26.0,58.0
2020,6,REG,CAR,CHI,16.0,23.0,-7.0,39.0
2020,6,REG,IND,CIN,31.0,27.0,4.0,58.0
2020,6,REG,JAX,DET,16.0,34.0,-18.0,50.0
2020,6,REG,MIN,ATL,23.0,40.0,-17.0,63.0
2020,6,REG,NE,DEN,12.0,18.0,-6.0,30.0
2020,6,REG,NYG,WAS,20.0,19.0,1.0,39.0
2020,6,REG,PHI,BAL,28.0,30.0,-2.0,58.0
2020,6,REG,PIT,CLE,38.0,7.0,31.0,45.0
2020,6,REG,TEN,HOU,42.0,36.0,6.0,78.0
2020,6,REG,MIA,NYJ,24.0,0.0,24.0,24.0
2020,6,REG,TB,GB,38.0,10.0,28.0,48.0
2020,6,REG,SF,LA,24.0,16.0,8.0,40.0
2020,6,REG,BUF,KC,17.0,26.0,-9.0,43.0
2020,6,REG,DAL,ARI,10.0,38.0,-28.0,48.0
2020,7,REG,PHI,NYG,22.0,21.0,1.0,43.0
2020,7,REG,ATL,DET,22.0,23.0,-1.0,45.0
2020,7,REG,CIN,CLE,34.0,37.0,-3.0,71.0
2020,7,REG,HOU,GB,20.0,35.0,-15.0,55.0
2020,7,REG,NO,CAR,27.0,24.0,3.0,51.0
2020,7,REG,NYJ,BUF,10.0,18.0,-8.0,28.0
2020,7,REG,TEN,PIT,24.0,27.0,-3.0,51.0
2020,7,REG,WAS,DAL,25.0,3.0,22.0,28.0
2020,7,REG,LV,TB,20.0,45.0,-25.0,65.0
2020,7,REG,DEN,KC,16.0,43.0,-27.0,59.0
2020,7,REG,LAC,JAX,39.0,29.0,10.0,68.0
2020,7,REG,NE,SF,6.0,33.0,-27.0,39.0
2020,7,REG,ARI,SEA,37.0,34.0,3.0,71.0
2020,7,REG,LA,CHI,24.0,10.0,14.0,34.0
2020,8,REG,CAR,ATL,17.0,25.0,-8.0,42.0
2020,8,REG,BAL,PIT,24.0,28.0,-4.0,52.0
2020,8,REG,BUF,NE,24.0,21.0,3.0,45.0
2020,8,REG,CIN,TEN,31.0,20.0,11.0,51.0
2020,8,REG,CLE,LV,6.0,16.0,-10.0,22.0
2020,8,REG,DET,IND,21.0,41.0,-20.0,62.0
2020,8,REG,GB,MIN,22.0,28.0,-6.0,50.0
2020,8,REG,KC,NYJ,35.0,9.0,26.0,44.0
2020,8,REG,MIA,LA,28.0,17.0,11.0,45.0
2020,8,REG,DEN,LAC,31.0,30.0,1.0,61.0
2020,8,REG,CHI,NO,23.0,26.0,-3.0,49.0
2020,8,REG,SEA,SF,37.0,27.0,10.0,64.0
2020,8,REG,PHI,DAL,23.0,9.0,14.0,32.0
2020,8,REG,NYG,TB,23.0,25.0,-2.0,48.0
2020,9,REG,SF,GB,17.0,34.0,-17.0,51.0
2020,9,REG,ATL,DEN,34.0,27.0,7.0,61.0
2020,9,REG,BUF,SEA,44.0,34.0,10.0,78.0
2020,9,REG,IND,BAL,10.0,24.0,-14.0,34.0
2020,9,REG,JAX,HOU,25.0,27.0,-2.0,52.0
2020,9,REG,KC,CAR,33.0,31.0,2.0,64.0
2020,9,REG,MIN,DET,34.0,20.0,14.0,54.0
2020,9,REG,TEN,CHI,24.0,17.0,7.0,41.0
2020,9,REG,WAS,NYG,20.0,23.0,-3.0,43.0
2020,9,REG,LAC,LV,26.0,31.0,-5.0,57.0
2020,9,REG,ARI,MIA,31.0,34.0,-3.0,65.0
2020,9,REG,DAL,PIT,19.0,24.0,-5.0,43.0
2020,9,REG,TB,NO,3.0,38.0,-35.0,41.0
2020,9,REG,NYJ,NE,27.0,30.0,-3.0,57.0
2020,10,REG,TEN,IND,17.0,34.0,-17.0,51.0
2020,10,REG,CAR,TB,23.0,46.0,-23.0,69.0
2020,10,REG,CLE,HOU,10.0,7.0,3.0,17.0
2020,10,REG,DET,WAS,30.0,27.0,3.0,57.0
2020,10,REG,GB,JAX,24.0,20.0,4.0,44.0
2020,10,REG,NYG,PHI,27.0,17.0,10.0,44.0
2020,10,REG,ARI,BUF,32.0,30.0,2.0,62.0
2020,10,REG,LV,DEN,37.0,12.0,25.0,49.0
2020,10,REG,MIA,LAC,29.0,21.0,8.0,50.0
2020,10,REG,LA,SEA,23.0,16.0,7.0,39.0
2020,10,REG,NO,SF,27.0,13.0,14.0,40.0
2020,10,REG,PIT,CIN,36.0,10.0,26.0,46.0
2020,10,REG,NE,BAL,23.0,17.0,6.0,40.0
2020,10,REG,CHI,MIN,13.0,19.0,-6.0,32.0
2020,11,REG,SEA,ARI,28.0,21.0,7.0,49.0
2020,11,REG,BAL,TEN,24.0,30.0,-6.0,54.0
2020,11,REG,CAR,DET,20.0,0.0,20.0,20.0
2020,11,REG,CLE,PHI,22.0,17.0,5.0,39.0
2020,11,REG,HOU,NE,27.0,20.0,7.0,47.0
2020,11,REG,JAX,PIT,3.0,27.0,-24.0,30.0
2020,11,REG,NO,ATL,24.0,9.0,15.0,33.0
2020,11,REG,WAS,CIN,20.0,9.0,11.0,29.0
2020,11,REG,DEN,MIA,20.0,13.0,7.0,33.0
2020,11,REG,LAC,NYJ,34.0,28.0,6.0,62.0
2020,11,REG,IND,GB,34.0,31.0,3.0,65.0
2020,11,REG,MIN,DAL,28.0,31.0,-3.0,59.0
2020,11,REG,LV,KC,31.0,35.0,-4.0,66.0
2020,11,REG,TB,LA,24.0,27.0,-3.0,51.0
2020,12,REG,DET,HOU,25.0,41.0,-16.0,66.0
2020,12,REG,DAL,WAS,16.0,41.0,-25.0,57.0
2020,12,REG,ATL,LV,43.0,6.0,37.0,49.0
2020,12,REG,BUF,LAC,27.0,17.0,10.0,44.0
2020,12,REG,CIN,NYG,17.0,19.0,-2.0,36.0
2020,12,REG,IND,TEN,26.0,45.0,-19.0,71.0
2020,12,REG,JAX,CLE,25.0,27.0,-2.0,52.0
2020,12,REG,MIN,CAR,28.0,27.0,1.0,55.0
2020,12,REG,NE,ARI,20.0,17.0,3.0,37.0
2020,12,REG,NYJ,MIA,3.0,20.0,-17.0,23.0
2020,12,REG,DEN,NO,3.0,31.0,-28.0,34.0
2020,12,REG,LA,SF,20.0,23.0,-3.0,43.0
2020,12,REG,TB,KC,24.0,27.0,-3.0,51.0
2020,12,REG,GB,CHI,41.0,25.0,16.0,66.0
2020,12,REG,PHI,SEA,17.0,23.0,-6.0,40.0
2020,12,REG,PIT,BAL,19.0,14.0,5.0,33.0
2020,13,REG,ATL,NO,16.0,21.0,-5.0,37.0
2020,13,REG,CHI,DET,30.0,34.0,-4.0,64.0
2020,13,REG,HOU,IND,20.0,26.0,-6.0,46.0
2020,13,REG,MIA,CIN,19.0,7.0,12.0,26.0
2020,13,REG,MIN,JAX,27.0,24.0,3.0,51.0
2020,13,REG,NYJ,LV,28.0,31.0,-3.0,59.0
2020,13,REG,TEN,CLE,35.0,41.0,-6.0,76.0
2020,13,REG,ARI,LA,28.0,38.0,-10.0,66.0
2020,13,REG,SEA,NYG,12.0,17.0,-5.0,29.0
2020,13,REG,GB,PHI,30.0,16.0,14.0,46.0
2020,13,REG,LAC,NE,0.0,45.0,-45.0,45.0
2020,13,REG,KC,DEN,22.0,16.0,6.0,38.0
2020,13,REG,PIT,WAS,17.0,23.0,-6.0,40.0
2020,13,REG,SF,BUF,24.0,34.0,-10.0,58.0
2020,13,REG,BAL,DAL,34.0,17.0,17.0,51.0
2020,14,REG,LA,NE,24.0,3.0,21.0,27.0
2020,14,REG,CAR,DEN,27.0,32.0,-5.0,59.0
2020,14,REG,CHI,HOU,36.0,7.0,29.0,43.0
2020,14,REG,CIN,DAL,7.0,30.0,-23.0,37.0
2020,14,REG,JAX,TEN,10.0,31.0,-21.0,41.0
2020,14,REG,MIA,KC,27.0,33.0,-6.0,60.0
2020,14,REG,NYG,ARI,7.0,26.0,-19.0,33.0
2020,14,REG,TB,MIN,26.0,14.0,12.0,40.0
2020,14,REG,LV,IND,27.0,44.0,-17.0,71.0
2020,14,REG,SEA,NYJ,40.0,3.0,37.0,43.0
2020,14,REG,DET,GB,24.0,31.0,-7.0,55.0
2020,14,REG,LAC,ATL,20.0,17.0,3.0,37.0
2020,14,REG,PHI,NO,24.0,21.0,3.0,45.0
2020,14,REG,SF,WAS,15.0,23.0,-8.0,38.0
2020,14,REG,BUF,PIT,26.0,15.0,11.0,41.0
2020,14,REG,CLE,BAL,42.0,47.0,-5.0,89.0
2020,15,REG,LV,LAC,27.0,30.0,-3.0,57.0
2020,15,REG,DEN,BUF,19.0,48.0,-29.0,67.0
2020,15,REG,GB,CAR,24.0,16.0,8.0,40.0
2020,15,REG,ATL,TB,27.0,31.0,-4.0,58.0
2020,15,REG,BAL,JAX,40.0,14.0,26.0,54.0
2020,15,REG,DAL,SF,41.0,33.0,8.0,74.0
2020,15,REG,IND,HOU,27.0,20.0,7.0,47.0
2020,15,REG,MIA,NE,22.0,12.0,10.0,34.0
2020,15,REG,MIN,CHI,27.0,33.0,-6.0,60.0
2020,15,REG,TEN,DET,46.0,25.0,21.0,71.0
2020,15,REG,WAS,SEA,15.0,20.0,-5.0,35.0
2020,15,REG,ARI,PHI,33.0,26.0,7.0,59.0
2020,15,REG,LA,NYJ,20.0,23.0,-3.0,43.0
2020,15,REG,NO,KC,29.0,32.0,-3.0,61.0
2020,15,REG,NYG,CLE,6.0,20.0,-14.0,26.0
2020,15,REG,CIN,PIT,27.0,17.0,10.0,44.0
2020,16,REG,NO,MIN,52.0,33.0,19.0,85.0
2020,16,REG,DET,TB,7.0,47.0,-40.0,54.0
2020,16,REG,ARI,SF,12.0,20.0,-8.0,32.0
2020,16,REG,LV,MIA,25.0,26.0,-1.0,51.0
2020,16,REG,BAL,NYG,27.0,13.0,14.0,40.0
2020,16,REG,HOU,CIN,31.0,37.0,-6.0,68.0
2020,16,REG,JAX,CHI,17.0,41.0,-24.0,58.0
2020,16,REG,KC,ATL,17.0,14.0,3.0,31.0
2020,16,REG,NYJ,CLE,23.0,16.0,7.0,39.0
2020,16,REG,PIT,IND,28.0,24.0,4.0,52.0
2020,16,REG,LAC,DEN,19.0,16.0,3.0,35.0
2020,16,REG,WAS,CAR,13.0,20.0,-7.0,33.0
2020,16,REG,DAL,PHI,37.0,17.0,20.0,54.0
2020,16,REG,SEA,LA,20.0,9.0,11.0,29.0
2020,16,REG,GB,TEN,40.0,14.0,26.0,54.0
2020,16,REG,NE,BUF,9.0,38.0,-29.0,47.0
2020,17,REG,BUF,MIA,56.0,26.0,30.0,82.0
2020,17,REG,CIN,BAL,3.0,38.0,-35.0,41.0
2020,17,REG,CLE,PIT,24.0,22.0,2.0,46.0
2020,17,REG,DET,MIN,35.0,37.0,-2.0,72.0
2020,17,REG,NE,NYJ,28.0,14.0,14.0,42.0
2020,17,REG,NYG,DAL,23.0,19.0,4.0,42.0
2020,17,REG,TB,ATL,44.0,27.0,17.0,71.0
2020,17,REG,CAR,NO,7.0,33.0,-26.0,40.0
2020,17,REG,CHI,GB,16.0,35.0,-19.0,51.0
2020,17,REG,DEN,LV,31.0,32.0,-1.0,63.0
2020,17,REG,HOU,TEN,38.0,41.0,-3.0,79.0
2020,17,REG,IND,JAX,28.0,14.0,14.0,42.0
2020,17,REG,KC,LAC,21.0,38.0,-17.0,59.0
2020,17,REG,LA,ARI,18.0,7.0,11.0,25.0
2020,17,REG,SF,SEA,23.0,26.0,-3.0,49.0
2020,17,REG,PHI,WAS,14.0,20.0,-6.0,34.0
2020,18,WC,BUF,IND,27.0,24.0,3.0,51.0
2020,18,WC,SEA,LA,20.0,30.0,-10.0,50.0
2020,18,WC,WAS,TB,23.0,31.0,-8.0,54.0
2020,18,WC,TEN,BAL,13.0,20.0,-7.0,33.0
2020,18,WC,NO,CHI,21.0,9.0,12.0,30.0
2020,18,WC,PIT,CLE,37.0,48.0,-11.0,85.0
2020,19,DIV,GB,LA,32.0,18.0,14.0,50.0
2020,19,DIV,BUF,BAL,17.0,3.0,14.0,20.0
2020,19,DIV,KC,CLE,22.0,17.0,5.0,39.0
2020,19,DIV,NO,TB,20.0,30.0,-10.0,50.0
2020,20,CON,GB,TB,26.0,31.0,-5.0,57.0
2020,20,CON,KC,BUF,38.0,24.0,14.0,62.0
2020,21,SB,TB,KC,31.0,9.0,22.0,40.0
2021,1,REG,TB,DAL,31.0,29.0,2.0,60.0
2021,1,REG,ATL,PHI,6.0,32.0,-26.0,38.0
2021,1,REG,BUF,PIT,16.0,23.0,-7.0,39.0
2021,1,REG,CAR,NYJ,19.0,14.0,5.0,33.0
2021,1,REG,CIN,MIN,27.0,24.0,3.0,51.0
2021,1,REG,DET,SF,33.0,41.0,-8.0,74.0
2021,1,REG,HOU,JAX,37.0,21.0,16.0,58.0
2021,1,REG,IND,SEA,16.0,28.0,-12.0,44.0
2021,1,REG,TEN,ARI,13.0,38.0,-25.0,51.0
2021,1,REG,WAS,LAC,16.0,20.0,-4.0,36.0
2021,1,REG,KC,CLE,33.0,29.0,4.0,62.0
2021,1,REG,NE,MIA,16.0,17.0,-1.0,33.0
2021,1,REG,NO,GB,38.0,3.0,35.0,41.0
2021,1,REG,NYG,DEN,13.0,27.0,-14.0,40.0
2021,1,REG,LA,CHI,34.0,14.0,20.0,48.0
2021,1,REG,LV,BAL,33.0,27.0,6.0,60.0
2021,2,REG,WAS,NYG,30.0,29.0,1.0,59.0
2021,2,REG,CAR,NO,26.0,7.0,19.0,33.0
2021,2,REG,CHI,CIN,20.0,17.0,3.0,37.0
2021,2,REG,CLE,HOU,31.0,21.0,10.0,52.0
2021,2,REG,IND,LA,24.0,27.0,-3.0,51.0
2021,2,REG,JAX,DEN,13.0,23.0,-10.0,36.0
2021,2,REG,MIA,BUF,0.0,35.0,-35.0,35.0
2021,2,REG,NYJ,NE,6.0,25.0,-19.0,31.0
2021,2,REG,PHI,SF,11.0,17.0,-6.0,28.0
2021,2,REG,PIT,LV,17.0,26.0,-9.0,43.0
2021,2,REG,ARI,MIN,34.0,33.0,1.0,67.0
2021,2,REG,TB,ATL,48.0,25.0,23.0,73.0
2021,2,REG,LAC,DAL,17.0,20.0,-3.0,37.0
2021,2,REG,SEA,TEN,30.0,33.0,-3.0,63.0
2021,2,REG,BAL,KC,36.0,35.0,1.0,71.0
2021,2,REG,GB,DET,35.0,17.0,18.0,52.0
2021,3,REG,HOU,CAR,9.0,24.0,-15.0,33.0
2021,3,REG,BUF,WAS,43.0,21.0,22.0,64.0
2021,3,REG,CLE,CHI,26.0,6.0,20.0,32.0
2021,3,REG,DET,BAL,17.0,19.0,-2.0,36.0
2021,3,REG,JAX,ARI,19.0,31.0,-12.0,50.0
2021,3,REG,KC,LAC,24.0,30.0,-6.0,54.0
2021,3,REG,NE,NO,13.0,28.0,-15.0,41.0
2021,3,REG,NYG,ATL,14.0,17.0,-3.0,31.0
2021,3,REG,PIT,CIN,10.0,24.0,-14.0,34.0
2021,3,REG,TEN,IND,25.0,16.0,9.0,41.0
2021,3,REG,DEN,NYJ,26.0,0.0,26.0,26.0
2021,3,REG,LV,MIA,31.0,28.0,3.0,59.0
2021,3,REG,LA,TB,34.0,24.0,10.0,58.0
2021,3,REG,MIN,SEA,30.0,17.0,13.0,47.0
2021,3,REG,SF,GB,28.0,30.0,-2.0,58.0
2021,3,REG,DAL,PHI,41.0,21.0,20.0,62.0
2021,4,REG,CIN,JAX,24.0,21.0,3.0,45.0
2021,4,REG,ATL,WAS,30.0,34.0,-4.0,64.0
2021,4,REG,BUF,HOU,40.0,0.0,40.0,40.0
2021,4,REG,CHI,DET,24.0,14.0,10.0,38.0
2021,4,REG,DAL,CAR,36.0,28.0,8.0,64.0
2021,4,REG,MIA,IND,17.0,27.0,-10.0,44.0
2021,4,REG,MIN,CLE,7.0,14.0,-7.0,21.0
2021,4,REG,NO,NYG,21.0,27.0,-6.0,48.0
2021,4,REG,NYJ,TEN,27.0,24.0,3.0,51.0
2021,4,REG,PHI,KC,30.0,42.0,-12.0,72.0
2021,4,REG,LA,ARI,20.0,37.0,-17.0,57.0
2021,4,REG,SF,SEA,21.0,28.0,-7.0,49.0
2021,4,REG,DEN,BAL,7.0,23.0,-16.0,30.0
2021,4,REG,GB,PIT,27.0,17.0,10.0,44.0
2021,4,REG,NE,TB,17.0,19.0,-2.0,36.0
2021,4,REG,LAC,LV,28.0,14.0,14.0,42.0
2021,5,REG,SEA,LA,17.0,26.0,-9.0,43.0
2021,5,REG,ATL,NYJ,27.0,20.0,7.0,47.0
2021,5,REG,CAR,PHI,18.0,21.0,-3.0,39.0
2021,5,REG,CIN,GB,22.0,25.0,-3.0,47.0
2021,5,REG,HOU,NE,22.0,25.0,-3.0,47.0
2021,5,REG,JAX,TEN,19.0,37.0,-18.0,56.0
2021,5,REG,MIN,DET,19.0,17.0,2.0,36.0
2021,5,REG,PIT,DEN,27.0,19.0,8.0,46.0
2021,5,REG,TB,MIA,45.0,17.0,28.0,62.0
2021,5,REG,WAS,NO,22.0,33.0,-11.0,55.0
2021,5,REG,LAC,CLE,47.0,42.0,5.0,89.0
2021,5,REG,LV,CHI,9.0,20.0,-11.0,29.0
2021,5,REG,ARI,SF,17.0,10.0,7.0,27.0
2021,5,REG,DAL,NYG,44.0,20.0,24.0,64.0
2021,5,REG,KC,BUF,20.0,38.0,-18.0,58.0
2021,5,REG,BAL,IND,31.0,25.0,6.0,56.0
2021,6,REG,PHI,TB,22.0,28.0,-6.0,50.0
2021,6,REG,JAX,MIA,23.0,20.0,3.0,43.0
2021,6,REG,BAL,LAC,34.0,6.0,28.0,40.0
2021,6,REG,CAR,MIN,28.0,34.0,-6.0,62.0
2021,6,REG,CHI,GB,14.0,24.0,-10.0,38.0
2021,6,REG,DET,CIN,11.0,34.0,-23.0,45.0
2021,6,REG,IND,HOU,31.0,3.0,28.0,34.0
2021,6,REG,NYG,LA,11.0,38.0,-27.0,49.0
2021,6,REG,WAS,KC,13.0,31.0,-18.0,44.0
2021,6,REG,CLE,ARI,14.0,37.0,-23.0,51.0
2021,6,REG,DEN,LV,24.0,34.0,-10.0,58.0
2021,6,REG,NE,DAL,29.0,35.0,-6.0,64.0
2021,6,REG,PIT,SEA,23.0,20.0,3.0,43.0
2021,6,REG,TEN,BUF,34.0,31.0,3.0,65.0
2021,7,REG,CLE,DEN,17.0,14.0,3.0,31.0
2021,7,REG,BAL,CIN,17.0,41.0,-24.0,58.0
2021,7,REG,GB,WAS,24.0,10.0,14.0,34.0
2021,7,REG,MIA,ATL,28.0,30.0,-2.0,58.0
2021,7,REG,NE,NYJ,54.0,13.0,41.0,67.0
2021,7,REG,NYG,CAR,25.0,3.0,22.0,28.0
2021,7,REG,TEN,KC,27.0,3.0,24.0,30.0
2021,7,REG,LA,DET,28.0,19.0,9.0,47.0
2021,7,REG,LV,PHI,33.0,22.0,11.0,55.0
2021,7,REG,ARI,HOU,31.0,5.0,26.0,36.0
2021,7,REG,TB,CHI,38.0,3.0,35.0,41.0
2021,7,REG,SF,IND,18.0,30.0,-12.0,48.0
2021,7,REG,SEA,NO,10.0,13.0,-3.0,23.0
2021,8,REG,ARI,GB,21.0,24.0,-3.0,45.0
2021,8,REG,ATL,CAR,13.0,19.0,-6.0,32.0
2021,8,REG,BUF,MIA,26.0,11.0,15.0,37.0
2021,8,REG,CHI,SF,22.0,33.0,-11.0,55.0
2021,8,REG,CLE,PIT,10.0,15.0,-5.0,25.0
2021,8,REG,DET,PHI,6.0,44.0,-38.0,50.0
2021,8,REG,HOU,LA,22.0,38.0,-16.0,60.0
2021,8,REG,IND,TEN,31.0,34.0,-3.0,65.0
2021,8,REG,NYJ,CIN,34.0,31.0,3.0,65.0
2021,8,REG,LAC,NE,24.0,27.0,-3.0,51.0
2021,8,REG,SEA,JAX,31.0,7.0,24.0,38.0
2021,8,REG,DEN,WAS,17.0,10.0,7.0,27.0
2021,8,REG,NO,TB,36.0,27.0,9.0,63.0
2021,8,REG,MIN,DAL,16.0,20.0,-4.0,36.0
2021,8,REG,KC,NYG,20.0,17.0,3.0,37.0
2021,9,REG,IND,NYJ,45.0,30.0,15.0,75.0
2021,9,REG,BAL,MIN,34.0,31.0,3.0,65.0
2021,9,REG,CAR,NE,6.0,24.0,-18.0,30.0
2021,9,REG,CIN,CLE,16.0,41.0,-25.0,57.0
2021,9,REG,DAL,DEN,16.0,30.0,-14.0,46.0
2021,9,REG,JAX,BUF,9.0,6.0,3.0,15.0
2021,9,REG,MIA,HOU,17.0,9.0,8.0,26.0
2021,9,REG,NO,ATL,25.0,27.0,-2.0,52.0
2021,9,REG,NYG,LV,23.0,16.0,7.0,39.0
2021,9,REG,PHI,LAC,24.0,27.0,-3.0,51.0
2021,9,REG,KC,GB,13.0,7.0,6.0,20.0
2021,9,REG,SF,ARI,17.0,31.0,-14.0,48.0
2021,9,REG,LA,TEN,16.0,28.0,-12.0,44.0
2021,9,REG,PIT,CHI,29.0,27.0,2.0,56.0
2021,10,REG,MIA,BAL,22.0,10.0,12.0,32.0
2021,10,REG,DAL,ATL,43.0,3.0,40.0,46.0
2021,10,REG,IND,JAX,23.0,17.0,6.0,40.0
2021,10,REG,NE,CLE,45.0,7.0,38.0,52.0
2021,10,REG,NYJ,BUF,17.0,45.0,-28.0,62.0
2021,10,REG,PIT,DET,16.0,16.0,0.0,32.0
2021,10,REG,TEN,NO,23.0,21.0,2.0,44.0
2021,10,REG,WAS,TB,29.0,19.0,10.0,48.0
2021,10,REG,ARI,CAR,10.0,34.0,-24.0,44.0
2021,10,REG,LAC,MIN,20.0,27.0,-7.0,47.0
2021,10,REG,DEN,PHI,13.0,30.0,-17.0,43.0
2021,10,REG,GB,SEA,17.0,0.0,17.0,17.0
2021,10,REG,LV,KC,14.0,41.0,-27.0,55.0
2021,10,REG,SF,LA,31.0,10.0,21.0,41.0
2021,11,REG,ATL,NE,0.0,25.0,-25.0,25.0
2021,11,REG,BUF,IND,15.0,41.0,-26.0,56.0
2021,11,REG,CAR,WAS,21.0,27.0,-6.0,48.0
2021,11,REG,CHI,BAL,13.0,16.0,-3.0,29.0
2021,11,REG,CLE,DET,13.0,10.0,3.0,23.0
2021,11,REG,JAX,SF,10.0,30.0,-20.0,40.0
2021,11,REG,MIN,GB,34.0,31.0,3.0,65.0
2021,11,REG,NYJ,MIA,17.0,24.0,-7.0,41.0
2021,11,REG,PHI,NO,40.0,29.0,11.0,69.0
2021,11,REG,TEN,HOU,13.0,22.0,-9.0,35.0
2021,11,REG,LV,CIN,13.0,32.0,-19.0,45.0
2021,11,REG,KC,DAL,19.0,9.0,10.0,28.0
2021,11,REG,SEA,ARI,13.0,23.0,-10.0,36.0
2021,11,REG,LAC,PIT,41.0,37.0,4.0,78.0
2021,11,REG,TB,NYG,30.0,10.0,20.0,40.0
2021,12,REG,DET,CHI,14.0,16.0,-2.0,30.0
2021,12,REG,DAL,LV,33.0,36.0,-3.0,69.0
2021,12,REG,NO,BUF,6.0,31.0,-25.0,37.0
2021,12,REG,CIN,PIT,41.0,10.0,31.0,51.0
2021,12,REG,HOU,NYJ,14.0,21.0,-7.0,35.0
2021,12,REG,IND,TB,31.0,38.0,-7.0,69.0
2021,12,REG,JAX,ATL,14.0,21.0,-7.0,35.0
2021,12,REG,MIA,CAR,33.0,10.0,23.0,43.0
2021,12,REG,NE,TEN,36.0,13.0,23.0,49.0
2021,12,REG,NYG,PHI,13.0,7.0,6.0,20.0
2021,12,REG,DEN,LAC,28.0,13.0,15.0,41.0
2021,12,REG,GB,LA,36.0,28.0,8.0,64.0
2021,12,REG,SF,MIN,34.0,26.0,8.0,60.0
2021,12,REG,BAL,CLE,16.0,10.0,6.0,26.0
2021,12,REG,WAS,SEA,17.0,15.0,2.0,32.0
2021,13,REG,NO,DAL,17.0,27.0,-10.0,44.0
2021,13,REG,ATL,TB,17.0,30.0,-13.0,47.0
2021,13,REG,CHI,ARI,22.0,33.0,-11.0,55.0
2021,13,REG,CIN,LAC,22.0,41.0,-19.0,63.0
2021,13,REG,DET,MIN,29.0,27.0,2.0,56.0
2021,13,REG,HOU,IND,0.0,31.0,-31.0,31.0
2021,13,REG,MIA,NYG,20.0,9.0,11.0,29.0
2021,13,REG,NYJ,PHI,18.0,33.0,-15.0,51.0
2021,13,REG,LA,JAX,37.0,7.0,30.0,44.0
2021,13,REG,LV,WAS,15.0,17.0,-2.0,32.0
2021,13,REG,PIT,BAL,20.0,19.0,1.0,39.0
2021,13,REG,SEA,SF,30.0,23.0,7.0,53.0
2021,13,REG,KC,DEN,22.0,9.0,13.0,31.0
2021,13,REG,BUF,NE,10.0,14.0,-4.0,24.0
2021,14,REG,MIN,PIT,36.0,28.0,8.0,64.0
2021,14,REG,CAR,ATL,21.0,29.0,-8.0,50.0
2021,14,REG,CLE,BAL,24.0,22.0,2.0,46.0
2021,14,REG,HOU,SEA,13.0,33.0,-20.0,46.0
2021,14,REG,KC,LV,48.0,9.0,39.0,57.0
2021,14,REG,NYJ,NO,9.0,30.0,-21.0,39.0
2021,14,REG,TEN,JAX,20.0,0.0,20.0,20.0
2021,14,REG,WAS,DAL,20.0,27.0,-7.0,47.0
2021,14,REG,DEN,DET,38.0,10.0,28.0,48.0
2021,14,REG,LAC,NYG,37.0,21.0,16.0,58.0
2021,14,REG,CIN,SF,23.0,26.0,-3.0,49.0
2021,14,REG,TB,BUF,33.0,27.0,6.0,60.0
2021,14,REG,GB,CHI,45.0,30.0,15.0,75.0
2021,14,REG,ARI,LA,23.0,30.0,-7.0,53.0
2021,15,REG,LAC,KC,28.0,34.0,-6.0,62.0
2021,15,REG,IND,NE,27.0,17.0,10.0,44.0
2021,15,REG,BUF,CAR,31.0,14.0,17.0,45.0
2021,15,REG,DET,ARI,30.0,12.0,18.0,42.0
2021,15,REG,JAX,HOU,16.0,30.0,-14.0,46.0
2021,15,REG,MIA,NYJ,31.0,24.0,7.0,55.0
2021,15,REG,NYG,DAL,6.0,21.0,-15.0,27.0
2021,15,REG,PIT,TEN,19.0,13.0,6.0,32.0
2021,15,REG,DEN,CIN,10.0,15.0,-5.0,25.0
2021,15,REG,SF,ATL,31.0,13.0,18.0,44.0
2021,15,REG,BAL,GB,30.0,31.0,-1.0,61.0
2021,15,REG,TB,NO,0.0,9.0,-9.0,9.0
2021,15,REG,CLE,LV,14.0,16.0,-2.0,30.0
2021,15,REG,CHI,MIN,9.0,17.0,-8.0,26.0
2021,15,REG,LA,SEA,20.0,10.0,10.0,30.0
2021,15,REG,PHI,WAS,27.0,17.0,10.0,44.0
2021,16,REG,TEN,SF,20.0,17.0,3.0,37.0
2021,16,REG,GB,CLE,24.0,22.0,2.0,46.0
2021,16,REG,ARI,IND,16.0,22.0,-6.0,38.0
2021,16,REG,ATL,DET,20.0,16.0,4.0,36.0
2021,16,REG,CAR,TB,6.0,32.0,-26.0,38.0
2021,16,REG,CIN,BAL,41.0,21.0,20.0,62.0
2021,16,REG,HOU,LAC,41.0,29.0,12.0,70.0
2021,16,REG,MIN,LA,23.0,30.0,-7.0,53.0
2021,16,REG,NE,BUF,21.0,33.0,-12.0,54.0
2021,16,REG,NYJ,JAX,26.0,21.0,5.0,47.0
2021,16,REG,PHI,NYG,34.0,10.0,24.0,44.0
2021,16,REG,SEA,CHI,24.0,25.0,-1.0,49.0
2021,16,REG,KC,PIT,36.0,10.0,26.0,46.0
2021,16,REG,LV,DEN,17.0,13.0,4.0,30.0
2021,16,REG,DAL,WAS,56.0,14.0,42.0,70.0
2021,16,REG,NO,MIA,3.0,20.0,-17.0,23.0
2021,17,REG,BAL,LA,19.0,20.0,-1.0,39.0
2021,17,REG,BUF,ATL,29.0,15.0,14.0,44.0
2021,17,REG,CHI,NYG,29.0,3.0,26.0,32.0
2021,17,REG,CIN,KC,34.0,31.0,3.0,65.0
2021,17,REG,IND,LV,20.0,23.0,-3.0,43.0
2021,17,REG,NE,JAX,50.0,10.0,40.0,60.0
2021,17,REG,NYJ,TB,24.0,28.0,-4.0,52.0
2021,17,REG,TEN,MIA,34.0,3.0,31.0,37.0
2021,17,REG,WAS,PHI,16.0,20.0,-4.0,36.0
2021,17,REG,LAC,DEN,34.0,13.0,21.0,47.0
2021,17,REG,SF,HOU,23.0,7.0,16.0,30.0
2021,17,REG,DAL,ARI,22.0,25.0,-3.0,47.0
2021,17,REG,NO,CAR,18.0,10.0,8.0,28.0
2021,17,REG,SEA,DET,51.0,29.0,22.0,80.0
2021,17,REG,GB,MIN,37.0,10.0,27.0,47.0
2021,17,REG,PIT,CLE,26.0,14.0,12.0,40.0
2021,18,REG,DEN,KC,24.0,28.0,-4.0,52.0
2021,18,REG,PHI,DAL,26.0,51.0,-25.0,77.0
2021,18,REG,BAL,PIT,13.0,16.0,-3.0,29.0
2021,18,REG,CLE,CIN,21.0,16.0,5.0,37.0
2021,18,REG,DET,GB,37.0,30.0,7.0,67.0
2021,18,REG,HOU,TEN,25.0,28.0,-3.0,53.0
2021,18,REG,JAX,IND,26.0,11.0,15.0,37.0
2021,18,REG,MIN,CHI,31.0,17.0,14.0,48.0
2021,18,REG,NYG,WAS,7.0,22.0,-15.0,29.0
2021,18,REG,ARI,SEA,30.0,38.0,-8.0,68.0
2021,18,REG,ATL,NO,20.0,30.0,-10.0,50.0
2021,18,REG,BUF,NYJ,27.0,10.0,17.0,37.0
2021,18,REG,LA,SF,24.0,27.0,-3.0,51.0
2021,18,REG,MIA,NE,33.0,24.0,9.0,57.0
2021,18,REG,TB,CAR,41.0,17.0,24.0,58.0
2021,18,REG,LV,LAC,35.0,32.0,3.0,67.0
2021,19,WC,CIN,LV,26.0,19.0,7.0,45.0
2021,19,WC,BUF,NE,47.0,17.0,30.0,64.0
2021,19,WC,TB,PHI,31.0,15.0,16.0,46.0
2021,19,WC,DAL,SF,17.0,23.0,-6.0,40.0
2021,19,WC,KC,PIT,42.0,21.0,21.0,63.0
2021,19,WC,LA,ARI,34.0,11.0,23.0,45.0
2021,20,DIV,TEN,CIN,16.0,19.0,-3.0,35.0
2021,20,DIV,GB,SF,10.0,13.0,-3.0,23.0
2021,20,DIV,TB,LA,27.0,30.0,-3.0,57.0
2021,20,DIV,KC,BUF,42.0,36.0,6.0,78.0
2021,21,CON,KC,CIN,24.0,27.0,-3.0,51.0
2021,21,CON,LA,SF,20.0,17.0,3.0,37.0
2021,22,SB,CIN,LA,20.0,23.0,-3.0,43.0
2022,1,REG,LA,BUF,10.0,31.0,-21.0,41.0
2022,1,REG,ATL,NO,26.0,27.0,-1.0,53.0
2022,1,REG,CAR,CLE,24.0,26.0,-2.0,50.0
2022,1,REG,CHI,SF,19.0,10.0,9.0,29.0
2022,1,REG,CIN,PIT,20.0,23.0,-3.0,43.0
2022,1,REG,DET,PHI,35.0,38.0,-3.0,73.0
2022,1,REG,HOU,IND,20.0,20.0,0.0,40.0
2022,1,REG,MIA,NE,20.0,7.0,13.0,27.0
2022,1,REG,NYJ,BAL,9.0,24.0,-15.0,33.0
2022,1,REG,WAS,JAX,28.0,22.0,6.0,50.0
2022,1,REG,ARI,KC,21.0,44.0,-23.0,65.0
2022,1,REG,LAC,LV,24.0,19.0,5.0,43.0
2022,1,REG,MIN,GB,23.0,7.0,16.0,30.0
2022,1,REG,TEN,NYG,20.0,21.0,-1.0,41.0
2022,1,REG,DAL,TB,3.0,19.0,-16.0,22.0
2022,1,REG,SEA,DEN,17.0,16.0,1.0,33.0
2022,2,REG,KC,LAC,27.0,24.0,3.0,51.0
2022,2,REG,BAL,MIA,38.0,42.0,-4.0,80.0
2022,2,REG,CLE,NYJ,30.0,31.0,-1.0,61.0
2022,2,REG,DET,WAS,36.0,27.0,9.0,63.0
2022,2,REG,JAX,IND,24.0,0.0,24.0,24.0
2022,2,REG,NO,TB,10.0,20.0,-10.0,30.0
2022,2,REG,NYG,CAR,19.0,16.0,3.0,35.0
2022,2,REG,PIT,NE,14.0,17.0,-3.0,31.0
2022,2,REG,LA,ATL,31.0,27.0,4.0,58.0
2022,2,REG,SF,SEA,27.0,7.0,20.0,34.0
2022,2,REG,DAL,CIN,20.0,17.0,3.0,37.0
2022,2,REG,DEN,HOU,16.0,9.0,7.0,25.0
2022,2,REG,LV,ARI,23.0,29.0,-6.0,52.0
2022,2,REG,GB,CHI,27.0,10.0,17.0,37.0
2022,2,REG,BUF,TEN,41.0,7.0,34.0,48.0
2022,2,REG,PHI,MIN,24.0,7.0,17.0,31.0
2022,3,REG,CLE,PIT,29.0,17.0,12.0,46.0
2022,3,REG,CAR,NO,22.0,14.0,8.0,36.0
2022,3,REG,CHI,HOU,23.0,20.0,3.0,43.0
2022,3,REG,IND,KC,20.0,17.0,3.0,37.0
2022,3,REG,MIA,BUF,21.0,19.0,2.0,40.0
2022,3,REG,MIN,DET,28.0,24.0,4.0,52.0
2022,3,REG,NE,BAL,26.0,37.0,-11.0,63.0
2022,3,REG,NYJ,CIN,12.0,27.0,-15.0,39.0
2022,3,REG,TEN,LV,24.0,22.0,2.0,46.0
2022,3,REG,WAS,PHI,8.0,24.0,-16.0,32.0
2022,3,REG,LAC,JAX,10.0,38.0,-28.0,48.0
2022,3,REG,ARI,LA,12.0,20.0,-8.0,32.0
2022,3,REG,SEA,ATL,23.0,27.0,-4.0,50.0
2022,3,REG,TB,GB,12.0,14.0,-2.0,26.0
2022,3,REG,DEN,SF,11.0,10.0,1.0,21.0
2022,3,REG,NYG,DAL,16.0,23.0,-7.0,39.0
2022,4,REG,CIN,MIA,27.0,15.0,12.0,42.0
2022,4,REG,NO,MIN,25.0,28.0,-3.0,53.0
2022,4,REG,ATL,CLE,23.0,20.0,3.0,43.0
2022,4,REG,BAL,BUF,20.0,23.0,-3.0,43.0
2022,4,REG,DAL,WAS,25.0,10.0,15.0,35.0
2022,4,REG,DET,SEA,45.0,48.0,-3.0,93.0
2022,4,REG,HOU,LAC,24.0,34.0,-10.0,58.0
2022,4,REG,IND,TEN,17.0,24.0,-7.0,41.0
2022,4,REG,NYG,CHI,20.0,12.0,8.0,32.0
2022,4,REG,PHI,JAX,29.0,21.0,8.0,50.0
2022,4,REG,PIT,NYJ,20.0,24.0,-4.0,44.0
2022,4,REG,CAR,ARI,16.0,26.0,-10.0,42.0
2022,4,REG,GB,NE,27.0,24.0,3.0,51.0
2022,4,REG,LV,DEN,32.0,23.0,9.0,55.0
2022,4,REG,TB,KC,31.0,41.0,-10.0,72.0
2022,4,REG,SF,LA,24.0,9.0,15.0,33.0
2022,5,REG,DEN,IND,9.0,12.0,-3.0,21.0
2022,5,REG,GB,NYG,22.0,27.0,-5.0,49.0
2022,5,REG,BUF,PIT,38.0,3.0,35.0,41.0
2022,5,REG,CLE,LAC,28.0,30.0,-2.0,58.0
2022,5,REG,JAX,HOU,6.0,13.0,-7.0,19.0
2022,5,REG,MIN,CHI,29.0,22.0,7.0,51.0
2022,5,REG,NE,DET,29.0,0.0,29.0,29.0
2022,5,REG,NO,SEA,39.0,32.0,7.0,71.0
2022,5,REG,NYJ,MIA,40.0,17.0,23.0,57.0
2022,5,REG,TB,ATL,21.0,15.0,6.0,36.0
2022,5,REG,WAS,TEN,17.0,21.0,-4.0,38.0
2022,5,REG,CAR,SF,15.0,37.0,-22.0,52.0
2022,5,REG,ARI,PHI,17.0,20.0,-3.0,37.0
2022,5,REG,LA,DAL,10.0,22.0,-12.0,32.0
2022,5,REG,BAL,CIN,19.0,17.0,2.0,36.0
2022,5,REG,KC,LV,30.0,29.0,1.0,59.0
2022,6,REG,CHI,WAS,7.0,12.0,-5.0,19.0
2022,6,REG,ATL,SF,28.0,14.0,14.0,42.0
2022,6,REG,CLE,NE,15.0,38.0,-23.0,53.0
2022,6,REG,GB,NYJ,10.0,27.0,-17.0,37.0
2022,6,REG,IND,JAX,34.0,27.0,7.0,61.0
2022,6,REG,MIA,MIN,16.0,24.0,-8.0,40.0
2022,6,REG,NO,CIN,26.0,30.0,-4.0,56.0
2022,6,REG,NYG,BAL,24.0,20.0,4.0,44.0
2022,6,REG,PIT,TB,20.0,18.0,2.0,38.0
2022,6,REG,LA,CAR,24.0,10.0,14.0,34.0
2022,6,REG,SEA,ARI,19.0,9.0,10.0,28.0
2022,6,REG,KC,BUF,20.0,24.0,-4.0,44.0
2022,6,REG,PHI,DAL,26.0,17.0,9.0,43.0
2022,6,REG,LAC,DEN,19.0,16.0,3.0,35.0
2022,7,REG,ARI,NO,42.0,34.0,8.0,76.0
2022,7,REG,BAL,CLE,23.0,20.0,3.0,43.0
2022,7,REG,CAR,TB,21.0,3.0,18.0,24.0
2022,7,REG,CIN,ATL,35.0,17.0,18.0,52.0
2022,7,REG,DAL,DET,24.0,6.0,18.0,30.0
2022,7,REG,JAX,NYG,17.0,23.0,-6.0,40.0
2022,7,REG,TEN,IND,19.0,10.0,9.0,29.0
2022,7,REG,WAS,GB,23.0,21.0,2.0,44.0
2022,7,REG,DEN,NYJ,9.0,16.0,-7.0,25.0
2022,7,REG,LV,HOU,38.0,20.0,18.0,58.0
2022,7,REG,LAC,SEA,23.0,37.0,-14.0,60.0
2022,7,REG,SF,KC,23.0,44.0,-21.0,67.0
2022,7,REG,MIA,PIT,16.0,10.0,6.0,26.0
2022,7,REG,NE,CHI,14.0,33.0,-19.0,47.0
2022,8,REG,TB,BAL,22.0,27.0,-5.0,49.0
2022,8,REG,JAX,DEN,17.0,21.0,-4.0,38.0
2022,8,REG,ATL,CAR,37.0,34.0,3.0,71.0
2022,8,REG,DAL,CHI,49.0,29.0,20.0,78.0
2022,8,REG,DET,MIA,27.0,31.0,-4.0,58.0
2022,8,REG,MIN,ARI,34.0,26.0,8.0,60.0
2022,8,REG,NO,LV,24.0,0.0,24.0,24.0
2022,8,REG,NYJ,NE,17.0,22.0,-5.0,39.0
2022,8,REG,PHI,PIT,35.0,13.0,22.0,48.0
2022,8,REG,HOU,TEN,10.0,17.0,-7.0,27.0
2022,8,REG,IND,WAS,16.0,17.0,-1.0,33.0
2022,8,REG,LA,SF,14.0,31.0,-17.0,45.0
2022,8,REG,SEA,NYG,27.0,13.0,14.0,40.0
2022,8,REG,BUF,GB,27.0,17.0,10.0,44.0
2022,8,REG,CLE,CIN,32.0,13.0,19.0,45.0
2022,9,REG,HOU,PHI,17.0,29.0,-12.0,46.0
2022,9,REG,ATL,LAC,17.0,20.0,-3.0,37.0
2022,9,REG,CHI,MIA,32.0,35.0,-3.0,67.0
2022,9,REG,CIN,CAR,42.0,21.0,21.0,63.0
2022,9,REG,DET,GB,15.0,9.0,6.0,24.0
2022,9,REG,JAX,LV,27.0,20.0,7.0,47.0
2022,9,REG,NE,IND,26.0,3.0,23.0,29.0
2022,9,REG,NYJ,BUF,20.0,17.0,3.0,37.0
2022,9,REG,WAS,MIN,17.0,20.0,-3.0,37.0
2022,9,REG,ARI,SEA,21.0,31.0,-10.0,52.0
2022,9,REG,TB,LA,16.0,13.0,3.0,29.0
2022,9,REG,KC,TEN,20.0,17.0,3.0,37.0
2022,9,REG,NO,BAL,13.0,27.0,-14.0,40.0
2022,10,REG,CAR,ATL,25.0,15.0,10.0,40.0
2022,10,REG,TB,SEA,21.0,16.0,5.0,37.0
2022,10,REG,BUF,MIN,30.0,33.0,-3.0,63.0
2022,10,REG,CHI,DET,30.0,31.0,-1.0,61.0
2022,10,REG,KC,JAX,27.0,17.0,10.0,44.0
2022,10,REG,MIA,CLE,39.0,17.0,22.0,56.0
2022,10,REG,NYG,HOU,24.0,16.0,8.0,40.0
2022,10,REG,PIT,NO,20.0,10.0,10.0,30.0
2022,10,REG,TEN,DEN,17.0,10.0,7.0,27.0
2022,10,REG,LV,IND,20.0,25.0,-5.0,45.0
2022,10,REG,GB,DAL,31.0,28.0,3.0,59.0
2022,10,REG,LA,ARI,17.0,27.0,-10.0,44.0
2022,10,REG,SF,LAC,22.0,16.0,6.0,38.0
2022,10,REG,PHI,WAS,21.0,32.0,-11.0,53.0
2022,11,REG,GB,TEN,17.0,27.0,-10.0,44.0
2022,11,REG,ATL,CHI,27.0,24.0,3.0,51.0
2022,11,REG,BAL,CAR,13.0,3.0,10.0,16.0
2022,11,REG,BUF,CLE,31.0,23.0,8.0,54.0
2022,11,REG,HOU,WAS,10.0,23.0,-13.0,33.0
2022,11,REG,IND,PHI,16.0,17.0,-1.0,33.0
2022,11,REG,NE,NYJ,10.0,3.0,7.0,13.0
2022,11,REG,NO,LA,27.0,20.0,7.0,47.0
2022,11,REG,NYG,DET,18.0,31.0,-13.0,49.0
2022,11,REG,DEN,LV,16.0,22.0,-6.0,38.0
2022,11,REG,MIN,DAL,3.0,40.0,-37.0,43.0
2022,11,REG,PIT,CIN,30.0,37.0,-7.0,67.0
2022,11,REG,LAC,KC,27.0,30.0,-3.0,57.0
2022,11,REG,ARI,SF,10.0,38.0,-28.0,48.0
2022,12,REG,DET,BUF,25.0,28.0,-3.0,53.0
2022,12,REG,DAL,NYG,28.0,20.0,8.0,48.0
2022,12,REG,MIN,NE,33.0,26.0,7.0,59.0
2022,12,REG,CAR,DEN,23.0,10.0,13.0,33.0
2022,12,REG,CLE,TB,23.0,17.0,6.0,40.0
2022,12,REG,JAX,BAL,28.0,27.0,1.0,55.0
2022,12,REG,MIA,HOU,30.0,15.0,15.0,45.0
2022,12,REG,NYJ,CHI,31.0,10.0,21.0,41.0
2022,12,REG,TEN,CIN,16.0,20.0,-4.0,36.0
2022,12,REG,WAS,ATL,19.0,13.0,6.0,32.0
2022,12,REG,ARI,LAC,24.0,25.0,-1.0,49.0
2022,12,REG,SEA,LV,34.0,40.0,-6.0,74.0
2022,12,REG,KC,LA,26.0,10.0,16.0,36.0
2022,12,REG,SF,NO,13.0,0.0,13.0,13.0
2022,12,REG,PHI,GB,40.0,33.0,7.0,73.0
2022,12,REG,IND,PIT,17.0,24.0,-7.0,41.0
2022,13,REG,NE,BUF,10.0,24.0,-14.0,34.0
2022,13,REG,ATL,PIT,16.0,19.0,-3.0,35.0
2022,13,REG,BAL,DEN,10.0,9.0,1.0,19.0
2022,13,REG,CHI,GB,19.0,28.0,-9.0,47.0
2022,13,REG,DET,JAX,40.0,14.0,26.0,54.0
2022,13,REG,HOU,CLE,14.0,27.0,-13.0,41.0
2022,13,REG,MIN,NYJ,27.0,22.0,5.0,49.0
2022,13,REG,NYG,WAS,20.0,20.0,0.0,40.0
2022,13,REG,PHI,TEN,35.0,10.0,25.0,45.0
2022,13,REG,LA,SEA,23.0,27.0,-4.0,50.0
2022,13,REG,SF,MIA,33.0,17.0,16.0,50.0
2022,13,REG,CIN,KC,27.0,24.0,3.0,51.0
2022,13,REG,LV,LAC,27.0,20.0,7.0,47.0
2022,13,REG,DAL,IND,54.0,19.0,35.0,73.0
2022,13,REG,TB,NO,17.0,16.0,1.0,33.0
2022,14,REG,LA,LV,17.0,16.0,1.0,33.0
2022,14,REG,BUF,NYJ,20.0,12.0,8.0,32.0
2022,14,REG,CIN,CLE,23.0,10.0,13.0,33.0
2022,14,REG,DAL,HOU,27.0,23.0,4.0,50.0
2022,14,REG,DET,MIN,34.0,23.0,11.0,57.0
2022,14,REG,NYG,PHI,22.0,48.0,-26.0,70.0
2022,14,REG,PIT,BAL,14.0,16.0,-2.0,30.0
2022,14,REG,TEN,JAX,22.0,36.0,-14.0,58.0
2022,14,REG,DEN,KC,28.0,34.0,-6.0,62.0
2022,14,REG,SEA,CAR,24.0,30.0,-6.0,54.0
2022,14,REG,SF,TB,35.0,7.0,28.0,42.0
2022,14,REG,LAC,MIA,23.0,17.0,6.0,40.0
2022,14,REG,ARI,NE,13.0,27.0,-14.0,40.0
2022,15,REG,SEA,SF,13.0,21.0,-8.0,34.0
2022,15,REG,MIN,IND,39.0,36.0,3.0,75.0
2022,15,REG,CLE,BAL,13.0,3.0,10.0,16.0
2022,15,REG,BUF,MIA,32.0,29.0,3.0,61.0
2022,15,REG,CAR,PIT,16.0,24.0,-8.0,40.0
2022,15,REG,CHI,PHI,20.0,25.0,-5.0,45.0
2022,15,REG,HOU,KC,24.0,30.0,-6.0,54.0
2022,15,REG,JAX,DAL,40.0,34.0,6.0,74.0
2022,15,REG,NO,ATL,21.0,18.0,3.0,39.0
2022,15,REG,NYJ,DET,17.0,20.0,-3.0,37.0
2022,15,REG,DEN,ARI,24.0,15.0,9.0,39.0
2022,15,REG,LV,NE,30.0,24.0,6.0,54.0
2022,15,REG,LAC,TEN,17.0,14.0,3.0,31.0
2022,15,REG,TB,CIN,23.0,34.0,-11.0,57.0
2022,15,REG,WAS,NYG,12.0,20.0,-8.0,32.0
2022,15,REG,GB,LA,24.0,12.0,12.0,36.0
2022,16,REG,NYJ,JAX,3.0,19.0,-16.0,22.0
2022,16,REG,BAL,ATL,17.0,9.0,8.0,26.0
2022,16,REG,CAR,DET,37.0,23.0,14.0,60.0
2022,16,REG,CHI,BUF,13.0,35.0,-22.0,48.0
2022,16,REG,CLE,NO,10.0,17.0,-7.0,27.0
2022,16,REG,KC,SEA,24.0,10.0,14.0,34.0
2022,16,REG,MIN,NYG,27.0,24.0,3.0,51.0
2022,16,REG,NE,CIN,18.0,22.0,-4.0,40.0
2022,16,REG,TEN,HOU,14.0,19.0,-5.0,33.0
2022,16,REG,SF,WAS,37.0,20.0,17.0,57.0
2022,16,REG,DAL,PHI,40.0,34.0,6.0,74.0
2022,16,REG,PIT,LV,13.0,10.0,3.0,23.0
2022,16,REG,MIA,GB,20.0,26.0,-6.0,46.0
2022,16,REG,LA,DEN,51.0,14.0,37.0,65.0
2022,16,REG,ARI,TB,16.0,19.0,-3.0,35.0
2022,16,REG,IND,LAC,3.0,20.0,-17.0,23.0
2022,17,REG,TEN,DAL,13.0,27.0,-14.0,40.0
2022,17,REG,ATL,ARI,20.0,19.0,1.0,39.0
2022,17,REG,DET,CHI,41.0,10.0,31.0,51.0
2022,17,REG,HOU,JAX,3.0,31.0,-28.0,34.0
2022,17,REG,KC,DEN,27.0,24.0,3.0,51.0
2022,17,REG,NE,MIA,23.0,21.0,2.0,44.0
2022,17,REG,NYG,IND,38.0,10.0,28.0,48.0
2022,17,REG,PHI,NO,10.0,20.0,-10.0,30.0
2022,17,REG,TB,CAR,30.0,24.0,6.0,54.0
2022,17,REG,WAS,CLE,10.0,24.0,-14.0,34.0
2022,17,REG,LV,SF,34.0,37.0,-3.0,71.0
2022,17,REG,SEA,NYJ,23.0,6.0,17.0,29.0
2022,17,REG,GB,MIN,41.0,17.0,24.0,58.0
2022,17,REG,LAC,LA,31.0,10.0,21.0,41.0
2022,17,REG,BAL,PIT,13.0,16.0,-3.0,29.0
2022,18,REG,LV,KC,13.0,31.0,-18.0,44.0
2022,18,REG,JAX,TEN,20.0,16.0,4.0,36.0
2022,18,REG,ATL,TB,30.0,17.0,13.0,47.0
2022,18,REG,BUF,NE,35.0,23.0,12.0,58.0
2022,18,REG,CHI,MIN,13.0,29.0,-16.0,42.0
2022,18,REG,CIN,BAL,27.0,16.0,11.0,43.0
2022,18,REG,IND,HOU,31.0,32.0,-1.0,63.0
2022,18,REG,MIA,NYJ,11.0,6.0,5.0,17.0
2022,18,REG,NO,CAR,7.0,10.0,-3.0,17.0
2022,18,REG,PIT,CLE,28.0,14.0,14.0,42.0
2022,18,REG,DEN,LAC,31.0,28.0,3.0,59.0
2022,18,REG,PHI,NYG,22.0,16.0,6.0,38.0
2022,18,REG,SEA,LA,19.0,16.0,3.0,35.0
2022,18,REG,SF,ARI,38.0,13.0,25.0,51.0
2022,18,REG,WAS,DAL,26.0,6.0,20.0,32.0
2022,18,REG,GB,DET,16.0,20.0,-4.0,36.0
2022,19,WC,SF,SEA,41.0,23.0,18.0,64.0
2022,19,WC,JAX,LAC,31.0,30.0,1.0,61.0
2022,19,WC,BUF,MIA,34.0,31.0,3.0,65.0
2022,19,WC,MIN,NYG,24.0,31.0,-7.0,55.0
2022,19,WC,CIN,BAL,24.0,17.0,7.0,41.0
2022,19,WC,TB,DAL,14.0,31.0,-17.0,45.0
2022,20,DIV,KC,JAX,27.0,20.0,7.0,47.0
2022,20,DIV,PHI,NYG,38.0,7.0,31.0,45.0
2022,20,DIV,BUF,CIN,10.0,27.0,-17.0,37.0
2022,20,DIV,SF,DAL,19.0,12.0,7.0,31.0
2022,21,CON,PHI,SF,31.0,7.0,24.0,38.0
2022,21,CON,KC,CIN,23.0,20.0,3.0,43.0
2022,22,SB,PHI,KC,35.0,38.0,-3.0,73.0
2023,1,REG,KC,DET,20.0,21.0,-1.0,41.0
2023,1,REG,ATL,CAR,24.0,10.0,14.0,34.0
2023,1,REG,BAL,HOU,25.0,9.0,16.0,34.0
2023,1,REG,CLE,CIN,24.0,3.0,21.0,27.0
2023,1,REG,IND,JAX,21.0,31.0,-10.0,52.0
2023,1,REG,MIN,TB,17.0,20.0,-3.0,37.0
2023,1,REG,NO,TEN,16.0,15.0,1.0,31.0
2023,1,REG,PIT,SF,7.0,30.0,-23.0,37.0
2023,1,REG,WAS,ARI,20.0,16.0,4.0,36.0
2023,1,REG,CHI,GB,20.0,38.0,-18.0,58.0
2023,1,REG,DEN,LV,16.0,17.0,-1.0,33.0
2023,1,REG,LAC,MIA,34.0,36.0,-2.0,70.0
2023,1,REG,NE,PHI,20.0,25.0,-5.0,45.0
2023,1,REG,SEA,LA,13.0,30.0,-17.0,43.0
2023,1,REG,NYG,DAL,0.0,40.0,-40.0,40.0
2023,1,REG,NYJ,BUF,22.0,16.0,6.0,38.0
2023,2,REG,PHI,MIN,34.0,28.0,6.0,62.0
2023,2,REG,ATL,GB,25.0,24.0,1.0,49.0
2023,2,REG,BUF,LV,38.0,10.0,28.0,48.0
2023,2,REG,CIN,BAL,24.0,27.0,-3.0,51.0
2023,2,REG,DET,SEA,31.0,37.0,-6.0,68.0
2023,2,REG,HOU,IND,20.0,31.0,-11.0,51.0
2023,2,REG,JAX,KC,9.0,17.0,-8.0,26.0
2023,2,REG,TB,CHI,27.0,17.0,10.0,44.0
2023,2,REG,TEN,LAC,27.0,24.0,3.0,51.0
2023,2,REG,ARI,NYG,28.0,31.0,-3.0,59.0
2023,2,REG,LA,SF,23.0,30.0,-7.0,53.0
2023,2,REG,DAL,NYJ,30.0,10.0,20.0,40.0
2023,2,REG,DEN,WAS,33.0,35.0,-2.0,68.0
2023,2,REG,NE,MIA,17.0,24.0,-7.0,41.0
2023,2,REG,CAR,NO,17.0,20.0,-3.0,37.0
2023,2,REG,PIT,CLE,26.0,22.0,4.0,48.0
2023,3,REG,SF,NYG,30.0,12.0,18.0,42.0
2023,3,REG,BAL,IND,19.0,22.0,-3.0,41.0
2023,3,REG,CLE,TEN,27.0,3.0,24.0,30.0
2023,3,REG,DET,ATL,20.0,6.0,14.0,26.0
2023,3,REG,GB,NO,18.0,17.0,1.0,35.0
2023,3,REG,JAX,HOU,17.0,37.0,-20.0,54.0
2023,3,REG,MIA,DEN,70.0,20.0,50.0,90.0
2023,3,REG,MIN,LAC,24.0,28.0,-4.0,52.0
2023,3,REG,NYJ,NE,10.0,15.0,-5.0,25.0
2023,3,REG,WAS,BUF,3.0,37.0,-34.0,40.0
2023,3,REG,SEA,CAR,37.0,27.0,10.0,64.0
2023,3,REG,ARI,DAL,28.0,16.0,12.0,44.0
2023,3,REG,KC,CHI,41.0,10.0,31.0,51.0
2023,3,REG,LV,PIT,18.0,23.0,-5.0,41.0
2023,3,REG,TB,PHI,11.0,25.0,-14.0,36.0
2023,3,REG,CIN,LA,19.0,16.0,3.0,35.0
2023,4,REG,GB,DET,20.0,34.0,-14.0,54.0
2023,4,REG,JAX,ATL,23.0,7.0,16.0,30.0
2023,4,REG,BUF,MIA,48.0,20.0,28.0,68.0
2023,4,REG,CAR,MIN,13.0,21.0,-8.0,34.0
2023,4,REG,CHI,DEN,28.0,31.0,-3.0,59.0
2023,4,REG,CLE,BAL,3.0,28.0,-25.0,31.0
2023,4,REG,HOU,PIT,30.0,6.0,24.0,36.0
2023,4,REG,IND,LA,23.0,29.0,-6.0,52.0
2023,4,REG,NO,TB,9.0,26.0,-17.0,35.0
2023,4,REG,PHI,WAS,34.0,31.0,3.0,65.0
2023,4,REG,TEN,CIN,27.0,3.0,24.0,30.0
2023,4,REG,LAC,LV,24.0,17.0,7.0,41.0
2023,4,REG,DAL,NE,38.0,3.0,35.0,41.0
2023,4,REG,SF,ARI,35.0,16.0,19.0,51.0
2023,4,REG,NYJ,KC,20.0,23.0,-3.0,43.0
2023,4,REG,NYG,SEA,3.0,24.0,-21.0,27.0
2023,5,REG,WAS,CHI,20.0,40.0,-20.0,60.0
2023,5,REG,BUF,JAX,20.0,25.0,-5.0,45.0
2023,5,REG,ATL,HOU,21.0,19.0,2.0,40.0
2023,5,REG,DET,CAR,42.0,24.0,18.0,66.0
2023,5,REG,IND,TEN,23.0,16.0,7.0,39.0
2023,5,REG,MIA,NYG,31.0,16.0,15.0,47.0
2023,5,REG,NE,NO,0.0,34.0,-34.0,34.0
2023,5,REG,PIT,BAL,17.0,10.0,7.0,27.0
2023,5,REG,ARI,CIN,20.0,34.0,-14.0,54.0
2023,5,REG,LA,PHI,14.0,23.0,-9.0,37.0
2023,5,REG,DEN,NYJ,21.0,31.0,-10.0,52.0
2023,5,REG,MIN,KC,20.0,27.0,-7.0,47.0
2023,5,REG,SF,DAL,42.0,10.0,32.0,52.0
2023,5,REG,LV,GB,17.0,13.0,4.0,30.0
2023,6,REG,KC,DEN,19.0,8.0,11.0,27.0
2023,6,REG,TEN,BAL,16.0,24.0,-8.0,40.0
2023,6,REG,ATL,WAS,16.0,24.0,-8.0,40.0
2023,6,REG,CHI,MIN,13.0,19.0,-6.0,32.0
2023,6,REG,CIN,SEA,17.0,13.0,4.0,30.0
2023,6,REG,CLE,SF,19.0,17.0,2.0,36.0
2023,6,REG,HOU,NO,20.0,13.0,7.0,33.0
2023,6,REG,JAX,IND,37.0,20.0,17.0,57.0
2023,6,REG,MIA,CAR,42.0,21.0,21.0,63.0
2023,6,REG,LV,NE,21.0,17.0,4.0,38.0
2023,6,REG,LA,ARI,26.0,9.0,17.0,35.0
2023,6,REG,NYJ,PHI,20.0,14.0,6.0,34.0
2023,6,REG,TB,DET,6.0,20.0,-14.0,26.0
2023,6,REG,BUF,NYG,14.0,9.0,5.0,23.0
2023,6,REG,LAC,DAL,17.0,20.0,-3.0,37.0
2023,7,REG,NO,JAX,24.0,31.0,-7.0,55.0
2023,7,REG,BAL,DET,38.0,6.0,32.0,44.0
2023,7,REG,CHI,LV,30.0,12.0,18.0,42.0
2023,7,REG,IND,CLE,38.0,39.0,-1.0,77.0
2023,7,REG,NE,BUF,29.0,25.0,4.0,54.0
2023,7,REG,NYG,WAS,14.0,7.0,7.0,21.0
2023,7,REG,TB,ATL,13.0,16.0,-3.0,29.0
2023,7,REG,LA,PIT,17.0,24.0,-7.0,41.0
2023,7,REG,SEA,ARI,20.0,10.0,10.0,30.0
2023,7,REG,DEN,GB,19.0,17.0,2.0,36.0
2023,7,REG,KC,LAC,31.0,17.0,14.0,48.0
2023,7,REG,PHI,MIA,31.0,17.0,14.0,48.0
2023,7,REG,MIN,SF,22.0,17.0,5.0,39.0
2023,8,REG,BUF,TB,24.0,18.0,6.0,42.0
2023,8,REG,CAR,HOU,15.0,13.0,2.0,28.0
2023,8,REG,DAL,LA,43.0,20.0,23.0,63.0
2023,8,REG,GB,MIN,10.0,24.0,-14.0,34.0
2023,8,REG,IND,NO,27.0,38.0,-11.0,65.0
2023,8,REG,MIA,NE,31.0,17.0,14.0,48.0
2023,8,REG,NYG,NYJ,10.0,13.0,-3.0,23.0
2023,8,REG,PIT,JAX,10.0,20.0,-10.0,30.0
2023,8,REG,TEN,ATL,28.0,23.0,5.0,51.0
2023,8,REG,WAS,PHI,31.0,38.0,-7.0,69.0
2023,8,REG,SEA,CLE,24.0,20.0,4.0,44.0
2023,8,REG,ARI,BAL,24.0,31.0,-7.0,55.0
2023,8,REG,DEN,KC,24.0,9.0,15.0,33.0
2023,8,REG,SF,CIN,17.0,31.0,-14.0,48.0
2023,8,REG,LAC,CHI,30.0,13.0,17.0,43.0
2023,8,REG,DET,LV,26.0,14.0,12.0,40.0
2023,9,REG,PIT,TEN,20.0,16.0,4.0,36.0
2023,9,REG,KC,MIA,21.0,14.0,7.0,35.0
2023,9,REG,ATL,MIN,28.0,31.0,-3.0,59.0
2023,9,REG,BAL,SEA,37.0,3.0,34.0,40.0
2023,9,REG,CLE,ARI,27.0,0.0,27.0,27.0
2023,9,REG,GB,LA,20.0,3.0,17.0,23.0
2023,9,REG,HOU,TB,39.0,37.0,2.0,76.0
2023,9,REG,NE,WAS,17.0,20.0,-3.0,37.0
2023,9,REG,NO,CHI,24.0,17.0,7.0,41.0
2023,9,REG,CAR,IND,13.0,27.0,-14.0,40.0
2023,9,REG,LV,NYG,30.0,6.0,24.0,36.0
2023,9,REG,PHI,DAL,28.0,23.0,5.0,51.0
2023,9,REG,CIN,BUF,24.0,18.0,6.0,42.0
2023,9,REG,NYJ,LAC,6.0,27.0,-21.0,33.0
2023,10,REG,CHI,CAR,16.0,13.0,3.0,29.0
2023,10,REG,NE,IND,6.0,10.0,-4.0,16.0
2023,10,REG,BAL,CLE,31.0,33.0,-2.0,64.0
2023,10,REG,CIN,HOU,27.0,30.0,-3.0,57.0
2023,10,REG,JAX,SF,3.0,34.0,-31.0,37.0
2023,10,REG,MIN,NO,27.0,19.0,8.0,46.0
2023,10,REG,PIT,GB,23.0,19.0,4.0,42.0
2023,10,REG,TB,TEN,20.0,6.0,14.0,26.0
2023,10,REG,ARI,ATL,25.0,23.0,2.0,48.0
2023,10,REG,LAC,DET,38.0,41.0,-3.0,79.0
2023,10,REG,DAL,NYG,49.0,17.0,32.0,66.0
2023,10,REG,SEA,WAS,29.0,26.0,3.0,55.0
2023,10,REG,LV,NYJ,16.0,12.0,4.0,28.0
2023,10,REG,BUF,DEN,22.0,24.0,-2.0,46.0
2023,11,REG,BAL,CIN,34.0,20.0,14.0,54.0
2023,11,REG,CAR,DAL,10.0,33.0,-23.0,43.0
2023,11,REG,CLE,PIT,13.0,10.0,3.0,23.0
2023,11,REG,DET,CHI,31.0,26.0,5.0,57.0
2023,11,REG,GB,LAC,23.0,20.0,3.0,43.0
2023,11,REG,HOU,ARI,21.0,16.0,5.0,37.0
2023,11,REG,JAX,TEN,34.0,14.0,20.0,48.0
2023,11,REG,MIA,LV,20.0,13.0,7.0,33.0
2023,11,REG,WAS,NYG,19.0,31.0,-12.0,50.0
2023,11,REG,SF,TB,27.0,14.0,13.0,41.0
2023,11,REG,BUF,NYJ,32.0,6.0,26.0,38.0
2023,11,REG,LA,SEA,17.0,16.0,1.0,33.0
2023,11,REG,DEN,MIN,21.0,20.0,1.0,41.0
2023,11,REG,KC,PHI,17.0,21.0,-4.0,38.0
2023,12,REG,DET,GB,22.0,29.0,-7.0,51.0
2023,12,REG,DAL,WAS,45.0,10.0,35.0,55.0
2023,12,REG,SEA,SF,13.0,31.0,-18.0,44.0
2023,12,REG,NYJ,MIA,13.0,34.0,-21.0,47.0
2023,12,REG,ATL,NO,24.0,15.0,9.0,39.0
2023,12,REG,CIN,PIT,10.0,16.0,-6.0,26.0
2023,12,REG,HOU,JAX,21.0,24.0,-3.0,45.0
2023,12,REG,IND,TB,27.0,20.0,7.0,47.0
2023,12,REG,NYG,NE,10.0,7.0,3.0,17.0
2023,12,REG,TEN,CAR,17.0,10.0,7.0,27.0
2023,12,REG,ARI,LA,14.0,37.0,-23.0,51.0
2023,12,REG,DEN,CLE,29.0,12.0,17.0,41.0
2023,12,REG,LV,KC,17.0,31.0,-14.0,48.0
2023,12,REG,PHI,BUF,37.0,34.0,3.0,71.0
2023,12,REG,LAC,BAL,10.0,20.0,-10.0,30.0
2023,12,REG,MIN,CHI,10.0,12.0,-2.0,22.0
2023,13,REG,DAL,SEA,41.0,35.0,6.0,76.0
2023,13,REG,HOU,DEN,22.0,17.0,5.0,39.0
2023,13,REG,NE,LAC,0.0,6.0,-6.0,6.0
2023,13,REG,NO,DET,28.0,33.0,-5.0,61.0
2023,13,REG,NYJ,ATL,8.0,13.0,-5.0,21.0
2023,13,REG,PIT,ARI,10.0,24.0,-14.0,34.0
2023,13,REG,TEN,IND,28.0,31.0,-3.0,59.0
2023,13,REG,WAS,MIA,15.0,45.0,-30.0,60.0
2023,13,REG,TB,CAR,21.0,18.0,3.0,39.0
2023,13,REG,LA,CLE,36.0,19.0,17.0,55.0
2023,13,REG,PHI,SF,19.0,42.0,-23.0,61.0
2023,13,REG,GB,KC,27.0,19.0,8.0,46.0
2023,13,REG,JAX,CIN,31.0,34.0,-3.0,65.0
2023,14,REG,PIT,NE,18.0,21.0,-3.0,39.0
2023,14,REG,ATL,TB,25.0,29.0,-4.0,54.0
2023,14,REG,BAL,LA,37.0,31.0,6.0,68.0
2023,14,REG,CHI,DET,28.0,13.0,15.0,41.0
2023,14,REG,CIN,IND,34.0,14.0,20.0,48.0
2023,14,REG,CLE,JAX,31.0,27.0,4.0,58.0
2023,14,REG,NO,CAR,28.0,6.0,22.0,34.0
2023,14,REG,NYJ,HOU,30.0,6.0,24.0,36.0
2023,14,REG,LV,MIN,0.0,3.0,-3.0,3.0
2023,14,REG,SF,SEA,28.0,16.0,12.0,44.0
2023,14,REG,KC,BUF,17.0,20.0,-3.0,37.0
2023,14,REG,LAC,DEN,7.0,24.0,-17.0,31.0
2023,14,REG,DAL,PHI,33.0,13.0,20.0,46.0
2023,14,REG,MIA,TEN,27.0,28.0,-1.0,55.0
2023,14,REG,NYG,GB,24.0,22.0,2.0,46.0
2023,15,REG,LV,LAC,63.0,21.0,42.0,84.0
2023,15,REG,CIN,MIN,27.0,24.0,3.0,51.0
2023,15,REG,IND,PIT,30.0,13.0,17.0,43.0
2023,15,REG,DET,DEN,42.0,17.0,25.0,59.0
2023,15,REG,CAR,ATL,9.0,7.0,2.0,16.0
2023,15,REG,CLE,CHI,20.0,17.0,3.0,37.0
2023,15,REG,GB,TB,20.0,34.0,-14.0,54.0
2023,15,REG,MIA,NYJ,30.0,0.0,30.0,30.0
2023,15,REG,NE,KC,17.0,27.0,-10.0,44.0
2023,15,REG,NO,NYG,24.0,6.0,18.0,30.0
2023,15,REG,TEN,HOU,16.0,19.0,-3.0,35.0
2023,15,REG,ARI,SF,29.0,45.0,-16.0,74.0
2023,15,REG,LA,WAS,28.0,20.0,8.0,48.0
2023,15,REG,BUF,DAL,31.0,10.0,21.0,41.0
2023,15,REG,JAX,BAL,7.0,23.0,-16.0,30.0
2023,15,REG,SEA,PHI,20.0,17.0,3.0,37.0
2023,16,REG,LA,NO,30.0,22.0,8.0,52.0
2023,16,REG,PIT,CIN,34.0,11.0,23.0,45.0
2023,16,REG,LAC,BUF,22.0,24.0,-2.0,46.0
2023,16,REG,ATL,IND,29.0,10.0,19.0,39.0
2023,16,REG,CAR,GB,30.0,33.0,-3.0,63.0
2023,16,REG,HOU,CLE,22.0,36.0,-14.0,58.0
2023,16,REG,MIN,DET,24.0,30.0,-6.0,54.0
2023,16,REG,NYJ,WAS,30.0,28.0,2.0,58.0
2023,16,REG,TEN,SEA,17.0,20.0,-3.0,37.0
2023,16,REG,TB,JAX,30.0,12.0,18.0,42.0
2023,16,REG,CHI,ARI,27.0,16.0,11.0,43.0
2023,16,REG,MIA,DAL,22.0,20.0,2.0,42.0
2023,16,REG,DEN,NE,23.0,26.0,-3.0,49.0
2023,16,REG,KC,LV,14.0,20.0,-6.0,34.0
2023,16,REG,PHI,NYG,33.0,25.0,8.0,58.0
2023,16,REG,SF,BAL,19.0,33.0,-14.0,52.0
2023,17,REG,CLE,NYJ,37.0,20.0,17.0,57.0
2023,17,REG,DAL,DET,20.0,19.0,1.0,39.0
2023,17,REG,BAL,MIA,56.0,19.0,37.0,75.0
2023,17,REG,BUF,NE,27.0,21.0,6.0,48.0
2023,17,REG,CHI,ATL,37.0,17.0,20.0,54.0
2023,17,REG,HOU,TEN,26.0,3.0,23.0,29.0
2023,17,REG,IND,LV,23.0,20.0,3.0,43.0
2023,17,REG,JAX,CAR,26.0,0.0,26.0,26.0
2023,17,REG,NYG,LA,25.0,26.0,-1.0,51.0
2023,17,REG,PHI,ARI,31.0,35.0,-4.0,66.0
2023,17,REG,TB,NO,13.0,23.0,-10.0,36.0
2023,17,REG,WAS,SF,10.0,27.0,-17.0,37.0
2023,17,REG,SEA,PIT,23.0,30.0,-7.0,53.0
2023,17,REG,DEN,LAC,16.0,9.0,7.0,25.0
2023,17,REG,KC,CIN,25.0,17.0,8.0,42.0
2023,17,REG,MIN,GB,10.0,33.0,-23.0,43.0
2023,18,REG,BAL,PIT,10.0,17.0,-7.0,27.0
2023,18,REG,IND,HOU,19.0,23.0,-4.0,42.0
2023,18,REG,CAR,TB,0.0,9.0,-9.0,9.0
2023,18,REG,CIN,CLE,31.0,14.0,17.0,45.0
2023,18,REG,DET,MIN,30.0,20.0,10.0,50.0
2023,18,REG,NE,NYJ,3.0,17.0,-14.0,20.0
2023,18,REG,NO,ATL,48.0,17.0,31.0,65.0
2023,18,REG,TEN,JAX,28.0,20.0,8.0,48.0
2023,18,REG,ARI,SEA,20.0,21.0,-1.0,41.0
2023,18,REG,GB,CHI,17.0,9.0,8.0,26.0
2023,18,REG,LAC,KC,12.0,13.0,-1.0,25.0
2023,18,REG,LV,DEN,27.0,14.0,13.0,41.0
2023,18,REG,NYG,PHI,27.0,10.0,17.0,37.0
2023,18,REG,SF,LA,20.0,21.0,-1.0,41.0
2023,18,REG,WAS,DAL,10.0,38.0,-28.0,48.0
2023,18,REG,MIA,BUF,14.0,21.0,-7.0,35.0
2023,19,WC,HOU,CLE,45.0,14.0,31.0,59.0
2023,19,WC,KC,MIA,26.0,7.0,19.0,33.0
2023,19,WC,DAL,GB,32.0,48.0,-16.0,80.0
2023,19,WC,DET,LA,24.0,23.0,1.0,47.0
2023,19,WC,BUF,PIT,31.0,17.0,14.0,48.0
2023,19,WC,TB,PHI,32.0,9.0,23.0,41.0
2023,20,DIV,BAL,HOU,34.0,10.0,24.0,44.0
2023,20,DIV,SF,GB,24.0,21.0,3.0,45.0
2023,20,DIV,DET,TB,31.0,23.0,8.0,54.0
2023,20,DIV,BUF,KC,24.0,27.0,-3.0,51.0
2023,21,CON,BAL,KC,10.0,17.0,-7.0,27.0
2023,21,CON,SF,DET,34.0,31.0,3.0,65.0
2023,22,SB,KC,SF,25.0,22.0,3.0,47.0
2024,1,REG,KC,BAL,27.0,20.0,7.0,47.0
2024,1,REG,PHI,GB,34.0,29.0,5.0,63.0
2024,1,REG,ATL,PIT,10.0,18.0,-8.0,28.0
2024,1,REG,BUF,ARI,34.0,28.0,6.0,62.0
2024,1,REG,CHI,TEN,24.0,17.0,7.0,41.0
2024,1,REG,CIN,NE,10.0,16.0,-6.0,26.0
2024,1,REG,IND,HOU,27.0,29.0,-2.0,56.0
2024,1,REG,MIA,JAX,20.0,17.0,3.0,37.0
2024,1,REG,NO,CAR,47.0,10.0,37.0,57.0
2024,1,REG,NYG,MIN,6.0,28.0,-22.0,34.0
2024,1,REG,LAC,LV,22.0,10.0,12.0,32.0
2024,1,REG,SEA,DEN,26.0,20.0,6.0,46.0
2024,1,REG,CLE,DAL,17.0,33.0,-16.0,50.0
2024,1,REG,TB,WAS,37.0,20.0,17.0,57.0
2024,1,REG,DET,LA,26.0,20.0,6.0,46.0
2024,1,REG,SF,NYJ,32.0,19.0,13.0,51.0
2024,2,REG,MIA,BUF,10.0,31.0,-21.0,41.0
2024,2,REG,BAL,LV,23.0,26.0,-3.0,49.0
2024,2,REG,CAR,LAC,3.0,26.0,-23.0,29.0
2024,2,REG,DAL,NO,19.0,44.0,-25.0,63.0
2024,2,REG,DET,TB,16.0,20.0,-4.0,36.0
2024,2,REG,GB,IND,16.0,10.0,6.0,26.0
2024,2,REG,JAX,CLE,13.0,18.0,-5.0,31.0
2024,2,REG,MIN,SF,23.0,17.0,6.0,40.0
2024,2,REG,NE,SEA,20.0,23.0,-3.0,43.0
2024,2,REG,TEN,NYJ,17.0,24.0,-7.0,41.0
2024,2,REG,WAS,NYG,21.0,18.0,3.0,39.0
2024,2,REG,ARI,LA,41.0,10.0,31.0,51.0
2024,2,REG,DEN,PIT,6.0,13.0,-7.0,19.0
2024,2,REG,KC,CIN,26.0,25.0,1.0,51.0
2024,2,REG,HOU,CHI,19.0,13.0,6.0,32.0
2024,2,REG,PHI,ATL,21.0,22.0,-1.0,43.0
2024,3,REG,NYJ,NE,24.0,3.0,21.0,27.0
2024,3,REG,CLE,NYG,15.0,21.0,-6.0,36.0
2024,3,REG,IND,CHI,21.0,16.0,5.0,37.0
2024,3,REG,MIN,HOU,34.0,7.0,27.0,41.0
2024,3,REG,NO,PHI,12.0,15.0,-3.0,27.0
2024,3,REG,PIT,LAC,20.0,10.0,10.0,30.0
2024,3,REG,TB,DEN,7.0,26.0,-19.0,33.0
2024,3,REG,TEN,GB,14.0,30.0,-16.0,44.0
2024,3,REG,LV,CAR,22.0,36.0,-14.0,58.0
2024,3,REG,SEA,MIA,24.0,3.0,21.0,27.0
2024,3,REG,ARI,DET,13.0,20.0,-7.0,33.0
2024,3,REG,DAL,BAL,25.0,28.0,-3.0,53.0
2024,3,REG,LA,SF,27.0,24.0,3.0,51.0
2024,3,REG,ATL,KC,17.0,22.0,-5.0,39.0
2024,3,REG,BUF,JAX,47.0,10.0,37.0,57.0
2024,3,REG,CIN,WAS,33.0,38.0,-5.0,71.0
2024,4,REG,NYG,DAL,15.0,20.0,-5.0,35.0
2024,4,REG,ATL,NO,26.0,24.0,2.0,50.0
2024,4,REG,CAR,CIN,24.0,34.0,-10.0,58.0
2024,4,REG,CHI,LA,24.0,18.0,6.0,42.0
2024,4,REG,GB,MIN,29.0,31.0,-2.0,60.0
2024,4,REG,HOU,JAX,24.0,20.0,4.0,44.0
2024,4,REG,IND,PIT,27.0,24.0,3.0,51.0
2024,4,REG,NYJ,DEN,9.0,10.0,-1.0,19.0
2024,4,REG,TB,PHI,33.0,16.0,17.0,49.0
2024,4,REG,ARI,WAS,14.0,42.0,-28.0,56.0
2024,4,REG,SF,NE,30.0,13.0,17.0,43.0
2024,4,REG,LAC,KC,10.0,17.0,-7.0,27.0
2024,4,REG,LV,CLE,20.0,16.0,4.0,36.0
2024,4,REG,BAL,BUF,35.0,10.0,25.0,45.0
2024,4,REG,MIA,TEN,12.0,31.0,-19.0,43.0
2024,4,REG,DET,SEA,42.0,29.0,13.0,71.0
2024,5,REG,ATL,TB,36.0,30.0,6.0,66.0
2024,5,REG,MIN,NYJ,23.0,17.0,6.0,40.0
2024,5,REG,CHI,CAR,36.0,10.0,26.0,46.0
2024,5,REG,CIN,BAL,38.0,41.0,-3.0,79.0
2024,5,REG,HOU,BUF,23.0,20.0,3.0,43.0
2024,5,REG,JAX,IND,37.0,34.0,3.0,71.0
2024,5,REG,NE,MIA,10.0,15.0,-5.0,25.0
2024,5,REG,WAS,CLE,34.0,13.0,21.0,47.0
2024,5,REG,DEN,LV,34.0,18.0,16.0,52.0
2024,5,REG,SF,ARI,23.0,24.0,-1.0,47.0
2024,5,REG,LA,GB,19.0,24.0,-5.0,43.0
2024,5,REG,SEA,NYG,20.0,29.0,-9.0,49.0
2024,5,REG,PIT,DAL,17.0,20.0,-3.0,37.0
2024,5,REG,KC,NO,26.0,13.0,13.0,39.0
2024,6,REG,SEA,SF,24.0,36.0,-12.0,60.0
2024,6,REG,CHI,JAX,35.0,16.0,19.0,51.0
2024,6,REG,BAL,WAS,30.0,23.0,7.0,53.0
2024,6,REG,GB,ARI,34.0,13.0,21.0,47.0
2024,6,REG,NE,HOU,21.0,41.0,-20.0,62.0
2024,6,REG,NO,TB,27.0,51.0,-24.0,78.0
2024,6,REG,PHI,CLE,20.0,16.0,4.0,36.0
2024,6,REG,TEN,IND,17.0,20.0,-3.0,37.0
2024,6,REG,DEN,LAC,16.0,23.0,-7.0,39.0
2024,6,REG,LV,PIT,13.0,32.0,-19.0,45.0
2024,6,REG,CAR,ATL,20.0,38.0,-18.0,58.0
2024,6,REG,DAL,DET,9.0,47.0,-38.0,56.0
2024,6,REG,NYG,CIN,7.0,17.0,-10.0,24.0
2024,6,REG,NYJ,BUF,20.0,23.0,-3.0,43.0
2024,7,REG,NO,DEN,10.0,33.0,-23.0,43.0
2024,7,REG,JAX,NE,32.0,16.0,16.0,48.0
2024,7,REG,ATL,SEA,14.0,34.0,-20.0,48.0
2024,7,REG,BUF,TEN,34.0,10.0,24.0,44.0
2024,7,REG,CLE,CIN,14.0,21.0,-7.0,35.0
2024,7,REG,GB,HOU,24.0,22.0,2.0,46.0
2024,7,REG,IND,MIA,16.0,10.0,6.0,26.0
2024,7,REG,MIN,DET,29.0,31.0,-2.0,60.0
2024,7,REG,NYG,PHI,3.0,28.0,-25.0,31.0
2024,7,REG,LA,LV,20.0,15.0,5.0,35.0
2024,7,REG,WAS,CAR,40.0,7.0,33.0,47.0
2024,7,REG,SF,KC,18.0,28.0,-10.0,46.0
2024,7,REG,PIT,NYJ,37.0,15.0,22.0,52.0
2024,7,REG,TB,BAL,31.0,41.0,-10.0,72.0
2024,7,REG,ARI,LAC,17.0,15.0,2.0,32.0
2024,8,REG,LA,MIN,30.0,20.0,10.0,50.0
2024,8,REG,CIN,PHI,17.0,37.0,-20.0,54.0
2024,8,REG,CLE,BAL,29.0,24.0,5.0,53.0
2024,8,REG,DET,TEN,52.0,14.0,38.0,66.0
2024,8,REG,HOU,IND,23.0,20.0,3.0,43.0
2024,8,REG,JAX,GB,27.0,30.0,-3.0,57.0
2024,8,REG,MIA,ARI,27.0,28.0,-1.0,55.0
2024,8,REG,NE,NYJ,25.0,22.0,3.0,47.0
2024,8,REG,TB,ATL,26.0,31.0,-5.0,57.0
2024,8,REG,LAC,NO,26.0,8.0,18.0,34.0
2024,8,REG,SEA,BUF,10.0,31.0,-21.0,41.0
2024,8,REG,DEN,CAR,28.0,14.0,14.0,42.0
2024,8,REG,LV,KC,20.0,27.0,-7.0,47.0
2024,8,REG,WAS,CHI,18.0,15.0,3.0,33.0
2024,8,REG,SF,DAL,30.0,24.0,6.0,54.0
2024,8,REG,PIT,NYG,26.0,18.0,8.0,44.0
2024,9,REG,NYJ,HOU,21.0,13.0,8.0,34.0
2024,9,REG,ATL,DAL,27.0,21.0,6.0,48.0
2024,9,REG,BAL,DEN,41.0,10.0,31.0,51.0
2024,9,REG,BUF,MIA,30.0,27.0,3.0,57.0
2024,9,REG,CAR,NO,23.0,22.0,1.0,45.0
2024,9,REG,CIN,LV,41.0,24.0,17.0,65.0
2024,9,REG,CLE,LAC,10.0,27.0,-17.0,37.0
2024,9,REG,NYG,WAS,22.0,27.0,-5.0,49.0
2024,9,REG,TEN,NE,20.0,17.0,3.0,37.0
2024,9,REG,ARI,CHI,29.0,9.0,20.0,38.0
2024,9,REG,PHI,JAX,28.0,23.0,5.0,51.0
2024,9,REG,GB,DET,14.0,24.0,-10.0,38.0
2024,9,REG,SEA,LA,20.0,26.0,-6.0,46.0
2024,9,REG,MIN,IND,21.0,13.0,8.0,34.0
2024,9,REG,KC,TB,30.0,24.0,6.0,54.0
2024,10,REG,BAL,CIN,35.0,34.0,1.0,69.0
2024,10,REG,CAR,NYG,20.0,17.0,3.0,37.0
2024,10,REG,CHI,NE,3.0,19.0,-16.0,22.0
2024,10,REG,IND,BUF,20.0,30.0,-10.0,50.0
2024,10,REG,JAX,MIN,7.0,12.0,-5.0,19.0
2024,10,REG,KC,DEN,16.0,14.0,2.0,30.0
2024,10,REG,NO,ATL,20.0,17.0,3.0,37.0
2024,10,REG,TB,SF,20.0,23.0,-3.0,43.0
2024,10,REG,WAS,PIT,27.0,28.0,-1.0,55.0
2024,10,REG,LAC,TEN,27.0,17.0,10.0,44.0
2024,10,REG,ARI,NYJ,31.0,6.0,25.0,37.0
2024,10,REG,DAL,PHI,6.0,34.0,-28.0,40.0
2024,10,REG,HOU,DET,23.0,26.0,-3.0,49.0
2024,10,REG,LA,MIA,15.0,23.0,-8.0,38.0
2024,11,REG,PHI,WAS,26.0,18.0,8.0,44.0
2024,11,REG,CHI,GB,19.0,20.0,-1.0,39.0
2024,11,REG,DET,JAX,52.0,6.0,46.0,58.0
2024,11,REG,MIA,LV,34.0,19.0,15.0,53.0
2024,11,REG,NE,LA,22.0,28.0,-6.0,50.0
2024,11,REG,NO,CLE,35.0,14.0,21.0,49.0
2024,11,REG,NYJ,IND,27.0,28.0,-1.0,55.0
2024,11,REG,PIT,BAL,18.0,16.0,2.0,34.0
2024,11,REG,TEN,MIN,13.0,23.0,-10.0,36.0
2024,11,REG,DEN,ATL,38.0,6.0,32.0,44.0
2024,11,REG,SF,SEA,17.0,20.0,-3.0,37.0
2024,11,REG,BUF,KC,30.0,21.0,9.0,51.0
2024,11,REG,LAC,CIN,34.0,27.0,7.0,61.0
2024,11,REG,DAL,HOU,10.0,34.0,-24.0,44.0
2024,12,REG,CLE,PIT,24.0,19.0,5.0,43.0
2024,12,REG,CAR,KC,27.0,30.0,-3.0,57.0
2024,12,REG,CHI,MIN,27.0,30.0,-3.0,57.0
2024,12,REG,HOU,TEN,27.0,32.0,-5.0,59.0
2024,12,REG,IND,DET,6.0,24.0,-18.0,30.0
2024,12,REG,MIA,NE,34.0,15.0,19.0,49.0
2024,12,REG,NYG,TB,7.0,30.0,-23.0,37.0
2024,12,REG,WAS,DAL,26.0,34.0,-8.0,60.0
2024,12,REG,LV,DEN,19.0,29.0,-10.0,48.0
2024,12,REG,GB,SF,38.0,10.0,28.0,48.0
2024,12,REG,SEA,ARI,16.0,6.0,10.0,22.0
2024,12,REG,LA,PHI,20.0,37.0,-17.0,57.0
2024,12,REG,LAC,BAL,23.0,30.0,-7.0,53.0
2024,13,REG,DET,CHI,23.0,20.0,3.0,43.0
2024,13,REG,DAL,NYG,27.0,20.0,7.0,47.0
2024,13,REG,GB,MIA,30.0,17.0,13.0,47.0
2024,13,REG,KC,LV,19.0,17.0,2.0,36.0
2024,13,REG,ATL,LAC,13.0,17.0,-4.0,30.0
2024,13,REG,CIN,PIT,38.0,44.0,-6.0,82.0
2024,13,REG,JAX,HOU,20.0,23.0,-3.0,43.0
2024,13,REG,MIN,ARI,23.0,22.0,1.0,45.0
2024,13,REG,NE,IND,24.0,25.0,-1.0,49.0
2024,13,REG,NYJ,SEA,21.0,26.0,-5.0,47.0
2024,13,REG,WAS,TEN,42.0,19.0,23.0,61.0
2024,13,REG,CAR,TB,23.0,26.0,-3.0,49.0
2024,13,REG,NO,LA,14.0,21.0,-7.0,35.0
2024,13,REG,BAL,PHI,19.0,24.0,-5.0,43.0
2024,13,REG,BUF,SF,35.0,10.0,25.0,45.0
2024,13,REG,DEN,CLE,41.0,32.0,9.0,73.0
2024,14,REG,DET,GB,34.0,31.0,3.0,65.0
2024,14,REG,MIA,NYJ,32.0,26.0,6.0,58.0
2024,14,REG,MIN,ATL,42.0,21.0,21.0,63.0
2024,14,REG,NYG,NO,11.0,14.0,-3.0,25.0
2024,14,REG,PHI,CAR,22.0,16.0,6.0,38.0
2024,14,REG,PIT,CLE,27.0,14.0,13.0,41.0
2024,14,REG,TB,LV,28.0,13.0,15.0,41.0
2024,14,REG,TEN,JAX,6.0,10.0,-4.0,16.0
2024,14,REG,ARI,SEA,18.0,30.0,-12.0,48.0
2024,14,REG,LA,BUF,44.0,42.0,2.0,86.0
2024,14,REG,SF,CHI,38.0,13.0,25.0,51.0
2024,14,REG,KC,LAC,19.0,17.0,2.0,36.0
2024,14,REG,DAL,CIN,20.0,27.0,-7.0,47.0
2024,15,REG,SF,LA,6.0,12.0,-6.0,18.0
2024,15,REG,CAR,DAL,14.0,30.0,-16.0,44.0
2024,15,REG,CLE,KC,7.0,21.0,-14.0,28.0
2024,15,REG,HOU,MIA,20.0,12.0,8.0,32.0
2024,15,REG,JAX,NYJ,25.0,32.0,-7.0,57.0
2024,15,REG,NO,WAS,19.0,20.0,-1.0,39.0
2024,15,REG,NYG,BAL,14.0,35.0,-21.0,49.0
2024,15,REG,TEN,CIN,27.0,37.0,-10.0,64.0
2024,15,REG,ARI,NE,30.0,17.0,13.0,47.0
2024,15,REG,DEN,IND,31.0,13.0,18.0,44.0
2024,15,REG,DET,BUF,42.0,48.0,-6.0,90.0
2024,15,REG,LAC,TB,17.0,40.0,-23.0,57.0
2024,15,REG,PHI,PIT,27.0,13.0,14.0,40.0
2024,15,REG,SEA,GB,13.0,30.0,-17.0,43.0
2024,15,REG,MIN,CHI,30.0,12.0,18.0,42.0
2024,15,REG,LV,ATL,9.0,15.0,-6.0,24.0
2024,16,REG,LAC,DEN,34.0,27.0,7.0,61.0
2024,16,REG,KC,HOU,27.0,19.0,8.0,46.0
2024,16,REG,BAL,PIT,34.0,17.0,17.0,51.0
2024,16,REG,ATL,NYG,34.0,7.0,27.0,41.0
2024,16,REG,CAR,ARI,36.0,30.0,6.0,66.0
2024,16,REG,CHI,DET,17.0,34.0,-17.0,51.0
2024,16,REG,CIN,CLE,24.0,6.0,18.0,30.0
2024,16,REG,IND,TEN,38.0,30.0,8.0,68.0
2024,16,REG,NYJ,LA,9.0,19.0,-10.0,28.0
2024,16,REG,WAS,PHI,36.0,33.0,3.0,69.0
2024,16,REG,SEA,MIN,24.0,27.0,-3.0,51.0
2024,16,REG,BUF,NE,24.0,21.0,3.0,45.0
2024,16,REG,LV,JAX,19.0,14.0,5.0,33.0
2024,16,REG,MIA,SF,29.0,17.0,12.0,46.0
2024,16,REG,DAL,TB,26.0,24.0,2.0,50.0
2024,16,REG,GB,NO,34.0,0.0,34.0,34.0
2024,17,REG,PIT,KC,10.0,29.0,-19.0,39.0
2024,17,REG,HOU,BAL,2.0,31.0,-29.0,33.0
2024,17,REG,CHI,SEA,3.0,6.0,-3.0,9.0
2024,17,REG,NE,LAC,7.0,40.0,-33.0,47.0
2024,17,REG,CIN,DEN,30.0,24.0,6.0,54.0
2024,17,REG,LA,ARI,13.0,9.0,4.0,22.0
2024,17,REG,BUF,NYJ,40.0,14.0,26.0,54.0
2024,17,REG,JAX,TEN,20.0,13.0,7.0,33.0
2024,17,REG,NO,LV,10.0,25.0,-15.0,35.0
2024,17,REG,NYG,IND,45.0,33.0,12.0,78.0
2024,17,REG,PHI,DAL,41.0,7.0,34.0,48.0
2024,17,REG,TB,CAR,48.0,14.0,34.0,62.0
2024,17,REG,CLE,MIA,3.0,20.0,-17.0,23.0
2024,17,REG,MIN,GB,27.0,25.0,2.0,52.0
2024,17,REG,WAS,ATL,30.0,24.0,6.0,54.0
2024,17,REG,SF,DET,34.0,40.0,-6.0,74.0
2024,18,REG,BAL,CLE,35.0,10.0,25.0,45.0
2024,18,REG,PIT,CIN,17.0,19.0,-2.0,36.0
2024,18,REG,ATL,CAR,38.0,44.0,-6.0,82.0
2024,18,REG,DAL,WAS,19.0,23.0,-4.0,42.0
2024,18,REG,GB,CHI,22.0,24.0,-2.0,46.0
2024,18,REG,IND,JAX,26.0,23.0,3.0,49.0
2024,18,REG,NE,BUF,23.0,16.0,7.0,39.0
2024,18,REG,PHI,NYG,20.0,13.0,7.0,33.0
2024,18,REG,TB,NO,27.0,19.0,8.0,46.0
2024,18,REG,TEN,HOU,14.0,23.0,-9.0,37.0
2024,18,REG,ARI,SF,47.0,24.0,23.0,71.0
2024,18,REG,DEN,KC,38.0,0.0,38.0,38.0
2024,18,REG,LA,SEA,25.0,30.0,-5.0,55.0
2024,18,REG,LV,LAC,20.0,34.0,-14.0,54.0
2024,18,REG,NYJ,MIA,32.0,20.0,12.0,52.0
2024,18,REG,DET,MIN,31.0,9.0,22.0,40.0
2024,19,WC,HOU,LAC,32.0,12.0,20.0,44.0
2024,19,WC,BAL,PIT,28.0,14.0,14.0,42.0
2024,19,WC,BUF,DEN,31.0,7.0,24.0,38.0
2024,19,WC,PHI,GB,22.0,10.0,12.0,32.0
2024,19,WC,TB,WAS,20.0,23.0,-3.0,43.0
2024,19,WC,LA,MIN,27.0,9.0,18.0,36.0
2024,20,DIV,KC,HOU,23.0,14.0,9.0,37.0
2024,20,DIV,DET,WAS,31.0,45.0,-14.0,76.0
2024,20,DIV,PHI,LA,28.0,22.0,6.0,50.0
2024,20,DIV,BUF,BAL,27.0,25.0,2.0,52.0
2024,21,CON,PHI,WAS,55.0,23.0,32.0,78.0
2024,21,CON,KC,BUF,32.0,29.0,3.0,61.0
2024,22,SB,PHI,KC,40.0,22.0,18.0,62.0
2025,1,REG,PHI,DAL,24.0,20.0,4.0,44.0
2025,1,REG,LAC,KC,27.0,21.0,6.0,48.0
2025,1,REG,ATL,TB,20.0,23.0,-3.0,43.0
2025,1,REG,CLE,CIN,16.0,17.0,-1.0,33.0
2025,1,REG,IND,MIA,33.0,8.0,25.0,41.0
2025,1,REG,JAX,CAR,26.0,10.0,16.0,36.0
2025,1,REG,NE,LV,13.0,20.0,-7.0,33.0
2025,1,REG,NO,ARI,13.0,20.0,-7.0,33.0
2025,1,REG,NYJ,PIT,32.0,34.0,-2.0,66.0
2025,1,REG,WAS,NYG,21.0,6.0,15.0,27.0
2025,1,REG,DEN,TEN,20.0,12.0,8.0,32.0
2025,1,REG,SEA,SF,13.0,17.0,-4.0,30.0
2025,1,REG,GB,DET,27.0,13.0,14.0,40.0
2025,1,REG,LA,HOU,14.0,9.0,5.0,23.0
2025,1,REG,BUF,BAL,41.0,40.0,1.0,81.0
2025,1,REG,CHI,MIN,24.0,27.0,-3.0,51.0
2025,2,REG,GB,WAS,27.0,18.0,9.0,45.0
2025,2,REG,BAL,CLE,41.0,17.0,24.0,58.0
2025,2,REG,CIN,JAX,31.0,27.0,4.0,58.0
2025,2,REG,DAL,NYG,40.0,37.0,3.0,77.0
2025,2,REG,DET,CHI,52.0,21.0,31.0,73.0
2025,2,REG,MIA,NE,27.0,33.0,-6.0,60.0
2025,2,REG,NO,SF,21.0,26.0,-5.0,47.0
2025,2,REG,NYJ,BUF,10.0,30.0,-20.0,40.0
2025,2,REG,PIT,SEA,17.0,31.0,-14.0,48.0
2025,2,REG,TEN,LA,19.0,33.0,-14.0,52.0
2025,2,REG,ARI,CAR,27.0,22.0,5.0,49.0
2025,2,REG,IND,DEN,29.0,28.0,1.0,57.0
2025,2,REG,KC,PHI,17.0,20.0,-3.0,37.0
2025,2,REG,MIN,ATL,6.0,22.0,-16.0,28.0
2025,2,REG,HOU,TB,19.0,20.0,-1.0,39.0
2025,2,REG,LV,LAC,9.0,20.0,-11.0,29.0
2025,3,REG,BUF,MIA,31.0,21.0,10.0,52.0
2025,3,REG,CAR,ATL,30.0,0.0,30.0,30.0
2025,3,REG,CLE,GB,13.0,10.0,3.0,23.0
2025,3,REG,JAX,HOU,17.0,10.0,7.0,27.0
2025,3,REG,MIN,CIN,48.0,10.0,38.0,58.0
2025,3,REG,NE,PIT,14.0,21.0,-7.0,35.0
2025,3,REG,PHI,LA,33.0,26.0,7.0,59.0
2025,3,REG,TB,NYJ,29.0,27.0,2.0,56.0
2025,3,REG,TEN,IND,20.0,41.0,-21.0,61.0
2025,3,REG,WAS,LV,41.0,24.0,17.0,65.0
2025,3,REG,LAC,DEN,23.0,20.0,3.0,43.0
2025,3,REG,SEA,NO,44.0,13.0,31.0,57.0
2025,3,REG,CHI,DAL,31.0,14.0,17.0,45.0
2025,3,REG,SF,ARI,16.0,15.0,1.0,31.0
2025,3,REG,NYG,KC,9.0,22.0,-13.0,31.0
2025,3,REG,BAL,DET,30.0,38.0,-8.0,68.0
2025,4,REG,ARI,SEA,20.0,23.0,-3.0,43.0
2025,4,REG,PIT,MIN,24.0,21.0,3.0,45.0
2025,4,REG,ATL,WAS,34.0,27.0,7.0,61.0
2025,4,REG,BUF,NO,31.0,19.0,12.0,50.0
2025,4,REG,DET,CLE,34.0,10.0,24.0,44.0
2025,4,REG,HOU,TEN,26.0,0.0,26.0,26.0
2025,4,REG,NE,CAR,42.0,13.0,29.0,55.0
2025,4,REG,NYG,LAC,21.0,18.0,3.0,39.0
2025,4,REG,TB,PHI,25.0,31.0,-6.0,56.0
2025,4,REG,LA,IND,27.0,20.0,7.0,47.0
2025,4,REG,SF,JAX,21.0,26.0,-5.0,47.0
2025,4,REG,KC,BAL,37.0,20.0,17.0,57.0
2025,4,REG,LV,CHI,24.0,25.0,-1.0,49.0
2025,4,REG,DAL,GB,40.0,40.0,0.0,80.0
2025,4,REG,MIA,NYJ,27.0,21.0,6.0,48.0
2025,4,REG,DEN,CIN,28.0,3.0,25.0,31.0
2025,5,REG,LA,SF,23.0,26.0,-3.0,49.0
2025,5,REG,CLE,MIN,17.0,21.0,-4.0,38.0
2025,5,REG,BAL,HOU,10.0,44.0,-34.0,54.0
2025,5,REG,CAR,MIA,27.0,24.0,3.0,51.0
2025,5,REG,IND,LV,40.0,6.0,34.0,46.0
2025,5,REG,NO,NYG,26.0,14.0,12.0,40.0
2025,5,REG,NYJ,DAL,22.0,37.0,-15.0,59.0
2025,5,REG,PHI,DEN,17.0,21.0,-4.0,38.0
2025,5,REG,ARI,TEN,21.0,22.0,-1.0,43.0
2025,5,REG,SEA,TB,35.0,38.0,-3.0,73.0
2025,5,REG,CIN,DET,24.0,37.0,-13.0,61.0
2025,5,REG,LAC,WAS,10.0,27.0,-17.0,37.0
2025,5,REG,BUF,NE,20.0,23.0,-3.0,43.0
2025,5,REG,JAX,KC,31.0,28.0,3.0,59.0
2025,6,REG,NYG,PHI,34.0,17.0,17.0,51.0
2025,6,REG,NYJ,DEN,11.0,13.0,-2.0,24.0
2025,6,REG,BAL,LA,3.0,17.0,-14.0,20.0
2025,6,REG,CAR,DAL,30.0,27.0,3.0,57.0
2025,6,REG,IND,ARI,31.0,27.0,4.0,58.0
2025,6,REG,JAX,SEA,12.0,20.0,-8.0,32.0
2025,6,REG,MIA,LAC,27.0,29.0,-2.0,56.0
2025,6,REG,NO,NE,19.0,25.0,-6.0,44.0
2025,6,REG,PIT,CLE,23.0,9.0,14.0,32.0
2025,6,REG,LV,TEN,20.0,10.0,10.0,30.0
2025,6,REG,GB,CIN,27.0,18.0,9.0,45.0
2025,6,REG,TB,SF,30.0,19.0,11.0,49.0
2025,6,REG,KC,DET,30.0,17.0,13.0,47.0
2025,6,REG,ATL,BUF,24.0,14.0,10.0,38.0
2025,6,REG,WAS,CHI,24.0,25.0,-1.0,49.0
2025,7,REG,CIN,PIT,33.0,31.0,2.0,64.0
2025,7,REG,JAX,LA,7.0,35.0,-28.0,42.0
2025,7,REG,CHI,NO,26.0,14.0,12.0,40.0
2025,7,REG,CLE,MIA,31.0,6.0,25.0,37.0
2025,7,REG,KC,LV,31.0,0.0,31.0,31.0
2025,7,REG,MIN,PHI,22.0,28.0,-6.0,50.0
2025,7,REG,NYJ,CAR,6.0,13.0,-7.0,19.0
2025,7,REG,TEN,NE,13.0,31.0,-18.0,44.0
2025,7,REG,DEN,NYG,33.0,32.0,1.0,65.0
2025,7,REG,LAC,IND,24.0,38.0,-14.0,62.0
2025,7,REG,ARI,GB,23.0,27.0,-4.0,50.0
2025,7,REG,DAL,WAS,44.0,22.0,22.0,66.0
2025,7,REG,SF,ATL,20.0,10.0,10.0,30.0
2025,7,REG,DET,TB,24.0,9.0,15.0,33.0
2025,7,REG,SEA,HOU,27.0,19.0,8.0,46.0
2025,8,REG,LAC,MIN,37.0,10.0,27.0,47.0
2025,8,REG,ATL,MIA,10.0,34.0,-24.0,44.0
2025,8,REG,BAL,CHI,30.0,16.0,14.0,46.0
2025,8,REG,CAR,BUF,9.0,40.0,-31.0,49.0
2025,8,REG,CIN,NYJ,38.0,39.0,-1.0,77.0
2025,8,REG,HOU,SF,26.0,15.0,11.0,41.0
2025,8,REG,NE,CLE,32.0,13.0,19.0,45.0
2025,8,REG,PHI,NYG,38.0,20.0,18.0,58.0
2025,8,REG,NO,TB,3.0,23.0,-20.0,26.0
2025,8,REG,DEN,DAL,44.0,24.0,20.0,68.0
2025,8,REG,IND,TEN,38.0,14.0,24.0,52.0
2025,8,REG,PIT,GB,25.0,35.0,-10.0,60.0
2025,8,REG,KC,WAS,28.0,7.0,21.0,35.0
2025,9,REG,MIA,BAL,6.0,28.0,-22.0,34.0
2025,9,REG,CIN,CHI,42.0,47.0,-5.0,89.0
2025,9,REG,DET,MIN,24.0,27.0,-3.0,51.0
2025,9,REG,GB,CAR,13.0,16.0,-3.0,29.0
2025,9,REG,HOU,DEN,15.0,18.0,-3.0,33.0
2025,9,REG,NE,ATL,24.0,23.0,1.0,47.0
2025,9,REG,NYG,SF,24.0,34.0,-10.0,58.0
2025,9,REG,PIT,IND,27.0,20.0,7.0,47.0
2025,9,REG,TEN,LAC,20.0,27.0,-7.0,47.0
2025,9,REG,LA,NO,34.0,10.0,24.0,44.0
2025,9,REG,LV,JAX,29.0,30.0,-1.0,59.0
2025,9,REG,BUF,KC,28.0,21.0,7.0,49.0
2025,9,REG,WAS,SEA,14.0,38.0,-24.0,52.0
2025,9,REG,DAL,ARI,17.0,27.0,-10.0,44.0
2025,10,REG,DEN,LV,10.0,7.0,3.0,17.0
2025,10,REG,IND,ATL,31.0,25.0,6.0,56.0
2025,10,REG,CAR,NO,7.0,17.0,-10.0,24.0
2025,10,REG,CHI,NYG,24.0,20.0,4.0,44.0
2025,10,REG,HOU,JAX,36.0,29.0,7.0,65.0
2025,10,REG,MIA,BUF,30.0,13.0,17.0,43.0
2025,10,REG,MIN,BAL,19.0,27.0,-8.0,46.0
2025,10,REG,NYJ,CLE,27.0,20.0,7.0,47.0
2025,10,REG,TB,NE,23.0,28.0,-5.0,51.0
2025,10,REG,SEA,ARI,44.0,22.0,22.0,66.0
2025,10,REG,SF,LA,26.0,42.0,-16.0,68.0
2025,10,REG,WAS,DET,22.0,44.0,-22.0,66.0
2025,10,REG,LAC,PIT,25.0,10.0,15.0,35.0
2025,10,REG,GB,PHI,7.0,10.0,-3.0,17.0
2025,11,REG,NE,NYJ,27.0,14.0,13.0,41.0
2025,11,REG,MIA,WAS,16.0,13.0,3.0,29.0
2025,11,REG,ATL,CAR,27.0,30.0,-3.0,57.0
2025,11,REG,BUF,TB,44.0,32.0,12.0,76.0
2025,11,REG,JAX,LAC,35.0,6.0,29.0,41.0
2025,11,REG,MIN,CHI,17.0,19.0,-2.0,36.0
2025,11,REG,NYG,GB,20.0,27.0,-7.0,47.0
2025,11,REG,PIT,CIN,34.0,12.0,22.0,46.0
2025,11,REG,TEN,HOU,13.0,16.0,-3.0,29.0
2025,11,REG,ARI,SF,22.0,41.0,-19.0,63.0
2025,11,REG,LA,SEA,21.0,19.0,2.0,40.0
2025,11,REG,CLE,BAL,16.0,23.0,-7.0,39.0
2025,11,REG,DEN,KC,22.0,19.0,3.0,41.0
2025,11,REG,PHI,DET,16.0,9.0,7.0,25.0
2025,11,REG,LV,DAL,16.0,33.0,-17.0,49.0
2025,12,REG,HOU,BUF,23.0,19.0,4.0,42.0
2025,12,REG,BAL,NYJ,23.0,10.0,13.0,33.0
2025,12,REG,CHI,PIT,31.0,28.0,3.0,59.0
2025,12,REG,CIN,NE,20.0,26.0,-6.0,46.0
2025,12,REG,DET,NYG,34.0,27.0,7.0,61.0
2025,12,REG,GB,MIN,23.0,6.0,17.0,29.0
2025,12,REG,KC,IND,23.0,20.0,3.0,43.0
2025,12,REG,TEN,SEA,24.0,30.0,-6.0,54.0
2025,12,REG,ARI,JAX,24.0,27.0,-3.0,51.0
2025,12,REG,LV,CLE,10.0,24.0,-14.0,34.0
2025,12,REG,DAL,PHI,24.0,21.0,3.0,45.0
2025,12,REG,NO,ATL,10.0,24.0,-14.0,34.0
2025,12,REG,LA,TB,34.0,7.0,27.0,41.0
2025,12,REG,SF,CAR,20.0,9.0,11.0,29.0
2025,13,REG,DET,GB,24.0,31.0,-7.0,55.0
2025,13,REG,DAL,KC,31.0,28.0,3.0,59.0
2025,13,REG,BAL,CIN,14.0,32.0,-18.0,46.0
2025,13,REG,PHI,CHI,15.0,24.0,-9.0,39.0
2025,13,REG,CAR,LA,31.0,28.0,3.0,59.0
2025,13,REG,CLE,SF,8.0,26.0,-18.0,34.0
2025,13,REG,IND,HOU,16.0,20.0,-4.0,36.0
2025,13,REG,MIA,NO,21.0,17.0,4.0,38.0
2025,13,REG,NYJ,ATL,27.0,24.0,3.0,51.0
2025,13,REG,TB,ARI,20.0,17.0,3.0,37.0
2025,13,REG,TEN,JAX,3.0,25.0,-22.0,28.0
2025,13,REG,SEA,MIN,26.0,0.0,26.0,26.0
2025,13,REG,LAC,LV,31.0,14.0,17.0,45.0
2025,13,REG,PIT,BUF,7.0,26.0,-19.0,33.0
2025,13,REG,WAS,DEN,26.0,27.0,-1.0,53.0
2025,13,REG,NE,NYG,33.0,15.0,18.0,48.0
2025,14,REG,DET,DAL,44.0,30.0,14.0,74.0
2025,14,REG,ATL,SEA,9.0,37.0,-28.0,46.0
2025,14,REG,BAL,PIT,22.0,27.0,-5.0,49.0
2025,14,REG,BUF,CIN,39.0,34.0,5.0,73.0
2025,14,REG,CLE,TEN,29.0,31.0,-2.0,60.0
2025,14,REG,JAX,IND,36.0,19.0,17.0,55.0
2025,14,REG,MIN,WAS,31.0,0.0,31.0,31.0
2025,14,REG,NYJ,MIA,10.0,34.0,-24.0,44.0
2025,14,REG,TB,NO,20.0,24.0,-4.0,44.0
2025,14,REG,LV,DEN,17.0,24.0,-7.0,41.0
2025,14,REG,ARI,LA,17.0,45.0,-28.0,62.0
2025,14,REG,GB,CHI,28.0,21.0,7.0,49.0
2025,14,REG,KC,HOU,10.0,20.0,-10.0,30.0
2025,14,REG,LAC,PHI,22.0,19.0,3.0,41.0
2025,15,REG,TB,ATL,28.0,29.0,-1.0,57.0
2025,15,REG,CHI,CLE,31.0,3.0,28.0,34.0
2025,15,REG,CIN,BAL,0.0,24.0,-24.0,24.0
2025,15,REG,HOU,ARI,40.0,20.0,20.0,60.0
2025,15,REG,JAX,NYJ,48.0,20.0,28.0,68.0
2025,15,REG,KC,LAC,13.0,16.0,-3.0,29.0
2025,15,REG,NE,BUF,31.0,35.0,-4.0,66.0
2025,15,REG,NYG,WAS,21.0,29.0,-8.0,50.0
2025,15,REG,PHI,LV,31.0,0.0,31.0,31.0
2025,15,REG,DEN,GB,34.0,26.0,8.0,60.0
2025,15,REG,LA,DET,41.0,34.0,7.0,75.0
2025,15,REG,NO,CAR,20.0,17.0,3.0,37.0
2025,15,REG,SEA,IND,18.0,16.0,2.0,34.0
2025,15,REG,SF,TEN,37.0,24.0,13.0,61.0
2025,15,REG,DAL,MIN,26.0,34.0,-8.0,60.0
2025,15,REG,PIT,MIA,28.0,15.0,13.0,43.0
2025,16,REG,SEA,LA,38.0,37.0,1.0,75.0
2025,16,REG,WAS,PHI,18.0,29.0,-11.0,47.0
2025,16,REG,CHI,GB,22.0,16.0,6.0,38.0
2025,16,REG,CAR,TB,23.0,20.0,3.0,43.0
2025,16,REG,CLE,BUF,20.0,23.0,-3.0,43.0
2025,16,REG,DAL,LAC,17.0,34.0,-17.0,51.0
2025,16,REG,MIA,CIN,21.0,45.0,-24.0,66.0
2025,16,REG,NO,NYJ,29.0,6.0,23.0,35.0
2025,16,REG,NYG,MIN,13.0,16.0,-3.0,29.0
2025,16,REG,TEN,KC,26.0,9.0,17.0,35.0
2025,16,REG,ARI,ATL,19.0,26.0,-7.0,45.0
2025,16,REG,DEN,JAX,20.0,34.0,-14.0,54.0
2025,16,REG,DET,PIT,24.0,29.0,-5.0,53.0
2025,16,REG,HOU,LV,23.0,21.0,2.0,44.0
2025,16,REG,BAL,NE,24.0,28.0,-4.0,52.0
2025,16,REG,IND,SF,27.0,48.0,-21.0,75.0
2025,17,REG,WAS,DAL,23.0,30.0,-7.0,53.0
2025,17,REG,MIN,DET,23.0,10.0,13.0,33.0
2025,17,REG,KC,DEN,13.0,20.0,-7.0,33.0
2025,17,REG,LAC,HOU,16.0,20.0,-4.0,36.0
2025,17,REG,GB,BAL,24.0,41.0,-17.0,65.0
2025,17,REG,CAR,SEA,10.0,27.0,-17.0,37.0
2025,17,REG,CIN,ARI,37.0,14.0,23.0,51.0
2025,17,REG,CLE,PIT,13.0,6.0,7.0,19.0
2025,17,REG,IND,JAX,17.0,23.0,-6.0,40.0
2025,17,REG,MIA,TB,20.0,17.0,3.0,37.0
2025,17,REG,NYJ,NE,10.0,42.0,-32.0,52.0
2025,17,REG,TEN,NO,26.0,34.0,-8.0,60.0
2025,17,REG,LV,NYG,10.0,34.0,-24.0,44.0
2025,17,REG,BUF,PHI,12.0,13.0,-1.0,25.0
2025,17,REG,SF,CHI,42.0,38.0,4.0,80.0
2025,17,REG,ATL,LA,27.0,24.0,3.0,51.0
2025,18,REG,TB,CAR,16.0,14.0,2.0,30.0
2025,18,REG,SF,SEA,3.0,13.0,-10.0,16.0
2025,18,REG,ATL,NO,19.0,17.0,2.0,36.0
2025,18,REG,CIN,CLE,18.0,20.0,-2.0,38.0
2025,18,REG,HOU,IND,38.0,30.0,8.0,68.0
2025,18,REG,JAX,TEN,41.0,7.0,34.0,48.0
2025,18,REG,MIN,GB,16.0,3.0,13.0,19.0
2025,18,REG,NYG,DAL,34.0,17.0,17.0,51.0
2025,18,REG,BUF,NYJ,35.0,8.0,27.0,43.0
2025,18,REG,CHI,DET,16.0,19.0,-3.0,35.0
2025,18,REG,DEN,LAC,19.0,3.0,16.0,22.0
2025,18,REG,LA,ARI,37.0,20.0,17.0,57.0
2025,18,REG,LV,KC,14.0,12.0,2.0,26.0
2025,18,REG,NE,MIA,38.0,10.0,28.0,48.0
2025,18,REG,PHI,WAS,17.0,24.0,-7.0,41.0
2025,18,REG,PIT,BAL,26.0,24.0,2.0,50.0
2025,19,WC,CAR,LA,31.0,34.0,-3.0,65.0
2025,19,WC,CHI,GB,31.0,27.0,4.0,58.0
2025,19,WC,JAX,BUF,24.0,27.0,-3.0,51.0
2025,19,WC,PHI,SF,19.0,23.0,-4.0,42.0
2025,19,WC,NE,LAC,16.0,3.0,13.0,19.0
2025,19,WC,PIT,HOU,6.0,30.0,-24.0,36.0
2025,20,DIV,DEN,BUF,33.0,30.0,3.0,63.0
2025,20,DIV,SEA,SF,41.0,6.0,35.0,47.0
2025,20,DIV,NE,HOU,28.0,16.0,12.0,44.0
2025,20,DIV,CHI,LA,17.0,20.0,-3.0,37.0
2025,21,CON,DEN,NE,7.0,10.0,-3.0,17.0
2025,21,CON,SEA,LA,31.0,27.0,4.0,58.0
2025,22,SB,NE,SEA,13.0,29.0,-16.0,42.0
